id,component,fold
0,obj:8cd851319e43759598460371f45b179d15a7104b8afcf4fe5c520ab04476c2ef,4
1,obj:ca01007187b8e8c2a62e1ede01b379e285fe674abf2459e6b8a56226b27f4ef0,1
2,obj:f92104813f5c48b4b75731bf6231a0be74a2d273b09939c6abab69908e3e7771,1
3,obj:e0872de8fd8cda99dd40633dbd5f751ada620bf42b6e1e1806afd934956df80d,2
4,obj:3145caebd104b4a31f717f4514cd5826d28c49add0c1e6ec0db1670bce601ec5,3
5,obj:951b39dc931054291c8992dfc5416dcc5d508535a647c4f2a3cf6fddf87653f4,4
6,obj:1d90d617f213287363ecc5e6a62b81f943b8f80bff0f4730a74e4a0644ed9da6,2
7,obj:73f5c21e7076394bc707d5f3d0514357e337b6374e45a3d0c57b93587a256668,2
8,obj:558c517069e6b1447edc0a86845067f002962b9c9c0828ca69f7b839f53c40ca,2
9,obj:45362a75000c084757cd08479e4fa728ab9eff667078384c98e1758239c63d54,3
10,obj:1810d4049982848241a3e377d8c88bf5920e4ed4ee447468e663b2d0604f84d1,2
11,obj:bf5b46ceeb06b2034049781c55707a34f354efa1279cc224a32a40412242a073,0
12,obj:5a5ba9d8c873b5a833fbd0b2727aa190a19e852a39df4aa292c8f3efbdebee4e,4
13,obj:a0fc9373f9c4752f234391c508a2210e7b4430393a5339152f67079f754754ea,3
14,obj:6fa85eec8f98f119fd6bb3562a2998bacf66ebc0a9d2b45624306412cc92c66e,3
15,obj:7af798ed2beb2c27d18760f1112044691321995ebe42704db0e399af7e4f2117,2
16,obj:972957a92f4336c3758527cff7f0d901c035ae4dbd06e09eb04ee063c20a4d3a,0
17,obj:803dbc337ee3a2a51c1efa65d31bbb47d118a232c4f6bd74364e155d1b746b5e,4
18,obj:d4a1470e7e57a262daef20ad2f378d934ef6af5c63a7949e8a983da712c1d5c2,4
19,obj:d6a7db905403b0620bf5c6343015b5de7df9af636f6c76188712ef30b8c9f62f,4
20,obj:9cae2ffe1a549c6e0e181a4aee08e3fdea9a8c53ea3cdcd8b88bc6ef5bdfcad2,2
21,obj:558c517069e6b1447edc0a86845067f002962b9c9c0828ca69f7b839f53c40ca,2
22,obj:901391384eccc432f05ef3ac2d818d145696016d0541d2465097223f61bc1b72,3
23,obj:d24e2b176d7fc6a451ca1c49117682469fbb78e878318769ee538f1953ac31b7,2
24,obj:894977fcd35201c7e78773060d7f2e200a076da264307a78328b6449bfe1fe25,2
25,obj:a3cbfc4a0d3db8e888d5437bfeb68adf952927fcd6b5edc78135f759c26f53ae,4
26,obj:8880223f45ab96a27ddf8985ba7e1b3343e953b7cf47c4e1229631f13482542e,0
27,obj:db58016f2ba0917a9277bdfe8cb6472c05d1d654d661728a9280d7a246c2cd56,3
28,obj:60c0452dc428c416d2c5875d5bbf2853bb4a133b40fa6afe64a8789739cadcdb,4
29,obj:2d305cf10fbb2031ebdcc22cc816a918c53a47df7a70eb307ecd6c9529c16648,4
30,obj:fb02dfe82579dc8f9d2ad646ec6849a14f8dfe6581a30f3f7c07802ecbd05291,4
31,obj:222a2af2d2327cff08c96a762226747805240d9f8cbf490a527ed079d2c36902,2
32,obj:023d2e3a83cfdc7766c941d25c841ff10fc045ff023bacba673ab187ce7de07a,4
33,obj:707b5c9cc7c4996d202c82c9b1e4d5e46292b1f98da3f648e0940285e0dafcde,4
34,obj:232cbffd61f1ac343df26409914875b1a8d7314b2be1988e1ff72abb75bd633c,2
35,obj:b27d72544d7b625ce1076e3787a305ea66f9637e23ba020bdaefca6441fc885f,0
36,obj:1de6c7f54e1fff9170a7fb69220cf9d500606a6a98f1985eb6b5f07acdfe4b5f,2
37,obj:ff57bec0332c2c1b775772e05cafe7a2d4ff2b05297297aeb1eac4af909b906f,2
38,obj:a681851a8e4204111b0c29a47bc4fa09fecbd6f1dd24060d13ce5a0560f18cae,2
39,obj:e26f36332a39ccba62094a4e0f972ea49aedb794f4b4e47166e2000e90c79b00,4
40,obj:79d1aff898829b64aa65e8150a9e9afdda1e39f6663a08a6dceece2c37416f0f,2
41,obj:ca2ff4ac0c5ea2d56103097c3e0f64a6d165b44976a3c38a4ce5f50d144572b3,4
42,obj:d33e64f64a7f567baf370618e2b3cdd3b756ae665cef3a02fe2758fdf2f4a463,4
43,obj:fafb50bcaf635db18b6b53500aecc085f01b2967554b930edc1882a15a1f333f,2
44,obj:0074038198cc552e628079641275559385242991f73b8a31f761adef057e854b,0
45,obj:0449093a43546338714fbf0c7067bd88b1f34025b946d5ffff0e94c1855d71d6,0
46,obj:ca5f2c40a7087963d4a80145f606d776cb460c785a6ce1c7ee646d3fb63a1f90,1
47,obj:ae15ed363571a99e2e506823e2ca18bda8490cebe52adfff565b88bb93b07f7a,3
48,obj:cdcc0a6abfe4cdd239dd141e2f93df235efc3c7e538bf5835d9297aad86990be,4
49,obj:dc831adc7d1d9d0c8f0b76b61c46935b97c7254523aa713f464ad753d135c571,4
50,obj:bef76cad5361a3359ac9050bdf7c5cee53854424331f662b4b574fa404fa0515,4
51,obj:47885cb3f63fab3665919d170b7b7e901030ee36104c2a66be1df5dbebabae19,1
52,obj:9151f57708ce3e918995843a4ff3879662fae62f3476d851b519bd63f3aa674b,0
53,obj:55c49a17a53b9f95870ec87c1cb7dc0c08fcde9c866a652bfc008494c0902226,1
54,obj:1de6c7f54e1fff9170a7fb69220cf9d500606a6a98f1985eb6b5f07acdfe4b5f,2
55,obj:66f6a337acab0a3e7f75cad1006f08252420db043f864125838e1f34bbe5aba9,2
56,obj:b413e9e0ef7e5b9c7e15bc78c9315300d4c73f691eac6a114ae2e3ac4ad3c783,3
57,obj:bc09b174f8801b7d33e2b234b626baa66eb11cbba9da611e488f70dbfa69ca29,0
58,obj:097f986970720b9a9cd77cb09a988daf65da5ef572fa602c2b7d2eb3c509059c,4
59,obj:9923a061004ae9fcefe1b001dd3806bcd63fd1caf19b75e9b2809225590d958c,0
60,obj:6ad40eed9f6ba480aa72a99ecde93d0724ee84b048aa801c9c3dac88d69a81cf,4
61,obj:53620214ccac5c93a81378c0cad2a9d10b8fb000b30ef1136cff49a619b43fc4,1
62,obj:d6d194c654fa662e500f150919ac9e46c4c1561c2e274207cac5418dcedbe4e7,0
63,obj:728f54db179984c77d28948265700062285b9df56c8944442592f3482d796fd4,4
64,obj:c6b41619c33574ab55784ffa7b811e969035b65a148486fce1be6ae7a6bba1a4,2
65,obj:76717d0f0b12b3e42c96401a42613533488fcf4f807424e1d33cc36eac981b1c,4
66,obj:f58d08c930f5a71d2905cabd950af27530c0ac66081a61a7d0c7daad79d41bcb,1
67,obj:678068bc111df93e9cfb5b8775ce1e57e216ef87123563c6c95f464dae63045a,4
68,obj:04c79c7c415b86e5017fefcc9ab075b146c0365a06490125db71fec0b696c6e1,0
69,obj:1fb86c5acb71ae2041fea2b72b2552ec78a99a20717291f6a6741230620dfd63,2
70,obj:d7a5b49ad68f45ffe296ce8841b232c90ad8856bb48a848d92d70416e1124e6f,0
71,obj:6f42c582dd6e7b27eddd6730b11995ca503093dad0f4987c546821d807630805,4
72,obj:60d782c2fa27b06e5f052acfdc3dc605cec9e76968a06058459ce8ead2e6b713,3
73,obj:bef76cad5361a3359ac9050bdf7c5cee53854424331f662b4b574fa404fa0515,4
74,obj:590297843ee2d5b578df852cc6be0730cdd910a51a83a5bf2b66b81431f53f84,2
75,obj:b06e1ed11d051eebe1402646e1767344804c5ae784f3a7224974147886251d4c,0
76,obj:52e972022f2e2d97a6dde314ca4162559daaad0edadbee8119ff408c24e8b99a,4
77,obj:b34c5fa068eb8545d456883f299f9d88c07bc434aabd6e8a6ab89a0c98526df4,2
78,obj:a6c88faa6c285ac22c7ee6d5cb818ccbd568cc62b83df86250ff790d829791e5,0
79,obj:236fe71fd3379a1263e463fd88ef14642c05404f9060eb665ec4888bc8bd2d7e,4
80,obj:9092fea0ed1ffa5ffbbc1bcd4fe3015467de4bb65e045df11afca1a5a923b50a,0
81,obj:1eb08775be4e677406fa7b64a5ba865b9affc8bf7700c36f3e273b45a7d8c200,3
82,obj:a2d5bb1c231e1947a79ae93d2aa4f36df54ff1af6a969495731437447ff2dbfc,2
83,obj:db67588bae68c66cb267dc4150d77b62a2f1e33f9434e1beafaa47ee48261de5,4
84,obj:3c23596f0c98bfaf1fd934c97807ecfa4d4de26c2706a819020e9f14bc7d9a98,4
85,obj:0dde9032a9fc564b304e233dcd377f272afbc8c3e3b58a8cd7e791e6bd080d61,0
86,obj:b853dd44bd562abafa5965c6d082e4e4ce135ffe60395967b3bbf6f3d85517a8,1
87,obj:b2c52832f93128f8daea8afc34a19cb43ddbfdfd2e081abddeb12aa65318504b,2
88,obj:64d68c4ce039f71783057d0fbc96b6634d4380c39639534ec84fd1446e3a7606,3
89,obj:44bb214eced43958b921da11fb589b331de20517d7c4f38fde199fb0a6faa574,0
90,obj:366e0685e1771c768819b26930ae3c843ecd14357cc9cf28fb053625ee003cf2,3
91,obj:2bdb6d687ee3ed3f766ee15b17bc8e4eec4837d40cad088cd2e55217e6806fa2,1
92,obj:fac9030a6df608a9283ce6a9d26af090ff2c486f388510eb60dff3ebab9582e2,3
93,obj:4994774694a9ef7a4e6c651c692f7339893a3e22fea05ee3aa2ca185d3ed62dd,4
94,obj:b189c73e34b8e27dec46f0e65adb0b9a34868619da71a2a42b77dcf74eb1ff82,1
95,obj:567475c1054656b0925bc19e54796047816fbca9eda35b5969cdf9afc1aff5a6,1
96,obj:f41f8f694efffe7106adb9002b3ef5920f971d34416c529566656d6bbc75a579,4
97,obj:9b2d16a5475c7b3bb51124a28fac2c68aa962e53389bad6d221a54526a13913c,1
98,obj:775ff5b67e4aef0e187b24ded62f9a0f9eefeef571ad482f7320782e4e2cb892,4
99,obj:79397538155dfca0b813e0fbea4c4459bf58e4e86d3aaf4b8934028f07b4a7b1,0
100,obj:bbc4a7785c9d389187a2dabd1f4bbba0a1f8397f0937d559bef4fdd7bba5153f,2
101,obj:590297843ee2d5b578df852cc6be0730cdd910a51a83a5bf2b66b81431f53f84,2
102,obj:af3a11915eff4be86e23fa28a1be1738c62aebf839e95309019ee7bdbd54926c,0
103,obj:fe4a38829530f26165f72c66989dda82aa6d5ab79b6ed22c27c6abcdd0e6d0b9,4
104,obj:a673cd3c2040c459c67b2eb7c1bebe827daf72511c8516099b47974cb1c2540d,2
105,obj:a0758ab2a908180dff98fd16e6495440183b176d2fc3c4be5a760d6609ecf564,2
106,obj:12f51d9a75b8013040a505aa38faf893599680601eb8e26d3a8a4ef81c6e9265,4
107,obj:2f58d701493fa74ea16f1a422d50eaef3606c958c921361e6cd3eef3ec0e1a2e,2
108,obj:a2477681ca69b3021b373a0d83996a90d6346f2e1711d2f870118c33a20f3888,3
109,obj:1e46bfbec2e84c940731284604c089cc0686bed104d11a1a2bc82b83457fd95e,1
110,obj:d0bcaa66150fc58722b53e9d7244b608cc25036eb718b2520a4564ef859947a6,4
111,obj:22b71aaf7febd3ecf1d26705b2a651de070cce606513fbd9b11941f763d18e33,1
112,obj:c7a7109f621f9188d7c54452cd487bae0552d3e8f9ced5ebc22e72ecb68781b1,2
113,obj:30de4b5a1ebc70979adde4b1de25cbd8521652081f16eeb1afb7d3b8ca752726,3
114,obj:482ad3a35c9145a131d886195b453562a37355b8ce7bd6aaec5480e79fd52f63,2
115,obj:0862b2aa6697cf4c458e48b37df110e0214acc6d280c28e6faaadba4b3ce1543,1
116,obj:8ed241e9e66f276f258064907cabeda0ba53afdb0234d6f7ecfc6b7640f12986,0
117,obj:816fdacab98131b867a755bb2c19b4729c5fdb86036960e0ce1165192ea71287,1
118,obj:f8b621e0ffc66dfe0e59f707f32dc6047e9449caf4df026d60bef5473095c509,1
119,obj:4b1cbe4598f937efb9ce2165673c4d974122008fc50b16960b371b2a23845dec,2
120,obj:7145159f6c4158f1129827e7d378ed7f843269e554582c5922d0baf0badc977e,2
121,obj:6eaa8c56ad425422e88ac3cb8200245e10cf1c950c812773ebd4cec135c0f6fe,3
122,obj:0862b2aa6697cf4c458e48b37df110e0214acc6d280c28e6faaadba4b3ce1543,1
123,obj:ee54fe3c65ca9ba4dcdbce1afcb5110bf2f26f36e5d5c34a91998f70d626adde,3
124,obj:fe4a38829530f26165f72c66989dda82aa6d5ab79b6ed22c27c6abcdd0e6d0b9,4
125,obj:0b8f8110e7677f9e0bb20c91117de56c63b680cfc426fb14ffc0c68d25d952a7,0
126,obj:3dfd4a919d22b35d9f2ca247de364afe68a08d25ed4f87a82e3b6bbae816e18f,1
127,obj:9e70939ccd8860db6f9f1bb78dfe087557a2f7acebe648357b621e1e7d15bbff,1
128,obj:91b87ca334087c79c6d4e87b003f67751d20dea3ee777fcb7afba5bb906619fd,0
129,obj:7cd82545b39c0eff91afdfa604793dbcce0245eb5f124a6e5890bd795e5aa1bc,1
130,obj:edda9819ce7959f7a8c49604729b4e133eb045365ec7413d332fbf48e23ff619,1
131,obj:3ae4ad13083a344343a33dd2897dfe8d72f3df7a3a099575b196877e49fe4ab3,1
132,obj:767e46755f98edd87811e121801e757c083abe526ad2f378d79537e3aa37ea86,3
133,obj:0b3afe9821d261e1330541d5a37523a9a65f458982195c1f099d24bab1050f38,2
134,obj:678068bc111df93e9cfb5b8775ce1e57e216ef87123563c6c95f464dae63045a,4
135,obj:1b168cf4185c476400b1952a7111f3269f825a2d7d48399b8fa9feea3b30c049,0
136,obj:bdc4e859742a25b7a47fc65ae75659104dbce19f68d62360da104fac67c1c117,1
137,obj:f9835710120cb346170727d2f87d10a22fd44ef389681df056634d0e70093c93,3
138,obj:bcf803b3081c374a68e5f589e0ba832bc388dd0bbb9b58b14309f44db0dc3e62,1
139,obj:10679ae1947cd394ef5556de20c724c90e2de6ccf4721067e2876f42380a8c8c,4
140,obj:546e215cf8b0d12d0847b678f1050e20ea2afef5fd3662dbcef57ad570a6f3c8,2
141,obj:f3b25c09cfdc8606b947444051fe62c0e77558091968b3a078e585372b7f8f04,0
142,obj:b875041dfe37fc4fbc698702d333efcd57986de64e92eaa38b1c1988cf8fba93,2
143,obj:bc44cf4b68455bb975c3769025536441435a3eb4431b181ffdd89ee6f6f0119a,4
144,obj:199d05fef2bd2b59f25f45bb430a77402ed7d7a8caf26d05223847efd5d9ab0c,0
145,obj:3f9fd4536ba3f7c602a0df557895d4d49a1e401aab0aab9f24b9372f96df7750,1
146,obj:cdd06e90f6a1c59ac8d6cab403dcd650a262879bea6b4d71fa9b2186444c995a,1
147,obj:919aa22b9e623f3ff86057739a6e10113ee87d9b8bed693300035b0993858810,2
148,obj:e842a711eca6459f0d8854553f45bea83384cf41e08051a07ed3412e6b805576,1
149,obj:0bce5c19f33a48f32e4ec0899c403aeef98ab5985364afd20cfd4b4838c6b1e4,1
150,obj:97f0f6ab1cc802c5729dad681328513cacb64bd81421985ac574e7adf93681eb,2
151,obj:3922eb4fe458b8c1b26f9a73402394701a16478311254ee33a5038712e011a83,0
152,obj:04767657163c72233d9e8a54af41009c392ad3c83d5411f90a50656341d9e6b8,4
153,obj:fcc768518366f25501abb99f7f4535bbc8087982fac4db11491ff3c6589909ae,3
154,obj:b2b86279eba0be48efde3d1c39a437e38d6621847b826727e53c742b59d2e50f,1
155,obj:34fe2d6e21693e0061ebbb0eede8129002192bd71e6204bb5731a23198daae3c,0
156,obj:881cbdc8826622e745b77b3f3fe48c1f108dffd1849555900775ea848669afdf,1
157,obj:db1f95aa070eeef104de07b37cfb1486ea01ca38c78cf25197a95019175a432a,2
158,obj:74e0fe7e0bb5268ea1b0cb7eca69c6a17b55edfe56a111cf3e8ec15b9b241a60,4
159,obj:69f081c1b8adcaf6f6aab57c7d41798bb2837c35aad4a63ae3bcc90d97abf5f8,1
160,obj:9c984d7c3043c6e30786d183ae717347e9f9fae7230d9eff343363c64ef5e966,0
161,obj:3dbeb3d5eaeec7505fcaa61061a6b1422951abfbd8d1df209bde4de0e49146ad,4
162,obj:cbc63221f137748a3b8fee24f07ab1319043c296f71a574ff4dc47b72e0adcca,2
163,obj:eccf608ab1311c270972b2bde1b11074b67e485d7b362f2b1b5dd693acc6a8d1,4
164,obj:fdb78c2d62ee527d4ee63bb8988a5a3da0dc1869384e4371af2c75833f29bc69,1
165,obj:4a54c8fda7dc91a3384e1d6bcc1e23f936272474dd7fdc0ed2617fbb690a5b5e,0
166,obj:9092fea0ed1ffa5ffbbc1bcd4fe3015467de4bb65e045df11afca1a5a923b50a,0
167,obj:91b87ca334087c79c6d4e87b003f67751d20dea3ee777fcb7afba5bb906619fd,0
168,obj:4c206ec3776d37a08f0bee0560b02445162d1e99ac4c03e5f6a1288a8bf6afd0,4
169,obj:a97288eadac108cc9837ca449984b2eaeeea8c7074921c27a9ea95f79a39b246,0
170,obj:0e3d2a7acd5b03c38dc9451efae23107010d445c87c718a58ae54f8a4ddce40a,1
171,obj:da256549f232cd20673034481973e503e68bb655aa7da22070120ac93432cfab,0
172,obj:327dbdab56a83001daece5fe35d8f78a4e249d4e7444dec1651d42b0de4ae0f5,1
173,obj:0862b2aa6697cf4c458e48b37df110e0214acc6d280c28e6faaadba4b3ce1543,1
174,obj:b693ef7d112c69b7323c5551b153e1753e01850a343f5e78868c3f1c2904869c,1
175,obj:3c7c09855b82ced54dc1e98ab8c8f0ccc2975b0cfdb89362b3da618d0b868a36,2
176,obj:d91da974f4197596a6686f617773fdc59019c1349dd73602698be99d3e51b802,3
177,obj:c1d5368d08c9f76ed7addf8473a549547a226a717cd0c369b2130451a05a4f8e,0
178,obj:b06e1ed11d051eebe1402646e1767344804c5ae784f3a7224974147886251d4c,0
179,obj:1c3b2ca06ff71675aa99f3cfe373a6aac9c1f79975a0289ddc129dd8f519c244,0
180,obj:29eece8688757872f4e16f89fa29c7ada0d21e23ffa0aca5c9059196fe854c99,0
181,obj:2bd473c37a5e3539d1dfaedbee2b8d42bfbf5a73b9b30557135a702879578a21,4
182,obj:3888e0d1e4691f641c6b93148391b96267613910c1a36edabca349a32d423fc3,1
183,obj:466e3fc198c92e1164a446bd42c513a6ff99e17506484fa027611ac9de5462fb,3
184,obj:6428275eb2c9a1fc1dcc64c49041ce7b592586e6dcb80d189f63605a53d2be35,4
185,obj:839831afb2c8c2f97f3a79ba23f3a30646c2aed176b0d0e35bbd47b7aaec6a96,0
186,obj:3c4a572404777830e8d5a54bcbdfaad7b0933d99b0c0dcd017f13ad003ac080a,2
187,obj:f74f2b6f0c388e28da791bfbd73434e571e6baa2cc839c8206d3d389496faed8,0
188,obj:aa78fac011c9b709ae5b782151577346bf928fc438a6ae0d684526d35ed994e8,0
189,obj:a5161752e48d54a0f67158fb1deccf18ea6dea0ff6e21fd83c733dab32c3ec51,0
190,obj:940fd704f7fde9e086da0d9953aaf6b43ef3ee126a8ec102930d3d9ad04bc8a1,0
191,obj:3c4a572404777830e8d5a54bcbdfaad7b0933d99b0c0dcd017f13ad003ac080a,2
192,obj:245f8fe1c1b26204d082397b37f4fb3cd1c318602762c19cce5b2283c52b6ce1,0
193,obj:04524fc92c05b5a321bc9a818e4dde6dcb58471fe86d9e4e3301294ee27ea36a,0
194,obj:5c83acccf968597080b7d1e424bb3953dfc6caf6b244980908beb2d25eb753c1,4
195,obj:9092fea0ed1ffa5ffbbc1bcd4fe3015467de4bb65e045df11afca1a5a923b50a,0
196,obj:327dbdab56a83001daece5fe35d8f78a4e249d4e7444dec1651d42b0de4ae0f5,1
197,obj:a1cdc7932545ff75a866ffde92c5b40a7108e2555c67fe2cecbc6212b6382c9a,3
198,obj:d2d72b62e78d05d5bf5c95fcf88105c7c695bfea0e462cd064ec41ce9a817161,0
199,obj:0862b2aa6697cf4c458e48b37df110e0214acc6d280c28e6faaadba4b3ce1543,1
200,obj:6b334b965bbdb08dcb2acff8955acc17d2736b67ee4486a3202fdea8f88a1f24,0
201,obj:cda879e758964d233831647f1a747bc84da9fc01d24bd10f7d116f56368d606d,0
202,obj:32dc62f535ef19e33fb86b9d52bc7ece88130d15044e1821979e482798d2e25d,2
203,obj:cbea23cdc7acbbeba0dc3e74d647eefe3a96eba2d461a5353207e97064f67860,4
204,obj:6b334b965bbdb08dcb2acff8955acc17d2736b67ee4486a3202fdea8f88a1f24,0
205,obj:8229ceaf4817dbb52c4c957e4a3336bee528860b45874c0849fd6e2ef963f96e,2
206,obj:8948fb3613276b4fa86fc211bb432960e0eb25f113d409a0af8d6967905bba13,0
207,obj:a7b5edfcf2dc5bc563401106f9702a99d1b65ee815e95485c87eddeb21ec33a1,2
208,obj:1ecd829539ed8736d65487719a9493d596588d4a3e34ed6f7fce45190489a5b8,2
209,obj:d433386b08d4852969ae6693b8033b6f40bdf939c3e5fc81903f308317754219,3
210,obj:b38ea5cafec53e5059556918b575b438d1cc3169cf75c93e912e7a21a172dd2a,4
211,obj:6488aebe30e63e9b143d4cba3868dae254874b6327a81b73b66a18b230579780,0
212,obj:6baf44c4c85dd2165fe737981ee3de2ad47f149d6dc49176ff035338ab7f8541,3
213,obj:a0758ab2a908180dff98fd16e6495440183b176d2fc3c4be5a760d6609ecf564,2
214,obj:f74f2b6f0c388e28da791bfbd73434e571e6baa2cc839c8206d3d389496faed8,0
215,obj:c0d37f3003a90e874733ecdb27be1986416ff55517c330420cd6e5d9ac359ece,1
216,obj:3f3f6a6fe4f7242f3c1ac2577f264e63185c24b94512b75eb27f12d36acf6e64,0
217,obj:2543d1c24c44702d80d9ea6039dff1b6b97d92a4dc80b24a9b3bc30d7181289a,0
218,obj:5c11aea06a5c5de10e41fa7626cdf2e8fcd2e40b82e79475c94c7d5fe48d0154,1
219,obj:9c2719cc566ce2f56e9060bd55bd9f501c65b5b55ce011279eef0eba94072f18,0
220,obj:c133ce818a437eca1597610c6a36ba9223a42bd6499e221e44cd68fc6075821f,4
221,obj:558c517069e6b1447edc0a86845067f002962b9c9c0828ca69f7b839f53c40ca,2
222,obj:5c534954833d90c3601555721cbfe0e51948d835704ea558b88a8989ca6db6b7,2
223,obj:7579748244e59aff3a316a1ee0113e4fbb77c271a5020b83a47aa95ebd5e6c9b,4
224,obj:2e7ac5631369642b5a6c0c581b7ef06df72aa6ec8affb7e4c0d801006f3b4783,2
225,obj:0bea36dfe869410e0a45d68171a865a602297d5aae75cab85e2342119017bcae,1
226,obj:6f42c582dd6e7b27eddd6730b11995ca503093dad0f4987c546821d807630805,4
227,obj:8e98d9ba7c85f2ea28621e907bedeeb00af728ca68b781cd8cdb0853aee8c9f3,4
228,obj:4a1c0b9f84812f6054e954ec5d41529450ea3134ec1e2edcdc587a86240e9fdd,1
229,obj:5f9a4f80c8a7dcb36e08d30f833d4ee822b616f134a3a55a43c5a3894f883de4,3
230,obj:eaad3ec91ca03dd80c5a89b853231666bbe3343d0fcd6340f35c45c04d3e81dc,0
231,obj:79b7c119abc45426a3543d4e39fb8741ae0718e6974378b05631cefd626c3890,3
232,obj:678068bc111df93e9cfb5b8775ce1e57e216ef87123563c6c95f464dae63045a,4
233,obj:9a9683a2d468dff4d1686e759aad6821f219beb8c7729492fb76f4748c7cda8d,4
234,obj:2bcb42f5f8596ae36e580c73290963983062ec66894b5f6cd1c8f06c1c07eac0,1
235,obj:9e28e9b0bba7a8d0a496f4688b84f8571f1e1be41f1f5cd6bf2c70f1e81691e1,2
236,obj:e08d7091a74367ed79795775956fa0668c88944a9abcbebf4a34015b6b6a7577,3
237,obj:dffa624254faa9efb58b00b20e90d08abd231c2044618e278b048ce08641522e,2
238,obj:8a7d63542131081842b3d74949f9526d3b40c8f6bcc95a325961423701b42c54,1
239,obj:493ffaaea5fc981b7b8b1c6086dece6ec736b356562718a542576b4c10deecf6,0
240,obj:2a6dd7291fada91eb5127b68291c3a397d6187dcf6c4b9a4281b1f391c53c6a0,2
241,obj:6f42c582dd6e7b27eddd6730b11995ca503093dad0f4987c546821d807630805,4
242,obj:3918b4c529760abf2397313f5e974ff75663318da704987f981ab03f435586ed,4
243,obj:3c4a572404777830e8d5a54bcbdfaad7b0933d99b0c0dcd017f13ad003ac080a,2
244,obj:172539fbb7004da54596e78409a945b3308aebc0757dac3b0299fe6465f5f9a6,2
245,obj:2531200bcb6ead3d8e4fd6169890678c882cf4fce438db4b6e3981c465c755f6,3
246,obj:d15a6e2062811a97e746a76ca585fd06c2cb26e3568c792bb78ef7ccd0c133a8,0
247,obj:c76a4a20df838879fce9a7a5d69e9ced313f584871fd3b3620fd42189be9cba3,3
248,obj:007145d2084ec0cd8a2f2806c020e73211e33954c8609be25ae621bde62a9284,2
249,obj:911e21dde8a04793e7fd5e76f54aaac077d38ffb895f6c78b715c9ac974ce86d,4
250,obj:659ec6cef266c7d90b2e96175f6692f30303e642a6dbc6230213f246329df7e0,0
251,obj:919aa22b9e623f3ff86057739a6e10113ee87d9b8bed693300035b0993858810,2
252,obj:278d0a6fe4aec0dfcbddbea591bac120c44fb96cf111697be6765f68dddc2405,1
253,obj:7112b7eea80396025898c7b0c50a1953f6f315a72f0eec3cfe0f75dc87a6b460,3
254,obj:c357c507292e34965dec1f51e7eceb9700773505dd69f62788a68fb1c2f1480b,3
255,obj:ccdb4e7ee172ca3b6f0d8ecfbc9a53439ba210cfdccf40402ca3bbceb9e9fa78,3
256,obj:a2d5bb1c231e1947a79ae93d2aa4f36df54ff1af6a969495731437447ff2dbfc,2
257,obj:c95e3a759f948f6e015b7f5237183fd2253e43ea969f7eb93c726fa3ba7cfa84,0
258,obj:9d03cd76b4ac58849d55ffbf3629791c0406036be39b453083cbf96bdd0dec1b,2
259,obj:0fb44ed202c1ae568647800299997b5a855ef072c23601faf32a416a8a23e5dc,0
260,obj:c3ec62994770e182fead48e4f8592f1769c21dee7338750bdb34ee141ce679ac,1
261,obj:4fdd57ceb69001a9b91e3091457371359766369835b436a82bf3056ed631cf9c,1
262,obj:cd590cded55d94480e6310dca774e0f0290aa967ef819f828622bf923fc56ff0,4
263,obj:32eb559e8dbb843cfe650c1b12a02ecc272649946ef837a068aa79f0d56fb1ca,2
264,obj:7145159f6c4158f1129827e7d378ed7f843269e554582c5922d0baf0badc977e,2
265,obj:14c9c648b596106de6f644f00d9675f945e7d48fba017aec6fa28f09c557193a,2
266,obj:a4e9c955337ac59d9e52bf01b0b7c0cc2ad8ea27da56caf4db45905ed5f6f33e,0
267,obj:ac6e47f7451fd7d7339435150cff982a25d1e83721ec4cba7107853a632a08bf,3
268,obj:f555241b6794769bb8f550b4c9850e5e2b01ec06699646686b6e49c3e15b2932,0
269,obj:22a94e98085d17752b588c2f64a5b230ba76b8ac09824961243774d61395f645,0
270,obj:56edb5b1da97edf81f36ee3729d0a1eac4511a4e9ac61ee6ac86c3045381a5d9,2
271,obj:f9902ad4a91b6d8e4d094cf70c6d7680a0baf417ab93ad9cc8a9e510ccaa29c2,4
272,obj:af3a11915eff4be86e23fa28a1be1738c62aebf839e95309019ee7bdbd54926c,0
273,obj:11e3a10b402afec7fedca4d39194f10c46de41218564551a91a64dc283585cbf,4
274,obj:d50993a169dda4485a1823f517012392522c0c3ac0a746797c1b30811f383995,1
275,obj:e54762d13ceaeb8183cdee378d900fef2cf05c36ea4739d7f19e077eb1f239d4,1
276,obj:7cd82545b39c0eff91afdfa604793dbcce0245eb5f124a6e5890bd795e5aa1bc,1
277,obj:591b3d575401c3435b3c155d5ab4be39c2f28bdd7212e539699a82fd4276ecc1,3
278,obj:f1e58c4560059976cfec789d7c9a8a45c419ebfdaba55c4f7b9c28ed40838c31,1
279,obj:bb3d6bcc2719b289cdc81d5090e4be6d3688a524b8a37c46c65f35755cbf2c4d,4
280,obj:d73ce0ae25f579911635a4e5b9e1e9d7273a8f911160a9294b33ed3ad19a1066,4
281,obj:da62500e40d3d2f0faec41e34f4325dcb8f91f5232b3865e251e566176c0c21c,3
282,obj:bff3a4e80be54b3a6d7e14f23c7e6d735f2c89e9adcdf3c12db5bd860f8dcb5c,3
283,obj:b12d1e3648b4976076e9575f51a47ba17460837582cb30e46a8a307bf7901ffe,0
284,obj:d1e5716bcec0bbe6a472a20425f572b277276114cb4b5d345a3def99a84d20e3,2
285,obj:d8d3c361c7e1625c7d6477321bd2eda1fd54ff4d6bc1df541ae5f34576713ca2,2
286,obj:df47fede2cfa918085b747b580d081ce93e1fe3e5f4eb1df18efa36ab8c483cd,1
287,obj:1e67f1fb734953bc90faa831c7366f03698efadb19311ed6852c52ed59c9ddfa,3
288,obj:22b5ac0c2635856faeacc7e8a65e9ce6852b16a563a60ef3ae230c6a74099d01,3
289,obj:faad1bd08e93529bf85025aa751c9e841c08ab7f45ee5a31aee37e9d0b4b65cf,0
290,obj:3d5857b666dfeb7b9d3b1beb0ee2d6064cf0ac6b5ec9811fcae272c0fd2b1ec5,0
291,obj:29a46786fc421793974ac4ffe3d53b50b1e5482dc820a77f949471d10acddc49,1
292,obj:b2e9543a4103bdedc6e4ff5df8a537f37448e573eece1a1d886358b6d6059d59,0
293,obj:2fccf24bcc1931fa396cbcbfc93602076c5044526b396392936b6a883c3caba0,1
294,obj:f548b3034cd6cbdbae4dd39985deaa6c3dadb03bc0863286a0036350b4081756,3
295,obj:53969a01a51fd06f09a8c2a8e3765854b5584f6c24d75eaa1f25d7c17f85ef17,1
296,obj:b20dff72bbe10586a62dc6fb47300ede9e740bcac37a727801a6748a771ad95e,1
297,obj:7fa863b9aa7b1270430b8ebaabcb969ceb2cdd777e20f7cdd8195a6a17898e92,3
298,obj:99770172a73bdcbe3e1ea60187c317fd67f0fc2f1f27ac618c80ca355dccee98,2
299,obj:751c488423133680fa2526984c68541f7972dbe3c0706c13bb519519e45a43bf,4
300,obj:96bb898b7cf904d30d59230b90b69f18a3a6fcba2dd2af4110a6556d988a8138,0
301,obj:00a12750fca5a9351ca7592f52096fe274f2178785f84baae9001f3a4f53d6bc,3
302,obj:d8d1f67f58129b8c5c736ef2325b6c873589446666bc382b536428c6ff2a9f52,4
303,obj:c6e8a237805df9150d2834842ffb10d0c8081eaee514b560e6d891d317a38817,1
304,obj:dc4f00e3e7f79cbac38f5504b411df086f73b305a2cc0cb9db2d2163083fbd7a,4
305,obj:eccf608ab1311c270972b2bde1b11074b67e485d7b362f2b1b5dd693acc6a8d1,4
306,obj:d8fb12d12db1e7848b498dd13e5b903d8bcc68062cbd1de9998df09e901d8c9a,0
307,obj:2cf14aae6f8a94051cc5b786093162a0af4024d21bb76c725f41259e442eb91a,3
308,obj:da48d81e19932fbd24d3c9964c4dd625848dc6a9e3a69065fccbb7d75a8135ad,3
309,obj:2555e4e4aa1f2f5ea33327eff2ff3ba6d5e0b04fc41cf6f648b1b53cf71c05b2,3
310,obj:33e3ce3338a960f0a82c8d8b91b870adc478925693b5903b55a425ae39377297,1
311,obj:79c10d4d502b914ccffcd8be1bff00a2d55005f8ff6274c7a7c3273a0a085cf4,1
312,obj:d08f5c57cb64d54c330ae7229044947b6e31bcdb63dab8d2396a57abfff23b2d,2
313,obj:5fadb84dc3af009377c5f257ffb6a9bbd480411aaf228436acd9f963b408e037,0
314,obj:c5b2607b6e5ff042e217afa6bef72a5881a05da64fcd5080494b83ec7a4dc47f,4
315,obj:36b152a49f83d4790c7292e57be961517e0b3ed8caa0a6f5ce43a37598bb3f10,0
316,obj:8f1a2825242d7a9c7e204c07fab07eb20a2932c4acef38a6e5040100ee9c5774,1
317,obj:762d206ccc799b169de85fc2bec606c7a52cd427eadc16ca66b601afe1dec6ec,2
318,obj:80840df882761f01e67c8a55dbe827fa93efa8ff4a6d624990be65d8ee18d3c8,0
319,obj:b8dd95fee9449d5b9388eeaf5a2cfdd0e2d166ee5f6625b18717656f89e75ab5,0
320,obj:fe00b82c6317fc6941b13b1626b1193331fcde8a2fd3ce20ba72383d33b3386f,0
321,obj:401f7e47057169477f66404b369bbbbee745f733b7e9b84cb9f3f2287b119a7c,3
322,obj:ab6c74296fc95bce147c19cea95cdff3e29c53d3446f93d25a998250fb0db594,2
323,obj:5624ee89a579ef3ec486ac6abb38bd09c815c7c1be495fa203420ff0ed16024b,2
324,obj:5bbdb6e72cf93408aabec30156c9946dc350b3eb61b86de7eacea0d1b8569874,1
325,obj:2d055fa8fe90a5bc1d72fc66b19c83831c3b3ddbe5e3f8a4236ee703db7fc436,3
326,obj:546e215cf8b0d12d0847b678f1050e20ea2afef5fd3662dbcef57ad570a6f3c8,2
327,obj:afdc8d9949897a8fff3ff422d3b6e39e9631f3349b50f4bce44d7ccf7721cf9f,1
328,obj:3910e6d938cb3d5649cce607ee8752b3d2fcdbeb2aa3d4fa189aa08cc5ee4703,4
329,obj:904880119466c00dd180d47d204d0afbf0745b79d3e07ef92b19d2ec8ced5e06,4
330,obj:c45acda98179c3da2162994bf7f0655f72f6d653cbfbcd45308ace7502d5a073,2
331,obj:b22b996fa01bce2e127a937b594a2adc4d0af05c7cf0337acd87a109d5b1548d,4
332,obj:73252531f4d9aa39d10e99c601a5588def271b7f601d8053594fd970ca5473c2,0
333,obj:567475c1054656b0925bc19e54796047816fbca9eda35b5969cdf9afc1aff5a6,1
334,obj:a546ffc670fefe1134bb54420bcbd7475435f0091590916c4f48ae44f2ec87ef,1
335,obj:036900f7ec1e43c3bb1b9597ee4cc9a6579936de0bd021dcd111e2fad0c51ba1,2
336,obj:c7588ab736da0cd0e738bd30526126dd5c97f420938d504b16d426a5c38a8f6d,2
337,obj:96bb898b7cf904d30d59230b90b69f18a3a6fcba2dd2af4110a6556d988a8138,0
338,obj:bb3d6bcc2719b289cdc81d5090e4be6d3688a524b8a37c46c65f35755cbf2c4d,4
339,obj:bdb5fee39f5233ef6feec8f69094eaf6a2c2cb1636738f168934f6be12c40a17,4
340,obj:a2753640e6369d1a347dba803671410d6a6eebbde0df4fef3e58dfebdcce6cf3,4
341,obj:6ff4a28c97365feb9b69adf41e6f9d798dbcdc9370d1b6ccabc8c791511cc165,3
342,obj:ccf44e16517ec071eb772530ca1790933c43b31c483a481c51f50e6238e1b2a0,0
343,obj:3be59382c9a0e657583075fd5656356eeb5c01d62d5f8217c9de1275c698c053,3
344,obj:76e220412f81d94e5b788e3c0ba2a46fbfa0f715ece63d6d428f88949b78b9d6,0
345,obj:ee740389d0d796e486f75ab6856686caab3b13a45f5ba5f771e3bd9c17ccf906,1
346,obj:97f0f6ab1cc802c5729dad681328513cacb64bd81421985ac574e7adf93681eb,2
347,obj:20aa8ad19bf24b88cea24ff6d03c0782e73451c27fdac32adbe6d093c09568a6,3
348,obj:17c264167b47eb44607ae9eee12f5d325d5c74ce37d0eb2ec73716c98019cb81,4
349,obj:0449093a43546338714fbf0c7067bd88b1f34025b946d5ffff0e94c1855d71d6,0
350,obj:008660076b1e3efb52aa165b631894047584811b26d25cdcaf0e2bdf27c94c7f,0
351,obj:097f986970720b9a9cd77cb09a988daf65da5ef572fa602c2b7d2eb3c509059c,4
352,obj:7bf89b3fa50a3e5663fa23ecde1b823a9e43ce54ee70af1a97a4b408217aaf15,2
353,obj:34c7f48391498258c43d8e1d5039c78a38e45a63f892e3c98b19d66f21c06808,1
354,obj:982bccc994c32f5cae6e68f0a4d7135de902550356005ab03b735f23a652a478,4
355,obj:77a2ab4ff377d148152a0b62a5a17d8a792b91cd0ed7cc2bd4eb7d39ca7f3a23,1
356,obj:054020f1bbbf4419024819216a0489c39ea24daa595936dff2adc9ba16faf7e8,0
357,obj:7774d70fd16ece12f82764161610686614094a7f7948ad4995543e63286ab476,0
358,obj:2448793f496b433fc13e377b6c6439ce64ab019b39b5b09d1d357663fd05c6f7,1
359,obj:f6fd9d1f3cbd5b4cfc7e342d5caadf5304a4851f8958f9ba1f23aafaa56dfd11,0
360,obj:a7f0675921a23c560b23994d805f864039d68d90d5843fc13da9d210f2498227,2
361,obj:7557e55ceedb4654f5a090dad606af7d7defe8af0b88329058dbe09ec4ee6428,2
362,obj:ef1938452ed7969697feddbe5d40790e066a7394af25599e9fba667a7c9b18ae,1
363,obj:34412624ee154ab87e337844cd36ee98e681770e2cfccf77f4ade43e883e370a,0
364,obj:22b71aaf7febd3ecf1d26705b2a651de070cce606513fbd9b11941f763d18e33,1
365,obj:7788b676a3445367e42fc11d6f972c0a0d56486e6c27208d5b175173eb15f0eb,2
366,obj:14739656541109b8ee4fa464bd8f1e374ca0ab1b7ab8142ef139596f58e44333,4
367,obj:f7e412a26d4bf99df7076b17caa9ce1e93eec7b6ba1ee9dd52a807032f807bb5,2
368,obj:0b6253dae63e34f65152af46b9f4b7837cceaf8165f21c0a79f0feb36c48a3ef,4
369,obj:3d025a167605d9211e399c9e9205f9df5746195af170e1cc96d4b30ec162181b,3
370,obj:8fb96bcc1d37eb3fc9c7bef159d2a56310ec09b1c7bd887b56be48352d277814,3
371,obj:ac741486f0e7c87575ab4c2cced85be60f605f7a8ec11265c305d7b9a5959bfc,0
372,obj:84f7b045f98e39ca3c242129349c0f7de10bb8d09c553fa8c49642000e6ef642,3
373,obj:07d7209f01ba084c33c11b193d1f732c589804c8846c34fa2e7882dc9505a126,3
374,obj:f9ae51fde906a7fda255c4abd7bef0ab873fef97edae148c646fd5fbde3121e0,0
375,obj:ec135e481139cb8cb5c1637f6d13d6271dc6312bdbfb949c123bb36ea550e46e,0
376,obj:c207c575a324e180a42f5f1ad8fdf02c02a1ae28a7eb1c8fb579ae7f01755cb0,1
377,obj:ef65b69015893a62e7c7366854a12b7ef90f9a612881967198075c484215f117,1
378,obj:0a5c1df9d59a14076027d2db018e01402922fc6d70c4db676da551836d2811ae,1
379,obj:f250a2e9e0be0d5dc751f1ee9256d83b7f28aa9d2593bac76bc176fcfe3b8252,4
380,obj:a6c88faa6c285ac22c7ee6d5cb818ccbd568cc62b83df86250ff790d829791e5,0
381,obj:0862b2aa6697cf4c458e48b37df110e0214acc6d280c28e6faaadba4b3ce1543,1
382,obj:932d28b14da7dbb7ca0c050383db3726630ec3dd764a20a57ed84e23dee033bb,0
383,obj:d6a7db905403b0620bf5c6343015b5de7df9af636f6c76188712ef30b8c9f62f,4
384,obj:e01c351024827e0681df6376d242fb444a3e785d297bc7b9615373e33d8936e9,0
385,obj:0862b2aa6697cf4c458e48b37df110e0214acc6d280c28e6faaadba4b3ce1543,1
386,obj:21214f6a5d7efbd5de64ec685a4b7d6869a6c584f9dc44dcdcea9d7369c28a08,1
387,obj:1177b633c6097010f5f0149ef33162b46db10f16d7de866541dadd0237efa5e7,0
388,obj:ac75b91866f9a8abab1638d34ca114b1a38a57fcb750eaef2600e3115e540df4,4
389,obj:cf31881f786ded1999c83b2ee637ff5a7adf0b3f5b9c896035f01726609e9ef1,3
390,obj:f2b1c96900e59e6a2647f536d037e21e70e0ef7067f3ef492456093e94a373bf,2
391,obj:0a07f1896ade0e2c3ca219526da56c4e090296401aab56f29bcdd16fa9c5c0e3,1
392,obj:fdce5be68953c73cafd9ab5db3b88f126fc8780e26c702c42da8a2975566a22e,0
393,obj:22545cbb6659ca1fb1729a007057df66c60eda008592ac5d6ba3ec422807e939,0
394,obj:84f7b045f98e39ca3c242129349c0f7de10bb8d09c553fa8c49642000e6ef642,3
395,obj:1c3b2ca06ff71675aa99f3cfe373a6aac9c1f79975a0289ddc129dd8f519c244,0
396,obj:4e8f46346a81c7879eaf35a20958ed8252c59c8392a6d41453263791950cf4a6,3
397,obj:f031f2802f34466a42e92f5d1f956d92308d57eec0db8f8fe96cf74f222dc680,2
398,obj:466e3fc198c92e1164a446bd42c513a6ff99e17506484fa027611ac9de5462fb,3
399,obj:c15444210c0b58f0d340616dc279b155aa5fc64daeda15ed001651c2b092ac41,4
400,obj:34bfa7eb5edd7982c03f3b90ac014126ca24971850ad61af20e3bf7fc0b1c359,0
401,obj:a5e44a1a3682a5289b78099374d173e815fa4d5e64881ece6cc1932bdbc43506,4
402,obj:6a5220dd02e81774171114cacedbe211917f03f9988e97f96c8fc0e23864c31a,3
403,obj:f6fd9d1f3cbd5b4cfc7e342d5caadf5304a4851f8958f9ba1f23aafaa56dfd11,0
404,obj:e0bf84cd5cddb2def23c5f0278ff4c22d6f8adc843beb1c01ed7c0b516a98b27,4
405,obj:03768c0c1df5e6635026a8fd6b6f227b2676e851a7a2b3b2fa6573cc7385318d,0
406,obj:63ca58f95d017c988dfde0042d18b55f01012bad72f188d2dbb7ad3803970769,4
407,obj:f0301131e0aae2ed68ae3e0eed605b2167f142021432f65e13bf76804c04b131,0
408,obj:6482b4b60eb8820095cd6c899701148d618b3e2ee45d2bf938f446877b2ec632,4
409,obj:64d68c4ce039f71783057d0fbc96b6634d4380c39639534ec84fd1446e3a7606,3
410,obj:afec14e2c9c3c0f6659abce32908dae2705f550c1c2fe4e2a9a9ea56ce93aa50,1
411,obj:18d240799191100a42760c1c3df7f8dbbfc317d732340e9e2ab185cfd8bd62d6,0
412,obj:393a783966dd376df6b7e5180412d6341bd8c7e49319df755ae0760ee9834c27,4
413,obj:b7bdebfda639c1b760f6254fde2c797affa9545fd41f8e9e5ca016c3f5f4d91e,3
414,obj:2623a656342642fcbd50ebbea64a9fcf9cf8b5c528a052f07cf378419201f7b9,4
415,obj:a77151081b507156af53d303a10f2997400a2b476daca3a8c073dfc8ae794237,2
416,obj:cb42e3e4fc80ea7cd648d72411b7cd6ebdcf37c6c04cbea59cbef8da5b3d4fa7,0
417,obj:3c110490747520fe5d9608268c3d33f0c89d8fd5d1927bc63e4e0c80e7dd4ce7,1
418,obj:466d460a5a51f9f1c83eafad082881cc0960fbfa51aec55b04a389957ac75140,1
419,obj:0ef87208148fea0c92879f08ed22c790b3a6dbf62c002422b1aa6348623676a4,0
420,obj:f9ae51fde906a7fda255c4abd7bef0ab873fef97edae148c646fd5fbde3121e0,0
421,obj:28f74d0d52840e6a656c2f80aa3e8330fda58f008e7ecda77691c324410d4f43,4
422,obj:df76bf84d8055ec0d2e61369076e9fba7ebddb41e1ae32035726a013e38f58e4,1
423,obj:4f1b17190cdd07f0aa6fcd38da87bbc2bf0f0bc5a3fd615c3a0d968837badcad,4
424,obj:05232c99142260ceaf58865ff79fce3a0f9d32c6c74d8c05f682ea660352af4d,2
425,obj:5e89796dd931b46304b57f20bf8ff36c6187f9c4cb1d61a77e74c8d193a2d303,2
426,obj:1ecd829539ed8736d65487719a9493d596588d4a3e34ed6f7fce45190489a5b8,2
427,obj:b6b22222ef9d44b6b4e39e0823a61bc91c31b5fb7604cab62a26b125afecc33a,3
428,obj:d8686bd8bc44506dbededa44c908a83292684622930a27714d9452568df8b0ea,0
429,obj:a5a365c62123a5d42bac77fd718d8bb1979eee31032a43a4e81d192b89e7c1ad,4
430,obj:8fb2e828e6fc9e078ab22be04774591bd025d71fee1d0b23a580a73543251999,0
431,obj:6e94e5a4b6b682e63a8f4c56d8bcbf5e5f665d3d60c57413190e543f383d4399,2
432,obj:c4299f813e04c251c2256ba7e851185d6f5efe915bad855fc06da74bc88a80f8,4
433,obj:fef1da45713bbc6eb455bf5e9cacfaaaabf2d8ffce39b20299de17dab12dbca4,0
434,obj:5a1fdf60522243e54683facb4fde42f3ecd9fc7003e132b433e8df51864a9daa,2
435,obj:a5a19b2db2fb7554b4ba81ad07c3e554ce059caf7c71614bb2bfdd698a060bb5,3
436,obj:836ca241f02800127c76cb3c2e4866b081afca5b6ad670249a57f7f6136130be,1
437,obj:2a66914f27491e989d1a9327df81407ffbd18b68ab648f33ec45691ef3d7f325,2
438,obj:3888e0d1e4691f641c6b93148391b96267613910c1a36edabca349a32d423fc3,1
439,obj:839831afb2c8c2f97f3a79ba23f3a30646c2aed176b0d0e35bbd47b7aaec6a96,0
440,obj:ca5f2c40a7087963d4a80145f606d776cb460c785a6ce1c7ee646d3fb63a1f90,1
441,obj:41b60ee806796ceaf62cd014d31aaefeaeb4c73e335b08e1948c22d99b3f4870,0
442,obj:3145caebd104b4a31f717f4514cd5826d28c49add0c1e6ec0db1670bce601ec5,3
443,obj:40207aea37350cea9cba4990944952c8c70ef2de9eedd1b9fb015943346001b3,2
444,obj:e0fc7166d91d960f072282ae2b979a69a7e3d2fa284a245e716cefde2bc48fc0,1
445,obj:fa976ac4b7fb62a049c73e1e632c901c1d40cffca91a2ff1ae44ce8fb7462727,1
446,obj:21c14f193627393320867e0a828d8b955310e2215c76046fa512f075a7f000b0,3
447,obj:73f5c21e7076394bc707d5f3d0514357e337b6374e45a3d0c57b93587a256668,2
448,obj:d7cddd8eef04e1e788ec3e029c0392808620894f7eb753d1c47d8e955f505ec6,2
449,obj:932d28b14da7dbb7ca0c050383db3726630ec3dd764a20a57ed84e23dee033bb,0
450,obj:b23f6931802da0c848c1ed2e3542474c599fe7432a20544f2ebf2d0b54f197d5,2
451,obj:b9cf551f203b5c16a570fbdff4d46ae9d8d19967994840c7a23061f07ba3775b,4
452,obj:96bb898b7cf904d30d59230b90b69f18a3a6fcba2dd2af4110a6556d988a8138,0
453,obj:71c9b63c7589f928dde668a2f52f42ad98beb1b63f0d9c49807e843634b542b9,0
454,obj:4a9de67480d3c914491bbec3bfc28f2e1c23d6a6c3ae9e21daba255ece363d02,0
455,obj:3cd3eebd16e1e16eb514a8f24c9ad88e5bc2ce5e5c642c0ec0a198c5a51d0fb4,2
456,obj:8b5fa9dbb1ce63753899dee9e3334cdd1cb2c5d08306f9473a0af83685be505e,0
457,obj:15167ce7fe7bbe92c9908db84328cb891afc692a062ae8baf14bfb3d68faffcc,1
458,obj:1c3b2ca06ff71675aa99f3cfe373a6aac9c1f79975a0289ddc129dd8f519c244,0
459,obj:2c5767ec43686f292dff48bdd32a63b9b231689942a8bfc9c544884f36db2dc4,3
460,obj:ab9702bcb813dc31d19e606c0cdb385db41e72801b3432ec155f7bf06a1a6e27,2
461,obj:4a81dc3adaff0e4807d8873ee01d9089c252fe547236d5ef7640e73aee81eed5,3
462,obj:c68e329637b0ebafd95e4acd1c403b5c905706453395cb300fe648dbc7328908,0
463,obj:e5a11da003e401ae3c3a6e11bbb2fa25e494250dafe01ec47f5f1b52b8c7d47d,1
464,obj:d330b22af11d6aa5d2fb26ac72781fea4979e9a53a9a86af82664ded7f47c195,3
465,obj:c2db9ebe450596c39a491a569df4bad294b0db04df48ac35c30a5ca5b29d65e7,3
466,obj:e0018e30fccd292e672f37111b8016b8f3616196c7d17919696f9eb149a742e5,2
467,obj:248c56d3525def26ad293ed01ed3e07166cedb545ec75dce9f54f7c411b28e5b,2
468,obj:66997df3441f67cabbec4011a1a9b93162cd2554746c3dbab50a87d3f196a504,3
469,obj:0ef87208148fea0c92879f08ed22c790b3a6dbf62c002422b1aa6348623676a4,0
470,obj:9b343467c6f16a72385f9ba5b81c71ad618160d0743f64f314e045d13e803dfc,1
471,obj:6b2854602a96089c15f1078f6e4a395f0598a46f1cd00ef68f210abb19b9d0e6,4
472,obj:e37d283a25dae20e0a798fc893927a1d8e9daaf682fc4ac8db2138d3f3825a9e,0
473,obj:efb4aacc08dadd793ea6df411737835f7aaf56b9df6f931bd66a6ecd1cc260a3,4
474,obj:1c7be23be4166a80c669ddac3b5b060eca4819ac373f12b9c7412dfc022639aa,4
475,obj:abf99b43746bafa82f0bc698000dec3c1ce8a24928f24fbe639fed8197e9900b,2
476,obj:90a049ab0b9c1c7b871ac0c18ea4d71b3cb19de76e6c3ad148fc6b290330089f,3
477,obj:78ec173983caf58ba38fe62daa0c9f506290813bf21d0fe745eddd6a00bb1293,0
478,obj:41651bb7280465b1e6ea7bfaf678f9cfb10ba5c6acde20e346951c14440a76d3,0
479,obj:f555241b6794769bb8f550b4c9850e5e2b01ec06699646686b6e49c3e15b2932,0
480,obj:15167ce7fe7bbe92c9908db84328cb891afc692a062ae8baf14bfb3d68faffcc,1
481,obj:cdfc3f951d70734458cbdf989f49f04d5afd9ac7273eb5d98a748a136f27f245,3
482,obj:84cad8e4b72672293dc4b54ed83881b3e93acd49c97fcd866f42f46a1294b8b5,0
483,obj:0eb7709d661e00e005d4c7e909480c3b5bcc09b5610b17f3055117468fef6a99,4
484,obj:f6d53a8d455a9274a7e50ad469e649031eb1ae79e397caece67baff388474d8c,3
485,obj:4d4d680dfe2a9d0d8ab635aef183093c3e6355dd86754c43df5fdab5031d79a3,3
486,obj:ac4adef31f1705260202673423c94529878da043e328bff6cf0df19541261322,0
487,obj:78d78bea317a706ab877c7a6faf8ca7247aa150cac1731f7e4c8112f765ce7ff,2
488,obj:be0ffac716b0c09de9592062f3c22d1bef17343fb156c0edeb507ad693b5c98f,0
489,obj:ee740389d0d796e486f75ab6856686caab3b13a45f5ba5f771e3bd9c17ccf906,1
490,obj:6f42c582dd6e7b27eddd6730b11995ca503093dad0f4987c546821d807630805,4
491,obj:831d86a467a2d48d6403febd1a21c21fd85efe575b25daa88f73467703620828,1
492,obj:377b138cbafa3e9af7517274d14a14ec058af747e5c0e0046f68b793c78658e4,0
493,obj:46d211cf79647a0e1fee960bfe9c0c0d252aa1c629c390ff84673d4145c94839,2
494,obj:c0a4ce65ebfeb2793d949bb7a18e3a3a7b6fe436160f68f750e842b79f3d4539,2
495,obj:6904b78fd5f938e70894d5854afa226df91746fa5c8a52451dac1c71953465a3,3
496,obj:73252531f4d9aa39d10e99c601a5588def271b7f601d8053594fd970ca5473c2,0
497,obj:e43425a101ab6f8bb3df02064f38032e430bf03cf62b6df144911f86876e9535,3
498,obj:e213e28adf8cd5441c8b7a2c8fc058e881953a1a25eba4370ee65f213a28bd0f,3
499,obj:6904b78fd5f938e70894d5854afa226df91746fa5c8a52451dac1c71953465a3,3
500,obj:c7fa721b6777f8fb2af843b1b03e8c01cbfbb0960104ffaceb05d2a609e39d63,1
501,obj:d53f36bceaa51fe9d855d1df74eccb3b03cdc3c20cf6ad9892dfa4e6ea43048a,3
502,obj:05930014e4fae5ddc9dbd11f80e96ace2485686cbaceeb3682cf87e1b92916fb,1
503,obj:217b55c6bbd8fd347b94701dd2eab77489ae0fb7bf29d1de4fd0ba78eaa45b65,2
504,obj:42caf8981cd6b69af203209b66a1294e0f5fb657d7d17e3d6e9a36c2b16a3a3e,4
505,obj:0449093a43546338714fbf0c7067bd88b1f34025b946d5ffff0e94c1855d71d6,0
506,obj:7bf89b3fa50a3e5663fa23ecde1b823a9e43ce54ee70af1a97a4b408217aaf15,2
507,obj:938db8bf793c09d38a21023c92a1ee589927da0344e6413425f37c4e6c3e7afb,2
508,obj:0b8f8110e7677f9e0bb20c91117de56c63b680cfc426fb14ffc0c68d25d952a7,0
509,obj:6901db4632a71720f1ce6919d569ef4062164d7fec114945b46e1d58ecf74c16,0
510,obj:0862b2aa6697cf4c458e48b37df110e0214acc6d280c28e6faaadba4b3ce1543,1
511,obj:fe100100f2f5de50b12f9ee5413558bfdcdd45928ba8cde9654f1a4d3a92f725,2
512,obj:ccf44e16517ec071eb772530ca1790933c43b31c483a481c51f50e6238e1b2a0,0
513,obj:4fa6a3820af707102260ebf9dcc8422981bfbddbbcbce6f00176d524ee163a0b,4
514,obj:30c270354474a112ae0d95bd69c0a04dd6d4ad414da068d4a27ba146e556050e,0
515,obj:d24e2b176d7fc6a451ca1c49117682469fbb78e878318769ee538f1953ac31b7,2
516,obj:38b600a4eab75be7a377c9b4f08ee6c3b96b74fa573676ef53e09b3ac926fa00,4
517,obj:89f1eb67a41444fd41b6e27423729120aa3bca46ca046d44d876327978f0884f,4
518,obj:9fc08c2b1eb4a572176dead0605ec89d4c84b893a4297d33a2e0d2a0c47a1e02,4
519,obj:023d2e3a83cfdc7766c941d25c841ff10fc045ff023bacba673ab187ce7de07a,4
520,obj:5c83acccf968597080b7d1e424bb3953dfc6caf6b244980908beb2d25eb753c1,4
521,obj:f7e412a26d4bf99df7076b17caa9ce1e93eec7b6ba1ee9dd52a807032f807bb5,2
522,obj:efe24bf4e179019b1d2465c8069c6ed41be417a4eba3f242f9cb015c82368b4b,4
523,obj:1c76d80be72fad2f9f8e0b4108da7963157dcd8d67bc9724871d220ee35d4fb3,3
524,obj:8a7d63542131081842b3d74949f9526d3b40c8f6bcc95a325961423701b42c54,1
525,obj:11e5c5370f5d5dfe7436d6d975cdbd186207bed8b41516ee4b1b3940b44a069e,3
526,obj:da459dc6d456cf1ee72b8d569504d6b3e5709ca0e23e75f1d81f34c8bfce488b,1
527,obj:05930014e4fae5ddc9dbd11f80e96ace2485686cbaceeb3682cf87e1b92916fb,1
528,obj:fafb50bcaf635db18b6b53500aecc085f01b2967554b930edc1882a15a1f333f,2
529,obj:acbbd7aec28c19a54b2dfc089a03a3b647d18549357f74207bb977063d64818f,0
530,obj:a0f117a8aaa372021b860a877fe68c319e7ad701fdcb6061bda45dcba4b15c6a,3
531,obj:e0bf84cd5cddb2def23c5f0278ff4c22d6f8adc843beb1c01ed7c0b516a98b27,4
532,obj:81acfa0e314f9104616de9d2c012e1372caec2d4daffd133de34a76f3d184ffc,3
533,obj:acb4eb8a9d7225b58f4b73504db0e618a76edfdc901d4aa7dd1f38b2405c4bbb,1
534,obj:0449093a43546338714fbf0c7067bd88b1f34025b946d5ffff0e94c1855d71d6,0
535,obj:a194713cc896217a1a67a23ac40e0acb92908a4f967344763a3c058864e0fc09,0
536,obj:0a07f1896ade0e2c3ca219526da56c4e090296401aab56f29bcdd16fa9c5c0e3,1
537,obj:fc0495e4b5348f463a9a78ea0957d6d0308e96056741ba79f576738ae0095a60,1
538,obj:34ff11347608e2b4d23546c0e8b0573fdb1909aa415c2ba9ea94e47d964edb39,1
539,obj:a68e4097b305bfe7e57538d873c583bf6cd560ed253aa42482136013c8a0b896,3
540,obj:66d0dab363b89ea40fa0d80c1f702e5894905a642714229dc5de718fc78c37d3,2
541,obj:cf11a869ebba8ea2ea65b5abdcdfcadb54cdbb568cb49fe533368c25665e0f99,0
542,obj:5d2727ebaab86cbc51eece674fc47a1aa712fc9978a1fcdb97a7a40872d26837,4
543,obj:e3dcd2e89f2663987860fe985f8492cb6f044371fdc02a211b60fec7eea44686,2
544,obj:fd799bc33bd95bcb1b4425322b9954e10f94f36ccec88381e4397484ef8d1e48,2
545,obj:9bce01fecd8647c599f6461120311ac450d6380d35eb2db37d4a15d1d8c2f31b,1
546,obj:14a74bc17bff9673d0f8bc3a79838f9f7505bf66fcf49cf9f6aff715ffe25483,4
547,obj:bcb8d7fe22100cdbc0edcc89f0341ac1cb29aaccab16e1556b5f592912b95caa,2
548,obj:45d2e83a728f903db329f7b96b4127877937f3f70861161f9aaf770970ac30cc,1
549,obj:8c8342eadd5f2c8e958d77dd931c394cd1567386c2744bd020caa0c2884e429b,0
550,obj:90fe1b5c501110904bbc22fd4eda23ae77ee089afed0e9fbf518e4036958471e,1
551,obj:b38ea5cafec53e5059556918b575b438d1cc3169cf75c93e912e7a21a172dd2a,4
552,obj:0862b2aa6697cf4c458e48b37df110e0214acc6d280c28e6faaadba4b3ce1543,1
553,obj:c392b61b9d5611dd979fdddf17729d5eb2dfb7353a2f6643e3cf050ca94fcc39,1
554,obj:b70f02e075f7452245b3bb84790aaa7f012f490ea7ce6864fe529673abcfc4bd,0
555,obj:7cd82545b39c0eff91afdfa604793dbcce0245eb5f124a6e5890bd795e5aa1bc,1
556,obj:baf01b6f65fe14a81388d8c580fd58194339de53d6e8a4e4cb5fd7b30af50157,0
557,obj:4709d21fa160f273f9f70b9c1a826005d13aafe6cf0c0bf836d2c73df91bb336,0
558,obj:8fe05c4870fb4abbaec93e49bad02ed89835e7a9271af45bb0be9caa41641cce,1
559,obj:f2b1c96900e59e6a2647f536d037e21e70e0ef7067f3ef492456093e94a373bf,2
560,obj:675e93a188192580eae2601dd218c9cdb208b2189cd87f4db30c05a5dd926388,2
561,obj:919aa22b9e623f3ff86057739a6e10113ee87d9b8bed693300035b0993858810,2
562,obj:c839f10d74aa14727f1f129bb9e822d92c5fe34acc3aef4b501f0ae67704b07c,1
563,obj:f61c4da8454e47d26bfdfdf2dba6e6e35d1a6ac0e6766c13a59a9e065c5f8ccb,2
564,obj:327dbdab56a83001daece5fe35d8f78a4e249d4e7444dec1651d42b0de4ae0f5,1
565,obj:8945ebb1da975968e97a25e15c6245e1d5eb356d740afc1fb4f23cb10989e905,3
566,obj:3d2437c68f7b10023ece83cd89528e439651289b6b0046a79fe11d2c9147cba4,3
567,obj:11e3a10b402afec7fedca4d39194f10c46de41218564551a91a64dc283585cbf,4
568,obj:dae24ad94beb1a6f96132c35a557fe5f977cdb0082eb07eaa8c1dfd02c11fb9f,3
569,obj:327dbdab56a83001daece5fe35d8f78a4e249d4e7444dec1651d42b0de4ae0f5,1
570,obj:e43425a101ab6f8bb3df02064f38032e430bf03cf62b6df144911f86876e9535,3
571,obj:b8dd95fee9449d5b9388eeaf5a2cfdd0e2d166ee5f6625b18717656f89e75ab5,0
572,obj:ca79dcc3736dd080c642f4b77b9c3a39c2499890935390bda7a8b6d4909ca5ae,0
573,obj:0775686fb15a4fac3cc8b4a7865468f2fce5c25b6677d3ba78be06007256c822,3
574,obj:b6bf4305214cf7fd1d810f0dc5c34266573f9814f981308ed4f0f7fd29477e74,1
575,obj:bd1030cab3cdab62734433fe90f2487702473990b62bb671d8d9f4004dc8d144,3
576,obj:ca13c3afa78cb5cdf1c0ec1e68742b29a1cfab2225d0453fd8eb58ffdbc4d967,4
577,obj:29a46786fc421793974ac4ffe3d53b50b1e5482dc820a77f949471d10acddc49,1
578,obj:f1f92388ed6cf7bed8ed530ab93f8fad8ca95ea9292d7991d609f9a32ffab791,4
579,obj:34966413af036402b78353863a52e9afa286b71a0c5fecaa045e2a9ef093ae1b,3
580,obj:c9d04e0f0c8f3c3eab11b155dd0544372035e35f89e556b2934904f336a12da0,4
581,obj:a85b0cdac8b47d07f19543bb1cfa75790139c5604230da60692c70500bff8190,1
582,obj:7853ac2cf74306609ca30491d1143f12fc9351d671a8ff807e52a5eb0b871af3,2
583,obj:738f26860ce083b70b4405b5fa52475ebb3ae1655efb3ed697dcab5501b01441,2
584,obj:361869131c1fb13e75b3eedda7b20f5fd50098c66f38910bd8922bbca96fbbf6,3
585,obj:bff3a4e80be54b3a6d7e14f23c7e6d735f2c89e9adcdf3c12db5bd860f8dcb5c,3
586,obj:1ab4e6b3d9faa3ec2fdbcb2fdf88e34c1897058ad7edfb4fcf2774c707d871bd,2
587,obj:32e64e898ef9c7060ea65ce879f033c257bbb32b40f7b538cf030f3a021aad53,3
588,obj:414c09b66b678cf6b2721689abd8e9eec2138ba26cb370e46b7a78e6bc94bb8c,3
589,obj:0cba53b3b123a5992ad8bee7d4a28f24cf01422ce71d9416bc3f6724020ed767,0
590,obj:0862b2aa6697cf4c458e48b37df110e0214acc6d280c28e6faaadba4b3ce1543,1
591,obj:9f9cfd2f0b532ff9542175d642aeca82cfae34a44a3d44a9aba58c5b846bedc4,0
592,obj:84eafe31584031935d142aff402d789b8f8f4d964a0a8da4934a29c57787ac9f,4
593,obj:a7f6462c8de244005cff2d524c4fe84ff602c9ec089cd666132b351ada5aff8f,3
594,obj:d1943058a918c2b30248798f7e03025fe0ed0c8082cb9023ffff444e9bd5d34f,1
595,obj:13c44daa4ae36abd2e7528b8e4027680513186a41b89fd23b6a4cbc9bd67f0c7,3
596,obj:34ff11347608e2b4d23546c0e8b0573fdb1909aa415c2ba9ea94e47d964edb39,1
597,obj:c2db9ebe450596c39a491a569df4bad294b0db04df48ac35c30a5ca5b29d65e7,3
598,obj:bb66ba7d7233d51b37fb1e2c156330089ab0e2b07169109ec57860223de2088f,1
599,obj:0862b2aa6697cf4c458e48b37df110e0214acc6d280c28e6faaadba4b3ce1543,1
600,obj:baf01b6f65fe14a81388d8c580fd58194339de53d6e8a4e4cb5fd7b30af50157,0
601,obj:4601cef0cdf3b6c79e4eeccb1c5f09c5bf76279305cdc35933585d5208d21bb3,0
602,obj:da7b17c0b3e60410f6858b5b03106f2ae6387c548e62efa2aea6e57412bcee96,4
603,obj:1a8d77fe8ab8ff03900e1a375c229f8f91e837b3f69414154084503aaaa2b13c,3
604,obj:1b9de2e62f64d087e0a73d71b354d7b1771b8a5c5479fff7f93b08df70e83a78,3
605,obj:649e214a31bd9978c26686ba57c5d3efddd838376cc562c3b0367576fbdccd3f,0
606,obj:14a74bc17bff9673d0f8bc3a79838f9f7505bf66fcf49cf9f6aff715ffe25483,4
607,obj:6e91f3f7521907b4439548e1638846d3203b23886bff8471aee9e928d1ea013d,4
608,obj:ef65b69015893a62e7c7366854a12b7ef90f9a612881967198075c484215f117,1
609,obj:d14ed4f0f172dc6eb8cdec46affe8095e89ebf4b9667b88793c99669fbc0eba1,0
610,obj:420e109672555879830af21a221260d2b27a856d868c252d5d6e13b49b5e2e67,2
611,obj:5d26e0feeb028b1efe20a916e1c77cd1502498b835c47fcb13113e06d96fdc75,1
612,obj:de1121917431fb3e0c56d552d4a42ca4dc1ab3afd1519595381b17528b9a2224,3
613,obj:71c9b63c7589f928dde668a2f52f42ad98beb1b63f0d9c49807e843634b542b9,0
614,obj:22b71aaf7febd3ecf1d26705b2a651de070cce606513fbd9b11941f763d18e33,1
615,obj:e4aca3afd585a7b7697310afdb2d981db7241c0f2abb5a4a09c1fd8752fad618,3
616,obj:438f916c60ad9955c660d135281ae4e37f7be80d9d3b4a8699edd64fc9bd92a0,1
617,obj:04c79c7c415b86e5017fefcc9ab075b146c0365a06490125db71fec0b696c6e1,0
618,obj:f9c248bf7a94868649a55a81f2d6d96eccbbf63bd0b54fdafc40c6c82c2bdd59,3
619,obj:46ef9be24d42cba6bb035e4521135f987d7a13f84a4baaaeac468ddc43636e39,2
620,obj:1ea5e9c25b9faab09464b4a30d505ae345716c07819cba6964bf245e75ab3aae,3
621,obj:9e9d78d577e93a1a5f8b3c826c49cc82c4590e13ebd2fad10bfa3d0d1ba5591f,4
622,obj:3cd3eebd16e1e16eb514a8f24c9ad88e5bc2ce5e5c642c0ec0a198c5a51d0fb4,2
623,obj:19f87f575b03b87e167bec82a874af703966379a5867c660ae0d49a2b7631cda,1
624,obj:0dde9032a9fc564b304e233dcd377f272afbc8c3e3b58a8cd7e791e6bd080d61,0
625,obj:d0ea0ca36f1fc6c9356b8d043c5d74310a800f9a01b470cbbaf2ab35f442d91d,3
626,obj:5ada209b67efbb3df290b61b75caa3e61f0255a506ba9cba07e1e7ab824ebfc7,4
627,obj:2d4c1f92491e274815d580240b9e6fff224bdecd90fd9f78380c971329598727,1
628,obj:80840df882761f01e67c8a55dbe827fa93efa8ff4a6d624990be65d8ee18d3c8,0
629,obj:123b1bea47b2808e333e3bf29a39355bf37f8ec520334ff568c6f0e66ef7fa04,3
630,obj:401f7e47057169477f66404b369bbbbee745f733b7e9b84cb9f3f2287b119a7c,3
631,obj:a10c88a27a34bb28886f29412e09eb6e501c528fb367edcd90893f9c9b5382be,4
632,obj:78e2c9bed3d865cbd2b518a4ba2bed7e4d41275ba4143a8e83652af839eb399f,2
633,obj:f97d82d1bb59edba1e5ea1d2bd8df5629cd5a8bcdfc44dbd785fc25ef04621c0,4
634,obj:a2d5bb1c231e1947a79ae93d2aa4f36df54ff1af6a969495731437447ff2dbfc,2
635,obj:d397c066ed8c4e05a91d50373803843c31ee3bd98c9c87043e3c24fc7f9abae0,3
636,obj:a3addf1d87e8dac3c560fc7a36e3f10caf0e71d8bb2727aca27a2a2f8adcf7df,0
637,obj:ffefd2ccb9cc21031f5be073ef5c60659d7eebdcc2162b559f6a5d8b0812f361,0
638,obj:d93e60b43594aecd2c6fae8c0497793de01ce27894b6ad91ca21f2de70df8ac6,1
639,obj:a65a1d90eace11aa8d23ff0c2e06ae902e6e608c25692a6b631afbb4ee37200b,0
640,obj:757c5b09b7e12755f48a31d18c7cd52a9bd8aea4549054c39a1c13cf63038c52,1
641,obj:d7f7393db54864f13ceef96fb9585c1e57b4c3ab161fa1099cf5b6138d2cf542,2
642,obj:486a80b9e84f5a1337b6d2588f42efb7f92dcda86ae92ac868381b9a4c1407ce,1
643,obj:c0ed34bb09ad286cdea595a3e74c34b9e2a786053000b2efb99022565f37e384,0
644,obj:a3aa93dd38d9ad6d3f03375babb34e75ddcdebabe1e86e1421f084f719cf6325,3
645,obj:a75552ee8beb89a5ab19e800b121e1dc17a1097dfbe907fd8418cd6075b8e950,4
646,obj:bcca171af3cb391ea18a5812ffd09548ab8ccd99cf6e4ff7e3b87fc87213e488,0
647,obj:0bf46e759345204aa33f445ab226fe131d0948b293b49190011bfca8e44322bd,4
648,obj:2804ab58969e327e6cafaaf016bf3b58c57b3d00db8ad990a5ba6acee558bd80,4
649,obj:51b17fdaefa959d6818fe44aba4c852596603fba8321c4678bc60aa19eaff07e,4
650,obj:7af798ed2beb2c27d18760f1112044691321995ebe42704db0e399af7e4f2117,2
651,obj:0862b2aa6697cf4c458e48b37df110e0214acc6d280c28e6faaadba4b3ce1543,1
652,obj:b16da91d4551cb98a3a3c55a55d77bc4bcf531106cecdc29c63b02bc3103029e,2
653,obj:a7ace28854007744a5d61be03b69a86b34fc825997916c7be31eda6dd22f2883,0
654,obj:7cd82545b39c0eff91afdfa604793dbcce0245eb5f124a6e5890bd795e5aa1bc,1
655,obj:81f117b513000e5f206917816fe0e1e39da2410b192c4641418386d4b13bc675,0
656,obj:0a0f621db12bb985814d0288143484900a224da6c1e4d5b61fc0e672df292e7e,1
657,obj:0c44d0543347f99e1b6b94da0b72672d72cdbb19fc0661a02e642ac13fd56b18,1
658,obj:facd5a9b566d4f05286630d0dec805c32cd28373ceb121fa537169541c54652c,4
659,obj:11d3af9f1f79b2538ebf2376b584f08f956eec04560cc7178da43de105906ff7,4
660,obj:ba06ba3e17656b9563368a1e9ab4b83c3905802728ee88cdef2d5678bb906612,0
661,obj:53620214ccac5c93a81378c0cad2a9d10b8fb000b30ef1136cff49a619b43fc4,1
662,obj:d06be30876d567302d141483ad0a0c669d736af9b70c6fbc891aeeeffa675b47,1
663,obj:119568904906632859e5aca85087a5f8d5a0fa4b369a3a16bfb59526dce430a9,3
664,obj:4e7376609b64e009ca3daafc092362c63b87fafedbfd4e8db9e728801c030ccf,3
665,obj:620473609929e22fd30fe70167c3f9b2a18f330e693de1f689dc6338608f7a8d,4
666,obj:9fc08c2b1eb4a572176dead0605ec89d4c84b893a4297d33a2e0d2a0c47a1e02,4
667,obj:f573491394c26568eaab343c3ac83723e28c13f3273394939683173dc1b3173f,0
668,obj:931f8e193d34101632f7e8a18136c7dc696d5946ff2faac69a28c0483e62a59e,4
669,obj:101169ccb61b6c210573999fff6b833027f801424592626f00eedbbf57d99cd5,3
670,obj:34626ad89de84d603f3b298c3e684e4a51ae56eadf8b167964e2d4497f2e56e6,2
671,obj:9c64eab90ac473ba5f0904f036b9a18dc60504deef208f0e70eef5a146c175f8,4
672,obj:9e5aab8fa7597f21a7c9213eb3f812dc5c2e4954d95747073e5f1dec6a88088d,2
673,obj:b6bf4305214cf7fd1d810f0dc5c34266573f9814f981308ed4f0f7fd29477e74,1
674,obj:4fcd520778ceaedb9fb2ca77c8c4bc657c72d3b6477cec9d6f8e8d88b3868812,0
675,obj:40aedd7d91ed710dd5787f01ff3b9290529cc5fe0ca50aaf4bbadf22b91793f5,0
676,obj:6439c3172219dbca2885e9b69d93b6d176a7e189063dedf6fcefc557cb1fa4b1,4
677,obj:f2f82b97557981f3a713fcc2853600763a7761c15f3d8bd371297ffa9ccdeae5,2
678,obj:0862b2aa6697cf4c458e48b37df110e0214acc6d280c28e6faaadba4b3ce1543,1
679,obj:b3fc9dd7b711fd088bed58f3813c7082136c8aaec460e168c91da8448a1c5697,2
680,obj:5c1ce3688fd18cc1ea8443a1ad7eda4094d87a90836ce2224221a9bdeacdf4e5,4
681,obj:29eece8688757872f4e16f89fa29c7ada0d21e23ffa0aca5c9059196fe854c99,0
682,obj:327dbdab56a83001daece5fe35d8f78a4e249d4e7444dec1651d42b0de4ae0f5,1
683,obj:e4aca3afd585a7b7697310afdb2d981db7241c0f2abb5a4a09c1fd8752fad618,3
684,obj:59f324510ede1aaf6e9dbdf8b5897b62b8cfc37cb8a8085dcf617364d362a403,1
685,obj:ed6e8eb2a43e0863582d260cd508ed36835f51fe839906226a9077a6fa609342,4
686,obj:6abdd082022ddfac32de0c1be0076f03e86f23c1efb2b64bb36972983b355082,2
687,obj:b9f4a7f98b06383754072a85e1408d123307fe9d2e525d4f200383ce054fccfb,4
688,obj:67124acbd9400365a07cbe256fb8180d92d7e2f2befb5181cc54a4e58383717b,4
689,obj:78f4d3d5ba420eae1743f3585f5c4e26ac968bee8cebd7b5599fe549823ef85c,0
690,obj:6de7fed4e4b5228166ea5f614bdb534ce04cb22acfd8fae2535ea9363c64f628,1
691,obj:c6731ef5011b38c3a1669472c9b6d44bba3136c6a452abce5a955b4268505922,4
692,obj:b9f4a7f98b06383754072a85e1408d123307fe9d2e525d4f200383ce054fccfb,4
693,obj:a673cd3c2040c459c67b2eb7c1bebe827daf72511c8516099b47974cb1c2540d,2
694,obj:4b2207295f3634c146902e02d8da48feb066ba1dbb7e29589b6f4a9ab5d2989e,2
695,obj:0d651a17643487ae330685a59aeac64b5a5cdfe9732fa11e34ff6b8f06f7c7e7,3
696,obj:97e9f58c26f6d7eaa48515316c9fe1f40b3dc5106f99630bdc7740097711a247,4
697,obj:f021f5121969bd681e94957043829f39df20bc6122eec7357b4e767afdcace76,1
698,obj:7ce64d732314f06e6c04420d62a0df727a3dded81bd9bb69e923c0de77696e01,0
699,obj:ae1a690a025418e8d036dc41caf31bbd2d7379024ce79f98201e93f4f6f375e1,2
700,obj:111ae4bfa9f482e9e0152da43b80c6cadd1f77d507b03df226efab98de7b1129,3
701,obj:7683911c93f8c84de501e22b6e3b8ca21362e04367f96cf50558864381a5efa7,1
702,obj:afdc8d9949897a8fff3ff422d3b6e39e9631f3349b50f4bce44d7ccf7721cf9f,1
703,obj:7f3ce5fe798a2e3b9f355b63875511da2a870611913289d8022f563bcc2a5e5c,2
704,obj:8945ebb1da975968e97a25e15c6245e1d5eb356d740afc1fb4f23cb10989e905,3
705,obj:ab6c74296fc95bce147c19cea95cdff3e29c53d3446f93d25a998250fb0db594,2
706,obj:c652a0babdd0016bbe294af36a212a585ae16aa1974ba569152a7121649db0ff,3
707,obj:13d033cb39f0de1d72e96a29fff6f6c87326d2ec31f912b1af8ea2a6d99a92f2,0
708,obj:a4f056085e80e5c5618a1c97c42f63103045840ab6d63e6d3658b588fb8ab5db,3
709,obj:109b72b3cc4daba95d7d79d91e8b28fc0f22ecbbf48f49f54bcdc18cdd657f0e,1
710,obj:b5db88d0c2207918583a88da03486e2a983295712a0d3fac0725e0fb9a02577b,1
711,obj:4fa6a3820af707102260ebf9dcc8422981bfbddbbcbce6f00176d524ee163a0b,4
712,obj:d09b58869c1a1463dc3e8d707775b539694cd10cc7c312c7b79aa58ea96e3969,1
713,obj:5c32936fdbe3188edd3311196bf423844575991c458ffaddc773d2eff591ae10,3
714,obj:9d5230570fe8ad91a9ab092396a21dc4853274e2eef11e3700740f331ad569d7,0
715,obj:a7f6462c8de244005cff2d524c4fe84ff602c9ec089cd666132b351ada5aff8f,3
716,obj:df38f56ff9481f59bb2d97b7e8266d8f555066a1cee765f824b3e9595c2a06c8,3
717,obj:e2fd4c9a79b6b8769f0249600d7562ae427523c4b184afe662113ebd2ded4ffe,1
718,obj:fd76c8344472d034f2259d4ddb66a98d20245a65aff40b348791e0d6f177bbc5,1
719,obj:ef65b69015893a62e7c7366854a12b7ef90f9a612881967198075c484215f117,1
720,obj:1c7be23be4166a80c669ddac3b5b060eca4819ac373f12b9c7412dfc022639aa,4
721,obj:6fe8810f732265a067c10baaa27d41c6dce0dc1dea843bd793a68237bf5bb026,2
722,obj:0862b2aa6697cf4c458e48b37df110e0214acc6d280c28e6faaadba4b3ce1543,1
723,obj:13e203fd7ea53bae5771bf9cb581dbe9dcd86cdf2330e915c6a5648adea66e9a,0
724,obj:c07ac102281d417c4e068e3ca6e8604f89f108c1f26873a1130e6e5ac93e4f24,1
725,obj:a8ba2fdeafd7fe00d16c0eca4d4e202c5e64a327977f9c6328f44afdcebe4a0a,0
726,obj:0862b2aa6697cf4c458e48b37df110e0214acc6d280c28e6faaadba4b3ce1543,1
727,obj:cf22cbdc72ea5b802df5e585620049772ee48e0551e23c10e4b2d05c0213a329,1
728,obj:8ca0ed00e3c3826d1a45c6b9b2a7a0d7944da6decbe2082ee8e2c138f247c5b7,1
729,obj:5422900a81d2ad12da79211b8ce8c4ab280296579dc090532e1a05d71e4c260b,3
730,obj:7c2396d1b1f2dbb5a962060c6dbef250193b56851d886db8e9264034b786219b,0
731,obj:4994774694a9ef7a4e6c651c692f7339893a3e22fea05ee3aa2ca185d3ed62dd,4
732,obj:92ee814483b316ea5f588e2228239595cff6198a9b99455e248455c77125d1f3,4
733,obj:fbb7f3961270c91e7cc7d12c0bfab5cd8772cd97212453ce2042070fee96697f,1
734,obj:4a1369d671ec58d34559951b43abf128fa44b3f3d249452ef484b7b211129444,1
735,obj:d6a7db905403b0620bf5c6343015b5de7df9af636f6c76188712ef30b8c9f62f,4
736,obj:5c83acccf968597080b7d1e424bb3953dfc6caf6b244980908beb2d25eb753c1,4
737,obj:08980e33ee04807b95d6e6e8ed442651bd3b9a5cf597ce4a4fa29bf51587ce48,4
738,obj:d2d72b62e78d05d5bf5c95fcf88105c7c695bfea0e462cd064ec41ce9a817161,0
739,obj:e73ab9e1b59547a7d30dace66d521f0a81a80237990d243310df7106ce32e575,1
740,obj:21610ea2ece68a37588d50b6e3b67cff3134e5ceea3fa61c2068f80db62b4b70,0
741,obj:46aaa4b2b789a4119b09341f48856a33dcab9480091c5c28d4860d43dba30e1f,1
742,obj:f16f01a32da8a4f400a4a0ebd52c2d505872b7bec7c3d6170868c3df8f7bdad3,3
743,obj:96395defe3fb350b3024ee186c86f4317ef30ba8f4d8b12eecdcf28bb5092edd,4
744,obj:415dd2c9c106a5dbf2337a2dc8ffeec6929eba63885fac2bf927a7bf8aaa3247,4
745,obj:bbabe616e3525cc281f3303a88cfcf0e94db77af9f8f5fb80215f2be7c028fd3,2
746,obj:d89ffde8c86a22935f3f8bac06498f6a551bd613e14d4e9415f908bc04e33a7c,1
747,obj:e197dff204c6933d9cf8c845938d0dd31b88f2b4b759feb76e88e8f16ef7433b,2
748,obj:5d65e0be9d3ebff8c004a86839beb904039d0ac2d4eefa56aeed6ecd6ae28925,0
749,obj:e9878c4308d43a4bcab4c0b595df3d51b5b7e300600abbd46d0ec2a67a6e0406,1
750,obj:71c9b63c7589f928dde668a2f52f42ad98beb1b63f0d9c49807e843634b542b9,0
751,obj:212d212a814f9ff6b0b01c8f40ae83bb29996f3d9f74d27f4ed7bd958351678a,2
752,obj:76f43c1f42600772e28b41ca6313930a8e550bab5ecc5c9206dff7a44632250b,1
753,obj:ee65c8249240781e2a5fc37eb3962d5f3c0fb7849544dacd5d30208d0e2d802a,0
754,obj:b164db9af5bb849face6c5b28fcedc644cdd717068a1c68ae85268f305f26981,2
755,obj:eadcde34ac4bda032dce6ec4d70c46eb49a677e92b619fadfb324115c394a070,2
756,obj:5624ee89a579ef3ec486ac6abb38bd09c815c7c1be495fa203420ff0ed16024b,2
757,obj:917723c8b3ee216ea2a26179183f2cbaab99665b7acce15d90cec8985a3046a2,3
758,obj:9793536cdc0950fdaa2dc6a0925441c961120a6022dce27fd0db35480e276b69,2
759,obj:1d90d617f213287363ecc5e6a62b81f943b8f80bff0f4730a74e4a0644ed9da6,2
760,obj:afaa4eae73464603c13bba59fdfdabfb0b694478edc282c7b676ac56c5b3d946,2
761,obj:2d97e5fbd5db8c3e0f808592e5c86ccfe53838e3d020873e22631292e13258fc,1
762,obj:2c71372390adbdfb0b197af8595c03c7852d1af5064c5b03fd1c5fa3c86be625,1
763,obj:c1a2c6a3801c26e42eda75691a74421660628ceeaa5ee9e161846fab94a263e4,1
764,obj:f74f2b6f0c388e28da791bfbd73434e571e6baa2cc839c8206d3d389496faed8,0
765,obj:c07ac102281d417c4e068e3ca6e8604f89f108c1f26873a1130e6e5ac93e4f24,1
766,obj:745258be7066c75fd1eab3e17a38acea6f728e532772cacd4b9b079217393fa2,4
767,obj:17c264167b47eb44607ae9eee12f5d325d5c74ce37d0eb2ec73716c98019cb81,4
768,obj:d247c432bee023deddc8ea674c0da244be427997e786e5bf32125ff70e8a37cf,2
769,obj:c8ef8d8b421c78b5baaf5b3fb8bdc32e2251b88e852b47fb92949c4806b2cf67,4
770,obj:fefe0f159a29573badb96cafacbe29fc0c85e73209adbeccbbdfcef4df3bf443,1
771,obj:bee540a0fc7b57a53a67e3891c580f4577f0a60008cb1b1ea1d1cbcc81ac8b41,1
772,obj:bdc4e859742a25b7a47fc65ae75659104dbce19f68d62360da104fac67c1c117,1
773,obj:2dd3b9d06b72759e84a10a2c88fce23b07226ee7a5cf34377d39c1565dbef223,0
774,obj:9e70939ccd8860db6f9f1bb78dfe087557a2f7acebe648357b621e1e7d15bbff,1
775,obj:a20436d46f41087773e9e58d3f79d6beceb0d7009119c842290c2a988acf7d26,1
776,obj:906cd71964cf98d18613afd0abfbac42c5ae0d1cad7ec407b3981cf20f2af1a5,2
777,obj:3922eb4fe458b8c1b26f9a73402394701a16478311254ee33a5038712e011a83,0
778,obj:9146a3f2c95eecf3c289bf6e5c361656ae76db343bc256c0d38f001b2f8c09f1,3
779,obj:92a534b49ae251ca92ca98de1a9733b688af8bbdfc0e8b72bb16892335e25fc9,3
780,obj:9ab073f4c5a6aa8429c0ab8844b88244dd9713f6a12b416565afcc4548318194,0
781,obj:da1ab166954061ebfc0c564f831227aa3d9fdfa76af5f8ac72ce570342126d07,4
782,obj:18d240799191100a42760c1c3df7f8dbbfc317d732340e9e2ab185cfd8bd62d6,0
783,obj:4284572f11fd10e3d7181482c69ea0bbe9201755190669b92c834791c09a896a,4
784,obj:5bb440313f8d2c7c33e4df56b0e4bcb94f044c29a999e88e8e2025e5371203fc,1
785,obj:437c73e7b331836ad0f7eba72158d93301ed4602181659450e80d6ffa4a2bbff,3
786,obj:278d0a6fe4aec0dfcbddbea591bac120c44fb96cf111697be6765f68dddc2405,1
787,obj:fbd4530fbaf86f014ed153c99eb316a02fdf26cf754abf4028471d540e7834ed,0
788,obj:7b584d6453428aaabca6ccb9fa23d8e9c4ce910be9ba49219c7063af4dbde77f,4
789,obj:210924635daa39f22c758060b052a2251907df778cbdfce29341ecf8ec78a5f5,4
790,obj:993f4fda75173f2517360184041d46977d2449282db5c866206337f08b34c2e1,3
791,obj:f7e412a26d4bf99df7076b17caa9ce1e93eec7b6ba1ee9dd52a807032f807bb5,2
792,obj:81a6eae0715751b3d6b27563e5e3c0ed31779a270eb77dc21c6c6d04a9c5c8fc,3
793,obj:d1bacd23e7b833812e16d9af13dc5d861b63c81bcf5cf601e7991ec8a1aec79a,3
794,obj:6116fe341dea140fd380d3e969d45271e41c5a67e2dac78849a2144932f6e57f,2
795,obj:1ecd829539ed8736d65487719a9493d596588d4a3e34ed6f7fce45190489a5b8,2
796,obj:0862b2aa6697cf4c458e48b37df110e0214acc6d280c28e6faaadba4b3ce1543,1
797,obj:8e1b798c605bc971f7b2b1cdf9b86cfbafdb7da1a23ab409b606abe6ec4c10b8,3
798,obj:5d945e6d692d34476f1391ae6f22c7b00940e1dafd956b22356283dc02d48931,3
799,obj:4994774694a9ef7a4e6c651c692f7339893a3e22fea05ee3aa2ca185d3ed62dd,4
800,obj:e6c26dc16dd3d74126c80f749e81f67880fec5ba2493feb1d8e5764519de0888,4
801,obj:b38ea5cafec53e5059556918b575b438d1cc3169cf75c93e912e7a21a172dd2a,4
802,obj:4f25dc37596f282d4e43d1e2ce9414be31c236e31e66c78deaf59b35817f2eb5,2
803,obj:f58d08c930f5a71d2905cabd950af27530c0ac66081a61a7d0c7daad79d41bcb,1
804,obj:8a7d63542131081842b3d74949f9526d3b40c8f6bcc95a325961423701b42c54,1
805,obj:0e7dcb6e8b3d1ee5b082acf17c9e7dcc2ac260fdf7e4e9c6f15d228106fe8171,2
806,obj:3adb5aa26e4cfc9bf349e487ecb56d9e3017f1543e8d92904d600b2fa0870233,0
807,obj:c7fa721b6777f8fb2af843b1b03e8c01cbfbb0960104ffaceb05d2a609e39d63,1
808,obj:a6c88faa6c285ac22c7ee6d5cb818ccbd568cc62b83df86250ff790d829791e5,0
809,obj:e43425a101ab6f8bb3df02064f38032e430bf03cf62b6df144911f86876e9535,3
810,obj:e0bf84cd5cddb2def23c5f0278ff4c22d6f8adc843beb1c01ed7c0b516a98b27,4
811,obj:371854d91fb4c55ebcdc0fee48fc40fcf8855af36c0978f79af884cd4bd00d1d,2
812,obj:53407ddba157a154e237b0d2678c624e455102666d40266f64df8a1937a5c56b,2
813,obj:0449093a43546338714fbf0c7067bd88b1f34025b946d5ffff0e94c1855d71d6,0
814,obj:6f42c582dd6e7b27eddd6730b11995ca503093dad0f4987c546821d807630805,4
815,obj:1ddcdd37a2c1d60ec70c8cebaef394a2f9c9b5413b1891b8124594164b806fe0,0
816,obj:d34d51a6cddec244e565ba152f0036ceb61126c68c0c9d351b1d5b3086832575,1
817,obj:ec74b5aac6c7402f61f2fa9bce84c7b37722a3c8b5f053bbd55be0703ae1e6d3,4
818,obj:52fe84662dd9f5b054f3802ba28f5032542b59d2bcdb8f27ce13d63cd29d69c1,0
819,obj:8852ec03068c153b8a1947a8dcfcfd9cee658def127d908568d34b09cce58742,3
820,obj:5d2727ebaab86cbc51eece674fc47a1aa712fc9978a1fcdb97a7a40872d26837,4
821,obj:bdc4e859742a25b7a47fc65ae75659104dbce19f68d62360da104fac67c1c117,1
822,obj:986c15d3c092484cb8b7016933d7571784e1af1dc7c93475fe71168918ff1213,3
823,obj:d6a7db905403b0620bf5c6343015b5de7df9af636f6c76188712ef30b8c9f62f,4
824,obj:824882a6a11127b5f8ca50b76b652cf7e17c8e54fd5e077b73f7cfc245707feb,4
825,obj:e604d2883543b3629942bf201eee2e7c6ee0c818095d6d7de75162518ce3d4ab,4
826,obj:1945c93d5ea00d4d3a9b3f0d13a40db3e57e2b096afbeec43288db438310df0b,4
827,obj:b133262787135060ede6093bce82af4ec8866d3f8e2bc4703e76ae0043220957,1
828,obj:7d53f4c0de2605886aaa06f30814a7f173ce8bd35e449e3cafd2663072bef061,3
829,obj:b853dd44bd562abafa5965c6d082e4e4ce135ffe60395967b3bbf6f3d85517a8,1
830,obj:22d8ba0a6a97957ca65d5313991e8e26a26dba57050018dd708e8584f3098d71,4
831,obj:5e1433b57182614974b3fc173013d2f04a9a0c2d33d0ad0446c7e7e8bc5bd494,0
832,obj:f41f8f694efffe7106adb9002b3ef5920f971d34416c529566656d6bbc75a579,4
833,obj:24f2b59f6e49312bf9c0adec74b79be93c28c5baac5d04f93057c1c865fd4918,1
834,obj:04767657163c72233d9e8a54af41009c392ad3c83d5411f90a50656341d9e6b8,4
835,obj:b758c3431d52e1fc17ffcb0b11652e8aab628ad633cca7e575af045152a23af4,2
836,obj:e3855f68a09a865885a3cb43c93b007cc0f3ea5562e87dc843b4cb5bd059c602,0
837,obj:f1b1908845cc03664043025cfcb65a8a1a30fd5c05ede3ce3c062d1531f38e52,0
838,obj:530e396da03e41a256715f0fa8e3482bb3599f42950cb324abda58e54810e49c,3
839,obj:0ddb5d8cc2148abda5134b21774bb9266e363d12d35639225e0fd40f388a192c,0
840,obj:4a81dc3adaff0e4807d8873ee01d9089c252fe547236d5ef7640e73aee81eed5,3
841,obj:76827cd47c75645b69ce3391ab5482a36ecd4b90971a67f488f17e5ad8bafdbb,0
842,obj:10a6493e82bae7c4e263c1dab478e991c3d7f615ff663ee8be350ea717f77fb3,1
843,obj:f41f8f694efffe7106adb9002b3ef5920f971d34416c529566656d6bbc75a579,4
844,obj:f74f2b6f0c388e28da791bfbd73434e571e6baa2cc839c8206d3d389496faed8,0
845,obj:a6c88faa6c285ac22c7ee6d5cb818ccbd568cc62b83df86250ff790d829791e5,0
846,obj:d7c2d75733396dfe0517c19b6252840449477a1f6bc8019c04aca8d814297d4f,2
847,obj:bcc81d5f54e514794ff9a7100311a53382fab3511aacc965525df71b52cac9d7,3
848,obj:59666c083b7a44b970211a33ddc9df094aac65edaaa10e19516def60956825e5,3
849,obj:467ed4dc5d7cffc486e70d85145bdd0a7decdcbaf527f8cf038b90e0d8a5ea62,4
850,obj:4eac556b6718cbf83566d177c23b46c12c5e51ad4ec56012a21f3a5d5b5d7bd0,3
851,obj:cc5b3506ff57a19610826aacb3b7a65aa43dd01595a776eca9427714f3deb1c3,1
852,obj:cc595aa26fdd8ea7bb9e2aaa41e642676e7bdece953980d5536a7cb924c69650,0
853,obj:7af798ed2beb2c27d18760f1112044691321995ebe42704db0e399af7e4f2117,2
854,obj:7439aebbf397d94af9f52193317c691f241949e754223fd9f8c27d784e19ad27,1
855,obj:0862b2aa6697cf4c458e48b37df110e0214acc6d280c28e6faaadba4b3ce1543,1
856,obj:1a7d58ce0e447c9ea40a909dcc8408c84c2e793aa4d75b835dc9fbc259f0b514,4
857,obj:836ca241f02800127c76cb3c2e4866b081afca5b6ad670249a57f7f6136130be,1
858,obj:15419b8943f8926db86a9bf497d2cb32df6b17daeb1e013bb50b066482649dc4,4
859,obj:2dd3b9d06b72759e84a10a2c88fce23b07226ee7a5cf34377d39c1565dbef223,0
860,obj:0eac4ce618b52b9d7484ea0f7767b4f5348ebd02f0ff667e3dec7e54d06b45a4,3
861,obj:788609da04af2aefc046604ef076496d385b6f52b519c82b8c09204840c1f0a3,1
862,obj:327dbdab56a83001daece5fe35d8f78a4e249d4e7444dec1651d42b0de4ae0f5,1
863,obj:5c83acccf968597080b7d1e424bb3953dfc6caf6b244980908beb2d25eb753c1,4
864,obj:c1d5368d08c9f76ed7addf8473a549547a226a717cd0c369b2130451a05a4f8e,0
865,obj:a09e4f0ba3bf37912e8a270018f5d1cd3ed43d3dcc3af2718a9300a27f5ea3fc,1
866,obj:21c8fb59004f16342a1eab38358bc307ab66bbc6d777cb2b5653225049fe0900,0
867,obj:29eece8688757872f4e16f89fa29c7ada0d21e23ffa0aca5c9059196fe854c99,0
868,obj:d0d1911ff5d86d30d7e09d258c71acf4f0715e8ddc121368839627460a5d8920,0
869,obj:f89ea74afb79b8d1083c2e94885e296bba2717181de057f90e7239a214f6417c,0
870,obj:abf99b43746bafa82f0bc698000dec3c1ce8a24928f24fbe639fed8197e9900b,2
871,obj:2cf14aae6f8a94051cc5b786093162a0af4024d21bb76c725f41259e442eb91a,3
872,obj:41651bb7280465b1e6ea7bfaf678f9cfb10ba5c6acde20e346951c14440a76d3,0
873,obj:28b3a717f4d5c1c5d3f1cd537dd65d2cac774526528a2ee4c37681e59301e4a6,4
874,obj:87fafa426c23d9e4f3ef1fe19e39417907fbb9bcd225ef341cd373ef4e9646e2,4
875,obj:b5197f2b03c360615e321932b3574987356913bc01c561dd08fb7513c1aeccd8,0
876,obj:5c83acccf968597080b7d1e424bb3953dfc6caf6b244980908beb2d25eb753c1,4
877,obj:d86cc805023ddaa456364d3edf7d9799f5af4d4cf40c5a7be40949edab99e051,0
878,obj:9cc1680c356a37df009f66609cbc5224f1207c7f05bd52473f43c108f9e16650,1
879,obj:07d7209f01ba084c33c11b193d1f732c589804c8846c34fa2e7882dc9505a126,3
880,obj:a7da16617bbe25866dd433ffc0f0f9b188a0dbe03f46970c881abf0cb0ca2235,2
881,obj:cd7f9e0227dc4ed8c06471be23bc8824f524b0cd99e895de45e1656671be168d,1
882,obj:c55608048b70caa66993842cb0629968de95c14d3c8c6dfbd115c8fa81ce2873,2
883,obj:5c83acccf968597080b7d1e424bb3953dfc6caf6b244980908beb2d25eb753c1,4
884,obj:7d136cf659f81d3dcfed9b6dd466f83de85ae8812fb2fa5fd59767c52268c8c1,1
885,obj:ca2ff4ac0c5ea2d56103097c3e0f64a6d165b44976a3c38a4ce5f50d144572b3,4
886,obj:30a02a6c3e5295ced79ee43ee5007d23dd0b3b61b7436afe00997228c5500bdb,4
887,obj:399c2544dcb022cb597a036eff7cb8ba459ab8d27d6e92ae26505676b56e6802,3
888,obj:f3454e5cb182bf89fbaa0d6ccebf58d597b3b4c2a21e401bfae7b5e861e63b00,2
889,obj:4b983be24a4d651ea90ba7b373ed5acd80d0fb5e613d78cf98c80656b8676cd8,1
890,obj:ca01007187b8e8c2a62e1ede01b379e285fe674abf2459e6b8a56226b27f4ef0,1
891,obj:b46a067623ca6e0392076ea741c73d3925ce0e9be16a6b2b3c089bbf5d26dad1,0
892,obj:7ce64d732314f06e6c04420d62a0df727a3dded81bd9bb69e923c0de77696e01,0
893,obj:5a10efef28b0d83ad42a88a39c33bc1a9da220d8f3fc9a2412160754c6b6cfb0,0
894,obj:2d52a86ae9ffa207e2e7a62bacbc8fd6864e9933c2137e3c06a417443558f3c7,0
895,obj:56fa22a5695ff56ee9de032e13adaaa127b2689771c83d8c9ed6aa0d202643e8,2
896,obj:bfacc11b5a35021037b2ffe3b183eac906712b0d14638bb8e9de88690c9e05e2,3
897,obj:9bce01fecd8647c599f6461120311ac450d6380d35eb2db37d4a15d1d8c2f31b,1
898,obj:16c1af2ad57c229f53db7c3f212d02893654a32e0871569bf4f4aa89c35715d3,1
899,obj:198b0b0af207e6035260b108b6666272fabb627af2912f24fe24bb7942a58e2a,2
900,obj:678068bc111df93e9cfb5b8775ce1e57e216ef87123563c6c95f464dae63045a,4
901,obj:f6dfc7ad0a24a1574ccbd2262b70e278ce1e558575f6c0a7b21e434b0fcaae29,2
902,obj:24b00c1b9bbeb76482c456b502499f63d3648e3555f75c1ee7e4b9e70e27083a,0
903,obj:b3f11b1b8cb8b81731118f3dce3095415e0f2ef1a2b62c59bf47e757f58a1a53,1
904,obj:34626ad89de84d603f3b298c3e684e4a51ae56eadf8b167964e2d4497f2e56e6,2
905,obj:71c9b63c7589f928dde668a2f52f42ad98beb1b63f0d9c49807e843634b542b9,0
906,obj:0862b2aa6697cf4c458e48b37df110e0214acc6d280c28e6faaadba4b3ce1543,1
907,obj:2b6b2a4482abce7bec5b9b8c3fe5a16b880a9876fa3beb4dc17c8d4029ef3e4b,1
908,obj:79397538155dfca0b813e0fbea4c4459bf58e4e86d3aaf4b8934028f07b4a7b1,0
909,obj:4709d21fa160f273f9f70b9c1a826005d13aafe6cf0c0bf836d2c73df91bb336,0
910,obj:71c9b63c7589f928dde668a2f52f42ad98beb1b63f0d9c49807e843634b542b9,0
911,obj:b58e91e7f09dde324b1b612f0a79154e2a1e320bf93e768fe89c482c5b19d855,3
912,obj:792dbd7793c7588351e85b04a8d75dfc6600b1aed2d468d65b2d046110f2a751,3
913,obj:0449093a43546338714fbf0c7067bd88b1f34025b946d5ffff0e94c1855d71d6,0
914,obj:bdc4e859742a25b7a47fc65ae75659104dbce19f68d62360da104fac67c1c117,1
915,obj:592adf9e24f5f4f80e64e238385eed597522a75e71e321cc0e87c1c6e983b653,3
916,obj:bdc4e859742a25b7a47fc65ae75659104dbce19f68d62360da104fac67c1c117,1
917,obj:0847c7a74bd74f137e698d09b7735c58729fee57502587a5165c4ca98e2c45cf,3
918,obj:8016ac585ff0683bb7f9bc978eb538774ed2533816c4a1bd9bb2d9b87908bd66,2
919,obj:8016ac585ff0683bb7f9bc978eb538774ed2533816c4a1bd9bb2d9b87908bd66,2
920,obj:9db9a0e1933d976c8a0d09acc9e8091d7574e14bb2c2442e82547480ddc2ad79,1
921,obj:bb3d6bcc2719b289cdc81d5090e4be6d3688a524b8a37c46c65f35755cbf2c4d,4
922,obj:9b343467c6f16a72385f9ba5b81c71ad618160d0743f64f314e045d13e803dfc,1
923,obj:6ccd66e4981beb1bcffbee77d7210a399af021b56b7dd79058fed1a7cc171b8d,4
924,obj:b7cf8333273d4dcf747cbc077efc7a239540e9716c2dd7142020d9e9749d3f24,4
925,obj:cbc63221f137748a3b8fee24f07ab1319043c296f71a574ff4dc47b72e0adcca,2
926,obj:2d305cf10fbb2031ebdcc22cc816a918c53a47df7a70eb307ecd6c9529c16648,4
927,obj:73f5c21e7076394bc707d5f3d0514357e337b6374e45a3d0c57b93587a256668,2
928,obj:53e06b154ed44d64d234aac889acd4a1a50757c53fc3355a55cb135fcdefadf3,4
929,obj:6f42c582dd6e7b27eddd6730b11995ca503093dad0f4987c546821d807630805,4
930,obj:e59fa8c212c674386b1a2429f8e14d900b0c3cec5e1c390e2543dade40243b2b,0
931,obj:8d5f99d49f414fa888cb622533d76f6abaf7e65a6c64b2eddfff15b75c513609,1
932,obj:6f42c582dd6e7b27eddd6730b11995ca503093dad0f4987c546821d807630805,4
933,obj:75553b0ea7bc544d21f4395f339154abb35fda3446b2ccebabdf76044722028c,0
934,obj:2c0f34b8bf9d8e437546226233253b64334ab8fd0463a73b74d18d9874532949,2
935,obj:b8ca472285173bc56a98a07bb98678f4d990530f474ebd5912c66c742573431d,0
936,obj:53620214ccac5c93a81378c0cad2a9d10b8fb000b30ef1136cff49a619b43fc4,1
937,obj:4d9a2409355d41611cf4881bf884e438c0ef5c1317fd586ab77484465f79dc7c,2
938,obj:f41f8f694efffe7106adb9002b3ef5920f971d34416c529566656d6bbc75a579,4
939,obj:6394db0aae693d1bc0e915573cd57a9a3de5765174a087b27af0a6ec311f4f06,4
940,obj:c04761b95284a61fdb85dedafd136d0f4de40d448e2a0c10170e0c31a3c55ce1,0
941,obj:14232e3ed027da037b75167f43dab2daa945aab669b6c361ea3f1302de2eba4b,0
942,obj:d6a7db905403b0620bf5c6343015b5de7df9af636f6c76188712ef30b8c9f62f,4
943,obj:7eba657527e94d807144617378bfe026f23b79c9fec0f5ca12c0c45f5caaf3c0,3
944,obj:c6e8a237805df9150d2834842ffb10d0c8081eaee514b560e6d891d317a38817,1
945,obj:4db9d51f0948290d2a6066014883e320e0fc6631df8a2ccf4014b71543107c53,3
946,obj:246f678a4aa623400fa4b690effc7409d63adda5c2ab4491298edb2b0e62baf9,1
947,obj:30e8570a16db98f0163bb3de4c6640f11b82cf1713c16988f36eb6c014571e4f,2
948,obj:d6d194c654fa662e500f150919ac9e46c4c1561c2e274207cac5418dcedbe4e7,0
949,obj:f80c71f03abf69d066e09ed68e9b2a6e9d1999333f3e640b3176193089a11afd,3
950,obj:1b45c5b68b3f5cf152fcf24404f9f19c1968dc7887286720daff04c65f55bfb3,3
951,obj:6ad40eed9f6ba480aa72a99ecde93d0724ee84b048aa801c9c3dac88d69a81cf,4
952,obj:34c7f48391498258c43d8e1d5039c78a38e45a63f892e3c98b19d66f21c06808,1
953,obj:f3a9550bc22e4e6dcde73dda744cd809cbd662146b00da6b0a7ae078411a6920,4
954,obj:172539fbb7004da54596e78409a945b3308aebc0757dac3b0299fe6465f5f9a6,2
955,obj:79397538155dfca0b813e0fbea4c4459bf58e4e86d3aaf4b8934028f07b4a7b1,0
956,obj:5b9909c8c6e7002f547ed1281ba24e4aa344042a40c33fca6cc68491e7d7c270,0
957,obj:897b89bd032f08fb2d7820960818822cbf4055baeea4cf09d03af74aaff0f5e1,3
958,obj:e3855f68a09a865885a3cb43c93b007cc0f3ea5562e87dc843b4cb5bd059c602,0
959,obj:2d5027171f3d4d378096ba6801ff483557ab88ff8e2fc46470e1731f2a54341f,2
960,obj:0862b2aa6697cf4c458e48b37df110e0214acc6d280c28e6faaadba4b3ce1543,1
961,obj:09e4cd52f879ab70c369144259f38771363d85ba87781b268396f443508de687,4
962,obj:d89ffde8c86a22935f3f8bac06498f6a551bd613e14d4e9415f908bc04e33a7c,1
963,obj:b4ef421510f509fe8c06e0880d13d1f4ee0c69c6396c3a155eadeca0fbf2662b,3
964,obj:bee540a0fc7b57a53a67e3891c580f4577f0a60008cb1b1ea1d1cbcc81ac8b41,1
965,obj:0a0c603733cee4deb763331133fb899ece6b6c9b501afeae0aa401242bc145b4,0
966,obj:e172e6dc44c22c9adb78cd379beb3c0d7c635e6c920ce75666c0d183610e0930,4
967,obj:3217e734b00add8106e39bb09c1086a5ea6d406ce167d627de08de64ca709c9f,3
968,obj:eebca32582d0264da3acb437c0bf456fd7722ee9fd34edeee7451372fafdb97d,4
969,obj:339300a2324fc3f3f5448aa5189cedb26dc26ca38fab082c42d21c331eef9863,4
970,obj:56519433cb52b581f307b19cebb18b183298fe23dc42aa1f31527c45351f84ca,3
971,obj:1227d65afde2fa9269ed096943a9f2e04de98c5161215fa6ee422a83d7752889,1
972,obj:2862909beb52de3867e0206699ed5b48b18c6e841aa5207cc3e711b640e6c326,3
973,obj:c66cc4a0752aef21fa9a92ce413d6480d524c94b7b0f3fd5b846f508cc70b18f,0
974,obj:1132f873d3c78723a89d9bf4b0b7a70bb542437a0667f6387db51299388598e7,1
975,obj:f812fe648aa3df425dbbd4214d8def340a87e282cd008ae61ca9ec4011d2aaf1,4
976,obj:d56ce6398fbc467651c7c2f7c742d0d03a32787b056bfb8e8962daae6bc0e65c,4
977,obj:d6a7db905403b0620bf5c6343015b5de7df9af636f6c76188712ef30b8c9f62f,4
978,obj:c6731ef5011b38c3a1669472c9b6d44bba3136c6a452abce5a955b4268505922,4
979,obj:ac741486f0e7c87575ab4c2cced85be60f605f7a8ec11265c305d7b9a5959bfc,0
980,obj:d2e9b4f350624f1b27b212c9c9c7cac029fd660b6755d196dedaa32d7db765f8,1
981,obj:f378a014e208facf746208d4a4f9a39e6ed802658bc741310e771d612ed89b09,2
982,obj:11eefba1040ff3555dd3b70e69eab32ed312bcab3c875b5819377c8ac7ee68ec,1
983,obj:8d34ef5e7e3d2437dfe43474f85479e00fd87faa0317b7a9e0f738f2359e73ef,0
984,obj:54d422fa6330492754ec1ef84b87eadecb5235735d003b873802497599ce3d2e,0
985,obj:64d68c4ce039f71783057d0fbc96b6634d4380c39639534ec84fd1446e3a7606,3
986,obj:bb3d6bcc2719b289cdc81d5090e4be6d3688a524b8a37c46c65f35755cbf2c4d,4
987,obj:5d65e0be9d3ebff8c004a86839beb904039d0ac2d4eefa56aeed6ecd6ae28925,0
988,obj:2235fc68a2ce1f17e5fa81ab1784cf01a8041bb5380d4785b919f43320205e15,3
989,obj:764ece5cd1149cbd500c8e1cd3c5bc6b48892789771944cee2e011171ef19f90,3
990,obj:49b6f3c6d1f2161b0a1147c15dbf9f6557ded10f7755db26087325a5aab1eb2b,2
991,obj:e0bf84cd5cddb2def23c5f0278ff4c22d6f8adc843beb1c01ed7c0b516a98b27,4
992,obj:7853ac2cf74306609ca30491d1143f12fc9351d671a8ff807e52a5eb0b871af3,2
993,obj:6f42c582dd6e7b27eddd6730b11995ca503093dad0f4987c546821d807630805,4
994,obj:40aedd7d91ed710dd5787f01ff3b9290529cc5fe0ca50aaf4bbadf22b91793f5,0
995,obj:6d66e7a062bcf087210b4961619d1478e6cd09f76be55121458b089655edfac2,2
996,obj:06dbaa433679b632327c9537913420b3106e53438b35175f3534805be99a2841,4
997,obj:4bc48c4cfcd7e2f9fbcd72f7522c69ceb66f9ad9d02f49138ce5ada8799290c0,0
998,obj:04c79c7c415b86e5017fefcc9ab075b146c0365a06490125db71fec0b696c6e1,0
999,obj:ba7e20da80cb127366aad458c854a1058847cc8a69ce5bbf41cec709049dc300,1
1000,obj:7af798ed2beb2c27d18760f1112044691321995ebe42704db0e399af7e4f2117,2
1001,obj:88d059f95f1125807957818482e3973a7b8f74e1cdccd9f240999f1eb534564a,4
1002,obj:36ffbdd8ddcc148f10275ce962c5935b0f8c2126390b29a614d5ccedb2c10044,2
1003,obj:2aab8b153d57ad84f202f380de1be59a520fd74cf0d680f074c93d79d4331c1e,2
1004,obj:4fa6a3820af707102260ebf9dcc8422981bfbddbbcbce6f00176d524ee163a0b,4
1005,obj:9934aac5a2b53546368c54d70e0a1e7ebaf0ef38c76976e5b0a834a4bccaf862,2
1006,obj:b083322abc3935d06e319fe2fd04602deb3db61db70507b9249143fdd48b2703,2
1007,obj:52316373ff4e767f1fc2c74db7236b18969dfc6a2fa21e1997de73ff33fbe539,3
1008,obj:979b79fad9bba49556da2d384d5048e1105dfca35c0a5121cd75ac2446556a59,4
1009,obj:a728441094ac4d59f402ca14449feda34866c5495ebc32d5f3b97dbc6e4917c2,4
1010,obj:4994774694a9ef7a4e6c651c692f7339893a3e22fea05ee3aa2ca185d3ed62dd,4
1011,obj:acbbd7aec28c19a54b2dfc089a03a3b647d18549357f74207bb977063d64818f,0
1012,obj:eaad3ec91ca03dd80c5a89b853231666bbe3343d0fcd6340f35c45c04d3e81dc,0
1013,obj:906cd71964cf98d18613afd0abfbac42c5ae0d1cad7ec407b3981cf20f2af1a5,2
1014,obj:2da3879d38a7f955c93cbe8eff817bde8fc805d05e2233d42ec4127391eed7bf,4
1015,obj:84eafe31584031935d142aff402d789b8f8f4d964a0a8da4934a29c57787ac9f,4
1016,obj:e6e69e367c51d5f3bceb7c141589f1b7ed129ca488bf7eb0acb5fa34547d87e3,0
1017,obj:dafd36d195916b0594da70d1566cfc5eb10f9ff12378d135fdca7b641d0a7b6a,0
1018,obj:c2b1206cf2add59b95b1e6dc6c272ce72e35549f01d307f8d231f599b0a690ec,0
1019,obj:e4135b89890268d126d44365d8e168761cae312e47721d13663bd8073c588f6e,0
1020,obj:6baf44c4c85dd2165fe737981ee3de2ad47f149d6dc49176ff035338ab7f8541,3
1021,obj:cd0555c5b43fd565fb08848157ef0caf5324555643f053f88d017bb5151ea928,4
1022,obj:0bf46e759345204aa33f445ab226fe131d0948b293b49190011bfca8e44322bd,4
1023,obj:5f9a4f80c8a7dcb36e08d30f833d4ee822b616f134a3a55a43c5a3894f883de4,3
1024,obj:87cec47a23227211fc8a245c6e95be643c5efbfcddbcae34062bebd9f7a64930,4
1025,obj:c2db9ebe450596c39a491a569df4bad294b0db04df48ac35c30a5ca5b29d65e7,3
1026,obj:fd618d39804507547e44de0fb477ad862143102d7ea3aafcd50bf85cd1a7e9ee,0
1027,obj:a3ac430f69e5e3b491e85802c2e8b548395f8ff8dbb939f89950e0938ef3c870,4
1028,obj:eb294a5938732824954913a01aa10864dae1eb7aa1dba16afb9458220a1ced35,4
1029,obj:30af31977c5e0b363d697668898e0868ae703b615e3129d3084637bd7a3c4129,4
1030,obj:bef76cad5361a3359ac9050bdf7c5cee53854424331f662b4b574fa404fa0515,4
1031,obj:67d7d83d63586525ba4ef6f3642604b9a14d2bda6c765c50250fd788e6cb147c,0
1032,obj:68863cec42029127bb6faf5a7e8c6e666afeff5fd80a025171f16fd2ac103491,2
1033,obj:1c76d80be72fad2f9f8e0b4108da7963157dcd8d67bc9724871d220ee35d4fb3,3
1034,obj:40e4645ca3d2f0c21aed985204b405bafac187671c4b7713a359254fe1c5b151,1
1035,obj:c45acda98179c3da2162994bf7f0655f72f6d653cbfbcd45308ace7502d5a073,2
1036,obj:b1eb6fb6a4dd91446ae8affea6be652353878558b54c757e68879dfd1cb02ca8,0
1037,obj:4d9c312a30fdfbbc230cfa0e02fd0063745ebaaa959aac7c91fff76f535a10fd,1
1038,obj:2da5610b222f2b5fbfc6168fa773fe4818386d387f99b953a47289f43872b72d,2
1039,obj:a969f25f6d988956ee9e96386517c09b74096e622069c9bb6f526ebc2a1cb03b,4
1040,obj:051325ef9cf80dffffa782b8537faa64753f0cf354795bb02fee234a2be59574,3
1041,obj:1b45c5b68b3f5cf152fcf24404f9f19c1968dc7887286720daff04c65f55bfb3,3
1042,obj:2aca95e037b397a580d5593c9fa8f8e63b83c7254b3a54129d09672ea81ed12a,0
1043,obj:9c37794376c4065da8b222454f3284f8d42c513c16b660f15cc12fc09b8ee307,3
1044,obj:3dbb2414a05ac277ca2a3ade1b3ba27770a3ac011b9dfb8c13ae8386e76e2dbf,0
1045,obj:97f0f6ab1cc802c5729dad681328513cacb64bd81421985ac574e7adf93681eb,2
1046,obj:40046c0fb0871dcaaa780a28e8a1dd3bbe3287a893ba1123cd21940f8058697f,2
1047,obj:434cebee7bfcc7c7010bd1f051ebd9ca8893684069eebd4b4e9e70a5474af902,2
1048,obj:0e51fc9a43efcbc88cd6f9d365e925a9488ed18ac55237b2a8a0a2cf75bcc021,1
1049,obj:d6b1df21bfbb1dc536f7ee8e2b764c8f383674a6da16b7b552a83792210e0cb1,1
1050,obj:4d9a2409355d41611cf4881bf884e438c0ef5c1317fd586ab77484465f79dc7c,2
1051,obj:c55608048b70caa66993842cb0629968de95c14d3c8c6dfbd115c8fa81ce2873,2
1052,obj:0fd3a082fe6021c2a2cbdb1f1cf73d221a87897ebd88a6374c84babb7c417062,2
1053,obj:9c9c2ac38c70afb45f8705b3ea0ec910bad3b95f99ddf95297b97a22cd9c3695,3
1054,obj:1d90d617f213287363ecc5e6a62b81f943b8f80bff0f4730a74e4a0644ed9da6,2
1055,obj:ef0af7b4622a0bb3732c3e08e98cc4265ae23aeab968694f949b470af460f278,2
1056,obj:22deb2e69767b8623d1d78cc509b7eaf886a1bc20431a32e394b38ef512e9ca9,4
1057,obj:6306ede477197fb9e973e3c263493fe916d6c1a142ff350f2fa57aec8a7eb0c3,1
1058,obj:ad27081bef5e1e42a83a7e99c5bce533e62fb0e9d1ab9d9b7e4a50de74a87c44,1
1059,obj:5a517e5570bc9201007feffa295b6d92437fae963b4d32b07cf82de6edcd1f2d,1
1060,obj:6d66e7a062bcf087210b4961619d1478e6cd09f76be55121458b089655edfac2,2
1061,obj:ff4bc86c4e9bcb2e6cea7e06d65394c86016d1d209aa0eeae3d9cfc63fcfae05,1
1062,obj:c6b41619c33574ab55784ffa7b811e969035b65a148486fce1be6ae7a6bba1a4,2
1063,obj:2b6b2a4482abce7bec5b9b8c3fe5a16b880a9876fa3beb4dc17c8d4029ef3e4b,1
1064,obj:951b39dc931054291c8992dfc5416dcc5d508535a647c4f2a3cf6fddf87653f4,4
1065,obj:0862b2aa6697cf4c458e48b37df110e0214acc6d280c28e6faaadba4b3ce1543,1
1066,obj:0b3b8ba9d5e8b42417ce7a8b7e94dd219663a4f2dc3dbc411139184db623ff26,0
1067,obj:2892352d9f42dfc674cbd6527d57dce3d7d7ab3db1e14a2e52eee2d38156d1c9,4
1068,obj:db32c5e7a0131480487213adb8afead624c8c6a2a57736a4ac65556da0ac7112,4
1069,obj:91b87ca334087c79c6d4e87b003f67751d20dea3ee777fcb7afba5bb906619fd,0
1070,obj:34412624ee154ab87e337844cd36ee98e681770e2cfccf77f4ade43e883e370a,0
1071,obj:03b41a008681e85447786e3795219a141a7daf35147f05f3daf297c2e45798db,3
1072,obj:2804ab58969e327e6cafaaf016bf3b58c57b3d00db8ad990a5ba6acee558bd80,4
1073,obj:07c0c5d75933e2de148e2f5fb58400e174c29dc318fa6c4c663bbcddb08b8d9a,3
1074,obj:914ebf42919b26081e43547fbdc801cefb7a9a4f0e2bb4acaea74d36e8955ff5,2
1075,obj:db78afd11ed8f10a6f405b2f664fc97ffecb1123ed7371fdb17eeda37b1cae92,3
1076,obj:558c517069e6b1447edc0a86845067f002962b9c9c0828ca69f7b839f53c40ca,2
1077,obj:327dbdab56a83001daece5fe35d8f78a4e249d4e7444dec1651d42b0de4ae0f5,1
1078,obj:dcd34fa0f00a30f880ec5584cb05fcf265d0d57abda5a737b0f2b27116f2cac9,2
1079,obj:56bf287a2d154b7ce49345757eff726fa1d72f8344c2114094bbf27369f0611b,0
1080,obj:dc56aa77c2b56490cbfd2d0843e52a789c5141d245b7a54cec218bf44114824d,1
1081,obj:ea4304309d7234af32d453363e4b3202bcc851eed86846660d29e194e2f3caa9,1
1082,obj:4d17bedf1cc9bb07c1b864ae1698c6f6933a318c116551342b78c6fefebef2f6,1
1083,obj:3b4082db23430a62b0d67ace4142b9df53081d95e825dedaa62c0a20b2c70a82,2
1084,obj:e72bbd53c80fac5b6f2a2bfaecaaa35387df21497983ef21c1acf7aa3195d7d3,1
1085,obj:7cd82545b39c0eff91afdfa604793dbcce0245eb5f124a6e5890bd795e5aa1bc,1
1086,obj:08980e33ee04807b95d6e6e8ed442651bd3b9a5cf597ce4a4fa29bf51587ce48,4
1087,obj:4e1480d78646f85bc1c83ac2433511e6077aef71aa4cd546bc0bb3ec9710f239,3
1088,obj:8ed241e9e66f276f258064907cabeda0ba53afdb0234d6f7ecfc6b7640f12986,0
1089,obj:61274dbb923be17be784c0fb505290db638513ef178f368b192c81cebba182c8,0
1090,obj:0074038198cc552e628079641275559385242991f73b8a31f761adef057e854b,0
1091,obj:c11e696f0d6213a35662fae1703493130fdc3a3afec9add1e2d649f014e977c9,1
1092,obj:217b55c6bbd8fd347b94701dd2eab77489ae0fb7bf29d1de4fd0ba78eaa45b65,2
1093,obj:bc4aaf087de1013077c44610edb6ac83e248e475d74e2c7001004116d59ba6fc,1
1094,obj:0a0f621db12bb985814d0288143484900a224da6c1e4d5b61fc0e672df292e7e,1
1095,obj:e0a847a1ade3de853d2b5a19f0dd0dbd283e599d3289f9a7864de51a346373fa,4
1096,obj:94ac2c08cdbc74b0657f4a1ceb5d513dd81e5b7baf46fbeef2789f2daddd983a,4
1097,obj:b73d3abb0a6f311509a4742a617a9052ee8811175512da9c1d0cf186f9c63f5d,1
1098,obj:8144321a0644179eca248c47c9886f6c55123111d5724bf348e685a9f0168d66,4
1099,obj:7b03a79f9546a0082d144d289a263681251dba9b5d821b5e0ad68565e6579e5d,1
1100,obj:fc3905928cb5de99b57f4e58d48626b6ba3b27830d2e51682ac9df4e5dac54da,3
1101,obj:ede20c120f7576da4f1994c98bcdfb216adc01c2ff027877a037d7125216b028,2
1102,obj:04c79c7c415b86e5017fefcc9ab075b146c0365a06490125db71fec0b696c6e1,0
1103,obj:e7d57fdb3af7e9e6f33db28b32e842ca8d30e98418d92d9de15a18f5eec18c94,4
1104,obj:e17078e0665fd6ffb511db2b73fbc54bc6e590a83398c3f868aa29cafd9d461a,0
1105,obj:9770c3b2a987f74981758f0dc972f3e9c99aab820cb510500e0b583c321eaaa2,1
1106,obj:9e43b7a5dcee6987fdae8af6ff48e9ac2286a1ad31fa593551de24450e991bc7,0
1107,obj:60cd1e1f9c2f4b34b08e651dfc0f5dcd98bfb93d31a3309781a62db9b0d8ed75,3
1108,obj:e9878c4308d43a4bcab4c0b595df3d51b5b7e300600abbd46d0ec2a67a6e0406,1
1109,obj:34bfa7eb5edd7982c03f3b90ac014126ca24971850ad61af20e3bf7fc0b1c359,0
1110,obj:939481877614de3a8c1c4bb97158e85cbc92abe28bbaa1b2d470cac5337b9b58,1
1111,obj:8d165211cc410d7327666f1d664875f67e08bd0d218604ba23706eb249678831,2
1112,obj:6fe8810f732265a067c10baaa27d41c6dce0dc1dea843bd793a68237bf5bb026,2
1113,obj:60a3695d8bef509dff647607f7504a8ec3ecbefd3b56d43e93ab45412b5d2d63,4
1114,obj:8b38a9e11dce993a447866a8be887aebc82272f4daf3b8f76c2ef4ea549c9706,1
1115,obj:f58d08c930f5a71d2905cabd950af27530c0ac66081a61a7d0c7daad79d41bcb,1
1116,obj:0aa0d63e56acbb89295ee9f33ee9b14ad63077b8b6dd1cb46a57f79cb5d57d3f,1
1117,obj:a2753640e6369d1a347dba803671410d6a6eebbde0df4fef3e58dfebdcce6cf3,4
1118,obj:93eeb2d65d2c6ca1836e98cd929c7613aa6125c38119be9d08bb8d9488e31238,0
1119,obj:bee540a0fc7b57a53a67e3891c580f4577f0a60008cb1b1ea1d1cbcc81ac8b41,1
1120,obj:72eb3ea0c1dbd994549423ef68df0657c8e666b4cfc4364e9d866a99e83712f4,0
1121,obj:5d7953b9b248c3c7335373d662efee41e8c275fbf23fd12c11ca9e53ca5a99cc,3
1122,obj:c44966ded26b7f71422cd9d14f69527e661c3618073bf7d41a0c46844ea6f603,1
1123,obj:c850aab75bb523bc5130c2a31eb9dd7e5409790307a0b06fb8bd464bf993a18e,0
1124,obj:de1121917431fb3e0c56d552d4a42ca4dc1ab3afd1519595381b17528b9a2224,3
1125,obj:66b469e709aa18a6417de573cc98459b45457981e1aeae52b8bb6e333a4223a6,1
1126,obj:efceae9b05e2aa64e96d9257053df36bbaaf41903ccabc62ae6bd3cd36d654ab,3
1127,obj:904880119466c00dd180d47d204d0afbf0745b79d3e07ef92b19d2ec8ced5e06,4
1128,obj:e9878c4308d43a4bcab4c0b595df3d51b5b7e300600abbd46d0ec2a67a6e0406,1
1129,obj:31bfdfc339bb24ff85612f6692497aec074e74012bdbe2d6a3e88ae00128da25,4
1130,obj:0449093a43546338714fbf0c7067bd88b1f34025b946d5ffff0e94c1855d71d6,0
1131,obj:a5de64d03db913eaedf5bb6e56a3f134a2485e2ee089ca53da6e160c69558915,4
1132,obj:466e3fc198c92e1164a446bd42c513a6ff99e17506484fa027611ac9de5462fb,3
1133,obj:274879dc3eaf9cb4c47d551db64089d647fb94675c50d4baf9eb22d25d48634a,1
1134,obj:2cda2e2122bc5a1f802ffca3d4a63c54af462c0a2b8b6a37f9eb7232132c0ecd,1
1135,obj:ed9eedc605e111bd670b9b3ac8cf6548900b33489ce3845d8758ac0b6c8cfaf1,4
1136,obj:6f42c582dd6e7b27eddd6730b11995ca503093dad0f4987c546821d807630805,4
1137,obj:b18ea19cfaf9b4c34ce11b442d0f3bc871a491a059ad0d55ff506d6348b4d1f0,3
1138,obj:de388d5145056dea7e36ec414d8d116cfe59542c48693df13905370f4debfc41,2
1139,obj:f89ea74afb79b8d1083c2e94885e296bba2717181de057f90e7239a214f6417c,0
1140,obj:8deabe35535331247a97e79ea6a6443151237943b04e43fe184520e7cac541f4,2
1141,obj:3922eb4fe458b8c1b26f9a73402394701a16478311254ee33a5038712e011a83,0
1142,obj:1b45c5b68b3f5cf152fcf24404f9f19c1968dc7887286720daff04c65f55bfb3,3
1143,obj:26ea3a092b495c2a96b98bf4fd3cdf9c36fa500286f5f64853e2cd72f29ec3a3,4
1144,obj:5c83acccf968597080b7d1e424bb3953dfc6caf6b244980908beb2d25eb753c1,4
1145,obj:af98cc7f4a7c3bb46c4fe46ec0b567e1a4c31f12aac585ac6539315d19730446,4
1146,obj:b200035e80b35d5c01d8fc7c80a5a42ab8c44d651523fd336106ae0a8404c2ad,3
1147,obj:21214f6a5d7efbd5de64ec685a4b7d6869a6c584f9dc44dcdcea9d7369c28a08,1
1148,obj:d1780138623c69459f1b7c4cf9a89121ef0e0cc568538b900a5cddf0f8663d1b,2
1149,obj:d6d194c654fa662e500f150919ac9e46c4c1561c2e274207cac5418dcedbe4e7,0
1150,obj:8730bbcf6f0846880eb3504876c897b95a8baf04c02d6fd110da9116e81c7274,4
1151,obj:4a032302bec108a6c2bd496a159cffe8cc621cb2bb8e32ac905125030d93a683,0
1152,obj:6fe8810f732265a067c10baaa27d41c6dce0dc1dea843bd793a68237bf5bb026,2
1153,obj:f9df4526037b524c9c955da008556aeb84cb8ba08fb8bf40c356220c96ca3d5d,3
1154,obj:c850aab75bb523bc5130c2a31eb9dd7e5409790307a0b06fb8bd464bf993a18e,0
1155,obj:558c517069e6b1447edc0a86845067f002962b9c9c0828ca69f7b839f53c40ca,2
1156,obj:1827d29928df88bc071dd8bd58f422f658d6e5a742586447c30adcaf8d53c649,0
1157,obj:124ea4021e7ae2a40ddee33afe61faa2f89bd43d37a4528c6c3dc774b8a40ad9,2
1158,obj:aff3a5ee15c334964de04308b255f5c72642013be92bb6164990770bfa9acb8a,3
1159,obj:8faa1c7a0afa4231deb3af4c7595d33342f87c5290e3cbb9906e9e5a1f4144fa,2
1160,obj:e92c4e20c0257964c0c842a1f802c5e92b7b6da3c8f963a7a1d136f9ed313fea,3
1161,obj:8a7d63542131081842b3d74949f9526d3b40c8f6bcc95a325961423701b42c54,1
1162,obj:b6bf4305214cf7fd1d810f0dc5c34266573f9814f981308ed4f0f7fd29477e74,1
1163,obj:8b57a48546c14b9e216f9aa13de7973c18f1dfe8dacc2c4d767b9bdf10a7acf6,2
1164,obj:5ee8d48ed8bab9dfc8ba614afa0380f1c3133b66d43ef4f2f1413b341e5f318d,4
1165,obj:3cea463fd17e5d3e90e0c2417494c7521bfea7cec08adab34f82d8fbd26bf3e2,2
1166,obj:e912b8d00177a673ac473b2521d8dcd93e81a34327ef8055900a038adfcc9fc9,1
1167,obj:e185f3cb87dd6f96ecd6dcb725a2ef73b0afeac90bea1f6f6108eb004dcb9be4,4
1168,obj:3446f6088c82cd5aa81c9ec99cb833322543d107e334f25af2ae9b42eb59eaee,4
1169,obj:faec03a1bf046a8bba127afe3a9d6f7ce00405e8b68345dca79e09745302ec40,0
1170,obj:a4c9b025fa75623221ae0b0738c0080663fe19272996caff4fb569b70b0401d0,4
1171,obj:c244100e452c440af87080e74fe18ee5e4e9572851a5b0e2ace76c9dc34ac2d1,2
1172,obj:bc272bf76a294baf4bcc3e0bc97b41c9be3712c0754386b43370f5f2685e2c01,0
1173,obj:faa35de5c1db083f685cb51af21544d6b0223b1441f7f56161ee800f69342d62,2
1174,obj:1bd2027fe4f561a024a73efd715be0176a883148a072bd621c8cdc6f75b0c8c3,3
1175,obj:d8686bd8bc44506dbededa44c908a83292684622930a27714d9452568df8b0ea,0
1176,obj:3918b4c529760abf2397313f5e974ff75663318da704987f981ab03f435586ed,4
1177,obj:ae58d3702420ffb56c36d9af3bc6a69e878df4dc6b536fc936a54fe18beeac77,4
1178,obj:2555e4e4aa1f2f5ea33327eff2ff3ba6d5e0b04fc41cf6f648b1b53cf71c05b2,3
1179,obj:7a1f76479b84bb9ca8f0ff162ea3cc79b56605fd688a03a9b7862a7dd93b3053,3
1180,obj:ea5f9795d8b94fe8cbbda26ffb4ef619e17c611e185e9cce49a193d38398a614,2
1181,obj:85d604ad10644cd8cdcd7021eac00ba6565a94f35e8f16ffe7eeaee13fdd89af,3
1182,obj:88dbb84f410cf7fc1ada121bc13d1c53dc2959f0b89c07169787a10a47065c81,2
1183,obj:e37dbf9eaa622fb68a55edd32d1216240ab6566b4c5d039c09531e088e048c36,1
1184,obj:c99d47d8cc548fe370f33614857727b4a94707de8eb5ededdc31528ca1e430bc,2
1185,obj:db32c5e7a0131480487213adb8afead624c8c6a2a57736a4ac65556da0ac7112,4
1186,obj:4fa6a3820af707102260ebf9dcc8422981bfbddbbcbce6f00176d524ee163a0b,4
1187,obj:675e93a188192580eae2601dd218c9cdb208b2189cd87f4db30c05a5dd926388,2
1188,obj:f3fc798d0846bda314688e6ae1badef2b7fe52694d9e30994f02d20a51ba1e43,2
1189,obj:29eece8688757872f4e16f89fa29c7ada0d21e23ffa0aca5c9059196fe854c99,0
1190,obj:1d90d617f213287363ecc5e6a62b81f943b8f80bff0f4730a74e4a0644ed9da6,2
1191,obj:eac23f3fa00b27e2e5e948fa8fd80b63f92c8982ef7ed91f97404ea1e715efe0,1
1192,obj:5b0bb16af4d5c7b08f136b12a7ae655ff09250eabc76b102c103aae67e855f7f,1
1193,obj:17c264167b47eb44607ae9eee12f5d325d5c74ce37d0eb2ec73716c98019cb81,4
1194,obj:abef6a929c18cce27a0e3d231489e6a61e47ec2c2ae2b899df4c90af3aff1068,1
1195,obj:04c79c7c415b86e5017fefcc9ab075b146c0365a06490125db71fec0b696c6e1,0
1196,obj:e5774f23268f48a1f7b9bbcbaec16ff93138ad234e7b9c044ffd26e7e7479c35,2
1197,obj:f1e58c4560059976cfec789d7c9a8a45c419ebfdaba55c4f7b9c28ed40838c31,1
1198,obj:608f17f4d6c856731f065b62a08f0cfe074b0984fac6be9586d49081c3b60ecc,3
1199,obj:590297843ee2d5b578df852cc6be0730cdd910a51a83a5bf2b66b81431f53f84,2
1200,obj:43e3df387efbd1975f029a2164acfc508260e8b1ef887a15ccaadbfcc5bfc003,1
1201,obj:f0d140c4f944604c7859ac5cf3b1f832e879d6a62fd26a4125138830029b3727,2
1202,obj:52fe84662dd9f5b054f3802ba28f5032542b59d2bcdb8f27ce13d63cd29d69c1,0
1203,obj:119568904906632859e5aca85087a5f8d5a0fa4b369a3a16bfb59526dce430a9,3
1204,obj:b7b93e6a4207bcf4df643e1d9b49f11408a7f2bc3d52413c1d948c1e2f6e6c9a,2
1205,obj:3eff31183914dc45c02e24e13ad2d1bbde4bd72094424766789c494aa5720a1f,4
1206,obj:84cad8e4b72672293dc4b54ed83881b3e93acd49c97fcd866f42f46a1294b8b5,0
1207,obj:4a5af2a04add40541d8bc11902dfe3a9ac3d79878efd46a7257c097f822c767f,2
1208,obj:ffefd2ccb9cc21031f5be073ef5c60659d7eebdcc2162b559f6a5d8b0812f361,0
1209,obj:9a8b0edadf86b3fdb1be202bd7b544f4513ea708edbf89c2f09221a1b86c5997,3
1210,obj:e68adfdff3c7db932511dc38230d0ad1e10f9de059ab6a215df5bae24b17a6c0,4
1211,obj:4f4e851c7702bb32109d95eb2abaa9639ac6c5d6f6c2a89c5ca537967157256f,1
1212,obj:e34d0f701f0dec3a396b41d5edb474acede74fc385e3de1c369e09ffa76fc1b3,0
1213,obj:acf227f2163bb18ed54a025b85bffdc2d69d408d6e841aa9492c0a3f9bf07d2e,0
1214,obj:3cb9e92d8c14ed8107f449e7a1f9ef1daaf4bcf4b7890465509a8227c41074a9,4
1215,obj:53d8fa47b93f063da6e2ce3f83ce26ed9f2764e965ec51e81a73d214fa08b843,1
1216,obj:e3bfc045724c2cf9f923515d59a29e0f1c0a5e79d0f594f27e3fb781ee77584a,3
1217,obj:07d7209f01ba084c33c11b193d1f732c589804c8846c34fa2e7882dc9505a126,3
1218,obj:a2753640e6369d1a347dba803671410d6a6eebbde0df4fef3e58dfebdcce6cf3,4
1219,obj:2ac887ba02d5775b0bdbe04f2aadd6ee48d86de3403c798375835a375cb76cff,4
1220,obj:67e1d06256dcfd1f806230cdbdbbeecfae13b281553689a47db5b205bc60d571,4
1221,obj:c44966ded26b7f71422cd9d14f69527e661c3618073bf7d41a0c46844ea6f603,1
1222,obj:707f7d86831a1c9b966f3c2209b0387720c9454e1b9c65d0e806a1da04517535,0
1223,obj:849360795422b7e6d75916e843e67a1dba24b70e83bac23bf852079371039049,3
1224,obj:eb9aa1de8971727b2dfd43420c9bd60cfe092766a0991ae19fa64ad0e2e5d633,3
1225,obj:84eafe31584031935d142aff402d789b8f8f4d964a0a8da4934a29c57787ac9f,4
1226,obj:baf01b6f65fe14a81388d8c580fd58194339de53d6e8a4e4cb5fd7b30af50157,0
1227,obj:60748131833f09c22fe05db3bd4221d08e5f2f280acac097b0e43ea031eba90e,3
1228,obj:53504879d8426622e1cd10a569e242b5dd3aca78e1814fb256ef109d9178a03f,0
1229,obj:8948fb3613276b4fa86fc211bb432960e0eb25f113d409a0af8d6967905bba13,0
1230,obj:5c83acccf968597080b7d1e424bb3953dfc6caf6b244980908beb2d25eb753c1,4
1231,obj:a1cdc7932545ff75a866ffde92c5b40a7108e2555c67fe2cecbc6212b6382c9a,3
1232,obj:3be59382c9a0e657583075fd5656356eeb5c01d62d5f8217c9de1275c698c053,3
1233,obj:5c11aea06a5c5de10e41fa7626cdf2e8fcd2e40b82e79475c94c7d5fe48d0154,1
1234,obj:8f9d7d85ca51d82996a0fd0c55f98e52660a61b25261b533cf20f84ddd1c72b5,1
1235,obj:c357c507292e34965dec1f51e7eceb9700773505dd69f62788a68fb1c2f1480b,3
1236,obj:1410ce0c3bc5fee887f03ed8bece80fa6552c44d6cd864b1e5bb7bef534f2734,0
1237,obj:9be90d43594d87de1150d14e6982a9b56c6daf81b28b3874fcf22e318db3f288,2
1238,obj:632bf705811aafdfe72f572c521dc1f75805568ea6bfd727c2e6713e098cfbe2,3
1239,obj:beab121b25b3ab9975636c9062e13311b8533df78e419fd32d31b74d8fea16dc,4
1240,obj:c53dc24aa375f15bbce8da74bb81c8b02fee6ee628fe18916f43db96d1d00f3c,1
1241,obj:17f9eeb108b6b3a2180b38098be36f3a30899c2bd6f0868145371ddbcb5bfeae,4
1242,obj:c77a63738c789d66440dffcc9043de568b5914871b42d14fcee1b05dccf05f55,3
1243,obj:0862b2aa6697cf4c458e48b37df110e0214acc6d280c28e6faaadba4b3ce1543,1
1244,obj:ce196fc51f371cb5dd574c64f4525b3ce3d3a6146309fcec5dcd21912ee3b27e,4
1245,obj:d7590fd9b628574cbcc879826f412e262f8ebc5fdcbed00b193d83a6c4db660f,1
1246,obj:34412624ee154ab87e337844cd36ee98e681770e2cfccf77f4ade43e883e370a,0
1247,obj:264dd9cb81f5e6fa11a8ef395ab7645fe0b1898fa3efcd5b5ccbb5674d66c627,3
1248,obj:a1c654fd5aadad234e59cb5016b3d7e7d0919adfd72f380084b60fdbe778ca24,3
1249,obj:33e7af62a6a725385a43344f23309dd4cb73d901c76f80561797f3448e576179,0
1250,obj:858345fb5907a092962c6dac1b2f3b9e3fc1918efccbf43e95866569075e275a,4
1251,obj:dbdb03bb7b9f781c10a2199dd091fdc2315e0e44c31812ea3e0cc288acfbcd54,1
1252,obj:8ab4991ece1774fa287c858559fb557490634b8dcce2aa2aa48ef03b018f05b3,4
1253,obj:a98343cbfe6190cae8841109e0bfb4f43701ab6bcd6da14d04fbd5b65be33335,1
1254,obj:4634ef1bffd1ad0bdcf9dae81fdc6ecdbff98e0c07aa304be3fd15ac39924397,4
1255,obj:6f42c582dd6e7b27eddd6730b11995ca503093dad0f4987c546821d807630805,4
1256,obj:87b30c85fa061cf6e276754406b2549020f58c056a4fe1fb8371cd4da31546bb,0
1257,obj:91ec7424ab37f1b3111a044bf6b5ed29deedb24598d7c51414fde66c16ae8af6,1
1258,obj:4e7376609b64e009ca3daafc092362c63b87fafedbfd4e8db9e728801c030ccf,3
1259,obj:0ef16474b4d504377473f2c9f48e850f9300fe6a4771488d568ef9da0a149443,2
1260,obj:f41f8f694efffe7106adb9002b3ef5920f971d34416c529566656d6bbc75a579,4
1261,obj:71c9b63c7589f928dde668a2f52f42ad98beb1b63f0d9c49807e843634b542b9,0
1262,obj:406153420f6ff0d0d6275fe7996d2877d3e62f66e44e126cb3c3b45dbc088317,4
1263,obj:beab121b25b3ab9975636c9062e13311b8533df78e419fd32d31b74d8fea16dc,4
1264,obj:0449093a43546338714fbf0c7067bd88b1f34025b946d5ffff0e94c1855d71d6,0
1265,obj:eaee23a3aeffa16a2c9810aa024cfa42b5860702df05109eb723a214b2608ec3,4
1266,obj:84bf511f838ade51af60f87d3bdbee6829b07632d6ba3fee00f2b990618a351c,4
1267,obj:84eafe31584031935d142aff402d789b8f8f4d964a0a8da4934a29c57787ac9f,4
1268,obj:5f53b9cec40fccdcf9edd27565952df902b1d55ebbe0e19e9a4f391345886065,3
1269,obj:2448793f496b433fc13e377b6c6439ce64ab019b39b5b09d1d357663fd05c6f7,1
1270,obj:485155e429ccd690f7349d6416508315214a02a07eee948e683ff20fdab57b7f,2
1271,obj:3fb48baf0775a25734b07e4c3849ddd89523ad1ae2a1a6c68e39611397f23072,2
1272,obj:6fc4e3db08e35a1bc6c9d2cb87104c05bd3ffa117f598d3a10e14e960a331a5c,2
1273,obj:00f3c1488c80feabec670daffc9afb6fbf4fb2d2df9a3f369c242be95c69a50e,3
1274,obj:59132709ddc013d2372ab38a35c0815b4ef5087dce2dce21960745f2abe7ddce,3
1275,obj:94bfa8ac96216da8618fd93f3d90ee6cab7f323dc42639b390476e7f657bccf4,0
1276,obj:2f9889de21ecdd2cf9feef5e31a21e2ee9b1cd51cdda0b086469c053293e52f3,4
1277,obj:8522f93137f012608a321d51644b73f318c96bec44453ec970be7901b1186424,4
1278,obj:2da5610b222f2b5fbfc6168fa773fe4818386d387f99b953a47289f43872b72d,2
1279,obj:5a5ef9baab39508bc8d5bc8f85b14df679e6e994707009f918b23e1d5d1b4c34,4
1280,obj:8aaee3c16b619bd8877d7a5d61b7d8c965af757cc34e730252f5acf3885490a9,0
1281,obj:a68e4097b305bfe7e57538d873c583bf6cd560ed253aa42482136013c8a0b896,3
1282,obj:80840df882761f01e67c8a55dbe827fa93efa8ff4a6d624990be65d8ee18d3c8,0
1283,obj:fb4ef98a2a469698f320a5288e3b6b45632534c34837edb74769b7cc30bed008,3
1284,obj:0862b2aa6697cf4c458e48b37df110e0214acc6d280c28e6faaadba4b3ce1543,1
1285,obj:f6f9ab4397fc5e19187bbf9596b818a5abadb4ee63b4e9bdbd84df362d96361f,1
1286,obj:a56641d87b7f0d1c47085db1372cc27b693014a0cd168804ba3d4af7774b0fb2,0
1287,obj:0ac25ee9dbc7d9509410611b7ea372bed5b57094bb6378e2ddb4e0770ea8ddd0,2
1288,obj:22992fc149ebce67934f712cb85267024ce19bf9c6b44a918047c86f3106d857,3
1289,obj:66164e6e79bd264202551010a42a0b8ee5aff2800a47dfe67168a36bedc9fc3d,3
1290,obj:0a8dac77b958ee8fdc98375ebbe741a495782cbb5c889ed4616ba5cace1aa4d6,0
1291,obj:8475f0caa65796816f4a72e3ac47f74e6c4c9969a18b6d95c6f4cf1dd4be3307,2
1292,obj:e3dcd2e89f2663987860fe985f8492cb6f044371fdc02a211b60fec7eea44686,2
1293,obj:932d28b14da7dbb7ca0c050383db3726630ec3dd764a20a57ed84e23dee033bb,0
1294,obj:968fc8e0488784f9fe80ac9440838e7bca8a4685052976603c256574f94025e1,1
1295,obj:29eece8688757872f4e16f89fa29c7ada0d21e23ffa0aca5c9059196fe854c99,0
1296,obj:19aadfb59d7fa353e6a87b7ba07eb5789c2e95ec0af1ec602485076457b7cd95,2
1297,obj:d66128be83e1e9aa3a161f2de2e4050389f90077431abd143dea48ba717b8e5c,1
1298,obj:6121f45f52e369fc3c5ec4d472dbebc82a2c955f8745ec4bccba2b8260e249da,2
1299,obj:f573491394c26568eaab343c3ac83723e28c13f3273394939683173dc1b3173f,0
1300,obj:76717d0f0b12b3e42c96401a42613533488fcf4f807424e1d33cc36eac981b1c,4
1301,obj:007145d2084ec0cd8a2f2806c020e73211e33954c8609be25ae621bde62a9284,2
1302,obj:77058e56dae30a1431ecd23cbcb887a603dac19fe78e398118d4fc24d3941341,3
1303,obj:3c23596f0c98bfaf1fd934c97807ecfa4d4de26c2706a819020e9f14bc7d9a98,4
1304,obj:5b11fafa130425f09edfc736502aab4797f59066ce31d23d8c28ed0a00b69496,2
1305,obj:b189c73e34b8e27dec46f0e65adb0b9a34868619da71a2a42b77dcf74eb1ff82,1
1306,obj:2d1a474ba84051b866335bb883b3d2fc5333d476af54542370330766c543c13d,2
1307,obj:982bccc994c32f5cae6e68f0a4d7135de902550356005ab03b735f23a652a478,4
1308,obj:eee71870f6b9cf70b6b832e738403de61770f06d67dfe7710cc941c67b01374f,3
1309,obj:3ae4ad13083a344343a33dd2897dfe8d72f3df7a3a099575b196877e49fe4ab3,1
1310,obj:47885cb3f63fab3665919d170b7b7e901030ee36104c2a66be1df5dbebabae19,1
1311,obj:e66ad664b489b9b855261e87c2a84f7c873f3eebd656428fbc6abbbc78f1e343,1
1312,obj:c34a2d004c3fa7e209448726438db50753bb6533e1f53bddb115c9b58e0c5fcc,1
1313,obj:4cc65bfe637132556ae2db6561562ffc80b730d200baaf02af1cef437f077005,0
1314,obj:4d9a2409355d41611cf4881bf884e438c0ef5c1317fd586ab77484465f79dc7c,2
1315,obj:24f2b59f6e49312bf9c0adec74b79be93c28c5baac5d04f93057c1c865fd4918,1
1316,obj:0a07f1896ade0e2c3ca219526da56c4e090296401aab56f29bcdd16fa9c5c0e3,1
1317,obj:4ed01982625a54d1c74910433c6dfda2a920b756e8feeb7bad9b53db7073f3e1,4
1318,obj:4a5af2a04add40541d8bc11902dfe3a9ac3d79878efd46a7257c097f822c767f,2
1319,obj:a247807227d7304bf5cdf6d482c1b98ae11c0cec4f61247bcd25b9cf6e771a46,3
1320,obj:592adf9e24f5f4f80e64e238385eed597522a75e71e321cc0e87c1c6e983b653,3
1321,obj:ce0139a824b87df7068de5f7cda5c206ab0b1f815d34edec9215c8f23f8663ce,3
1322,obj:29a46786fc421793974ac4ffe3d53b50b1e5482dc820a77f949471d10acddc49,1
1323,obj:39fea455d7475c6bd7e9ec679e84d054ca1fac483d46136925448987d04f2450,1
1324,obj:4092b9fd8b4af8d902fb1219c7d924ee28a946537c2783d320562f37be457c4e,0
1325,obj:7cd82545b39c0eff91afdfa604793dbcce0245eb5f124a6e5890bd795e5aa1bc,1
1326,obj:1b45c5b68b3f5cf152fcf24404f9f19c1968dc7887286720daff04c65f55bfb3,3
1327,obj:4b987dc9bace84ba04e59fc2995d30eb08c907f5b0aef32c658d6ed27046a374,0
1328,obj:445e58cfcecac3dbec339c08b261ce1936c03743f8f56ac757b9bd45da9eb808,2
1329,obj:dc831adc7d1d9d0c8f0b76b61c46935b97c7254523aa713f464ad753d135c571,4
1330,obj:1f68cb35225b7518189cd4b3aa590344332934b34fe2bd703c6f577cb5dfd8fa,3
1331,obj:816b184b9beffadf165ecde005c34903e15e3ff271cd35fe8cd88d7766642051,2
1332,obj:ec24e37899439a269cbaba24f857eab788a1e8abfe394fed62046b331b8ed1a9,4
1333,obj:291aef2263856e626b69a8838534c8405fdedb94a184e360bf0adde5c714415a,0
1334,obj:1448d6b5d1c32defd36c2af66b6ad16c1b3fef3bb1bb729b2e6f5c2a371ed414,2
1335,obj:0bc9d4786f4ba225618e8159de5f19b97940a456c3fd37e935771d38fa510204,1
1336,obj:1b45c5b68b3f5cf152fcf24404f9f19c1968dc7887286720daff04c65f55bfb3,3
1337,obj:e172e6dc44c22c9adb78cd379beb3c0d7c635e6c920ce75666c0d183610e0930,4
1338,obj:8fc1041e2a7c49a2fba4ede0da395a6231dd9bcaa092584fcdc7d165859ec518,2
1339,obj:65550a8ff06787c9093bd33522a47c88cdae7a4803919b88575768fc1ac13982,0
1340,obj:0862b2aa6697cf4c458e48b37df110e0214acc6d280c28e6faaadba4b3ce1543,1
1341,obj:34c7f48391498258c43d8e1d5039c78a38e45a63f892e3c98b19d66f21c06808,1
1342,obj:aa4f27c91b076b5f06cf2d831070e2a7a8f461c7f4ecd92301a014ca52d9ad5c,4
1343,obj:6f42c582dd6e7b27eddd6730b11995ca503093dad0f4987c546821d807630805,4
1344,obj:ed24dee6e1e045425985380cd7e6c884d80d6d5bd4f06b750bc1d3128f02aff9,2
1345,obj:ad873bf3b0554a5a62c344935a4bc63d895df992870f878e0a32a411ab006a5e,2
1346,obj:19ca6f2cce65e736fb4ceee5fd0fa6f1353e7a82ff3a327a36ec691a9b35de40,0
1347,obj:161eb968ce099632488d62cb031c523a650f99d6544619334b805780a285c32a,3
1348,obj:afec14e2c9c3c0f6659abce32908dae2705f550c1c2fe4e2a9a9ea56ce93aa50,1
1349,obj:9c2719cc566ce2f56e9060bd55bd9f501c65b5b55ce011279eef0eba94072f18,0
1350,obj:8fdff99c6300645a439eb4dd9c4941cb7a7cec30ceb8f1aa2d7aa1ea8603c14d,4
1351,obj:bee540a0fc7b57a53a67e3891c580f4577f0a60008cb1b1ea1d1cbcc81ac8b41,1
1352,obj:c6689c445a27b6bc6328871c7ad4b2a3c51db0488cd01c580136e25910d12bd3,2
1353,obj:e70afe7fc02cad8d4749ac02b594245f83d5b137562158ec6f6d9ffbd8d8e5eb,0
1354,obj:484f6e0b884240bde137ee5050bbc4007dbd94a29f8d3bf86e6a574b69fa25ff,1
1355,obj:7af798ed2beb2c27d18760f1112044691321995ebe42704db0e399af7e4f2117,2
1356,obj:e78ba556aaff3fa7d6929880f690c54b061156cc7d3ee9c583e64bd041a4c51a,3
1357,obj:6904b78fd5f938e70894d5854afa226df91746fa5c8a52451dac1c71953465a3,3
1358,obj:1582f3f2febf3d865f8c63df2db9ba1c61c28b8e084ff0a574c17e1af0d518cb,1
1359,obj:d1f6d45be56009c70269b6e575d060179b03a6a757eea9c416bdf180a892c578,4
1360,obj:549eb456ad94b1e60adc88ebb29b1b04817a5c1c458cf0f443fbc428282ba630,4
1361,obj:e1ec3709a3e263cc46f4ebab812dc2bd8355249dddfc7210ed7125d7301c0af8,2
1362,obj:e1ec3709a3e263cc46f4ebab812dc2bd8355249dddfc7210ed7125d7301c0af8,2
1363,obj:0547fc8f26e3567ab25fbcb083c8e3e8e390598dd9cba462528244054868c1ac,3
1364,obj:a878e486460d2af67977807cb155958b6bf6de4ddb8b638911f5782c91cf73e0,2
1365,obj:df15f0f0dbc2bc5ba2599cc3655b6c47edfe1f946164c00a611c3628a4a6641c,0
1366,obj:f378a014e208facf746208d4a4f9a39e6ed802658bc741310e771d612ed89b09,2
1367,obj:9934aac5a2b53546368c54d70e0a1e7ebaf0ef38c76976e5b0a834a4bccaf862,2
1368,obj:1ecd829539ed8736d65487719a9493d596588d4a3e34ed6f7fce45190489a5b8,2
1369,obj:6a7215c61ed4be39233233a00b4959e655a66491e81ed1f835ba2b7ad5c64e12,1
1370,obj:558c517069e6b1447edc0a86845067f002962b9c9c0828ca69f7b839f53c40ca,2
1371,obj:019c58ad50647bb91691c299f93e4598feb5cd9f457435dac88a0b90ed952fed,0
1372,obj:4d0d8e75bbfd1122ca81c1802deab3c598bae0d0e6746ff6e7aff509e4a2deaf,1
1373,obj:2d305cf10fbb2031ebdcc22cc816a918c53a47df7a70eb307ecd6c9529c16648,4
1374,obj:a6c88faa6c285ac22c7ee6d5cb818ccbd568cc62b83df86250ff790d829791e5,0
1375,obj:0bf7732bfdd059782543a9d2010b0dd1f9aaaecde3787ade00ccde0fa06c96d2,0
1376,obj:c839f10d74aa14727f1f129bb9e822d92c5fe34acc3aef4b501f0ae67704b07c,1
1377,obj:0862b2aa6697cf4c458e48b37df110e0214acc6d280c28e6faaadba4b3ce1543,1
1378,obj:d72dcc66d961ef67597857f25158d3306f9d631e26203f4de55c6c432194a79c,2
1379,obj:18fcd5325954cfb03eacd3857c4cb9066050b53643d5bb963b6efbb99a304a6b,4
1380,obj:ba06ba3e17656b9563368a1e9ab4b83c3905802728ee88cdef2d5678bb906612,0
1381,obj:b50824b35a1569f2f47f0617cb22bdfc13f9fa2c57d97a205c26700de0c7858c,0
1382,obj:906cd71964cf98d18613afd0abfbac42c5ae0d1cad7ec407b3981cf20f2af1a5,2
1383,obj:4ef9061841e6ecff25d489e8608c8a3181d553b802731ce09c36e538f6fbe1c0,2
1384,obj:9e12fbca757b80d59f7445e16809bfc4d45a6677bced5ad33ce76788043fe56c,2
1385,obj:0862b2aa6697cf4c458e48b37df110e0214acc6d280c28e6faaadba4b3ce1543,1
1386,obj:25109d56e55f2663c25205967782d668190aa40622b6d8a9e86ead6628c64182,2
1387,obj:420e109672555879830af21a221260d2b27a856d868c252d5d6e13b49b5e2e67,2
1388,obj:a546ffc670fefe1134bb54420bcbd7475435f0091590916c4f48ae44f2ec87ef,1
1389,obj:74b517a63053d46e8dff2bdb126dbd13bf2b5c1e78f95b72e5fba0e1497ca4c3,2
1390,obj:d73ce0ae25f579911635a4e5b9e1e9d7273a8f911160a9294b33ed3ad19a1066,4
1391,obj:13d033cb39f0de1d72e96a29fff6f6c87326d2ec31f912b1af8ea2a6d99a92f2,0
1392,obj:6488aebe30e63e9b143d4cba3868dae254874b6327a81b73b66a18b230579780,0
1393,obj:6a42d4c7ab299f471ab52d3534d8fad29dddf68383d742623aa90332cbecee8b,2
1394,obj:c6df10b419d92b6b5bc70282e76dd06470d4f35e2bff29147ea3c859f4106ca5,0
1395,obj:e9be7d36de8f1f50fc4382d5e7bb71920cb104c25bb18bf20e697c5a408a0b84,2
1396,obj:34c7f48391498258c43d8e1d5039c78a38e45a63f892e3c98b19d66f21c06808,1
1397,obj:a9974f1de4e60c550662eb080bcdda27a65ee874416ba97003e3de96c28ca97e,1
1398,obj:f250a2e9e0be0d5dc751f1ee9256d83b7f28aa9d2593bac76bc176fcfe3b8252,4
1399,obj:fb3eb605f840706efd9424290d6eac2defa087daf4b33525ce79e6a036adc115,2
1400,obj:5c83acccf968597080b7d1e424bb3953dfc6caf6b244980908beb2d25eb753c1,4
1401,obj:327dbdab56a83001daece5fe35d8f78a4e249d4e7444dec1651d42b0de4ae0f5,1
1402,obj:a353f1555ce954d43216f0beeb1bd49d7c09177ea75fb6acfe9631d72ca3ed0a,2
1403,obj:2567ec531e9f94de463d3b40a65b10208699b3c542a0158fd269fd6832a40896,1
1404,obj:71c9b63c7589f928dde668a2f52f42ad98beb1b63f0d9c49807e843634b542b9,0
1405,obj:2646ab8cd2d78c802226161f1213190094626fa12a99f08e3a3e8657b041c86b,1
1406,obj:a0a5e4ee0b6aa9e1946dcb9c08008d1c776aaf23204c0bf3eaa4ac220ba3e1d7,3
1407,obj:f2cbff9d199eb901ca3dde47ea2aa8696b5a7229ff9a33f6f6aaab5976858258,0
1408,obj:8a16d6a6548627a73ba470ba91766fa006655eb53ab5690ef91519a3b3850b1d,3
1409,obj:1410ce0c3bc5fee887f03ed8bece80fa6552c44d6cd864b1e5bb7bef534f2734,0
1410,obj:fe4fc2ba76a2af0a1fbc85cd22b4189c8d21e5a7df96a34259e3fe659e6772ba,4
1411,obj:8d165211cc410d7327666f1d664875f67e08bd0d218604ba23706eb249678831,2
1412,obj:78a907e9b4f2a6599f63c8a871c48422581232677dad466be206c751dc6a2501,2
1413,obj:d2d72b62e78d05d5bf5c95fcf88105c7c695bfea0e462cd064ec41ce9a817161,0
1414,obj:395be80a4edffc02f71f98c414e793db90a42614893a896899aedfaca6d3bfa8,4
1415,obj:a3c9e1bd0d7657765219874060ac6abde9fde3d28a705bd42cf61b9a77ce5c9b,4
1416,obj:aaa33d2a19973be299b6c110fa8dc33f9b22b1b9e5e945c683f06b17e417328c,4
1417,obj:e96df36c840b2f6059c21cb8b60fde8755d27d06cc521242f6d6b01a87e2c717,4
1418,obj:e9878c4308d43a4bcab4c0b595df3d51b5b7e300600abbd46d0ec2a67a6e0406,1
1419,obj:2053a67a0c353db7da60df6b9cabf165f5753848e668a3d3d8db5b8d93853ab1,0
1420,obj:1123109997d7611dff7365468da68d811345c7b5b7eb7d50a28ae20d15efc2c3,1
1421,obj:03768c0c1df5e6635026a8fd6b6f227b2676e851a7a2b3b2fa6573cc7385318d,0
1422,obj:6f42c582dd6e7b27eddd6730b11995ca503093dad0f4987c546821d807630805,4
1423,obj:6488aebe30e63e9b143d4cba3868dae254874b6327a81b73b66a18b230579780,0
1424,obj:76717d0f0b12b3e42c96401a42613533488fcf4f807424e1d33cc36eac981b1c,4
1425,obj:ed88caba649466dbfbcc390448db251b13774d427c5610ae811378112bd2c0da,1
1426,obj:1e671e2fda4f7753b7b36e2c6efacd487cca043b8dd6a064e09780443408b629,0
1427,obj:8bc151b36b82dd5d550517f9b39f21060936d57b104b21f7b87452e49e3e3bfe,3
1428,obj:ef695d8a5043b20f08277c0100aff3ad8b72664d54f64407124331307a231403,3
1429,obj:122e70614a93748b458819649162fd0a80761d25f99ff8f69d2a1bc403f8bda9,3
1430,obj:a2cd0b30f7d8c5e6f15dc0f73266c5eb62e038460eda17a40f6a9bacd4c7cf56,4
1431,obj:bf351c9491211ecbf753bf9f089b41128a59cd291a7e1142d5d2105bd3ce3e8f,4
1432,obj:25615002a02cd61854063d91df2efe032957ed1c1999d81649ea81d71b071657,0
1433,obj:40fd66f517f39963b06d6a15e512d3b4c26e3e6eee2498190a0ed02cf2bef671,2
1434,obj:e31694afedf9f493eb28503f88d364876faeef04c258d17a1296928613b88702,1
1435,obj:edce4caeeeb41edf548dcc81aa11a9e3fa8ae545cefafed04b994d1b13532c09,0
1436,obj:875cdf11d7fa900a8a0fccf7d6a0ae1f8249c98a8e18ef818a77d8d7a3d555b5,2
1437,obj:17fa4001bc0057d8b5a771d26b3409ba0566016fef8a778a90f776cec0b3a685,2
1438,obj:2d5de5b2a06c9a2a43428bfc9e53b703cc025b1f6ce449ce5d2223264c1f5100,2
1439,obj:9cc7773f0b3f88c8983bac7400be28e4ad27de08c1e852c64352ef43a2621fc4,4
1440,obj:f3d9479851d268aa8398aee5d10dc52298c373387a20ae57273d5903935e005b,3
1441,obj:2c75158f5c459a847bd31cc7b76a1c0182c053e5f7eef90e7afcfe99139515a8,2
1442,obj:327dbdab56a83001daece5fe35d8f78a4e249d4e7444dec1651d42b0de4ae0f5,1
1443,obj:6c63aab3e145e700d4c44262937290ef89596bb949e9318bb562b4fdaaf7b08a,3
1444,obj:e3dcd2e89f2663987860fe985f8492cb6f044371fdc02a211b60fec7eea44686,2
1445,obj:836ca241f02800127c76cb3c2e4866b081afca5b6ad670249a57f7f6136130be,1
1446,obj:de1121917431fb3e0c56d552d4a42ca4dc1ab3afd1519595381b17528b9a2224,3
1447,obj:44bb214eced43958b921da11fb589b331de20517d7c4f38fde199fb0a6faa574,0
1448,obj:8e6587ed073a8565ff09cff1d5220bb5a22a77b97e6ec1c7afccd9746a886f6f,0
1449,obj:b50824b35a1569f2f47f0617cb22bdfc13f9fa2c57d97a205c26700de0c7858c,0
1450,obj:4b96c359645b55e9ce7698ed7323f3432def9f1d77a4b9274343a6a7f5071663,4
1451,obj:8c103130ca698882a6cf47c81fafd24a82ea8ffbac56d7aaa1d370557ce75b10,0
1452,obj:6f42c582dd6e7b27eddd6730b11995ca503093dad0f4987c546821d807630805,4
1453,obj:79c4f23872a7d5df1e1da543d38a7961e45ecc2877e38a48bc98f132f670ccc8,0
1454,obj:5312635fbd65ed4d9fcf61237d71efc5169d8b0c9144e16c96764adca4792e9f,1
1455,obj:fe6f79a7c96aa3f866cad603a323eb2eb99fb9996a5a6c04ad85a055360366a3,0
1456,obj:6488aebe30e63e9b143d4cba3868dae254874b6327a81b73b66a18b230579780,0
1457,obj:ff053c1f0485ffa4c7c06f1bf3e620ab5a6bdaf8bee269558003b5958ee0bc6b,1
1458,obj:a2d5bb1c231e1947a79ae93d2aa4f36df54ff1af6a969495731437447ff2dbfc,2
1459,obj:6f42c582dd6e7b27eddd6730b11995ca503093dad0f4987c546821d807630805,4
1460,obj:a8096e473e90e9e489c6572ac61ce3b2e9fec573e518ed87f7cdfb1cb9cb384e,1
1461,obj:0cc0257467078723796b6e27f1212cefdbf73a10530b09fe672610979266abfa,3
1462,obj:9fc08c2b1eb4a572176dead0605ec89d4c84b893a4297d33a2e0d2a0c47a1e02,4
1463,obj:3a270f220e9f7d1f03d8fa06f74d18310900b9ea838e4941b168964a6e714dc6,4
1464,obj:f97d82d1bb59edba1e5ea1d2bd8df5629cd5a8bcdfc44dbd785fc25ef04621c0,4
1465,obj:7d6ef7af6f0d43062c35d6dd33364bfc763fd59ea8521b683b103bdf1958d3a1,2
1466,obj:e59fa8c212c674386b1a2429f8e14d900b0c3cec5e1c390e2543dade40243b2b,0
1467,obj:4b2207295f3634c146902e02d8da48feb066ba1dbb7e29589b6f4a9ab5d2989e,2
1468,obj:60c0452dc428c416d2c5875d5bbf2853bb4a133b40fa6afe64a8789739cadcdb,4
1469,obj:ea0f091db0bcb01fd993c5ddd3ccb9d2544c6fbc48db6ed43d04c44c2b4e806c,3
1470,obj:d7228621c3ab2992be9032db8eb46a5ae784c55e1f8b9674c222657a276f3751,3
1471,obj:3922eb4fe458b8c1b26f9a73402394701a16478311254ee33a5038712e011a83,0
1472,obj:5757d671fa12af155dd67dd777f6138329687bc368758655667045c156e42df4,2
1473,obj:33aadc61867e486cf2366207d9e0febc8fac9dfe76f85a9171f00a0b94ca5f14,2
1474,obj:ece31b72d9f8d1bc7a01476833ef470b32b2a08b3a29e8ded6cb23b56ddd75ab,2
1475,obj:e43425a101ab6f8bb3df02064f38032e430bf03cf62b6df144911f86876e9535,3
1476,obj:29b672688ae250b04d163a884a197b90978e354cf839e6649e19f7f1a3d687fd,0
1477,obj:eebca32582d0264da3acb437c0bf456fd7722ee9fd34edeee7451372fafdb97d,4
1478,obj:efb4aacc08dadd793ea6df411737835f7aaf56b9df6f931bd66a6ecd1cc260a3,4
1479,obj:09ceaad0d3428b4f1b7f9464af2ddfee5eabb1917287c930354c14d8a9b0b3cc,4
1480,obj:2bd473c37a5e3539d1dfaedbee2b8d42bfbf5a73b9b30557135a702879578a21,4
1481,obj:a2ec3f5b99f02ea70c6d077bc4310fb3152961bf16adb87eebeb026634f2ec09,1
1482,obj:2a702a0f63fcdb4edffb683aad89cdb43a487ef7a31c178ed3776e88d4e4992d,0
1483,obj:e3f710dcb9304c44337e7f646704bd49a3f97c98c26cedc65b743c30214614c8,2
1484,obj:83badb3a88886e285ea0718021d68a8a0499b055f3b306c7f87ce954f0cc55df,2
1485,obj:bb4bde7c8c84bd01b1c3435d4d36edf7d2b1df0123b28af8fd024585bf47e373,3
1486,obj:b6a2f520a1dc4b92f608cff1760174c12049a46fa43c82e44b617478d90203aa,3
1487,obj:7cd82545b39c0eff91afdfa604793dbcce0245eb5f124a6e5890bd795e5aa1bc,1
1488,obj:11bd5791fdd820b0dd20779a5bdc34bc78a17927b6543f387b4ac9262818b752,1
1489,obj:41651bb7280465b1e6ea7bfaf678f9cfb10ba5c6acde20e346951c14440a76d3,0
1490,obj:58cb904e2fcfa2bdf041d80a8b5a314fcc233d1132d49fa71d5edcb414df8e15,1
1491,obj:a97288eadac108cc9837ca449984b2eaeeea8c7074921c27a9ea95f79a39b246,0
1492,obj:85956bf2c120c3bef145f7951c964509e719f29a0a0201f219ed468fc7c79de1,2
1493,obj:f670534a61eb5c1cc50008633c594057d89c88a7c880c0f7e2a041bc6af17421,2
1494,obj:6fbb99011edb6e735cc9931c7021dfa018a3949f7b99afd0d373faa95010b3d8,0
1495,obj:d891cc84671da4f0f3dedfa50476bb6c3cdf64232be9cea52a0c08844f2e6bec,0
1496,obj:cbf3d099ac47f88d0cd1e88185b58837c6b3765d72ed84bed062cdfcd9ed29b0,2
1497,obj:e43425a101ab6f8bb3df02064f38032e430bf03cf62b6df144911f86876e9535,3
1498,obj:e430d01b20485f01e0b606900b1227a4b903532b94ed110b7176cec465eeda48,3
1499,obj:137c0175d4ab5059d4a9223e65a123b8237b884f81b7c3a6442b09a8c6dd30a9,0
1500,obj:d8e9ab72dfe404d7abbf7b5a97261de04132ece335a884b55bb55872b8d6cc29,1
1501,obj:0862b2aa6697cf4c458e48b37df110e0214acc6d280c28e6faaadba4b3ce1543,1
1502,obj:41041aa04494bb7d3a3d3621338a0470e0bd7f095d4449418ae29d9bcc8ee55a,3
1503,obj:f3b25c09cfdc8606b947444051fe62c0e77558091968b3a078e585372b7f8f04,0
1504,obj:0d5a1fbdf0306d6d2efb4d6540c5b503872e68f742171158d449bca782898046,3
1505,obj:e70afe7fc02cad8d4749ac02b594245f83d5b137562158ec6f6d9ffbd8d8e5eb,0
1506,obj:0bb3d539963750da94eb952a87e140a3b862376294c82a843335d2dc7c21ce03,1
1507,obj:467ed4dc5d7cffc486e70d85145bdd0a7decdcbaf527f8cf038b90e0d8a5ea62,4
1508,obj:31fa4ac0f6f6161c254040f2804ff83daa2adcc0dd986908bde2a48ff892903b,1
1509,obj:e15696aff9010e71e94e78c9204d9879c7ac81a673e190ceea95023e1c558a1a,2
1510,obj:5064244127e7a6b489e8c08dd8e0fbda8d2ba32f3473493da12696d079be0388,2
1511,obj:119568904906632859e5aca85087a5f8d5a0fa4b369a3a16bfb59526dce430a9,3
1512,obj:50d9f11361ba54b1a17fc8107badd373a2cb19f06fcaec25a7ea9b49898b75a0,1
1513,obj:9e524a0eadcf33624c921038eb2327121cdea4935d52232c0d6162fdb569ce9b,0
1514,obj:b4a33dd72e8ff48af84147790866aa02129b2b073a534e90b74cf89c17f93131,2
1515,obj:fddccca118312a983beae25d288f98f34e9de7a0e4cd11424a81a6af8edc8ef3,3
1516,obj:4bd5bb964a3bfb7a31ed80a1d5b3e915ce972aa0bf7c514a951c5d7b4662adfb,3
1517,obj:f0b7b3b85b945ae454704876881f21c9c43a035762a2a91e7c32dfdb8cc56d6c,0
1518,obj:2e8bea139bc686e83158785b00477793732bd107095c4aad55d9384c0e19dc40,3
1519,obj:71c9b63c7589f928dde668a2f52f42ad98beb1b63f0d9c49807e843634b542b9,0
1520,obj:a194713cc896217a1a67a23ac40e0acb92908a4f967344763a3c058864e0fc09,0
1521,obj:bc6827720102352d03916869435de0d38f4109b0adf30fcf9bbb62decfcbf96a,0
1522,obj:3be59382c9a0e657583075fd5656356eeb5c01d62d5f8217c9de1275c698c053,3
1523,obj:756fb429bc9efb874ce9384265667da7b87272f84568d9698e1b27fe1d5c8591,2
1524,obj:ce3869816c6736b0cf81ea31f438e48851ff5628bb4ad9b3306d5dfd0aa69a93,4
1525,obj:8bfc3697d09d27a3a7e5f865482a5fad553622b551716790e7e8040344f875d1,3
1526,obj:2c5767ec43686f292dff48bdd32a63b9b231689942a8bfc9c544884f36db2dc4,3
1527,obj:e94caa6cd60c77e897f6ec8bd9ac08d6696aea4c1d00a62b2dd40031b9bc410f,3
1528,obj:cdeed49d62cac011cadb700d4d7be691904ef2eb5b4726c80d311e4f901be57f,2
1529,obj:981340cf96a7acd1379d79086cb333efe4e15746b1e11c1211e33761d48839c8,1
1530,obj:ca7336d64be0de3e253acd2e1d1e93a82338e042dc1beca00a16b403cfe3a106,4
1531,obj:6afc53557069a2539d056ec2f6680d0a86a7e50aeb9ff0a9f97c7171e6bd9c1c,3
1532,obj:a20436d46f41087773e9e58d3f79d6beceb0d7009119c842290c2a988acf7d26,1
1533,obj:2b81e9fd4a894603881527c13b3c0617b32f3811bc043ea20f2899c9bbcf6e79,3
1534,obj:8a7d63542131081842b3d74949f9526d3b40c8f6bcc95a325961423701b42c54,1
1535,obj:b2c52832f93128f8daea8afc34a19cb43ddbfdfd2e081abddeb12aa65318504b,2
1536,obj:b164b6b1e4f81c96bdb786cfe3a69968656a9c148b34ff425dfdbe70e61d03dc,1
1537,obj:d645356037780b2ebd697c6abcaea54965fc8fc8792cf9a9fe873ac68000bddf,1
1538,obj:36227d7110d33d601cbea70fdfabec4d495e37bc530c45a2b25a4a523ba64744,2
1539,obj:3d6dfebb1955a4d6787bc1725e7bcdd370a961a3da00d8862114768813752f19,0
1540,obj:6e969e9f4f7dda056eda5ddc83b975f0e6b7b56ea66fff66fb884df1653c543a,0
1541,obj:2e43fe21f2efc65eefeaefaed005e4987a2aa2144b0544213ad907ff972b96d7,1
1542,obj:9a757943e7c4929a9bf3bf43640c50d4224aad3f4e4a7f601a1dbde8cd6b3445,1
1543,obj:0862b2aa6697cf4c458e48b37df110e0214acc6d280c28e6faaadba4b3ce1543,1
1544,obj:2c0f34b8bf9d8e437546226233253b64334ab8fd0463a73b74d18d9874532949,2
1545,obj:cbc63221f137748a3b8fee24f07ab1319043c296f71a574ff4dc47b72e0adcca,2
1546,obj:58e3cab8abafb25fdd836aab6be90b702271859d34fb44e2ed3f89200627eaea,1
1547,obj:e3bfc045724c2cf9f923515d59a29e0f1c0a5e79d0f594f27e3fb781ee77584a,3
1548,obj:aa1258c0a6af6f98c4cd7d8ac87e19b9c69a242aba7dcbbd99c1a6b48cb27073,3
1549,obj:e1ef84b753b136891901095813e4a5230e54e39f7994f099129e9b8447b24544,0
1550,obj:d777982856075618b7b8fcffcf62b1f31709023adc486f5bf6cf1db7db7cdb3f,0
1551,obj:a8d1f84648fbf0b7d61727ab33b4ed2a18ad752fbd7caf7de7bd4e9bb0d7d87d,0
1552,obj:23cb261fe8145607ff274faedb2a4e8698c62f4d7251b7083f5ac8e9a1e6f873,1
1553,obj:59f324510ede1aaf6e9dbdf8b5897b62b8cfc37cb8a8085dcf617364d362a403,1
1554,obj:4d1408604310bb6abcf56cce62e3259ddd5f9a6939c933995adb70aff008a935,4
1555,obj:97e9f58c26f6d7eaa48515316c9fe1f40b3dc5106f99630bdc7740097711a247,4
1556,obj:4f8b00f21dc2b3ca2eaed301b07688b930ea283a7a6266aff603b64b80223611,3
1557,obj:b2196409b235ec8e9acf976ab928c538df6a2363ebb02610d6d2e4430c2e9a95,0
1558,obj:13f69eec7e5ec52e837c38063768ced334f40e2c2cafe2e8a9a89ba4a07d353a,3
1559,obj:bed3afdc00d99311b46704cd97fc8596cc266555a414291bd0e62621e2a34bc3,0
1560,obj:c7f9273735656355d44b30d9e6ad21b936adc44e59c191102cfbd84ccc1f5120,4
1561,obj:eaf06d12038ac44c075636e276e5376f06ad46505f4001f35b886464648da685,2
1562,obj:152e16eaebde96c62579c9fd3837d4f9c634afd4d405edbf7e78e569c6745d6e,4
1563,obj:22f10949534710bf7c3bd18d787b452c5b346be113bed23b845a4726259f3500,3
1564,obj:4836d9ee14b363b86a90a0cab51459ccc970612f3f4e635945b1b0165f54f175,0
1565,obj:4a54c8fda7dc91a3384e1d6bcc1e23f936272474dd7fdc0ed2617fbb690a5b5e,0
1566,obj:b5211db19a0b18705dc2e84d9ec21371e147cc0180fafaabe4574f8ae2d68e94,0
1567,obj:0f32a7866bbc0323420125d538d42688e051fbae06334b77ad04235baa0a6a29,0
1568,obj:671ab9af731de34ec4cef4f2170b6e18b4a5b1c9aee71b17906637cbf30afe7f,2
1569,obj:119568904906632859e5aca85087a5f8d5a0fa4b369a3a16bfb59526dce430a9,3
1570,obj:a0758ab2a908180dff98fd16e6495440183b176d2fc3c4be5a760d6609ecf564,2
1571,obj:fe100100f2f5de50b12f9ee5413558bfdcdd45928ba8cde9654f1a4d3a92f725,2
1572,obj:603413ffb2b4a389ea61731edc495b60863173ee364d550ebf8146742d356adb,2
1573,obj:849b1391e3cdfb96186817bed6cfc78de8e53ddbfe42f3caf2d9b0a398e84807,2
1574,obj:193de3d067ec4ac030f0ab9ac02e7367be2b288b471de6672f46a82737bc3ccf,2
1575,obj:cd590cded55d94480e6310dca774e0f0290aa967ef819f828622bf923fc56ff0,4
1576,obj:c7588ab736da0cd0e738bd30526126dd5c97f420938d504b16d426a5c38a8f6d,2
1577,obj:2555e4e4aa1f2f5ea33327eff2ff3ba6d5e0b04fc41cf6f648b1b53cf71c05b2,3
1578,obj:b6b22222ef9d44b6b4e39e0823a61bc91c31b5fb7604cab62a26b125afecc33a,3
1579,obj:638af4f3c1d3d55c98cab570dcf395755fabe4f94ed1b37a7e34ee035f509278,4
1580,obj:ddd059d1d4d6caf814b86904e4d1576510987816d12e0f989fb38c999dab75d3,2
1581,obj:2235fc68a2ce1f17e5fa81ab1784cf01a8041bb5380d4785b919f43320205e15,3
1582,obj:bf82bf1b095db4c44647a0db2fc0922f3aebdb62dc1dc6d044d74175fcefc581,3
1583,obj:e677aac3cceafcb38b9ba6ab7f96c93082c360b3caf755cb5fbea169dc52ca19,3
1584,obj:e9cc3d490d363315cefc37ce41ab801d78255470a0e190415d4c96acd90bd4d1,4
1585,obj:a2a55f1c77aa989fdb7a4d73514ff4b1660dbf2df6ead65d9c571b92d13f1690,1
1586,obj:3beaf20351309947f3d32b64709d7be9aa8f316c037640eaa967c4fa7a621d79,0
1587,obj:751c488423133680fa2526984c68541f7972dbe3c0706c13bb519519e45a43bf,4
1588,obj:4170c36f8fb36d2a32a2a05eadc5f2a188f22615741f190e90d462638a6c2b5a,2
1589,obj:9aca537af2a2403aba223e54d5577677786bf13d9f55937835d00e05a548c02c,3
1590,obj:c3c880bce2c8dd3ca6bb2080412cc3ec35b56179f66ac38d7a0612806591e3aa,3
1591,obj:3f3384ed3dbfdf413645b1d46cc9bc5066cd48e04ac9fb91ccd2dc49814079b6,0
1592,obj:39d31094ee2fc46d569d6f8f7dc809c9d1cfe20334d83ab8ac73ad7e06ea3ce5,3
1593,obj:3f8efbb0daec197ad26580bfe9492221030c0f0a9fa732ddb2513ff785fc0e27,1
1594,obj:6e94e5a4b6b682e63a8f4c56d8bcbf5e5f665d3d60c57413190e543f383d4399,2
1595,obj:020c44b1899537b25bce065d76c7c2458c382e26b572f9821aeb349b26b04fd1,0
1596,obj:dd800cadb77067c0e881d10dcf9cf70b56c88b4a82611b4f71679b184d4a34c1,3
1597,obj:177f406188d4de4f1832fe61ef52b60b37c3b8f9140ad82a3eb7d7399ee8a588,2
1598,obj:a2d5bb1c231e1947a79ae93d2aa4f36df54ff1af6a969495731437447ff2dbfc,2
1599,obj:30092b8c8283190447a40da99ce54c20d471e58cc2088a0c68cc30051ea76125,2
1600,obj:f0163aa7a79fc3a41d00ea71f888f25434c4edeeac87a88a149c01b77e17a2be,1
1601,obj:f46ec496fa47bf708c0130d8ed97c98919a432e4a09f60fe67585ad7939eeba8,0
1602,obj:da3db5a8049cbeae89ce8a2458ead35218090e2dabc4bf091ccef40a3afedd7b,4
1603,obj:982fe989266cde2f3d3732927c2728779daa7359ca0b54d10ec4ce57c6e295ab,3
1604,obj:097f986970720b9a9cd77cb09a988daf65da5ef572fa602c2b7d2eb3c509059c,4
1605,obj:bbabe616e3525cc281f3303a88cfcf0e94db77af9f8f5fb80215f2be7c028fd3,2
1606,obj:4e02e991790d6e5c889f31763e2f62f45bc351da4cb86a1b4a390e9cf3f1784f,0
1607,obj:3beaf20351309947f3d32b64709d7be9aa8f316c037640eaa967c4fa7a621d79,0
1608,obj:78e0453a740c07800454c3e9fd5ef8b6946fc196a161f99d30073e58178972c7,1
1609,obj:8a7d63542131081842b3d74949f9526d3b40c8f6bcc95a325961423701b42c54,1
1610,obj:9d5e0529f9a32a407ee9a1ad9232b5f2250224e541503721bc43dfb06db8392a,3
1611,obj:6baf44c4c85dd2165fe737981ee3de2ad47f149d6dc49176ff035338ab7f8541,3
1612,obj:1b3fc3ee2d88137bf385605bbe160a60a878ea582364f6a54b969175f336cb8e,4
1613,obj:0c38065364db613b2601c5a3074bc0e153a2d3b32699a772fea72bd7c6f42bc6,0
1614,obj:dff77666edf1e6f0fe1f57a74d55809208a76a69494bf5d8177cda393a2b3298,1
1615,obj:fb8cbafa19ec9dea64f01079852ae5d9f691cc833e6c76cf0c66eb39dca94f6d,3
1616,obj:2a957923a88b65c673d93b44ed513aaadd4ff0fbd55f54ad35fe305af984d053,3
1617,obj:847b567ffba88460c7f48b0c737fa53b889437fe5eca6bf1264af85d9512a8f0,4
1618,obj:e8d58d76a4f74e6b2bffcde3eaa00365c20a71e42d740cd5dfd9d171499f2db4,1
1619,obj:babd21227561eede84d1f70d6ff5ea0dd19b88a6cb13f9c2db8aa6549f8307cf,1
1620,obj:6f42c582dd6e7b27eddd6730b11995ca503093dad0f4987c546821d807630805,4
1621,obj:556e982113c5596a0da1b4d4a680d49104df978f8262a88b6a0a65245d0ea4e0,2
1622,obj:c519cd6ca086f44f0b127953eace609d1281e1e28e1d13f5ff935c61ca244e4b,4
1623,obj:19ead368fc8b8998ec8038d8e24c053f008a5aa0e114ff13f86cfc306b2337ec,4
1624,obj:9741c4afd644821e42cad55727997b0001621b68506a77a80ad02a24c8619bb9,3
1625,obj:1a5edb46a1387baa99b997a86e44c216d2efb530b5ad43c5e308a57fad76fe95,1
1626,obj:d4076cfc000239a26e065e849135934b747e9baca11bd44395c0b93408181b13,2
1627,obj:ba2c128cdd2a277e4098e62ff8060679dac2caee9211313f3a7a068e5da6ef32,3
1628,obj:251666bfc0236312c767b9b59c2911e12952c75106eb1345b3f0210d996da32c,4
1629,obj:3de32669be321eeba8846c0f705058d4bac67dd5a62f8e09e66273aeec8462e3,0
1630,obj:e4bcc3390c7de2e551b8aaed96d8a9586c5c0c54537a52036cbec4fcb74e2cfc,1
1631,obj:0bea36dfe869410e0a45d68171a865a602297d5aae75cab85e2342119017bcae,1
1632,obj:374bd7d81845e90863837cc0896fb71b5f1fa638df53ca3744e2392664e3c7d6,4
1633,obj:a2d5bb1c231e1947a79ae93d2aa4f36df54ff1af6a969495731437447ff2dbfc,2
1634,obj:558c517069e6b1447edc0a86845067f002962b9c9c0828ca69f7b839f53c40ca,2
1635,obj:80cbe125c30a1a0a10ab293fa799745596d06e18a0cd32de991019c3898a5397,3
1636,obj:2f989316b0fe626dc7395ea988d7b35045ab4d51208cf8166786b435b59d8f40,3
1637,obj:6f42c582dd6e7b27eddd6730b11995ca503093dad0f4987c546821d807630805,4
1638,obj:1a5c13c22b2d9927934f3af0c8900e9df91dd56cf50360c80b72926ecb879b0b,4
1639,obj:2a8a1ac90b84e8a90778e7769aacbf6ff39ef26962cabdf177f51263512ddb0f,3
1640,obj:f6dfc7ad0a24a1574ccbd2262b70e278ce1e558575f6c0a7b21e434b0fcaae29,2
1641,obj:e32beb778d6d22b48ab0e15799222251788e76aa7d6b01049e98753dcc65f203,4
1642,obj:307782ff255b08a63ac861f3eec017af9dce892ea7f0292d9bb64ddf9d176a0d,4
1643,obj:591b3d575401c3435b3c155d5ab4be39c2f28bdd7212e539699a82fd4276ecc1,3
1644,obj:99a214c440e140113a8e51b40e78c1c26908eaedcfb0c043ac072f47b503f34c,0
1645,obj:0c7a501953f4cd983d2209680e70169e90fefee34686abe195a9f14e92a0b682,3
1646,obj:87e532692b59e8c8c249589b76bafea248d285446e8ea4c5c5178dfc72ab840c,4
1647,obj:979b79fad9bba49556da2d384d5048e1105dfca35c0a5121cd75ac2446556a59,4
1648,obj:5c83acccf968597080b7d1e424bb3953dfc6caf6b244980908beb2d25eb753c1,4
1649,obj:91b87ca334087c79c6d4e87b003f67751d20dea3ee777fcb7afba5bb906619fd,0
1650,obj:34412624ee154ab87e337844cd36ee98e681770e2cfccf77f4ade43e883e370a,0
1651,obj:a72bbca6ffcda350396a2e54914137ecebbb3c7b296f0f0050f3851ec7240052,3
1652,obj:5f81fb22bdde6ef12fc1f1fafa9483cdaddec7f3d2e8f12df7d66ae8e657a4de,2
1653,obj:ab2268181fac229995f14cfc7698e8352425f6e045047d0efdef0f16ffec7480,1
1654,obj:0862b2aa6697cf4c458e48b37df110e0214acc6d280c28e6faaadba4b3ce1543,1
1655,obj:d1339990188ef132cf5b89eb2ba070328ba5aab2a2695cab37136f8f9723dd97,4
1656,obj:c30267263715515af4e13477e0ce970a105417f63bdad4f24996bf29ce699d13,4
1657,obj:79e7defd41dc3f5b3a8943c22d845e77e1032b9eafbaa2916fcf133efd4e7e77,1
1658,obj:5ce13534406b9b2c278f0690a2d0ca673fa103d3ddbab508495359da2ea07088,2
1659,obj:6b2e0ec44714226c26f535ad06a7122223928a4608ea4205b4ebc2f5c1ea2b30,0
1660,obj:62f2b97315040ba922ab2c4aacc61b4f8184d6b2037c3cbec23f9b068c6c3eba,4
1661,obj:f75e50868bfd82a47d89b91ac5aa40eeec075ad3309b910342da4daa6e7e8dad,2
1662,obj:df38f56ff9481f59bb2d97b7e8266d8f555066a1cee765f824b3e9595c2a06c8,3
1663,obj:19f8a625aee1ed92ff24e1b594034eb661bab097d960c1f49fe03da6518c374a,3
1664,obj:5c609aaf1f61d1744c5bcd2669dfebed66c692a4063d4901ce6dfb541d8fbae6,2
1665,obj:ede78d887c0057942db3c59a7a8f03e30f228e6bbfb5455c275b0238cb581cb7,1
1666,obj:6a42d4c7ab299f471ab52d3534d8fad29dddf68383d742623aa90332cbecee8b,2
1667,obj:cbd586a18e05f68ea368a75e8e6f2dd22682119cd13cc2c0e0a0a13a441e382b,0
1668,obj:14232e3ed027da037b75167f43dab2daa945aab669b6c361ea3f1302de2eba4b,0
1669,obj:22545cbb6659ca1fb1729a007057df66c60eda008592ac5d6ba3ec422807e939,0
1670,obj:e185f3cb87dd6f96ecd6dcb725a2ef73b0afeac90bea1f6f6108eb004dcb9be4,4
1671,obj:81c3e8686e1e2a7649c7ff1ad945a427d567b94ff435d3357e76ae92075cfd76,4
1672,obj:cbc63221f137748a3b8fee24f07ab1319043c296f71a574ff4dc47b72e0adcca,2
1673,obj:45d2e83a728f903db329f7b96b4127877937f3f70861161f9aaf770970ac30cc,1
1674,obj:c003590c6350a0339fd0c88bffa2ae03a2cae6da986fe79e237e676a6762303b,4
1675,obj:d372980c8396ea0b51b2d560464b07ca36ca1abae8eeed65ba6a5edcf4e16aff,3
1676,obj:8553fd1f0c029d32579e4d47393463578258008cd6bea9e6459b8e0e39373aff,1
1677,obj:2555e4e4aa1f2f5ea33327eff2ff3ba6d5e0b04fc41cf6f648b1b53cf71c05b2,3
1678,obj:29aff9a894b516755db62f28edc58c050cbfaa9aed0680d05a260cd201df930c,1
1679,obj:34c7f48391498258c43d8e1d5039c78a38e45a63f892e3c98b19d66f21c06808,1
1680,obj:babd21227561eede84d1f70d6ff5ea0dd19b88a6cb13f9c2db8aa6549f8307cf,1
1681,obj:54136649e147d916831de6ebb24cc38d16497cd88828f6961c48103357d8d362,3
1682,obj:faa6b422e0790ecd1547ee0ce03ba75b58f96dbcd06ad9c59bff6de74b4502e2,2
1683,obj:70d2ffb95894f25e876d58414b38fbf774d947765678b750678adeafcbb88767,3
1684,obj:0862b2aa6697cf4c458e48b37df110e0214acc6d280c28e6faaadba4b3ce1543,1
1685,obj:5d1f366bd1cc6d12fda8e6203a91821d631d4776719252f007174d7541784723,4
1686,obj:c839f10d74aa14727f1f129bb9e822d92c5fe34acc3aef4b501f0ae67704b07c,1
1687,obj:a369645adb02c50787f9fa5237b39aa43eebbf3c94ff79a1363a74de666337b3,3
1688,obj:da1ab166954061ebfc0c564f831227aa3d9fdfa76af5f8ac72ce570342126d07,4
1689,obj:0f858233b9387629074319656f40dfcb6f80dab940287371279850f542ff26e3,4
1690,obj:b9f4a7f98b06383754072a85e1408d123307fe9d2e525d4f200383ce054fccfb,4
1691,obj:45a021e0b176bb09fa26806d2f77b38ec91482a16042f137f004c3de72aad9f4,4
1692,obj:4ed01982625a54d1c74910433c6dfda2a920b756e8feeb7bad9b53db7073f3e1,4
1693,obj:659ec6cef266c7d90b2e96175f6692f30303e642a6dbc6230213f246329df7e0,0
1694,obj:ba775586b5e0ae50fa94520f76bea69e85d3eea424053ba9ff4e0891e9710bd8,2
1695,obj:417488d686d906708c0eb982406b41e59dc4b537828260d0b4296a9f08f14f05,0
1696,obj:b53dc654ee0ad3949e79baa771144ecfe6f2103171dcb8d5481d60fb383a2503,4
1697,obj:ef4064def90a5f48b74a1bbfaeea03d1414962fe44ca512baf238ca19bfa5c5f,4
1698,obj:18aa839fbe8099f30e522443ee8f3f55605a0027ead79bec735248ccb667d8df,3
1699,obj:233edf07c9ed991f1b9a9484592bb601c3af6f99b25b6a20e6f346558915e477,2
1700,obj:a2c5b0c78f2031aa9fa1c6b68bed3c99f793cfa9ed2d32986265331af3f60539,0
1701,obj:336085823e7c86a91c314bbcce5bd287ec3f6e26bad58f669fc31969871a3787,3
1702,obj:567475c1054656b0925bc19e54796047816fbca9eda35b5969cdf9afc1aff5a6,1
1703,obj:71c9b63c7589f928dde668a2f52f42ad98beb1b63f0d9c49807e843634b542b9,0
1704,obj:4b2207295f3634c146902e02d8da48feb066ba1dbb7e29589b6f4a9ab5d2989e,2
1705,obj:06aa8c66d2929d272921cab1354d68a206ac38e1a0e178effe83c30b3565a4fe,0
1706,obj:5ada209b67efbb3df290b61b75caa3e61f0255a506ba9cba07e1e7ab824ebfc7,4
1707,obj:1c76d80be72fad2f9f8e0b4108da7963157dcd8d67bc9724871d220ee35d4fb3,3
1708,obj:062e3bd493249d4ab063b73d560c736d7b81e09dcd32f3b9dc70f367732085b7,1
1709,obj:da8d0309dcae2c4446207776804f1db6bbf8b88db67769d284ff804b514d7bac,4
1710,obj:d7f7393db54864f13ceef96fb9585c1e57b4c3ab161fa1099cf5b6138d2cf542,2
1711,obj:e43425a101ab6f8bb3df02064f38032e430bf03cf62b6df144911f86876e9535,3
1712,obj:c5455fc42acd6e368b17e5cadf5d189803be1705ed0ed40ab00ba66dd986d644,2
1713,obj:12e727ded497751d37a957cacf2c84c135cf65f590fc8bf93202ea4dde469f98,1
1714,obj:eaad3ec91ca03dd80c5a89b853231666bbe3343d0fcd6340f35c45c04d3e81dc,0
1715,obj:0862b2aa6697cf4c458e48b37df110e0214acc6d280c28e6faaadba4b3ce1543,1
1716,obj:8817a9c3caba45ff8e1c5722fe6a346e5fae5e3affa5ce4b223ea060628accbf,0
1717,obj:3922eb4fe458b8c1b26f9a73402394701a16478311254ee33a5038712e011a83,0
1718,obj:623bc8285c3849493489966bd0ff1b67cdcd2275db132aabc627c308cadb7126,2
1719,obj:b8e9098b4676c78aeaaf02dbceb545bbc5bf735cc309a5aa12601d37000ff176,4
1720,obj:04bbdcb181fc1fd02d005265938aff3897a51617987fe81f8b82aaac1dccfdd9,3
1721,obj:0a07f1896ade0e2c3ca219526da56c4e090296401aab56f29bcdd16fa9c5c0e3,1
1722,obj:e3dcd2e89f2663987860fe985f8492cb6f044371fdc02a211b60fec7eea44686,2
1723,obj:b01a8b916c6c97834f5b640aaa03e83e45b311ecb99e6f09eab2a7faad1bbc67,2
1724,obj:467ed4dc5d7cffc486e70d85145bdd0a7decdcbaf527f8cf038b90e0d8a5ea62,4
1725,obj:4994774694a9ef7a4e6c651c692f7339893a3e22fea05ee3aa2ca185d3ed62dd,4
1726,obj:8c052d280a6f9a15a48e1771f829f7952f1be9482820f41b400e86982cde00ae,0
1727,obj:00266803d61bb3bf4155df83ad139ac911ff542aa00d8bb65cba2de6cf22152e,4
1728,obj:e73ab9e1b59547a7d30dace66d521f0a81a80237990d243310df7106ce32e575,1
1729,obj:6d0f778432c16ea5fc3f15e11eec1e87d7e437a3d04b32fc075e9890f54d7f5d,3
1730,obj:bf4ac1f5b120f5c6b953d1cca9a0414ead41cb8a002165288ca78f1090cf64f8,4
1731,obj:327dbdab56a83001daece5fe35d8f78a4e249d4e7444dec1651d42b0de4ae0f5,1
1732,obj:3087ba15a79b801ecad22fc90f88eb80c033293e9a45705429c8a0a6099eff3a,4
1733,obj:95bc153211458519b75c46ed91dfe32f2f5114d001d1d588ed563b611e57aeb6,2
1734,obj:71c9b63c7589f928dde668a2f52f42ad98beb1b63f0d9c49807e843634b542b9,0
1735,obj:0eb7709d661e00e005d4c7e909480c3b5bcc09b5610b17f3055117468fef6a99,4
1736,obj:cf2a7eb3e49f140186c1263ce694b11489b7f8beb237d8930becff0403e2ffc0,1
1737,obj:61d2f917bd1ee7a1daec314702fe9fc16d30c625f60b9b4b5fd33d1cf6367563,0
1738,obj:cb6ae23bd20e3d5fa051a48a74bee31f81e535ec6e5600883d56e0f4792715de,3
1739,obj:d7cddd8eef04e1e788ec3e029c0392808620894f7eb753d1c47d8e955f505ec6,2
1740,obj:406153420f6ff0d0d6275fe7996d2877d3e62f66e44e126cb3c3b45dbc088317,4
1741,obj:8ed241e9e66f276f258064907cabeda0ba53afdb0234d6f7ecfc6b7640f12986,0
1742,obj:99498c4cc636776e8ee2b09a2b8ba823d76b63372151f6af806c32be3463b1cd,1
1743,obj:ada0c529e4fbfc88ed0a17d3adae4e82f52734bb52c674fbd5e39a2d1ba2f25e,3
1744,obj:00266803d61bb3bf4155df83ad139ac911ff542aa00d8bb65cba2de6cf22152e,4
1745,obj:88bf48c888851646c6d8a91cd72e97d22d9858b4c868602864f9b3921ec7099f,1
1746,obj:bf351c9491211ecbf753bf9f089b41128a59cd291a7e1142d5d2105bd3ce3e8f,4
1747,obj:cb82bc92e39b6d517d6ea24c06730eb49c4373de3a2557884309bd20252d75c9,1
1748,obj:87554a1849b5048ab4589378b1e4086a15bfd868e0fbbbdc0a78b32aee1217cf,2
1749,obj:6ef0468a25ec9ba830573a3824d793e9527c0034938d9b6cc0d9b155f192c09c,2
1750,obj:b4a9e5a5d3d453d9a2d86d6f2676fbc363381514b40bc43c95db5428dc3d749f,2
1751,obj:58e3cab8abafb25fdd836aab6be90b702271859d34fb44e2ed3f89200627eaea,1
1752,obj:65550a8ff06787c9093bd33522a47c88cdae7a4803919b88575768fc1ac13982,0
1753,obj:d03d14ba9c06f6bbd411f46fef27cdaaf4e48ebd84e48b2dc413a145fc91fc95,3
1754,obj:79e0093b5ba67fe5af2ea5acea2a91e93f762317de571fcb41892d8da0265ae7,2
1755,obj:5370a3e5f165f7d5d3bc88576339e09c8b89ae0f7ee094133fbc7bf8a488c605,3
1756,obj:83e179c685de4b4d6e0ad8503d74d99156057a9d3b5e7b89e237fd3ccdfee603,1
1757,obj:8e467c1db4c002a81ef30f4911620fe709877434588eb2f7cfa2331df6e517db,1
1758,obj:dbdb03bb7b9f781c10a2199dd091fdc2315e0e44c31812ea3e0cc288acfbcd54,1
1759,obj:e0bf84cd5cddb2def23c5f0278ff4c22d6f8adc843beb1c01ed7c0b516a98b27,4
1760,obj:694ff311ec5f7f7d4e822115665b7c8248c3e6ddc358a4e11a47284883a013b1,1
1761,obj:dd9bf9ad4198e4f5bcd17a41dcd123283d83bf1f6e6935a6e221a4579fdce92f,3
1762,obj:1b45c5b68b3f5cf152fcf24404f9f19c1968dc7887286720daff04c65f55bfb3,3
1763,obj:c6df10b419d92b6b5bc70282e76dd06470d4f35e2bff29147ea3c859f4106ca5,0
1764,obj:4a81dc3adaff0e4807d8873ee01d9089c252fe547236d5ef7640e73aee81eed5,3
1765,obj:a1b21fe78bdf6e199d0001de9edf1b6c26affe042be01a4e3f318f3e9e29ff0c,1
1766,obj:ff89ef3b8766ce96afe76e5429b9d770f242e71cc6a3b73d8ebbf321856a90b5,3
1767,obj:268b43e49340118423d486c966f210f812306b7df6da4d2ee918c374d7bf912c,0
1768,obj:17c264167b47eb44607ae9eee12f5d325d5c74ce37d0eb2ec73716c98019cb81,4
1769,obj:dfe0242cdf2ab9da362a859c38d95acc1f82c9721e69114ed95de37b36e8cd87,3
1770,obj:e73ab9e1b59547a7d30dace66d521f0a81a80237990d243310df7106ce32e575,1
1771,obj:9092fea0ed1ffa5ffbbc1bcd4fe3015467de4bb65e045df11afca1a5a923b50a,0
1772,obj:9591d94a12376ed42db708271d0f08ee02c7d1b038b1714d1f90f1bab78bf1b2,2
1773,obj:c0ed34bb09ad286cdea595a3e74c34b9e2a786053000b2efb99022565f37e384,0
1774,obj:ca8395ddad9afb12a69f9e233e29441610aa0f7e8bc8ea8563bed414033db0fe,0
1775,obj:0862b2aa6697cf4c458e48b37df110e0214acc6d280c28e6faaadba4b3ce1543,1
1776,obj:8d6db669af0ebbc49893517bf8dec6746a8bbb9bef61eaf2ea1e4f0f258111a2,4
1777,obj:0986b9d72056ad1573250b4be365c67ce417eb5280e306b7d87e1ca6adf4a6c8,2
1778,obj:eccf608ab1311c270972b2bde1b11074b67e485d7b362f2b1b5dd693acc6a8d1,4
1779,obj:e857b470710f0bdb919d44a1621d6304935c18f2e2b30cc6f781fb188ee455c6,0
1780,obj:a0d35acfcf29b6d09f552204be1307035246f0dbd040b5e30a0c63f2abc40567,2
1781,obj:1b45c5b68b3f5cf152fcf24404f9f19c1968dc7887286720daff04c65f55bfb3,3
1782,obj:f6b6c47730b7bda40a835130765d2818109d5003065cde4ac525b9d6d62ba65d,3
1783,obj:385834cdc79086358d9586d671fb157483a4a224e7ff34982ae5bbd4485b9f14,1
1784,obj:708ba303e1c27924a15425955d4bdb79662833c608a103ea5a009dcffeb4a23c,4
1785,obj:843d8180933b4e1633557a57c679ad6139b99fe5a254b00bdd6b121a72b9ede1,0
1786,obj:31356ad2bb7a0aa79ebf3aa1fa650e0355f5c802f10b01859e861ae39ac2c590,3
1787,obj:66e095f46a78abf7cfabbd2b8241a8209d305593b8e38c02f5868efbc32131f1,1
1788,obj:97f0f6ab1cc802c5729dad681328513cacb64bd81421985ac574e7adf93681eb,2
1789,obj:7145159f6c4158f1129827e7d378ed7f843269e554582c5922d0baf0badc977e,2
1790,obj:5ada209b67efbb3df290b61b75caa3e61f0255a506ba9cba07e1e7ab824ebfc7,4
1791,obj:188a399e6e6902d06f0418e77e8f9d3fc4b4dbad6b0a99bb4109bfd837f12ff1,3
1792,obj:db67588bae68c66cb267dc4150d77b62a2f1e33f9434e1beafaa47ee48261de5,4
1793,obj:171c5e0dcb8dd269b317871f3752bf7986508e79ea733199c72e15997e80165d,1
1794,obj:c7588ab736da0cd0e738bd30526126dd5c97f420938d504b16d426a5c38a8f6d,2
1795,obj:468b64cb14e27ef1c10a625eeaefee78a7abb6ef4e080f569c30b53613792247,1
1796,obj:bbc4a7785c9d389187a2dabd1f4bbba0a1f8397f0937d559bef4fdd7bba5153f,2
1797,obj:793eb06fe3bb7862265036c27d7eb0d20ce5995f28f732b8ba9261a84acb7e12,1
1798,obj:435c0d89d74d1e66841c23c08a759dc0c17b92e881fe647a6e7cbfa59741743f,4
1799,obj:abf156df9d1c1811c5cb3e644db7ad0d37f0b8c06581b6589f8ad2305621efe1,2
1800,obj:0108a026112f3e301d954e729fb6c31561b51d2391e706ef5b6c8a1f41b5af35,1
1801,obj:45362a75000c084757cd08479e4fa728ab9eff667078384c98e1758239c63d54,3
1802,obj:3a04313c6446c1d8c4ff251259828db9ee9278b36b23b5e68dfe08c1cbbec70f,4
1803,obj:acbbd7aec28c19a54b2dfc089a03a3b647d18549357f74207bb977063d64818f,0
1804,obj:f74f2b6f0c388e28da791bfbd73434e571e6baa2cc839c8206d3d389496faed8,0
1805,obj:6ad40eed9f6ba480aa72a99ecde93d0724ee84b048aa801c9c3dac88d69a81cf,4
1806,obj:84bca7752b7f3b6df29469b0dd917ada208bf8fd99f9f9330ea20b31ce583f33,0
1807,obj:2ee4c5b9d53f1019007b539203058ea69515274b0b3c7f7be7fcf53ab5af8b06,4
1808,obj:a7da16617bbe25866dd433ffc0f0f9b188a0dbe03f46970c881abf0cb0ca2235,2
1809,obj:49c8aa80aa82d7c166eb08e872e16dfee8aa16757f1f6824abd96381c386d37a,2
1810,obj:34412624ee154ab87e337844cd36ee98e681770e2cfccf77f4ade43e883e370a,0
1811,obj:853e31aae9ccbd809a3f5dfc69c63d9d87feee6906381b55e2ed1687040d5b52,4
1812,obj:4a81dc3adaff0e4807d8873ee01d9089c252fe547236d5ef7640e73aee81eed5,3
1813,obj:215dfcfc2d8f79e778179e5315cf152791dd354359fc31d9b2988c001b0cc6c9,3
1814,obj:d6d685bd1d2035db10c9e6c8c71172d6037c6eea7eac718cdd7e6bec84bbd46f,1
1815,obj:d8249e88b946b57b93789a90872cedd073bb240cd25f5949ddd095fba4db231c,3
1816,obj:a5024b8312869646fd7f7d49edca7f47d8b0bff9dfe7200660eb19ee3c16dae8,2
1817,obj:f7e412a26d4bf99df7076b17caa9ce1e93eec7b6ba1ee9dd52a807032f807bb5,2
1818,obj:7534f2e6a1e4d1d84c3f63f3c6ef185904907fa5acd02e69ef55104eed8156b0,2
1819,obj:6f42c582dd6e7b27eddd6730b11995ca503093dad0f4987c546821d807630805,4
1820,obj:4ff5c5997a9c3f3e405c9da202d0a73d3c3550cc47665f56e42965de84175b6b,2
1821,obj:c15444210c0b58f0d340616dc279b155aa5fc64daeda15ed001651c2b092ac41,4
1822,obj:4f153554d2d7f328fc6beb76490d470fd0ec26a865be67863906a6306d19f8c6,4
1823,obj:c0d7e24c787ee4ad9b315ce045767da21fd8d2b2b36b54807e81350f262baaf7,4
1824,obj:c00fedb3947624b3d2dc9e29eb7594728a1fdb644372e8668398acc775798979,2
1825,obj:b6af99255d06931f7a0eaea52d4b842a256e57e6d81ce25bb3d1c503a58d2fc1,0
1826,obj:156db8ce2b420c3cb89cba3777b23785606de1165e661eef04ae4fab34fa53c8,0
1827,obj:536467d4ee88ce613e66498f92789eee5e830a85f869e0e2bec01b848433db07,2
1828,obj:e185f3cb87dd6f96ecd6dcb725a2ef73b0afeac90bea1f6f6108eb004dcb9be4,4
1829,obj:7ad8cbb0d2e8124a5775fb5fe07c994343a6265b69c13bb0d02a66a0dda46686,2
1830,obj:d7f75703ce124b8c103da9da01846c5876069d8e711aa6754419942516b6ca89,4
1831,obj:8f3ca1dbc0794169918a53da5df849605861dd54bd45027a789dbe452a85db48,0
1832,obj:f90f7e21e775b08093260038a6502ea5b7e22cd9b7c24acad76a2c7e1ed4f9d0,3
1833,obj:960a0fcdda5e5e5db03728b38e34381150fe620a9d8788effb7752fc47c69b7d,4
1834,obj:e869fa3e15b9ee77d23fb3c1f67413ee3a2e62ee5c918a89c27fbed851b94ab9,2
1835,obj:a546ffc670fefe1134bb54420bcbd7475435f0091590916c4f48ae44f2ec87ef,1
1836,obj:5c83acccf968597080b7d1e424bb3953dfc6caf6b244980908beb2d25eb753c1,4
1837,obj:2c0f34b8bf9d8e437546226233253b64334ab8fd0463a73b74d18d9874532949,2
1838,obj:43361025cef17fdc465a814dcfaf492cb29bbe0e464486380a11e788902179ad,3
1839,obj:718ed53c6cb089ec92034b95cd75d5ed4efed8683c3793738add57b3992d0f08,1
1840,obj:8ed241e9e66f276f258064907cabeda0ba53afdb0234d6f7ecfc6b7640f12986,0
1841,obj:3a270f220e9f7d1f03d8fa06f74d18310900b9ea838e4941b168964a6e714dc6,4
1842,obj:764ece5cd1149cbd500c8e1cd3c5bc6b48892789771944cee2e011171ef19f90,3
1843,obj:a9974f1de4e60c550662eb080bcdda27a65ee874416ba97003e3de96c28ca97e,1
1844,obj:c55608048b70caa66993842cb0629968de95c14d3c8c6dfbd115c8fa81ce2873,2
1845,obj:22b71aaf7febd3ecf1d26705b2a651de070cce606513fbd9b11941f763d18e33,1
1846,obj:1b45c5b68b3f5cf152fcf24404f9f19c1968dc7887286720daff04c65f55bfb3,3
1847,obj:3d6dfebb1955a4d6787bc1725e7bcdd370a961a3da00d8862114768813752f19,0
1848,obj:a0758ab2a908180dff98fd16e6495440183b176d2fc3c4be5a760d6609ecf564,2
1849,obj:b22b996fa01bce2e127a937b594a2adc4d0af05c7cf0337acd87a109d5b1548d,4
1850,obj:f031f2802f34466a42e92f5d1f956d92308d57eec0db8f8fe96cf74f222dc680,2
1851,obj:abf99b43746bafa82f0bc698000dec3c1ce8a24928f24fbe639fed8197e9900b,2
1852,obj:cbfce3044d1a5f6ee5473f01458826757031eee2d6c43bd34e888ef316a66008,1
1853,obj:a6805e030250838b1ab5eb44e80925c8c4bbf566b215f1b7ceb8775d32506264,2
1854,obj:a93ff48a4a0befb8c12eae8dd7a36bbb62f7e8bcf9646935d341b66ac06007b6,1
1855,obj:c3c9cd9a75e3c8052891b21dacdcdb03a83664c2a304150a830731b7a87f1878,0
1856,obj:0140edfa0a133a8bde8fb1b0c73ad636b429487c3c3c82e963a1f25c21879ec5,2
1857,obj:803dbc337ee3a2a51c1efa65d31bbb47d118a232c4f6bd74364e155d1b746b5e,4
1858,obj:6ad40eed9f6ba480aa72a99ecde93d0724ee84b048aa801c9c3dac88d69a81cf,4
1859,obj:4b84729c08bc2842b7499d6ad7f141ec6890a1516f3c392da4d40162cbc1dd88,0
1860,obj:dd800cadb77067c0e881d10dcf9cf70b56c88b4a82611b4f71679b184d4a34c1,3
1861,obj:0bea36dfe869410e0a45d68171a865a602297d5aae75cab85e2342119017bcae,1
1862,obj:e185f3cb87dd6f96ecd6dcb725a2ef73b0afeac90bea1f6f6108eb004dcb9be4,4
1863,obj:a1cdc7932545ff75a866ffde92c5b40a7108e2555c67fe2cecbc6212b6382c9a,3
1864,obj:3d8d7de877cf425a4fa630c94d8b4e140324ec8fdc9d342c0e13c6df8680fd57,1
1865,obj:a878e486460d2af67977807cb155958b6bf6de4ddb8b638911f5782c91cf73e0,2
1866,obj:73d8918c4a67b4e5d5d90ebb4a11719e7ebfe2431e963c926993195be652b3df,1
1867,obj:11b50a012bca46773ec2e346fb7169eff4e84a683767add2386b60cac88be307,1
1868,obj:f63840b2444e30a21d6d0dcb0b96e5765c5263b6eab7d3c026b741c6edff8e13,3
1869,obj:3b8bf6271621b83e6ddbae8f0f6f7fc948771b3bdd70374a1481737e7dfb6d3b,1
1870,obj:0449093a43546338714fbf0c7067bd88b1f34025b946d5ffff0e94c1855d71d6,0
1871,obj:0449093a43546338714fbf0c7067bd88b1f34025b946d5ffff0e94c1855d71d6,0
1872,obj:e9878c4308d43a4bcab4c0b595df3d51b5b7e300600abbd46d0ec2a67a6e0406,1
1873,obj:3243dd0910258b266bb13470194a76b47fa283154a20865f5dd07122a3bf9037,0
1874,obj:cb6cc8966f41913f175dc58ffbb0889183873ef336141fc98fd46cd2b766868b,3
1875,obj:7d76a8ac29a79914ddcda4ec2ee22a5902e164b0b8867ec83f62353e4cfc66e1,3
1876,obj:84f7b045f98e39ca3c242129349c0f7de10bb8d09c553fa8c49642000e6ef642,3
1877,obj:b0166209217d4adbd7926f141c7e600daeb46b28fc8e428e8dd703f0159982f5,3
1878,obj:2d305cf10fbb2031ebdcc22cc816a918c53a47df7a70eb307ecd6c9529c16648,4
1879,obj:42dd8e966f03d22ba1d54496728ba67cb27cb50a54c67aead9aabec96afd5988,0
1880,obj:0bce5c19f33a48f32e4ec0899c403aeef98ab5985364afd20cfd4b4838c6b1e4,1
1881,obj:4d11961e5f807ad9f6df0ae8e299dc67c12fbd203a306c3ddef1dbbad7417e9e,4
1882,obj:424e955b1b61aa324b91e441625d850e0d7bfa72b1d21ff53897b5125f27d5cd,2
1883,obj:e10fde774895449ce1b959293ab895dd04e6cef96a40e0b1d6135f0000ae2b64,1
1884,obj:8ea4f32b1749c0d7ab726d89c088a94fcd45eae5fc5c8302a0476b096bfb7714,2
1885,obj:a3cbfc4a0d3db8e888d5437bfeb68adf952927fcd6b5edc78135f759c26f53ae,4
1886,obj:119568904906632859e5aca85087a5f8d5a0fa4b369a3a16bfb59526dce430a9,3
1887,obj:7d233730421745a4878a97314267554297ec3f82fa39dac2b7735ad0038f86dd,3
1888,obj:8cc407c459441462a382bd40856809b1fc3a5fe9ed8583704f6e62fbf9ab1f08,3
1889,obj:b8c83b8e751d29ace7673cef59f8e09559d1f64d1276b3cceaf317cc083e1272,3
1890,obj:3a270f220e9f7d1f03d8fa06f74d18310900b9ea838e4941b168964a6e714dc6,4
1891,obj:3128629e86261756349b9a2bebbd454a1fbaafb18dc815ed959ddc9c402442df,3
1892,obj:09a3effed1840cb8c82469b0bb452f577b68895579f6cb9eb25bcc7c792253d7,2
1893,obj:106770cb7a7fc11ebf90d812ee969cf37133e45f34430c9407e16b241a959844,1
1894,obj:f41f8f694efffe7106adb9002b3ef5920f971d34416c529566656d6bbc75a579,4
1895,obj:7269b69f96c92909a252f9350bae8e7386d74dece658b66f8964ae7b66ab63fc,3
1896,obj:88cb42c6d170d87192ef8e3d33598d56f3cdddebc8d97393ab0d1539ce77e5ed,4
1897,obj:0cfd26ed4bfe4a06639828239c9c3efece889671410e0a5252580e77f93ea1eb,1
1898,obj:6ad40eed9f6ba480aa72a99ecde93d0724ee84b048aa801c9c3dac88d69a81cf,4
1899,obj:6d66e7a062bcf087210b4961619d1478e6cd09f76be55121458b089655edfac2,2
1900,obj:ed07405483b75e34e1973158a9165f63448d3a422623b8fcfb55fa2d5a50e5d2,3
1901,obj:65eef277473fb57d85d9eae0733985511d6a0a093c1d78d29acfca7737a1777d,1
1902,obj:34c7f48391498258c43d8e1d5039c78a38e45a63f892e3c98b19d66f21c06808,1
1903,obj:ea2a4af2d1429f35478b1f390047c395025a69ee6334ad24999936761562f360,0
1904,obj:51446fedee2671b747a39866acbb331cbd431fb26794b6ea9834c4d783871ff6,4
1905,obj:6f42c582dd6e7b27eddd6730b11995ca503093dad0f4987c546821d807630805,4
1906,obj:82ea8f7f185d43bfe98f70e8ed63d293169c28948be8d057ba3a2bb4d415b40e,0
1907,obj:eb753dc0abe4ff994a2ab6dbb513d29041e676f233e90ee1f27df8fee7f638a9,1
1908,obj:6acd53e0c7f2d0338c0a29462f33322fe8a0fa8a1f9ce3f8740a4aaec447fcb1,4
1909,obj:558c517069e6b1447edc0a86845067f002962b9c9c0828ca69f7b839f53c40ca,2
1910,obj:917723c8b3ee216ea2a26179183f2cbaab99665b7acce15d90cec8985a3046a2,3
1911,obj:843d8180933b4e1633557a57c679ad6139b99fe5a254b00bdd6b121a72b9ede1,0
1912,obj:39fea455d7475c6bd7e9ec679e84d054ca1fac483d46136925448987d04f2450,1
1913,obj:0862b2aa6697cf4c458e48b37df110e0214acc6d280c28e6faaadba4b3ce1543,1
1914,obj:2454d0f988961116c3c1c951b489f63a758755b4a6e637d0708e069ebca004c6,3
1915,obj:972df9a073373b6f923c7f649c1faabd9c1be1ec663dab6d76d1ca9bd7457a16,2
1916,obj:3374763456e9f00889112fa12bf5cae28064a1118804bd4ae6f0a3d41fd65286,1
1917,obj:a2d5bb1c231e1947a79ae93d2aa4f36df54ff1af6a969495731437447ff2dbfc,2
1918,obj:0862b2aa6697cf4c458e48b37df110e0214acc6d280c28e6faaadba4b3ce1543,1
1919,obj:5d4d9624a63239f6101fc30e8ea451285a047fdea23c11cd252afba205426176,3
1920,obj:aaa33d2a19973be299b6c110fa8dc33f9b22b1b9e5e945c683f06b17e417328c,4
1921,obj:66d64c1575a3dd5b9e4847dd8345dce40dd7e47fdd426c4e0e295f1ee162989f,1
1922,obj:4f25dc37596f282d4e43d1e2ce9414be31c236e31e66c78deaf59b35817f2eb5,2
1923,obj:c5414b572871c2e9a7a1aa1cb8b4d9499f7f2e43d0331c8420c1143028da5328,0
1924,obj:bf002e443418c4eaedb4735e113809191bd7cb3b1c0d6b1ab2946741c434566c,4
1925,obj:cf45d7475ae11494b15ba70fa335c8b9bc99e22ba1602a925e24f32cb836945a,3
1926,obj:8f9d7d85ca51d82996a0fd0c55f98e52660a61b25261b533cf20f84ddd1c72b5,1
1927,obj:a036a3eda7133676a470946bb19154b0ca38ccbb997ccd449359bc6c756b39e0,3
1928,obj:69f7f4af6439f83761c7ba4c47037ff72910d697448500a6850d791964e0e14a,3
1929,obj:08f2dba27ceefdb25ef989494eb4ac4a8e7382db553f7ff5cdd5a9da038b387c,3
1930,obj:743037e8f346901c35f0084c2d603827307b58149555641d77e2f17be478b9a9,2
1931,obj:f86748f8df94f7b5e45d0da7b03b6eb9a3793774f64fe3732d04efb3fe2a37cf,2
1932,obj:f16f01a32da8a4f400a4a0ebd52c2d505872b7bec7c3d6170868c3df8f7bdad3,3
1933,obj:61d2f917bd1ee7a1daec314702fe9fc16d30c625f60b9b4b5fd33d1cf6367563,0
1934,obj:a2477681ca69b3021b373a0d83996a90d6346f2e1711d2f870118c33a20f3888,3
1935,obj:565a465b14d5afc16a4f31860f03fdce60902a3e051e83508bfb38724e6b2d1b,4
1936,obj:a5024b8312869646fd7f7d49edca7f47d8b0bff9dfe7200660eb19ee3c16dae8,2
1937,obj:ba775586b5e0ae50fa94520f76bea69e85d3eea424053ba9ff4e0891e9710bd8,2
1938,obj:7eba657527e94d807144617378bfe026f23b79c9fec0f5ca12c0c45f5caaf3c0,3
1939,obj:0862b2aa6697cf4c458e48b37df110e0214acc6d280c28e6faaadba4b3ce1543,1
1940,obj:e15696aff9010e71e94e78c9204d9879c7ac81a673e190ceea95023e1c558a1a,2
1941,obj:cedd2ba1f632a53c47460ae0d3b362ec078c16a162105fc52451026a252cb857,4
1942,obj:ccf44e16517ec071eb772530ca1790933c43b31c483a481c51f50e6238e1b2a0,0
1943,obj:fb3eb605f840706efd9424290d6eac2defa087daf4b33525ce79e6a036adc115,2
1944,obj:f8ce0736c505bae3509e4c52ca9f75857ced518d2c14f19fd1070fa6342fe38c,1
1945,obj:c79cd01128fe490aa94844d03157c358429276855c2ee091817136deda2ede6e,1
1946,obj:8b5fa9dbb1ce63753899dee9e3334cdd1cb2c5d08306f9473a0af83685be505e,0
1947,obj:c7588ab736da0cd0e738bd30526126dd5c97f420938d504b16d426a5c38a8f6d,2
1948,obj:558c517069e6b1447edc0a86845067f002962b9c9c0828ca69f7b839f53c40ca,2
1949,obj:e3e12daf8b7afed0ba28011a35bae8a7709d8087af200acd90600162201c932e,2
1950,obj:341101f0fc501c9f6288f9a8c7410c9c22afe9c264bf41ca2dd0b5f192d63a4f,2
1951,obj:452e04807a768f7b80077e584fb4e6ff0587b9add251215e77d5eb55b550d48d,0
1952,obj:04c79c7c415b86e5017fefcc9ab075b146c0365a06490125db71fec0b696c6e1,0
1953,obj:15b4433f36fe9dc0a9fbd4518ac7b22da994294594551feb5f652eb946ff6f3f,3
1954,obj:3141d76ea22d50fdd52d18dc11dd421c1e59a4e410c49677fe81381d0aeb1c19,0
1955,obj:bbabe616e3525cc281f3303a88cfcf0e94db77af9f8f5fb80215f2be7c028fd3,2
1956,obj:793053fcce151262705df1639a5f501f5f9ef2d7f9750f7869fe8bad7f28b850,2
1957,obj:37e0f5c8123034180d27a8ee4673be0fddb08869d973f77c477681d15fe6f948,2
1958,obj:60c8dd16feaa1edc0265301d9f78763c415603bb293cbfa4e21b5b78becfbf81,1
1959,obj:ee38c04f11c29b778df9c9195e1fcecf188bd641cb5c1f1c917bd3dfab3054e1,2
1960,obj:06f56086c0b9368ce643a2568b292a7c7ad9deee410d1cf3673ed4e818240729,0
1961,obj:79c10d4d502b914ccffcd8be1bff00a2d55005f8ff6274c7a7c3273a0a085cf4,1
1962,obj:b8cb3c2c097442da5594d4b3eeffceb3c884e07c8bb197de4a0890357d59359b,4
1963,obj:45362a75000c084757cd08479e4fa728ab9eff667078384c98e1758239c63d54,3
1964,obj:f1e58c4560059976cfec789d7c9a8a45c419ebfdaba55c4f7b9c28ed40838c31,1
1965,obj:abbea23366ec8d7b71ac9266ec9ece3746e668680219d5a874fd5bdb5181464c,0
1966,obj:fbadd7ed6f6bcf25291e71acdc68c306fbc7f352096e67c056445fca0f00e4a0,4
1967,obj:792097c1eda91c4ab47b707ea6913a1e1777cdea8c88822ad807abf274ef1c97,4
1968,obj:1132f873d3c78723a89d9bf4b0b7a70bb542437a0667f6387db51299388598e7,1
1969,obj:02f536da9c30cc410a379452021c4aeda213f5eeb9e73bd9493ca30dfd511b80,3
1970,obj:d4a1470e7e57a262daef20ad2f378d934ef6af5c63a7949e8a983da712c1d5c2,4
1971,obj:152e33272cea44ba414997eddc3f974868d1d343282e66cacaa648f5efd2570c,4
1972,obj:cd78a146353e6ab09706a2989769879ea76046a064b6abdd93df49899776a325,2
1973,obj:7665bbe72f0a41b459af0232a8b084233fd4f1d6fafbb84506ca0ec7ca1982a0,4
1974,obj:37f8a5959c6971c43e5810a2ee6e6a7d7e6755c7b6c9fedc5d80f17f7057b48b,2
1975,obj:be20ee8c50deb1bd2a8aa43422356193428dd37a05d459496a6c6f4e8a956a44,2
1976,obj:2bd473c37a5e3539d1dfaedbee2b8d42bfbf5a73b9b30557135a702879578a21,4
1977,obj:73551b1a06c8c97017c918071b88bc9c0100e8fe2b3b67771f36cf5f41272298,3
1978,obj:03a12e2c778d44ca97bb9c328d36d0d4fd7645f734d4009b2f5eafdd48080703,2
1979,obj:5d2727ebaab86cbc51eece674fc47a1aa712fc9978a1fcdb97a7a40872d26837,4
1980,obj:a55ff019784203e9746faa2ce69cde5bb800d404aa8b1dad25fe05e6e2ff9f1b,3
1981,obj:a2d5bb1c231e1947a79ae93d2aa4f36df54ff1af6a969495731437447ff2dbfc,2
1982,obj:931f8e193d34101632f7e8a18136c7dc696d5946ff2faac69a28c0483e62a59e,4
1983,obj:45362a75000c084757cd08479e4fa728ab9eff667078384c98e1758239c63d54,3
1984,obj:20aa8ad19bf24b88cea24ff6d03c0782e73451c27fdac32adbe6d093c09568a6,3
1985,obj:6f42c582dd6e7b27eddd6730b11995ca503093dad0f4987c546821d807630805,4
1986,obj:17c264167b47eb44607ae9eee12f5d325d5c74ce37d0eb2ec73716c98019cb81,4
1987,obj:e4aca3afd585a7b7697310afdb2d981db7241c0f2abb5a4a09c1fd8752fad618,3
1988,obj:cbc63221f137748a3b8fee24f07ab1319043c296f71a574ff4dc47b72e0adcca,2
1989,obj:d6ab458999e9d7ac093b36fd4bea7e579b9207d887520c42000892267bccee7e,0
1990,obj:959e779bf0df0428b6402dac39b7028dd212aa5b5f6d3012b787cbd6385b8d6e,3
1991,obj:ec24e37899439a269cbaba24f857eab788a1e8abfe394fed62046b331b8ed1a9,4
1992,obj:afdc8d9949897a8fff3ff422d3b6e39e9631f3349b50f4bce44d7ccf7721cf9f,1
1993,obj:8aa448c4d963bf91567a99073f6297ea875e1acbf19a9ae4528e2ca7a998d01a,0
1994,obj:735266a93141340c7a96222ee927d99c22d79cd8bb495e98959b6d9efbb88574,0
1995,obj:d0d1911ff5d86d30d7e09d258c71acf4f0715e8ddc121368839627460a5d8920,0
1996,obj:b0d1a631d1fe870562d29ad21c4fa9d6160913df02a843c1568b125fbb4102ea,3
1997,obj:a546ffc670fefe1134bb54420bcbd7475435f0091590916c4f48ae44f2ec87ef,1
1998,obj:3b14b7005ff990d92e339eeaf206c074d5f9d43b5913515f523ca6e5519fe87e,0
1999,obj:2f444e8c2046aa84cacf0f36b4df4cffaa445fc6e830fc30cb344c7ee505dc5f,3
2000,obj:bc44cf4b68455bb975c3769025536441435a3eb4431b181ffdd89ee6f6f0119a,4
2001,obj:bc44cf4b68455bb975c3769025536441435a3eb4431b181ffdd89ee6f6f0119a,4
2002,obj:66997df3441f67cabbec4011a1a9b93162cd2554746c3dbab50a87d3f196a504,3
2003,obj:66997df3441f67cabbec4011a1a9b93162cd2554746c3dbab50a87d3f196a504,3
2004,obj:c55608048b70caa66993842cb0629968de95c14d3c8c6dfbd115c8fa81ce2873,2
2005,obj:c55608048b70caa66993842cb0629968de95c14d3c8c6dfbd115c8fa81ce2873,2
2006,obj:f84780a01b98309ccfdb2e19afddd60cfaf5efc829555f53493bcbd6cb4134f3,2
2007,obj:f84780a01b98309ccfdb2e19afddd60cfaf5efc829555f53493bcbd6cb4134f3,2
2008,obj:3beaf20351309947f3d32b64709d7be9aa8f316c037640eaa967c4fa7a621d79,0
2009,obj:3beaf20351309947f3d32b64709d7be9aa8f316c037640eaa967c4fa7a621d79,0
2010,obj:911e21dde8a04793e7fd5e76f54aaac077d38ffb895f6c78b715c9ac974ce86d,4
2011,obj:911e21dde8a04793e7fd5e76f54aaac077d38ffb895f6c78b715c9ac974ce86d,4
2012,obj:1020b8755094772a8a0f2ba40f7e962a422e7f4b6a9fe7ab0908e1f707851870,1
2013,obj:1020b8755094772a8a0f2ba40f7e962a422e7f4b6a9fe7ab0908e1f707851870,1
2014,obj:248c56d3525def26ad293ed01ed3e07166cedb545ec75dce9f54f7c411b28e5b,2
2015,obj:248c56d3525def26ad293ed01ed3e07166cedb545ec75dce9f54f7c411b28e5b,2
2016,obj:d8fc075243cd254c454aaecb918b5aed571b062a241daec8bb1a59746cb41aed,2
2017,obj:d8fc075243cd254c454aaecb918b5aed571b062a241daec8bb1a59746cb41aed,2
2018,obj:8dcaf094c873bd4c0ac6d76fe8bc502f66eb7d73026970ef15bb5cc223c2e058,3
2019,obj:8dcaf094c873bd4c0ac6d76fe8bc502f66eb7d73026970ef15bb5cc223c2e058,3
2020,obj:a2ab267874106a40885707ceddae05f1feec30888f39d8751628c6fdfebf8b1b,1
2021,obj:a2ab267874106a40885707ceddae05f1feec30888f39d8751628c6fdfebf8b1b,1
2022,obj:07465541eee71fde2d20fd61cc5bdc048b332ffa0ac4c4e600bee20c620a4fa4,1
2023,obj:07465541eee71fde2d20fd61cc5bdc048b332ffa0ac4c4e600bee20c620a4fa4,1
2024,obj:04c79c7c415b86e5017fefcc9ab075b146c0365a06490125db71fec0b696c6e1,0
2025,obj:04c79c7c415b86e5017fefcc9ab075b146c0365a06490125db71fec0b696c6e1,0
2026,obj:da256549f232cd20673034481973e503e68bb655aa7da22070120ac93432cfab,0
2027,obj:da256549f232cd20673034481973e503e68bb655aa7da22070120ac93432cfab,0
2028,obj:2894bd4e8c8da1814064edf66b8e8c497d6c233368dc278a54c3287a68e8dc25,3
2029,obj:2894bd4e8c8da1814064edf66b8e8c497d6c233368dc278a54c3287a68e8dc25,3
2030,obj:9d01f3953f95f171c0337abe344462bbc2f651f9d9d1e9efcc9823668ef690a3,3
2031,obj:9d01f3953f95f171c0337abe344462bbc2f651f9d9d1e9efcc9823668ef690a3,3
2032,obj:6306ede477197fb9e973e3c263493fe916d6c1a142ff350f2fa57aec8a7eb0c3,1
2033,obj:6306ede477197fb9e973e3c263493fe916d6c1a142ff350f2fa57aec8a7eb0c3,1
2034,obj:5c5ed0a6da91b23451b281da51823481c89d1d177543360068beff04d8fdd222,2
2035,obj:5c5ed0a6da91b23451b281da51823481c89d1d177543360068beff04d8fdd222,2
2036,obj:a878e486460d2af67977807cb155958b6bf6de4ddb8b638911f5782c91cf73e0,2
2037,obj:a878e486460d2af67977807cb155958b6bf6de4ddb8b638911f5782c91cf73e0,2
2038,obj:4f03e0f57fc30c7e8e6dea8a596fb97976404dd87a7cceb1e95adda9e31f77d3,2
2039,obj:4f03e0f57fc30c7e8e6dea8a596fb97976404dd87a7cceb1e95adda9e31f77d3,2
2040,obj:282898ac19d931d79e448b3f003e2745889dd0ca84eb7adf9450803263a579c4,1
2041,obj:282898ac19d931d79e448b3f003e2745889dd0ca84eb7adf9450803263a579c4,1
2042,obj:fcc768518366f25501abb99f7f4535bbc8087982fac4db11491ff3c6589909ae,3
2043,obj:fcc768518366f25501abb99f7f4535bbc8087982fac4db11491ff3c6589909ae,3
2044,obj:f1f112835d133b5c6bd40eee13442616a80d2f420e23e9fd4de140570cc0652f,4
2045,obj:f1f112835d133b5c6bd40eee13442616a80d2f420e23e9fd4de140570cc0652f,4
2046,obj:5a6db914e81a7071ac266dcb0b20a1a6d816b36805b8c48407f64a64b0837d67,0
2047,obj:5a6db914e81a7071ac266dcb0b20a1a6d816b36805b8c48407f64a64b0837d67,0
2048,obj:f4418447682eab7de906e0b6421de0bc7a60632d7a66d46bd8faa1baeb2dc6ac,4
2049,obj:f4418447682eab7de906e0b6421de0bc7a60632d7a66d46bd8faa1baeb2dc6ac,4
2050,obj:e185f3cb87dd6f96ecd6dcb725a2ef73b0afeac90bea1f6f6108eb004dcb9be4,4
2051,obj:e185f3cb87dd6f96ecd6dcb725a2ef73b0afeac90bea1f6f6108eb004dcb9be4,4
2052,obj:119568904906632859e5aca85087a5f8d5a0fa4b369a3a16bfb59526dce430a9,3
2053,obj:119568904906632859e5aca85087a5f8d5a0fa4b369a3a16bfb59526dce430a9,3
2054,obj:0bfc090009a96c7585502d429e307ff1ac79ffc728e071f6d219332a064375cd,3
2055,obj:0bfc090009a96c7585502d429e307ff1ac79ffc728e071f6d219332a064375cd,3
2056,obj:69096e27fa2c3ab9f41d9a15129443fc78aa765a68abce1a959b4f3a625d2b28,4
2057,obj:69096e27fa2c3ab9f41d9a15129443fc78aa765a68abce1a959b4f3a625d2b28,4
2058,obj:a2d5bb1c231e1947a79ae93d2aa4f36df54ff1af6a969495731437447ff2dbfc,2
2059,obj:a2d5bb1c231e1947a79ae93d2aa4f36df54ff1af6a969495731437447ff2dbfc,2
2060,obj:17c264167b47eb44607ae9eee12f5d325d5c74ce37d0eb2ec73716c98019cb81,4
2061,obj:17c264167b47eb44607ae9eee12f5d325d5c74ce37d0eb2ec73716c98019cb81,4
2062,obj:0449093a43546338714fbf0c7067bd88b1f34025b946d5ffff0e94c1855d71d6,0
2063,obj:0449093a43546338714fbf0c7067bd88b1f34025b946d5ffff0e94c1855d71d6,0
2064,obj:466e3fc198c92e1164a446bd42c513a6ff99e17506484fa027611ac9de5462fb,3
2065,obj:466e3fc198c92e1164a446bd42c513a6ff99e17506484fa027611ac9de5462fb,3
2066,obj:02f1856d7d750c6005125526fa02025de9f63fde2174ae0c4062eeebc712714b,2
2067,obj:02f1856d7d750c6005125526fa02025de9f63fde2174ae0c4062eeebc712714b,2
2068,obj:8aca21bfd3893d1af38ff6f87c7d1afa2bd018d6ba10a116700974d91c05b710,3
2069,obj:8aca21bfd3893d1af38ff6f87c7d1afa2bd018d6ba10a116700974d91c05b710,3
2070,obj:6904b78fd5f938e70894d5854afa226df91746fa5c8a52451dac1c71953465a3,3
2071,obj:6904b78fd5f938e70894d5854afa226df91746fa5c8a52451dac1c71953465a3,3
2072,obj:1de6c7f54e1fff9170a7fb69220cf9d500606a6a98f1985eb6b5f07acdfe4b5f,2
2073,obj:1de6c7f54e1fff9170a7fb69220cf9d500606a6a98f1985eb6b5f07acdfe4b5f,2
2074,obj:3beaf20351309947f3d32b64709d7be9aa8f316c037640eaa967c4fa7a621d79,0
2075,obj:3beaf20351309947f3d32b64709d7be9aa8f316c037640eaa967c4fa7a621d79,0
2076,obj:07c0c5d75933e2de148e2f5fb58400e174c29dc318fa6c4c663bbcddb08b8d9a,3
2077,obj:07c0c5d75933e2de148e2f5fb58400e174c29dc318fa6c4c663bbcddb08b8d9a,3
2078,obj:4cb8c615ec16b3fb8a37fab46b6fb1e3479cd1d124f65da91523d48e9961806c,3
2079,obj:4cb8c615ec16b3fb8a37fab46b6fb1e3479cd1d124f65da91523d48e9961806c,3
2080,obj:6ad40eed9f6ba480aa72a99ecde93d0724ee84b048aa801c9c3dac88d69a81cf,4
2081,obj:6ad40eed9f6ba480aa72a99ecde93d0724ee84b048aa801c9c3dac88d69a81cf,4
2082,obj:b98cd66ce72896e8ab30f44db5837cdbe77e000fd80d86a20ba5dc148a7081d9,1
2083,obj:b98cd66ce72896e8ab30f44db5837cdbe77e000fd80d86a20ba5dc148a7081d9,1
2084,obj:61431b6ad959d34c2f38d5b0c8fa95b8156a187f6644c739a0308be9d6c922ee,4
2085,obj:61431b6ad959d34c2f38d5b0c8fa95b8156a187f6644c739a0308be9d6c922ee,4
2086,obj:2cf14aae6f8a94051cc5b786093162a0af4024d21bb76c725f41259e442eb91a,3
2087,obj:2cf14aae6f8a94051cc5b786093162a0af4024d21bb76c725f41259e442eb91a,3
2088,obj:14232e3ed027da037b75167f43dab2daa945aab669b6c361ea3f1302de2eba4b,0
2089,obj:14232e3ed027da037b75167f43dab2daa945aab669b6c361ea3f1302de2eba4b,0
2090,obj:9f855026eea9cfcc7ceb5d98b9a76d39794b75c853dcb2796329f6e1e50008f6,3
2091,obj:9f855026eea9cfcc7ceb5d98b9a76d39794b75c853dcb2796329f6e1e50008f6,3
2092,obj:5f730fc02af25e42b171aa1ab0467ab0827107545217f22e55c883a1ed501f44,2
2093,obj:5f730fc02af25e42b171aa1ab0467ab0827107545217f22e55c883a1ed501f44,2
2094,obj:8f9d7d85ca51d82996a0fd0c55f98e52660a61b25261b533cf20f84ddd1c72b5,1
2095,obj:8f9d7d85ca51d82996a0fd0c55f98e52660a61b25261b533cf20f84ddd1c72b5,1
2096,obj:49b6f3c6d1f2161b0a1147c15dbf9f6557ded10f7755db26087325a5aab1eb2b,2
2097,obj:49b6f3c6d1f2161b0a1147c15dbf9f6557ded10f7755db26087325a5aab1eb2b,2
2098,obj:78e2c9bed3d865cbd2b518a4ba2bed7e4d41275ba4143a8e83652af839eb399f,2
2099,obj:78e2c9bed3d865cbd2b518a4ba2bed7e4d41275ba4143a8e83652af839eb399f,2
2100,obj:836ca241f02800127c76cb3c2e4866b081afca5b6ad670249a57f7f6136130be,1
2101,obj:836ca241f02800127c76cb3c2e4866b081afca5b6ad670249a57f7f6136130be,1
2102,obj:83d6e6f2f9be1c690ba871e3cf084f1e89ecffa816f69508deadd80d7e7800a3,1
2103,obj:83d6e6f2f9be1c690ba871e3cf084f1e89ecffa816f69508deadd80d7e7800a3,1
2104,obj:b55edb2dbb03039de4fe09c62069fd49d8f9947652cbebb7992e6fad942fb65f,2
2105,obj:b55edb2dbb03039de4fe09c62069fd49d8f9947652cbebb7992e6fad942fb65f,2
2106,obj:30c270354474a112ae0d95bd69c0a04dd6d4ad414da068d4a27ba146e556050e,0
2107,obj:30c270354474a112ae0d95bd69c0a04dd6d4ad414da068d4a27ba146e556050e,0
2108,obj:80490611649d9084cc7da767e0672af9ea959ed6fa7d2170550eb5475289177d,4
2109,obj:80490611649d9084cc7da767e0672af9ea959ed6fa7d2170550eb5475289177d,4
2110,obj:75455a288072484bf560585214805ce40ca1a061e6605a5cc2256d1f3113de32,1
2111,obj:75455a288072484bf560585214805ce40ca1a061e6605a5cc2256d1f3113de32,1
2112,obj:34fe2d6e21693e0061ebbb0eede8129002192bd71e6204bb5731a23198daae3c,0
2113,obj:34fe2d6e21693e0061ebbb0eede8129002192bd71e6204bb5731a23198daae3c,0
2114,obj:119568904906632859e5aca85087a5f8d5a0fa4b369a3a16bfb59526dce430a9,3
2115,obj:119568904906632859e5aca85087a5f8d5a0fa4b369a3a16bfb59526dce430a9,3
2116,obj:179f984ea1022ffd5bffa668ec010f70461c1d758f5b63fdc91839b4b7974e90,4
2117,obj:179f984ea1022ffd5bffa668ec010f70461c1d758f5b63fdc91839b4b7974e90,4
2118,obj:d0ea0ca36f1fc6c9356b8d043c5d74310a800f9a01b470cbbaf2ab35f442d91d,3
2119,obj:d0ea0ca36f1fc6c9356b8d043c5d74310a800f9a01b470cbbaf2ab35f442d91d,3
2120,obj:a4b976564fe6dd60ebff2de317db103f0a5bcf164af33f5f5b503e7d33863ab5,0
2121,obj:a4b976564fe6dd60ebff2de317db103f0a5bcf164af33f5f5b503e7d33863ab5,0
2122,obj:ab2268181fac229995f14cfc7698e8352425f6e045047d0efdef0f16ffec7480,1
2123,obj:ab2268181fac229995f14cfc7698e8352425f6e045047d0efdef0f16ffec7480,1
2124,obj:a546ffc670fefe1134bb54420bcbd7475435f0091590916c4f48ae44f2ec87ef,1
2125,obj:a546ffc670fefe1134bb54420bcbd7475435f0091590916c4f48ae44f2ec87ef,1
2126,obj:1ac57c6e676cf60bfe6236cb020c5be315a99e06961ba81a69483c59e9ae3aeb,0
2127,obj:1ac57c6e676cf60bfe6236cb020c5be315a99e06961ba81a69483c59e9ae3aeb,0
2128,obj:792097c1eda91c4ab47b707ea6913a1e1777cdea8c88822ad807abf274ef1c97,4
2129,obj:792097c1eda91c4ab47b707ea6913a1e1777cdea8c88822ad807abf274ef1c97,4
2130,obj:c2db9ebe450596c39a491a569df4bad294b0db04df48ac35c30a5ca5b29d65e7,3
2131,obj:c2db9ebe450596c39a491a569df4bad294b0db04df48ac35c30a5ca5b29d65e7,3
2132,obj:fdc2b22d435f51202b77efd665334ee55f09a926db0e6404341076177f761312,2
2133,obj:fdc2b22d435f51202b77efd665334ee55f09a926db0e6404341076177f761312,2
2134,obj:d83935825b9bdda0c119e4dd2bbdd0b8a95611ab4bf346d9c77ea6c44ce2fb0a,0
2135,obj:d83935825b9bdda0c119e4dd2bbdd0b8a95611ab4bf346d9c77ea6c44ce2fb0a,0
2136,obj:c45acda98179c3da2162994bf7f0655f72f6d653cbfbcd45308ace7502d5a073,2
2137,obj:c45acda98179c3da2162994bf7f0655f72f6d653cbfbcd45308ace7502d5a073,2
2138,obj:f3b25c09cfdc8606b947444051fe62c0e77558091968b3a078e585372b7f8f04,0
2139,obj:f3b25c09cfdc8606b947444051fe62c0e77558091968b3a078e585372b7f8f04,0
2140,obj:017087dc315afc552c60a82c62abdd4e23734c266524a7ef1bc57d11495368ee,3
2141,obj:017087dc315afc552c60a82c62abdd4e23734c266524a7ef1bc57d11495368ee,3
2142,obj:440a190dccbf3377679142b7c07920e8c09f306920b8674c20ba50a9a3d3c4c7,3
2143,obj:440a190dccbf3377679142b7c07920e8c09f306920b8674c20ba50a9a3d3c4c7,3
2144,obj:ad3362736231d18da17ee0b1067d79fd078bd57007075004c48875e67e22a344,3
2145,obj:ad3362736231d18da17ee0b1067d79fd078bd57007075004c48875e67e22a344,3
2146,obj:d653eab3feaf0673170001d009309de5ad1c6376dbc3b8cb225406f89df2ba13,2
2147,obj:d653eab3feaf0673170001d009309de5ad1c6376dbc3b8cb225406f89df2ba13,2
2148,obj:831d86a467a2d48d6403febd1a21c21fd85efe575b25daa88f73467703620828,1
2149,obj:831d86a467a2d48d6403febd1a21c21fd85efe575b25daa88f73467703620828,1
2150,obj:f8b621e0ffc66dfe0e59f707f32dc6047e9449caf4df026d60bef5473095c509,1
2151,obj:f8b621e0ffc66dfe0e59f707f32dc6047e9449caf4df026d60bef5473095c509,1
2152,obj:e15696aff9010e71e94e78c9204d9879c7ac81a673e190ceea95023e1c558a1a,2
2153,obj:e15696aff9010e71e94e78c9204d9879c7ac81a673e190ceea95023e1c558a1a,2
2154,obj:77907a1878563dc19bff4442f35870bbb091fc7228d81a349730c336c817169e,0
2155,obj:77907a1878563dc19bff4442f35870bbb091fc7228d81a349730c336c817169e,0
2156,obj:57a7935b1279a9483e42dca2868a233d0a94c18a4777b720ef5ddadc21a3ce41,3
2157,obj:57a7935b1279a9483e42dca2868a233d0a94c18a4777b720ef5ddadc21a3ce41,3
2158,obj:65550a8ff06787c9093bd33522a47c88cdae7a4803919b88575768fc1ac13982,0
2159,obj:65550a8ff06787c9093bd33522a47c88cdae7a4803919b88575768fc1ac13982,0
2160,obj:29bed7b84779c51529046770f2bddb96a65773b98e8bf99a206a0a3d6edf28d1,3
2161,obj:29bed7b84779c51529046770f2bddb96a65773b98e8bf99a206a0a3d6edf28d1,3
2162,obj:cbe9dcdeac8d735f143dd046fa53c0b7867aacbae1edc37f48f2a50bd0c8bdb2,1
2163,obj:cbe9dcdeac8d735f143dd046fa53c0b7867aacbae1edc37f48f2a50bd0c8bdb2,1
2164,obj:c1e673744c03a1e625f84e0bed6594ca50519528a5b631492145dd4f0c71823c,2
2165,obj:c1e673744c03a1e625f84e0bed6594ca50519528a5b631492145dd4f0c71823c,2
2166,obj:e16ac5838b32b88ca24b9bdb82d790f171f908bd67f5e5ac25e676a147db95af,2
2167,obj:e16ac5838b32b88ca24b9bdb82d790f171f908bd67f5e5ac25e676a147db95af,2
2168,obj:4b4c9ee667864bdd6f5407d603aa56fac32bc2e9f3e2a11851ead9fbef59edbe,0
2169,obj:4b4c9ee667864bdd6f5407d603aa56fac32bc2e9f3e2a11851ead9fbef59edbe,0
2170,obj:b09e61fe03cc52579c14c320ba5bba28a30355bcbc8b5527eaf708552979d102,4
2171,obj:b09e61fe03cc52579c14c320ba5bba28a30355bcbc8b5527eaf708552979d102,4
2172,obj:1630dd3985901480124944834aa007d1a2e8f192e689ddde8a6d5f41066d824f,1
2173,obj:1630dd3985901480124944834aa007d1a2e8f192e689ddde8a6d5f41066d824f,1
2174,obj:c5414b572871c2e9a7a1aa1cb8b4d9499f7f2e43d0331c8420c1143028da5328,0
2175,obj:c5414b572871c2e9a7a1aa1cb8b4d9499f7f2e43d0331c8420c1143028da5328,0
2176,obj:aa06aff58a38ccb88c843e9bd10aef188361e7f4a11bf755bdf4a4edd020dd93,4
2177,obj:aa06aff58a38ccb88c843e9bd10aef188361e7f4a11bf755bdf4a4edd020dd93,4
2178,obj:bef76cad5361a3359ac9050bdf7c5cee53854424331f662b4b574fa404fa0515,4
2179,obj:bef76cad5361a3359ac9050bdf7c5cee53854424331f662b4b574fa404fa0515,4
2180,obj:0862b2aa6697cf4c458e48b37df110e0214acc6d280c28e6faaadba4b3ce1543,1
2181,obj:0862b2aa6697cf4c458e48b37df110e0214acc6d280c28e6faaadba4b3ce1543,1
2182,obj:fdcb632f290447e0e8ca67eeb036679fa28c5f1884a35a51781c90ae441c98c4,4
2183,obj:fdcb632f290447e0e8ca67eeb036679fa28c5f1884a35a51781c90ae441c98c4,4
2184,obj:ac741486f0e7c87575ab4c2cced85be60f605f7a8ec11265c305d7b9a5959bfc,0
2185,obj:ac741486f0e7c87575ab4c2cced85be60f605f7a8ec11265c305d7b9a5959bfc,0
2186,obj:188a399e6e6902d06f0418e77e8f9d3fc4b4dbad6b0a99bb4109bfd837f12ff1,3
2187,obj:188a399e6e6902d06f0418e77e8f9d3fc4b4dbad6b0a99bb4109bfd837f12ff1,3
2188,obj:58cb904e2fcfa2bdf041d80a8b5a314fcc233d1132d49fa71d5edcb414df8e15,1
2189,obj:58cb904e2fcfa2bdf041d80a8b5a314fcc233d1132d49fa71d5edcb414df8e15,1
2190,obj:19b0bd40bef38d18add4b799af29ac1fef1b53cede41608499ac0300e59004e7,2
2191,obj:19b0bd40bef38d18add4b799af29ac1fef1b53cede41608499ac0300e59004e7,2
2192,obj:6f42c582dd6e7b27eddd6730b11995ca503093dad0f4987c546821d807630805,4
2193,obj:6f42c582dd6e7b27eddd6730b11995ca503093dad0f4987c546821d807630805,4
2194,obj:c850aab75bb523bc5130c2a31eb9dd7e5409790307a0b06fb8bd464bf993a18e,0
2195,obj:c850aab75bb523bc5130c2a31eb9dd7e5409790307a0b06fb8bd464bf993a18e,0
2196,obj:cf22cbdc72ea5b802df5e585620049772ee48e0551e23c10e4b2d05c0213a329,1
2197,obj:cf22cbdc72ea5b802df5e585620049772ee48e0551e23c10e4b2d05c0213a329,1
2198,obj:0be38bc8a45402484bc430a9cd3ae925d3666974d60eb1ed58ae9506c9c28005,0
2199,obj:0be38bc8a45402484bc430a9cd3ae925d3666974d60eb1ed58ae9506c9c28005,0
2200,obj:22b5ac0c2635856faeacc7e8a65e9ce6852b16a563a60ef3ae230c6a74099d01,3
2201,obj:22b5ac0c2635856faeacc7e8a65e9ce6852b16a563a60ef3ae230c6a74099d01,3
2202,obj:9c2719cc566ce2f56e9060bd55bd9f501c65b5b55ce011279eef0eba94072f18,0
2203,obj:9c2719cc566ce2f56e9060bd55bd9f501c65b5b55ce011279eef0eba94072f18,0
2204,obj:154de56a7994437c1dd7dc70f6c1e6c63b0b77e39044d330326025ebe7043c99,1
2205,obj:154de56a7994437c1dd7dc70f6c1e6c63b0b77e39044d330326025ebe7043c99,1
2206,obj:fa511673a04f0ff87a169c61639666346d8d13215426e0ee492bd7f3a4cd51c0,3
2207,obj:fa511673a04f0ff87a169c61639666346d8d13215426e0ee492bd7f3a4cd51c0,3
2208,obj:faa35de5c1db083f685cb51af21544d6b0223b1441f7f56161ee800f69342d62,2
2209,obj:faa35de5c1db083f685cb51af21544d6b0223b1441f7f56161ee800f69342d62,2
2210,obj:537929f15041c67ff50d722085bc3cc681f48e58e30a841d689ca6adefcafb28,2
2211,obj:537929f15041c67ff50d722085bc3cc681f48e58e30a841d689ca6adefcafb28,2
2212,obj:8817a9c3caba45ff8e1c5722fe6a346e5fae5e3affa5ce4b223ea060628accbf,0
2213,obj:8817a9c3caba45ff8e1c5722fe6a346e5fae5e3affa5ce4b223ea060628accbf,0
2214,obj:c37a1f46b161aeb92343d85d8bdabac2ca001979892ba295940a4b998390323a,0
2215,obj:c37a1f46b161aeb92343d85d8bdabac2ca001979892ba295940a4b998390323a,0
2216,obj:d6a7db905403b0620bf5c6343015b5de7df9af636f6c76188712ef30b8c9f62f,4
2217,obj:d6a7db905403b0620bf5c6343015b5de7df9af636f6c76188712ef30b8c9f62f,4
2218,obj:fc9c86d734ca67dd92baf7de3226e85a7e837fea68ccd31f0186dca671da4627,3
2219,obj:fc9c86d734ca67dd92baf7de3226e85a7e837fea68ccd31f0186dca671da4627,3
2220,obj:b4a9e5a5d3d453d9a2d86d6f2676fbc363381514b40bc43c95db5428dc3d749f,2
2221,obj:b4a9e5a5d3d453d9a2d86d6f2676fbc363381514b40bc43c95db5428dc3d749f,2
2222,obj:a5a365c62123a5d42bac77fd718d8bb1979eee31032a43a4e81d192b89e7c1ad,4
2223,obj:a5a365c62123a5d42bac77fd718d8bb1979eee31032a43a4e81d192b89e7c1ad,4
2224,obj:415dd2c9c106a5dbf2337a2dc8ffeec6929eba63885fac2bf927a7bf8aaa3247,4
2225,obj:415dd2c9c106a5dbf2337a2dc8ffeec6929eba63885fac2bf927a7bf8aaa3247,4
2226,obj:85e923642085a9f369aae28a0583ae1e8420ec6449accee7d38266d7e3f7191b,1
2227,obj:85e923642085a9f369aae28a0583ae1e8420ec6449accee7d38266d7e3f7191b,1
2228,obj:3da369b3a362df8622033e8a20b0df72795e7dd5e20a7d6a21907015cd8bcd93,2
2229,obj:3da369b3a362df8622033e8a20b0df72795e7dd5e20a7d6a21907015cd8bcd93,2
2230,obj:78e43326520c09ba827a72a4f4680b1d03355ebc9abdb4bbf5a21edce8f8e050,0
2231,obj:78e43326520c09ba827a72a4f4680b1d03355ebc9abdb4bbf5a21edce8f8e050,0
2232,obj:e4583abcc653675e61d9ba39ff0b0ff8bfa9f35c6a1b451a2f5bc9e538e95f8f,4
2233,obj:e4583abcc653675e61d9ba39ff0b0ff8bfa9f35c6a1b451a2f5bc9e538e95f8f,4
2234,obj:71941c7f4ce3f337e923e6793617a637804ea64ac5cd7f7a8963cf3cd4c4fcb9,3
2235,obj:bda8e1910ef67fabe25888be6eb51e6ef8e7e67f4430507241d518db243ac91f,4
2236,obj:ac8f35f3d228ff7ee148c1f008f103caff1fe9e0ed0eab64d0b5fd8fff656c75,4
2237,obj:ac8f35f3d228ff7ee148c1f008f103caff1fe9e0ed0eab64d0b5fd8fff656c75,4
2238,obj:864e202b3f9619e750988ab026a8c6e7bf78610a453c4f443427e49d0b85a72c,4
2239,obj:864e202b3f9619e750988ab026a8c6e7bf78610a453c4f443427e49d0b85a72c,4
2240,obj:f8d8039c5240e111f6acbec356d5c08f818fd51a06e9ca42de9d95efd39ad161,2
2241,obj:f8d8039c5240e111f6acbec356d5c08f818fd51a06e9ca42de9d95efd39ad161,2
2242,obj:8ebd2274d3eae72c4ccb93c2c38243ddb71ea650a2d7d1e90a538fec2f5574e7,3
2243,obj:8ebd2274d3eae72c4ccb93c2c38243ddb71ea650a2d7d1e90a538fec2f5574e7,3
2244,obj:b40e48cf99bba0536156f58e8291dd92186824d70e6b1d72710018a576fef91d,1
2245,obj:b40e48cf99bba0536156f58e8291dd92186824d70e6b1d72710018a576fef91d,1
2246,obj:4e02e991790d6e5c889f31763e2f62f45bc351da4cb86a1b4a390e9cf3f1784f,0
2247,obj:4e02e991790d6e5c889f31763e2f62f45bc351da4cb86a1b4a390e9cf3f1784f,0
2248,obj:327dbdab56a83001daece5fe35d8f78a4e249d4e7444dec1651d42b0de4ae0f5,1
2249,obj:327dbdab56a83001daece5fe35d8f78a4e249d4e7444dec1651d42b0de4ae0f5,1
2250,obj:3636394e112165f738bf26f754f162ea312d47ef46e8f93523a7b91066c924cd,2
2251,obj:3636394e112165f738bf26f754f162ea312d47ef46e8f93523a7b91066c924cd,2
2252,obj:43e6d8863fd341956614d7c881dc8a8490bd31acf5da5dd330ee0cc2a03129cd,4
2253,obj:43e6d8863fd341956614d7c881dc8a8490bd31acf5da5dd330ee0cc2a03129cd,4
2254,obj:94a0b1c30feb9159adfa0346682dd1972734966c75b4021acd4d894622bdb816,2
2255,obj:94a0b1c30feb9159adfa0346682dd1972734966c75b4021acd4d894622bdb816,2
2256,obj:d672bc544fe67b39aaa663b02e0d104178f89a43f99c60bd7d7b58b864c48ed6,3
2257,obj:d672bc544fe67b39aaa663b02e0d104178f89a43f99c60bd7d7b58b864c48ed6,3
2258,obj:e0fc7166d91d960f072282ae2b979a69a7e3d2fa284a245e716cefde2bc48fc0,1
2259,obj:e0fc7166d91d960f072282ae2b979a69a7e3d2fa284a245e716cefde2bc48fc0,1
2260,obj:f11d704a4d7f71e0619f2ad0735e04312f3f1c0327bbc7127a63ae1e2aa6648d,1
2261,obj:f11d704a4d7f71e0619f2ad0735e04312f3f1c0327bbc7127a63ae1e2aa6648d,1
2262,obj:4646c5744db5d949042c7d889c783ad8652f437f816bf773c7f94e0c1d3ee72c,1
2263,obj:a34c296511d6b58cdb9feb86f95cf6162761ad56c4babb29220a8c9c33e2d0e6,0
2264,obj:6ad40eed9f6ba480aa72a99ecde93d0724ee84b048aa801c9c3dac88d69a81cf,4
2265,obj:6ad40eed9f6ba480aa72a99ecde93d0724ee84b048aa801c9c3dac88d69a81cf,4
2266,obj:75b9325f27646b1aab0d2b49a0956bde0a35833fef49a1ec4bc10866aa01886e,0
2267,obj:75b9325f27646b1aab0d2b49a0956bde0a35833fef49a1ec4bc10866aa01886e,0
2268,obj:858345fb5907a092962c6dac1b2f3b9e3fc1918efccbf43e95866569075e275a,4
2269,obj:858345fb5907a092962c6dac1b2f3b9e3fc1918efccbf43e95866569075e275a,4
2270,obj:9922da705d8d55ae47367e588b2e6fc41b6ab868ac3fb3b903f569d844d4fedd,0
2271,obj:9922da705d8d55ae47367e588b2e6fc41b6ab868ac3fb3b903f569d844d4fedd,0
2272,obj:4f153554d2d7f328fc6beb76490d470fd0ec26a865be67863906a6306d19f8c6,4
2273,obj:4f153554d2d7f328fc6beb76490d470fd0ec26a865be67863906a6306d19f8c6,4
2274,obj:23607992515ccbff63c32ad39f11da7e820df9215ca1f250d7bc3fbc65a672b6,4
2275,obj:23607992515ccbff63c32ad39f11da7e820df9215ca1f250d7bc3fbc65a672b6,4
2276,obj:8d10f4650e6b4fa603b362fc1c1986f564b4856f4f3506ba3ec99889a2e77e3b,2
2277,obj:8d10f4650e6b4fa603b362fc1c1986f564b4856f4f3506ba3ec99889a2e77e3b,2
2278,obj:144b9c60d2d7e9dafd085918c8f161b649ae8e96a88ac23217b5ca5604ab646e,0
2279,obj:144b9c60d2d7e9dafd085918c8f161b649ae8e96a88ac23217b5ca5604ab646e,0
2280,obj:5ba6779d0ffd3fa4eda4ea7211849f1966bf7b8530f67e31dbfd61a3215406f2,0
2281,obj:5ba6779d0ffd3fa4eda4ea7211849f1966bf7b8530f67e31dbfd61a3215406f2,0
2282,obj:361869131c1fb13e75b3eedda7b20f5fd50098c66f38910bd8922bbca96fbbf6,3
2283,obj:361869131c1fb13e75b3eedda7b20f5fd50098c66f38910bd8922bbca96fbbf6,3
2284,obj:d7228621c3ab2992be9032db8eb46a5ae784c55e1f8b9674c222657a276f3751,3
2285,obj:d7228621c3ab2992be9032db8eb46a5ae784c55e1f8b9674c222657a276f3751,3
2286,obj:63ad906f19fdad8f118abec08988df6c2fc58e0cb56e02286227fef0f96a0266,3
2287,obj:63ad906f19fdad8f118abec08988df6c2fc58e0cb56e02286227fef0f96a0266,3
2288,obj:35fc9ed378a7ed635807568e2fb22bab24be99c770c20857247d994756722dc3,1
2289,obj:35fc9ed378a7ed635807568e2fb22bab24be99c770c20857247d994756722dc3,1
2290,obj:3bd9e03e90fdaa942b0cf149e6696cc1f5f8c76f77fae84f0dce7c02264336fe,2
2291,obj:3bd9e03e90fdaa942b0cf149e6696cc1f5f8c76f77fae84f0dce7c02264336fe,2
2292,obj:0418bbaf08fa8d71a0843f04faa372e34375fbb4741de735c67e6de12075965e,3
2293,obj:0418bbaf08fa8d71a0843f04faa372e34375fbb4741de735c67e6de12075965e,3
2294,obj:35bb9d02cc6202d66b242a2d889e6ca7e227ec95b8e58ef285bce1361242f495,3
2295,obj:35bb9d02cc6202d66b242a2d889e6ca7e227ec95b8e58ef285bce1361242f495,3
2296,obj:220ceb03a1062f2979ad54ad21f1829c1e6df00b5ea1348faac3ab56548976cb,1
2297,obj:220ceb03a1062f2979ad54ad21f1829c1e6df00b5ea1348faac3ab56548976cb,1
2298,obj:47885cb3f63fab3665919d170b7b7e901030ee36104c2a66be1df5dbebabae19,1
2299,obj:47885cb3f63fab3665919d170b7b7e901030ee36104c2a66be1df5dbebabae19,1
2300,obj:a9974f1de4e60c550662eb080bcdda27a65ee874416ba97003e3de96c28ca97e,1
2301,obj:a9974f1de4e60c550662eb080bcdda27a65ee874416ba97003e3de96c28ca97e,1
2302,obj:4ae6a44993edf6ef195b93a1d107b79e787d12b2d5448b892b941329a1297196,4
2303,obj:4ae6a44993edf6ef195b93a1d107b79e787d12b2d5448b892b941329a1297196,4
2304,obj:a09bab792ebc530094079fc2d0fab3cf8dac8d650cab274ffc4d08727bfb6618,0
2305,obj:a09bab792ebc530094079fc2d0fab3cf8dac8d650cab274ffc4d08727bfb6618,0
2306,obj:bb096604c58b0ff4c08c47db1c21ccbd06e3815f69b4853a9474b627b0b561fa,4
2307,obj:bb096604c58b0ff4c08c47db1c21ccbd06e3815f69b4853a9474b627b0b561fa,4
2308,obj:4deb9c52af4c1d94bd067f7838d7c0de72640f791cdaf6b71419ab27c84c8662,0
2309,obj:4deb9c52af4c1d94bd067f7838d7c0de72640f791cdaf6b71419ab27c84c8662,0
2310,obj:4994774694a9ef7a4e6c651c692f7339893a3e22fea05ee3aa2ca185d3ed62dd,4
2311,obj:4994774694a9ef7a4e6c651c692f7339893a3e22fea05ee3aa2ca185d3ed62dd,4
2312,obj:24e175332357da0fc8d2d34d1defe5ba018babe32c304d8ae4914cc1bbc23fb9,0
2313,obj:24e175332357da0fc8d2d34d1defe5ba018babe32c304d8ae4914cc1bbc23fb9,0
2314,obj:6c63aab3e145e700d4c44262937290ef89596bb949e9318bb562b4fdaaf7b08a,3
2315,obj:6c63aab3e145e700d4c44262937290ef89596bb949e9318bb562b4fdaaf7b08a,3
2316,obj:73f5c21e7076394bc707d5f3d0514357e337b6374e45a3d0c57b93587a256668,2
2317,obj:73f5c21e7076394bc707d5f3d0514357e337b6374e45a3d0c57b93587a256668,2
2318,obj:c9df067a1c8f51d0aede739db39600b052dce2fc6646c5087f8decda6ce241b6,0
2319,obj:c9df067a1c8f51d0aede739db39600b052dce2fc6646c5087f8decda6ce241b6,0
2320,obj:91b5b880d8d3cb6f4cba5e52c810f7e1bdc12a10e35fcdef123077674fe4cb9f,1
2321,obj:91b5b880d8d3cb6f4cba5e52c810f7e1bdc12a10e35fcdef123077674fe4cb9f,1
2322,obj:83176588e175fbb9010f323dd35fc0f0e743dc1b6cc70a1ad22fee594676e7ec,4
2323,obj:83176588e175fbb9010f323dd35fc0f0e743dc1b6cc70a1ad22fee594676e7ec,4
2324,obj:9e11104453e23bde504ef073fb204792744fc29579926f0c9b509bc2d7973e0e,1
2325,obj:9e11104453e23bde504ef073fb204792744fc29579926f0c9b509bc2d7973e0e,1
2326,obj:34c7f48391498258c43d8e1d5039c78a38e45a63f892e3c98b19d66f21c06808,1
2327,obj:34c7f48391498258c43d8e1d5039c78a38e45a63f892e3c98b19d66f21c06808,1
2328,obj:51b17fdaefa959d6818fe44aba4c852596603fba8321c4678bc60aa19eaff07e,4
2329,obj:51b17fdaefa959d6818fe44aba4c852596603fba8321c4678bc60aa19eaff07e,4
2330,obj:3d79d338a9bbe49f1a140fd1556f19c91b5adbcf5bc2350864d33a81efe8238a,1
2331,obj:3d79d338a9bbe49f1a140fd1556f19c91b5adbcf5bc2350864d33a81efe8238a,1
2332,obj:d5a807784bf947b65cc73cbe2926bbf8799d695621fd8d813c5d5473552e052c,2
2333,obj:d5a807784bf947b65cc73cbe2926bbf8799d695621fd8d813c5d5473552e052c,2
2334,obj:97f0f6ab1cc802c5729dad681328513cacb64bd81421985ac574e7adf93681eb,2
2335,obj:97f0f6ab1cc802c5729dad681328513cacb64bd81421985ac574e7adf93681eb,2
2336,obj:cf1fc7a1eccf66c1903dc944f633efe308769dd9d2eedfd02bd08fc1aa4d9e26,4
2337,obj:cf1fc7a1eccf66c1903dc944f633efe308769dd9d2eedfd02bd08fc1aa4d9e26,4
2338,obj:2da5610b222f2b5fbfc6168fa773fe4818386d387f99b953a47289f43872b72d,2
2339,obj:2da5610b222f2b5fbfc6168fa773fe4818386d387f99b953a47289f43872b72d,2
2340,obj:cd590cded55d94480e6310dca774e0f0290aa967ef819f828622bf923fc56ff0,4
2341,obj:cd590cded55d94480e6310dca774e0f0290aa967ef819f828622bf923fc56ff0,4
2342,obj:6c8768a1523a32520207ad2f47d340fe901354841837800eacc842ba1825d1bd,4
2343,obj:6c8768a1523a32520207ad2f47d340fe901354841837800eacc842ba1825d1bd,4
2344,obj:b21b27227c3c71b55d867403b44ecf83d33d2e8ba08f63e045a30cc8e50ab2c0,3
2345,obj:b21b27227c3c71b55d867403b44ecf83d33d2e8ba08f63e045a30cc8e50ab2c0,3
2346,obj:124ea4021e7ae2a40ddee33afe61faa2f89bd43d37a4528c6c3dc774b8a40ad9,2
2347,obj:124ea4021e7ae2a40ddee33afe61faa2f89bd43d37a4528c6c3dc774b8a40ad9,2
2348,obj:b9f4a7f98b06383754072a85e1408d123307fe9d2e525d4f200383ce054fccfb,4
2349,obj:b9f4a7f98b06383754072a85e1408d123307fe9d2e525d4f200383ce054fccfb,4
2350,obj:1d90d617f213287363ecc5e6a62b81f943b8f80bff0f4730a74e4a0644ed9da6,2
2351,obj:1d90d617f213287363ecc5e6a62b81f943b8f80bff0f4730a74e4a0644ed9da6,2
2352,obj:6f42c582dd6e7b27eddd6730b11995ca503093dad0f4987c546821d807630805,4
2353,obj:6f42c582dd6e7b27eddd6730b11995ca503093dad0f4987c546821d807630805,4
2354,obj:1b4e8f0201eba71f1e4a2ad4599c4f1e3ab65e54e8bb4326d722e78406108ca2,0
2355,obj:1b4e8f0201eba71f1e4a2ad4599c4f1e3ab65e54e8bb4326d722e78406108ca2,0
2356,obj:ad28214a67e05537621a335e48750d191f6dc4408a8c067ef562b66a93c587e7,2
2357,obj:ad28214a67e05537621a335e48750d191f6dc4408a8c067ef562b66a93c587e7,2
2358,obj:5c11aea06a5c5de10e41fa7626cdf2e8fcd2e40b82e79475c94c7d5fe48d0154,1
2359,obj:5c11aea06a5c5de10e41fa7626cdf2e8fcd2e40b82e79475c94c7d5fe48d0154,1
2360,obj:12e727ded497751d37a957cacf2c84c135cf65f590fc8bf93202ea4dde469f98,1
2361,obj:12e727ded497751d37a957cacf2c84c135cf65f590fc8bf93202ea4dde469f98,1
2362,obj:7743209cba899c7a5d232949f36e96a36dd6a173240302d8bf44b96886aceffc,4
2363,obj:7743209cba899c7a5d232949f36e96a36dd6a173240302d8bf44b96886aceffc,4
2364,obj:6862e2969ad93f2d7420ac762665187c17d694c96c6d35e5bdac29596ea2e7fa,2
2365,obj:6862e2969ad93f2d7420ac762665187c17d694c96c6d35e5bdac29596ea2e7fa,2
2366,obj:bfbe3ded0eff36b1d05f54bb7fc206778ac502ac9788cd097b4656a63dc63a5c,2
2367,obj:bfbe3ded0eff36b1d05f54bb7fc206778ac502ac9788cd097b4656a63dc63a5c,2
2368,obj:19f8a625aee1ed92ff24e1b594034eb661bab097d960c1f49fe03da6518c374a,3
2369,obj:19f8a625aee1ed92ff24e1b594034eb661bab097d960c1f49fe03da6518c374a,3
2370,obj:193961dab2cd1eef51fadf361a86b64f6d9f241fa5d07f2782310d062405119e,4
2371,obj:193961dab2cd1eef51fadf361a86b64f6d9f241fa5d07f2782310d062405119e,4
2372,obj:29eece8688757872f4e16f89fa29c7ada0d21e23ffa0aca5c9059196fe854c99,0
2373,obj:29eece8688757872f4e16f89fa29c7ada0d21e23ffa0aca5c9059196fe854c99,0
2374,obj:f25be64652f08e6c54bc9210e7b9c1c776fa53a86a394fd48a799818b7eafb63,0
2375,obj:f25be64652f08e6c54bc9210e7b9c1c776fa53a86a394fd48a799818b7eafb63,0
2376,obj:d207835f4da99d2a3736f0589ca73a7ad8bc9d24866016ff49a8445fc4a9b9c6,2
2377,obj:d207835f4da99d2a3736f0589ca73a7ad8bc9d24866016ff49a8445fc4a9b9c6,2
2378,obj:dd96155afdd28f87a53d3ad2e615db6d3454260d5a94ca420a5f76992cfb7974,0
2379,obj:dd96155afdd28f87a53d3ad2e615db6d3454260d5a94ca420a5f76992cfb7974,0
2380,obj:3b8bf6271621b83e6ddbae8f0f6f7fc948771b3bdd70374a1481737e7dfb6d3b,1
2381,obj:3b8bf6271621b83e6ddbae8f0f6f7fc948771b3bdd70374a1481737e7dfb6d3b,1
2382,obj:03ef83c20e36e1f7ef5a5a895aa6e7ff82779e0bcbcfe50c1a45c5550c402b55,0
2383,obj:03ef83c20e36e1f7ef5a5a895aa6e7ff82779e0bcbcfe50c1a45c5550c402b55,0
2384,obj:911e21dde8a04793e7fd5e76f54aaac077d38ffb895f6c78b715c9ac974ce86d,4
2385,obj:911e21dde8a04793e7fd5e76f54aaac077d38ffb895f6c78b715c9ac974ce86d,4
2386,obj:f555241b6794769bb8f550b4c9850e5e2b01ec06699646686b6e49c3e15b2932,0
2387,obj:f555241b6794769bb8f550b4c9850e5e2b01ec06699646686b6e49c3e15b2932,0
2388,obj:e3dcd2e89f2663987860fe985f8492cb6f044371fdc02a211b60fec7eea44686,2
2389,obj:e3dcd2e89f2663987860fe985f8492cb6f044371fdc02a211b60fec7eea44686,2
2390,obj:292411dd6a5ad6a1c07d78880e6e423eae279804baea3ed6530e24edf84173fe,4
2391,obj:292411dd6a5ad6a1c07d78880e6e423eae279804baea3ed6530e24edf84173fe,4
2392,obj:d4cb6257c48baabe849b49f2fb0cf46682acc2d78a5c9a0a6e6f22470ce2d329,1
2393,obj:d4cb6257c48baabe849b49f2fb0cf46682acc2d78a5c9a0a6e6f22470ce2d329,1
2394,obj:d9d07dc4970dfc447de20d1d288403931044207d2203de5f83c1e4668c2de655,4
2395,obj:d9d07dc4970dfc447de20d1d288403931044207d2203de5f83c1e4668c2de655,4
2396,obj:5c83acccf968597080b7d1e424bb3953dfc6caf6b244980908beb2d25eb753c1,4
2397,obj:5c83acccf968597080b7d1e424bb3953dfc6caf6b244980908beb2d25eb753c1,4
2398,obj:a353f1555ce954d43216f0beeb1bd49d7c09177ea75fb6acfe9631d72ca3ed0a,2
2399,obj:a353f1555ce954d43216f0beeb1bd49d7c09177ea75fb6acfe9631d72ca3ed0a,2
2400,obj:4d4833b21210421e1a9a770fc9bf2b034109c5c9ac15c41111893c842f2b0f7f,4
2401,obj:4d4833b21210421e1a9a770fc9bf2b034109c5c9ac15c41111893c842f2b0f7f,4
2402,obj:dffde0cee54170f85ae0c7ff570869d75095dc0ae1c03c941ef4e77d304574b2,4
2403,obj:dffde0cee54170f85ae0c7ff570869d75095dc0ae1c03c941ef4e77d304574b2,4
2404,obj:e3dcd2e89f2663987860fe985f8492cb6f044371fdc02a211b60fec7eea44686,2
2405,obj:e3dcd2e89f2663987860fe985f8492cb6f044371fdc02a211b60fec7eea44686,2
2406,obj:c38d212a29ed4db3cc434b73e8ee0cc1e62aac5e7863811de8c19c08f13622b7,0
2407,obj:c38d212a29ed4db3cc434b73e8ee0cc1e62aac5e7863811de8c19c08f13622b7,0
2408,obj:5c83acccf968597080b7d1e424bb3953dfc6caf6b244980908beb2d25eb753c1,4
2409,obj:5c83acccf968597080b7d1e424bb3953dfc6caf6b244980908beb2d25eb753c1,4
2410,obj:ec74b5aac6c7402f61f2fa9bce84c7b37722a3c8b5f053bbd55be0703ae1e6d3,4
2411,obj:ec74b5aac6c7402f61f2fa9bce84c7b37722a3c8b5f053bbd55be0703ae1e6d3,4
2412,obj:a3cbfc4a0d3db8e888d5437bfeb68adf952927fcd6b5edc78135f759c26f53ae,4
2413,obj:a3cbfc4a0d3db8e888d5437bfeb68adf952927fcd6b5edc78135f759c26f53ae,4
2414,obj:42caf8981cd6b69af203209b66a1294e0f5fb657d7d17e3d6e9a36c2b16a3a3e,4
2415,obj:42caf8981cd6b69af203209b66a1294e0f5fb657d7d17e3d6e9a36c2b16a3a3e,4
2416,obj:60a3695d8bef509dff647607f7504a8ec3ecbefd3b56d43e93ab45412b5d2d63,4
2417,obj:60a3695d8bef509dff647607f7504a8ec3ecbefd3b56d43e93ab45412b5d2d63,4
2418,obj:7cd82545b39c0eff91afdfa604793dbcce0245eb5f124a6e5890bd795e5aa1bc,1
2419,obj:7cd82545b39c0eff91afdfa604793dbcce0245eb5f124a6e5890bd795e5aa1bc,1
2420,obj:5d1f366bd1cc6d12fda8e6203a91821d631d4776719252f007174d7541784723,4
2421,obj:5d1f366bd1cc6d12fda8e6203a91821d631d4776719252f007174d7541784723,4
2422,obj:23cb261fe8145607ff274faedb2a4e8698c62f4d7251b7083f5ac8e9a1e6f873,1
2423,obj:23cb261fe8145607ff274faedb2a4e8698c62f4d7251b7083f5ac8e9a1e6f873,1
2424,obj:d687899c9c64d0e57f6b1235b84791ad62cfb6dc39fa83ade160e710d21a0753,2
2425,obj:d687899c9c64d0e57f6b1235b84791ad62cfb6dc39fa83ade160e710d21a0753,2
2426,obj:c7f74dc82802397ac0fc1a0bd8743bff5d8cd1f8969916bbaa3155a55cc2e9b6,0
2427,obj:c7f74dc82802397ac0fc1a0bd8743bff5d8cd1f8969916bbaa3155a55cc2e9b6,0
2428,obj:d474124803435660293182adeb3934d7d15dacde9414787242d6fc27c16229b0,3
2429,obj:d474124803435660293182adeb3934d7d15dacde9414787242d6fc27c16229b0,3
2430,obj:7d6370e35656b4fd5b0aaaeae6efcab95456194610cfa5c747b6064c2af405a1,1
2431,obj:7d6370e35656b4fd5b0aaaeae6efcab95456194610cfa5c747b6064c2af405a1,1
2432,obj:df522fc6e3925654743e3ffaf0265e3c67672260bfef48ca7e964258ec6e8628,3
2433,obj:df522fc6e3925654743e3ffaf0265e3c67672260bfef48ca7e964258ec6e8628,3
2434,obj:34412624ee154ab87e337844cd36ee98e681770e2cfccf77f4ade43e883e370a,0
2435,obj:34412624ee154ab87e337844cd36ee98e681770e2cfccf77f4ade43e883e370a,0
2436,obj:de2f6772925e1900fe78c3c21940a756b3723e3a75b4dca0c701f562c38fe618,1
2437,obj:de2f6772925e1900fe78c3c21940a756b3723e3a75b4dca0c701f562c38fe618,1
2438,obj:96bb898b7cf904d30d59230b90b69f18a3a6fcba2dd2af4110a6556d988a8138,0
2439,obj:96bb898b7cf904d30d59230b90b69f18a3a6fcba2dd2af4110a6556d988a8138,0
2440,obj:2c0f34b8bf9d8e437546226233253b64334ab8fd0463a73b74d18d9874532949,2
2441,obj:2c0f34b8bf9d8e437546226233253b64334ab8fd0463a73b74d18d9874532949,2
2442,obj:a6805e030250838b1ab5eb44e80925c8c4bbf566b215f1b7ceb8775d32506264,2
2443,obj:a6805e030250838b1ab5eb44e80925c8c4bbf566b215f1b7ceb8775d32506264,2
2444,obj:202f9d4280d87c7eda904ef4b17864825462efa5678362767c48bf09b3325cf6,1
2445,obj:202f9d4280d87c7eda904ef4b17864825462efa5678362767c48bf09b3325cf6,1
2446,obj:5a5e70c02c189401955765fcc09dc66918662912c05791bc3766bf510776de57,2
2447,obj:5a5e70c02c189401955765fcc09dc66918662912c05791bc3766bf510776de57,2
2448,obj:56519433cb52b581f307b19cebb18b183298fe23dc42aa1f31527c45351f84ca,3
2449,obj:56519433cb52b581f307b19cebb18b183298fe23dc42aa1f31527c45351f84ca,3
2450,obj:84dfd728f5a4a2370d10bfd5105dafd4adb626fdd613577d1b2f6c5814a4b245,1
2451,obj:84dfd728f5a4a2370d10bfd5105dafd4adb626fdd613577d1b2f6c5814a4b245,1
2452,obj:3eff31183914dc45c02e24e13ad2d1bbde4bd72094424766789c494aa5720a1f,4
2453,obj:3eff31183914dc45c02e24e13ad2d1bbde4bd72094424766789c494aa5720a1f,4
2454,obj:5bcc44d669459ee5641130ad8b8f54eef67817f03183d8d4ed15211d2a53e3ce,0
2455,obj:5bcc44d669459ee5641130ad8b8f54eef67817f03183d8d4ed15211d2a53e3ce,0
2456,obj:33caf8819dccb4b0ced9aa012219e1cf4e8617dcdf6de4d9d3f5dc344f654699,4
2457,obj:33caf8819dccb4b0ced9aa012219e1cf4e8617dcdf6de4d9d3f5dc344f654699,4
2458,obj:d53f36bceaa51fe9d855d1df74eccb3b03cdc3c20cf6ad9892dfa4e6ea43048a,3
2459,obj:d53f36bceaa51fe9d855d1df74eccb3b03cdc3c20cf6ad9892dfa4e6ea43048a,3
2460,obj:5a88d7868c8bf9fb4a75bb62d960eb5b590bcc2f3da61d95ee971296ef0b8e55,0
2461,obj:5a88d7868c8bf9fb4a75bb62d960eb5b590bcc2f3da61d95ee971296ef0b8e55,0
2462,obj:d5f2835ba02cb6426c8df288cbe208b9914dbcd8fdddd35700104990401f42d8,1
2463,obj:d5f2835ba02cb6426c8df288cbe208b9914dbcd8fdddd35700104990401f42d8,1
2464,obj:84eafe31584031935d142aff402d789b8f8f4d964a0a8da4934a29c57787ac9f,4
2465,obj:84eafe31584031935d142aff402d789b8f8f4d964a0a8da4934a29c57787ac9f,4
2466,obj:e79869e782eabd5a9a56f804aac3c8dbbf14616dc9b80f7ef57b9eddb700ad32,2
2467,obj:e79869e782eabd5a9a56f804aac3c8dbbf14616dc9b80f7ef57b9eddb700ad32,2
2468,obj:8f9d7d85ca51d82996a0fd0c55f98e52660a61b25261b533cf20f84ddd1c72b5,1
2469,obj:8f9d7d85ca51d82996a0fd0c55f98e52660a61b25261b533cf20f84ddd1c72b5,1
2470,obj:7e112e6e7f8a1b8e23f7dbd83f5e7bc711a3debe015632b9c3724c89e0d0d06f,3
2471,obj:7e112e6e7f8a1b8e23f7dbd83f5e7bc711a3debe015632b9c3724c89e0d0d06f,3
2472,obj:acd864ff5632d9f8f70e421a9da151ac0b7be91517c0eda65e8c0213d8a97082,2
2473,obj:acd864ff5632d9f8f70e421a9da151ac0b7be91517c0eda65e8c0213d8a97082,2
2474,obj:b6a839105556a5785a5c6f3dda6a72ebc2bd1b009298c9786c78cae922c3e1c9,0
2475,obj:b6a839105556a5785a5c6f3dda6a72ebc2bd1b009298c9786c78cae922c3e1c9,0
2476,obj:c79cd01128fe490aa94844d03157c358429276855c2ee091817136deda2ede6e,1
2477,obj:c79cd01128fe490aa94844d03157c358429276855c2ee091817136deda2ede6e,1
2478,obj:d53f36bceaa51fe9d855d1df74eccb3b03cdc3c20cf6ad9892dfa4e6ea43048a,3
2479,obj:d53f36bceaa51fe9d855d1df74eccb3b03cdc3c20cf6ad9892dfa4e6ea43048a,3
2480,obj:4601cef0cdf3b6c79e4eeccb1c5f09c5bf76279305cdc35933585d5208d21bb3,0
2481,obj:4601cef0cdf3b6c79e4eeccb1c5f09c5bf76279305cdc35933585d5208d21bb3,0
2482,obj:a5a19b2db2fb7554b4ba81ad07c3e554ce059caf7c71614bb2bfdd698a060bb5,3
2483,obj:a5a19b2db2fb7554b4ba81ad07c3e554ce059caf7c71614bb2bfdd698a060bb5,3
2484,obj:c844cb2164c894d42e2198de0dac87bb13d023ce775711672c00849b880b90bd,3
2485,obj:c844cb2164c894d42e2198de0dac87bb13d023ce775711672c00849b880b90bd,3
2486,obj:b453e9db3010d2cc41fb50ef1da3ed16e1dad4ff21fb3dfd5b49ecfb3e46d68f,4
2487,obj:b453e9db3010d2cc41fb50ef1da3ed16e1dad4ff21fb3dfd5b49ecfb3e46d68f,4
2488,obj:8fd03101c1c083652d9b54938af6b6922f910464db68b047508029b5f0bac1ab,2
2489,obj:8fd03101c1c083652d9b54938af6b6922f910464db68b047508029b5f0bac1ab,2
2490,obj:9f5b612832cd4b47e09844791f58af507b0b8888f3b0765429ebaf073339182e,4
2491,obj:9f5b612832cd4b47e09844791f58af507b0b8888f3b0765429ebaf073339182e,4
2492,obj:5e234e8235ffa78b4a609a34f58165a37e461784603c12c78bc967ba726432f4,1
2493,obj:5e234e8235ffa78b4a609a34f58165a37e461784603c12c78bc967ba726432f4,1
2494,obj:a7ace28854007744a5d61be03b69a86b34fc825997916c7be31eda6dd22f2883,0
2495,obj:a7ace28854007744a5d61be03b69a86b34fc825997916c7be31eda6dd22f2883,0
2496,obj:d941eb39b53b5cdd10a000667e2a3530cc6770e2461c145736cfe766a3f46d7b,4
2497,obj:d941eb39b53b5cdd10a000667e2a3530cc6770e2461c145736cfe766a3f46d7b,4
2498,obj:1c76d80be72fad2f9f8e0b4108da7963157dcd8d67bc9724871d220ee35d4fb3,3
2499,obj:1c76d80be72fad2f9f8e0b4108da7963157dcd8d67bc9724871d220ee35d4fb3,3
2500,obj:5bbdb6e72cf93408aabec30156c9946dc350b3eb61b86de7eacea0d1b8569874,1
2501,obj:5bbdb6e72cf93408aabec30156c9946dc350b3eb61b86de7eacea0d1b8569874,1
2502,obj:1733dc35c17b9060de56459d772300a6f2ab1fe8347e408c3f5a7309d03b8b37,3
2503,obj:1733dc35c17b9060de56459d772300a6f2ab1fe8347e408c3f5a7309d03b8b37,3
2504,obj:e53fbf1d9d534a8426b156d63b468312ac15706e3e7f3fd5f4616df48a8f406d,4
2505,obj:e53fbf1d9d534a8426b156d63b468312ac15706e3e7f3fd5f4616df48a8f406d,4
2506,obj:8229ceaf4817dbb52c4c957e4a3336bee528860b45874c0849fd6e2ef963f96e,2
2507,obj:8229ceaf4817dbb52c4c957e4a3336bee528860b45874c0849fd6e2ef963f96e,2
2508,obj:1cce1a17f713af6a32bebbd78f3153dd341d5c689efd1359f47c978d4b737a1d,0
2509,obj:1cce1a17f713af6a32bebbd78f3153dd341d5c689efd1359f47c978d4b737a1d,0
2510,obj:40aedd7d91ed710dd5787f01ff3b9290529cc5fe0ca50aaf4bbadf22b91793f5,0
2511,obj:40aedd7d91ed710dd5787f01ff3b9290529cc5fe0ca50aaf4bbadf22b91793f5,0
2512,obj:4db98e2e02f2e132130bca158011176f044a56eb9867017d1a84715c15b8a492,0
2513,obj:4db98e2e02f2e132130bca158011176f044a56eb9867017d1a84715c15b8a492,0
2514,obj:e5e3bc8c7a91c325720a80305c33ea7536e77adfd8c0024515f1ae52892c6b89,4
2515,obj:e5e3bc8c7a91c325720a80305c33ea7536e77adfd8c0024515f1ae52892c6b89,4
2516,obj:3746a657cb126c90ffc89862a93941260fc1be72289c7891f92b2e585dc148e3,2
2517,obj:3746a657cb126c90ffc89862a93941260fc1be72289c7891f92b2e585dc148e3,2
2518,obj:d645356037780b2ebd697c6abcaea54965fc8fc8792cf9a9fe873ac68000bddf,1
2519,obj:d645356037780b2ebd697c6abcaea54965fc8fc8792cf9a9fe873ac68000bddf,1
2520,obj:035448912b7a86cdd340fd1fb54a16b29cb2ec24c6f939c29c44c44267c3238f,2
2521,obj:035448912b7a86cdd340fd1fb54a16b29cb2ec24c6f939c29c44c44267c3238f,2
2522,obj:0bea36dfe869410e0a45d68171a865a602297d5aae75cab85e2342119017bcae,1
2523,obj:0bea36dfe869410e0a45d68171a865a602297d5aae75cab85e2342119017bcae,1
2524,obj:abbea23366ec8d7b71ac9266ec9ece3746e668680219d5a874fd5bdb5181464c,0
2525,obj:abbea23366ec8d7b71ac9266ec9ece3746e668680219d5a874fd5bdb5181464c,0
2526,obj:d34d51a6cddec244e565ba152f0036ceb61126c68c0c9d351b1d5b3086832575,1
2527,obj:d34d51a6cddec244e565ba152f0036ceb61126c68c0c9d351b1d5b3086832575,1
2528,obj:66f6a337acab0a3e7f75cad1006f08252420db043f864125838e1f34bbe5aba9,2
2529,obj:66f6a337acab0a3e7f75cad1006f08252420db043f864125838e1f34bbe5aba9,2
2530,obj:e70afe7fc02cad8d4749ac02b594245f83d5b137562158ec6f6d9ffbd8d8e5eb,0
2531,obj:e70afe7fc02cad8d4749ac02b594245f83d5b137562158ec6f6d9ffbd8d8e5eb,0
2532,obj:327dbdab56a83001daece5fe35d8f78a4e249d4e7444dec1651d42b0de4ae0f5,1
2533,obj:327dbdab56a83001daece5fe35d8f78a4e249d4e7444dec1651d42b0de4ae0f5,1
2534,obj:22b71aaf7febd3ecf1d26705b2a651de070cce606513fbd9b11941f763d18e33,1
2535,obj:22b71aaf7febd3ecf1d26705b2a651de070cce606513fbd9b11941f763d18e33,1
2536,obj:0bb3d539963750da94eb952a87e140a3b862376294c82a843335d2dc7c21ce03,1
2537,obj:0bb3d539963750da94eb952a87e140a3b862376294c82a843335d2dc7c21ce03,1
2538,obj:51a8e5306637afb1a31ea03ea4427bd16cf9cdda986aff160c8585c10c6c6400,2
2539,obj:51a8e5306637afb1a31ea03ea4427bd16cf9cdda986aff160c8585c10c6c6400,2
2540,obj:5c1ce3688fd18cc1ea8443a1ad7eda4094d87a90836ce2224221a9bdeacdf4e5,4
2541,obj:5c1ce3688fd18cc1ea8443a1ad7eda4094d87a90836ce2224221a9bdeacdf4e5,4
2542,obj:b0a253060f892039fe1452a9b054bc915a2fa3039a80e9a99d2bfd7598e2182e,0
2543,obj:b0a253060f892039fe1452a9b054bc915a2fa3039a80e9a99d2bfd7598e2182e,0
2544,obj:00266803d61bb3bf4155df83ad139ac911ff542aa00d8bb65cba2de6cf22152e,4
2545,obj:00266803d61bb3bf4155df83ad139ac911ff542aa00d8bb65cba2de6cf22152e,4
2546,obj:eaf065e046f2a57d48a58286a675bc9cb33854b08c25c4edcae1148aef0d81a0,2
2547,obj:eaf065e046f2a57d48a58286a675bc9cb33854b08c25c4edcae1148aef0d81a0,2
2548,obj:e91bccaa37575a76de487aafc23e0703ba380ceb728bcfc5cd3948105aec1dec,4
2549,obj:e91bccaa37575a76de487aafc23e0703ba380ceb728bcfc5cd3948105aec1dec,4
2550,obj:4f03e04ab3e610057f1de4e36cc65fe512fde9ae4e011564bca53b2d4e50e3f5,3
2551,obj:4f03e04ab3e610057f1de4e36cc65fe512fde9ae4e011564bca53b2d4e50e3f5,3
2552,obj:73f5c21e7076394bc707d5f3d0514357e337b6374e45a3d0c57b93587a256668,2
2553,obj:73f5c21e7076394bc707d5f3d0514357e337b6374e45a3d0c57b93587a256668,2
2554,obj:853e31aae9ccbd809a3f5dfc69c63d9d87feee6906381b55e2ed1687040d5b52,4
2555,obj:853e31aae9ccbd809a3f5dfc69c63d9d87feee6906381b55e2ed1687040d5b52,4
2556,obj:2be29199b528030880ebb229ea0d332279667b96181ed4079c24af751c6b06f5,4
2557,obj:2be29199b528030880ebb229ea0d332279667b96181ed4079c24af751c6b06f5,4
2558,obj:2646ab8cd2d78c802226161f1213190094626fa12a99f08e3a3e8657b041c86b,1
2559,obj:2646ab8cd2d78c802226161f1213190094626fa12a99f08e3a3e8657b041c86b,1
2560,obj:e18cd4bf0eadd2c91ef37fa1bac1109be215557fd54e04c6272460fceb6d0967,0
2561,obj:e18cd4bf0eadd2c91ef37fa1bac1109be215557fd54e04c6272460fceb6d0967,0
2562,obj:9db9a0e1933d976c8a0d09acc9e8091d7574e14bb2c2442e82547480ddc2ad79,1
2563,obj:9db9a0e1933d976c8a0d09acc9e8091d7574e14bb2c2442e82547480ddc2ad79,1
2564,obj:ca8395ddad9afb12a69f9e233e29441610aa0f7e8bc8ea8563bed414033db0fe,0
2565,obj:ca8395ddad9afb12a69f9e233e29441610aa0f7e8bc8ea8563bed414033db0fe,0
2566,obj:3d289a47c6e656b213139a0d2b9cd3013ebe8d365565815b4d8787d414d0fef7,2
2567,obj:3d289a47c6e656b213139a0d2b9cd3013ebe8d365565815b4d8787d414d0fef7,2
2568,obj:0b3b8ba9d5e8b42417ce7a8b7e94dd219663a4f2dc3dbc411139184db623ff26,0
2569,obj:0b3b8ba9d5e8b42417ce7a8b7e94dd219663a4f2dc3dbc411139184db623ff26,0
2570,obj:7797f2722fac89c2f77dd9a00a11696dd7ac7d07d9ea4f0dc8d8078918fc4f49,1
2571,obj:7797f2722fac89c2f77dd9a00a11696dd7ac7d07d9ea4f0dc8d8078918fc4f49,1
2572,obj:51df51eb5b6b48a6d60b20a371a7cb3a40ae0b910dad03c8068c493fc48cb4d4,4
2573,obj:51df51eb5b6b48a6d60b20a371a7cb3a40ae0b910dad03c8068c493fc48cb4d4,4
2574,obj:5d8deb1c6412fd80c6d8a2e248ed1231efabbd02143c6928ba4b90990ea5cf06,2
2575,obj:5d8deb1c6412fd80c6d8a2e248ed1231efabbd02143c6928ba4b90990ea5cf06,2
2576,obj:a2d5bb1c231e1947a79ae93d2aa4f36df54ff1af6a969495731437447ff2dbfc,2
2577,obj:a2d5bb1c231e1947a79ae93d2aa4f36df54ff1af6a969495731437447ff2dbfc,2
2578,obj:480bf72d3569c8c48a78071ef6b6ae923f4bbd4b3766aa6d6472ead84f94c98e,0
2579,obj:480bf72d3569c8c48a78071ef6b6ae923f4bbd4b3766aa6d6472ead84f94c98e,0
2580,obj:689b7f249cb2e770c875d0c3f0ac9ca5d0a0d0e65e83e2d75477b632ce6a996f,0
2581,obj:689b7f249cb2e770c875d0c3f0ac9ca5d0a0d0e65e83e2d75477b632ce6a996f,0
2582,obj:34bfa7eb5edd7982c03f3b90ac014126ca24971850ad61af20e3bf7fc0b1c359,0
2583,obj:34bfa7eb5edd7982c03f3b90ac014126ca24971850ad61af20e3bf7fc0b1c359,0
2584,obj:11b50a012bca46773ec2e346fb7169eff4e84a683767add2386b60cac88be307,1
2585,obj:11b50a012bca46773ec2e346fb7169eff4e84a683767add2386b60cac88be307,1
2586,obj:e0975fa536461324c6f0d5cf20a0f80ac0a30096e1b9803d61df3ab8cc4655fe,2
2587,obj:e0975fa536461324c6f0d5cf20a0f80ac0a30096e1b9803d61df3ab8cc4655fe,2
2588,obj:96fb6190fad520a8cfdf5d3a33eb3bb3242a4c195c00bbe973c9af4378a86139,1
2589,obj:96fb6190fad520a8cfdf5d3a33eb3bb3242a4c195c00bbe973c9af4378a86139,1
2590,obj:b4a9e5a5d3d453d9a2d86d6f2676fbc363381514b40bc43c95db5428dc3d749f,2
2591,obj:b4a9e5a5d3d453d9a2d86d6f2676fbc363381514b40bc43c95db5428dc3d749f,2
2592,obj:088fd2d5ba87ad77fbf069e2649b53bff6c0200434b7bd96166ae61b8ee633c7,2
2593,obj:088fd2d5ba87ad77fbf069e2649b53bff6c0200434b7bd96166ae61b8ee633c7,2
2594,obj:a56641d87b7f0d1c47085db1372cc27b693014a0cd168804ba3d4af7774b0fb2,0
2595,obj:a56641d87b7f0d1c47085db1372cc27b693014a0cd168804ba3d4af7774b0fb2,0
2596,obj:a5328471db3e0518999ecf2a39f687ea67720b9fc321f206509effe9fc5ac77d,4
2597,obj:a5328471db3e0518999ecf2a39f687ea67720b9fc321f206509effe9fc5ac77d,4
2598,obj:e221d6563ec94f3ff192140f042ab8cf4014f95f5037cd24b9fc30ff4d4229ad,4
2599,obj:e221d6563ec94f3ff192140f042ab8cf4014f95f5037cd24b9fc30ff4d4229ad,4
2600,obj:5336c654ce1cf12977949ad83eef49187ef003644d63049e61cae1763c117571,3
2601,obj:5336c654ce1cf12977949ad83eef49187ef003644d63049e61cae1763c117571,3
2602,obj:ca27cd0260b8550f145e518797e31646be6c95d5a0b95f9990f66c8ec14c40c9,2
2603,obj:ca27cd0260b8550f145e518797e31646be6c95d5a0b95f9990f66c8ec14c40c9,2
2604,obj:0f32a7866bbc0323420125d538d42688e051fbae06334b77ad04235baa0a6a29,0
2605,obj:0f32a7866bbc0323420125d538d42688e051fbae06334b77ad04235baa0a6a29,0
2606,obj:4612b793309d73ef81cc23ee4edbf7ea7c914d9f04a1cf8093b554b7cce4ee36,4
2607,obj:4612b793309d73ef81cc23ee4edbf7ea7c914d9f04a1cf8093b554b7cce4ee36,4
2608,obj:b4361322096d508b60bf909d022ffc00f1b7bcbe433750e8bdcb009c789a2aa2,0
2609,obj:b4361322096d508b60bf909d022ffc00f1b7bcbe433750e8bdcb009c789a2aa2,0
2610,obj:13b3dc78b7cfd2aa8219764c01d08242938d101e5254a59bccd6dd8aee8ff80c,0
2611,obj:13b3dc78b7cfd2aa8219764c01d08242938d101e5254a59bccd6dd8aee8ff80c,0
2612,obj:cdeed49d62cac011cadb700d4d7be691904ef2eb5b4726c80d311e4f901be57f,2
2613,obj:cdeed49d62cac011cadb700d4d7be691904ef2eb5b4726c80d311e4f901be57f,2
2614,obj:7d136cf659f81d3dcfed9b6dd466f83de85ae8812fb2fa5fd59767c52268c8c1,1
2615,obj:7d136cf659f81d3dcfed9b6dd466f83de85ae8812fb2fa5fd59767c52268c8c1,1
2616,obj:6ad71df600d56f0aafe8030a9fac98d57b3aaf15e44c8a74b46679942d4a71cf,2
2617,obj:6ad71df600d56f0aafe8030a9fac98d57b3aaf15e44c8a74b46679942d4a71cf,2
2618,obj:a5c4c90012b5088563fdec0aa90649f13245089ec9d37949bb2605d5051bc23c,0
2619,obj:a5c4c90012b5088563fdec0aa90649f13245089ec9d37949bb2605d5051bc23c,0
2620,obj:77907a1878563dc19bff4442f35870bbb091fc7228d81a349730c336c817169e,0
2621,obj:77907a1878563dc19bff4442f35870bbb091fc7228d81a349730c336c817169e,0
2622,obj:b92965c0088d5955a42612c2968f175145f3544403ca090e1b3a0db53c36d321,2
2623,obj:b92965c0088d5955a42612c2968f175145f3544403ca090e1b3a0db53c36d321,2
2624,obj:4a81dc3adaff0e4807d8873ee01d9089c252fe547236d5ef7640e73aee81eed5,3
2625,obj:4a81dc3adaff0e4807d8873ee01d9089c252fe547236d5ef7640e73aee81eed5,3
2626,obj:78e2c9bed3d865cbd2b518a4ba2bed7e4d41275ba4143a8e83652af839eb399f,2
2627,obj:78e2c9bed3d865cbd2b518a4ba2bed7e4d41275ba4143a8e83652af839eb399f,2
2628,obj:f6b6c47730b7bda40a835130765d2818109d5003065cde4ac525b9d6d62ba65d,3
2629,obj:f6b6c47730b7bda40a835130765d2818109d5003065cde4ac525b9d6d62ba65d,3
2630,obj:41651bb7280465b1e6ea7bfaf678f9cfb10ba5c6acde20e346951c14440a76d3,0
2631,obj:41651bb7280465b1e6ea7bfaf678f9cfb10ba5c6acde20e346951c14440a76d3,0
2632,obj:6baf44c4c85dd2165fe737981ee3de2ad47f149d6dc49176ff035338ab7f8541,3
2633,obj:6baf44c4c85dd2165fe737981ee3de2ad47f149d6dc49176ff035338ab7f8541,3
2634,obj:fbcfb95a40824b609a1fde1e6016ffff73072b93f914a868c7197301f8dc650a,2
2635,obj:fbcfb95a40824b609a1fde1e6016ffff73072b93f914a868c7197301f8dc650a,2
2636,obj:2435d1947421190a09a078edd952f10e13c2a4acc760345cc79d5cddda117cfe,2
2637,obj:2435d1947421190a09a078edd952f10e13c2a4acc760345cc79d5cddda117cfe,2
2638,obj:467ed4dc5d7cffc486e70d85145bdd0a7decdcbaf527f8cf038b90e0d8a5ea62,4
2639,obj:467ed4dc5d7cffc486e70d85145bdd0a7decdcbaf527f8cf038b90e0d8a5ea62,4
2640,obj:6bb82478b058a1f1d8372dfd9fd159a5d501ba6402827541dc0e41ca529c0e15,0
2641,obj:6bb82478b058a1f1d8372dfd9fd159a5d501ba6402827541dc0e41ca529c0e15,0
2642,obj:d52dd419c95c4ef45c4c1afe0c2ff7fb7a9709ef8e2f315fafd5bf2ca6eef789,3
2643,obj:d52dd419c95c4ef45c4c1afe0c2ff7fb7a9709ef8e2f315fafd5bf2ca6eef789,3
2644,obj:a846b1d63eb18eb6f73f126ba6275675a442211cf3c8fe73731e502d47cf7959,1
2645,obj:a846b1d63eb18eb6f73f126ba6275675a442211cf3c8fe73731e502d47cf7959,1
2646,obj:9934aac5a2b53546368c54d70e0a1e7ebaf0ef38c76976e5b0a834a4bccaf862,2
2647,obj:9934aac5a2b53546368c54d70e0a1e7ebaf0ef38c76976e5b0a834a4bccaf862,2
2648,obj:6f2b65d68bb494dea4211abfbc5112d06374513562ed572e8c11052a45eb4c5f,1
2649,obj:6f2b65d68bb494dea4211abfbc5112d06374513562ed572e8c11052a45eb4c5f,1
2650,obj:847b567ffba88460c7f48b0c737fa53b889437fe5eca6bf1264af85d9512a8f0,4
2651,obj:847b567ffba88460c7f48b0c737fa53b889437fe5eca6bf1264af85d9512a8f0,4
2652,obj:6f42c582dd6e7b27eddd6730b11995ca503093dad0f4987c546821d807630805,4
2653,obj:6f42c582dd6e7b27eddd6730b11995ca503093dad0f4987c546821d807630805,4
2654,obj:f92104813f5c48b4b75731bf6231a0be74a2d273b09939c6abab69908e3e7771,1
2655,obj:f92104813f5c48b4b75731bf6231a0be74a2d273b09939c6abab69908e3e7771,1
2656,obj:4e937bdeee0b186e80ca444bef88c4e83d8209b5072f686aa24fc25b7ee463d0,4
2657,obj:4e937bdeee0b186e80ca444bef88c4e83d8209b5072f686aa24fc25b7ee463d0,4
2658,obj:bc455b4fd521fac6fdb486ef42bcd6b1f3f53e9bc7cbb1a58fd0be646ca6e631,3
2659,obj:bc455b4fd521fac6fdb486ef42bcd6b1f3f53e9bc7cbb1a58fd0be646ca6e631,3
2660,obj:73f5c21e7076394bc707d5f3d0514357e337b6374e45a3d0c57b93587a256668,2
2661,obj:73f5c21e7076394bc707d5f3d0514357e337b6374e45a3d0c57b93587a256668,2
2662,obj:4136062ac42955a921eaa93672e7433f5b92d08ee5bd62e4bcb972084373450b,4
2663,obj:4136062ac42955a921eaa93672e7433f5b92d08ee5bd62e4bcb972084373450b,4
2664,obj:d103ecdb2ae4c2cd3bb2ccb7b5cb0a5808b8e5cdea516e966bbe84c908e52abb,3
2665,obj:d103ecdb2ae4c2cd3bb2ccb7b5cb0a5808b8e5cdea516e966bbe84c908e52abb,3
2666,obj:c8ef8d8b421c78b5baaf5b3fb8bdc32e2251b88e852b47fb92949c4806b2cf67,4
2667,obj:c8ef8d8b421c78b5baaf5b3fb8bdc32e2251b88e852b47fb92949c4806b2cf67,4
2668,obj:6f42c582dd6e7b27eddd6730b11995ca503093dad0f4987c546821d807630805,4
2669,obj:6f42c582dd6e7b27eddd6730b11995ca503093dad0f4987c546821d807630805,4
2670,obj:e09d12d68b4493a4b708e5e56d08a6024ecba6b77e45a82b0dca861c71bca473,0
2671,obj:e09d12d68b4493a4b708e5e56d08a6024ecba6b77e45a82b0dca861c71bca473,0
2672,obj:9fce6ff6545ee09aa8d372744ede68fa8857ae3b2998868dca266060f0d1b7f6,3
2673,obj:9fce6ff6545ee09aa8d372744ede68fa8857ae3b2998868dca266060f0d1b7f6,3
2674,obj:9ff4c08549d9717ff437b9fe3605b31cfcc1c2b78e019d80d25acd626ef6b196,1
2675,obj:9ff4c08549d9717ff437b9fe3605b31cfcc1c2b78e019d80d25acd626ef6b196,1
2676,obj:1d47b5bc7ceab424dda526e371ea91e0abba4333463306d3e62c4308b59a3d0e,3
2677,obj:1d47b5bc7ceab424dda526e371ea91e0abba4333463306d3e62c4308b59a3d0e,3
2678,obj:a2d5bb1c231e1947a79ae93d2aa4f36df54ff1af6a969495731437447ff2dbfc,2
2679,obj:a2d5bb1c231e1947a79ae93d2aa4f36df54ff1af6a969495731437447ff2dbfc,2
2680,obj:cb88ec6dfd8f8a26699cf6f789fbb0219faabad88bcaf70dcffd20babcb9fa7f,3
2681,obj:cb88ec6dfd8f8a26699cf6f789fbb0219faabad88bcaf70dcffd20babcb9fa7f,3
2682,obj:dcd34fa0f00a30f880ec5584cb05fcf265d0d57abda5a737b0f2b27116f2cac9,2
2683,obj:dcd34fa0f00a30f880ec5584cb05fcf265d0d57abda5a737b0f2b27116f2cac9,2
2684,obj:abbea23366ec8d7b71ac9266ec9ece3746e668680219d5a874fd5bdb5181464c,0
2685,obj:abbea23366ec8d7b71ac9266ec9ece3746e668680219d5a874fd5bdb5181464c,0
2686,obj:f6d50a08a31fa84d72ee54a024daad746a035495d0e8c25956216a8efc82b109,0
2687,obj:f6d50a08a31fa84d72ee54a024daad746a035495d0e8c25956216a8efc82b109,0
2688,obj:4a9de67480d3c914491bbec3bfc28f2e1c23d6a6c3ae9e21daba255ece363d02,0
2689,obj:4a9de67480d3c914491bbec3bfc28f2e1c23d6a6c3ae9e21daba255ece363d02,0
2690,obj:24f2b59f6e49312bf9c0adec74b79be93c28c5baac5d04f93057c1c865fd4918,1
2691,obj:24f2b59f6e49312bf9c0adec74b79be93c28c5baac5d04f93057c1c865fd4918,1
2692,obj:76565eaa0a77e5d06606941188791e1bf4e4e71659d7abd702cf5e2d9f946dd9,1
2693,obj:76565eaa0a77e5d06606941188791e1bf4e4e71659d7abd702cf5e2d9f946dd9,1
2694,obj:0fd3a082fe6021c2a2cbdb1f1cf73d221a87897ebd88a6374c84babb7c417062,2
2695,obj:0fd3a082fe6021c2a2cbdb1f1cf73d221a87897ebd88a6374c84babb7c417062,2
2696,obj:a2d5bb1c231e1947a79ae93d2aa4f36df54ff1af6a969495731437447ff2dbfc,2
2697,obj:a2d5bb1c231e1947a79ae93d2aa4f36df54ff1af6a969495731437447ff2dbfc,2
2698,obj:34412624ee154ab87e337844cd36ee98e681770e2cfccf77f4ade43e883e370a,0
2699,obj:34412624ee154ab87e337844cd36ee98e681770e2cfccf77f4ade43e883e370a,0
2700,obj:c3a2f87abb2486bfd31e645c8d2f6ecf5619f2027492155225f26912f8460e4a,2
2701,obj:c3a2f87abb2486bfd31e645c8d2f6ecf5619f2027492155225f26912f8460e4a,2
2702,obj:c9dfc715034d11ba1afd027d07e9e990d86ff439c19a21e9bdb8b990d706378f,2
2703,obj:c9dfc715034d11ba1afd027d07e9e990d86ff439c19a21e9bdb8b990d706378f,2
2704,obj:97f0f6ab1cc802c5729dad681328513cacb64bd81421985ac574e7adf93681eb,2
2705,obj:97f0f6ab1cc802c5729dad681328513cacb64bd81421985ac574e7adf93681eb,2
2706,obj:e0f81817d077d1954f98b08f1341ce24d23fee7131c5081be0dfd041fcef940a,3
2707,obj:e0f81817d077d1954f98b08f1341ce24d23fee7131c5081be0dfd041fcef940a,3
2708,obj:1f71ff850fb19d301a606393aae143168377922aac1aafde0908bb1412c26740,2
2709,obj:1f71ff850fb19d301a606393aae143168377922aac1aafde0908bb1412c26740,2
2710,obj:b755137cc8f094435dd7e550ae82473ae8a900ac69cf2a0bf98bdcd7d4e6e6aa,3
2711,obj:b755137cc8f094435dd7e550ae82473ae8a900ac69cf2a0bf98bdcd7d4e6e6aa,3
2712,obj:c7588ab736da0cd0e738bd30526126dd5c97f420938d504b16d426a5c38a8f6d,2
2713,obj:c7588ab736da0cd0e738bd30526126dd5c97f420938d504b16d426a5c38a8f6d,2
2714,obj:730a51fc78ecd204243a620760c2abb5b50961aacd399d0fae162f989d4a7ccd,2
2715,obj:730a51fc78ecd204243a620760c2abb5b50961aacd399d0fae162f989d4a7ccd,2
2716,obj:45362a75000c084757cd08479e4fa728ab9eff667078384c98e1758239c63d54,3
2717,obj:45362a75000c084757cd08479e4fa728ab9eff667078384c98e1758239c63d54,3
2718,obj:4313f4f2da33fc0ae853f37659c35a462b38e5abaa85c4c4403cc3478dd96e89,4
2719,obj:4313f4f2da33fc0ae853f37659c35a462b38e5abaa85c4c4403cc3478dd96e89,4
2720,obj:915667461ef96909163ffaeba7a96d737c4cccd94bbc10078443af4955900add,2
2721,obj:915667461ef96909163ffaeba7a96d737c4cccd94bbc10078443af4955900add,2
2722,obj:3c23596f0c98bfaf1fd934c97807ecfa4d4de26c2706a819020e9f14bc7d9a98,4
2723,obj:3c23596f0c98bfaf1fd934c97807ecfa4d4de26c2706a819020e9f14bc7d9a98,4
2724,obj:cf31881f786ded1999c83b2ee637ff5a7adf0b3f5b9c896035f01726609e9ef1,3
2725,obj:cf31881f786ded1999c83b2ee637ff5a7adf0b3f5b9c896035f01726609e9ef1,3
2726,obj:e15696aff9010e71e94e78c9204d9879c7ac81a673e190ceea95023e1c558a1a,2
2727,obj:e15696aff9010e71e94e78c9204d9879c7ac81a673e190ceea95023e1c558a1a,2
2728,obj:b6af99255d06931f7a0eaea52d4b842a256e57e6d81ce25bb3d1c503a58d2fc1,0
2729,obj:b6af99255d06931f7a0eaea52d4b842a256e57e6d81ce25bb3d1c503a58d2fc1,0
2730,obj:6ff4a28c97365feb9b69adf41e6f9d798dbcdc9370d1b6ccabc8c791511cc165,3
2731,obj:6ff4a28c97365feb9b69adf41e6f9d798dbcdc9370d1b6ccabc8c791511cc165,3
2732,obj:0ccb59d73aed09607c5b2292e356d9383044ae4a3ef79c230a5094cf351b4a2d,2
2733,obj:0ccb59d73aed09607c5b2292e356d9383044ae4a3ef79c230a5094cf351b4a2d,2
2734,obj:33747f28615360350c9ff3c5733726285d112d9c8ba16b7af2450604def14547,4
2735,obj:33747f28615360350c9ff3c5733726285d112d9c8ba16b7af2450604def14547,4
2736,obj:e7d57fdb3af7e9e6f33db28b32e842ca8d30e98418d92d9de15a18f5eec18c94,4
2737,obj:e7d57fdb3af7e9e6f33db28b32e842ca8d30e98418d92d9de15a18f5eec18c94,4
2738,obj:52ccab5a503eba8ad14c95a5e36fd03a7ff99db9fa7f96ae81f511ea16fcfbca,2
2739,obj:52ccab5a503eba8ad14c95a5e36fd03a7ff99db9fa7f96ae81f511ea16fcfbca,2
2740,obj:f2912e2dea32f215f098c932f922988e2c3b052b10fbe3ff4ff475fc900ddb69,4
2741,obj:f2912e2dea32f215f098c932f922988e2c3b052b10fbe3ff4ff475fc900ddb69,4
2742,obj:c4a49cef4a1cfbad151f4baba4560433f2b5a76add96c11f8d847b943f65c2ad,1
2743,obj:c4a49cef4a1cfbad151f4baba4560433f2b5a76add96c11f8d847b943f65c2ad,1
2744,obj:2cf14aae6f8a94051cc5b786093162a0af4024d21bb76c725f41259e442eb91a,3
2745,obj:2cf14aae6f8a94051cc5b786093162a0af4024d21bb76c725f41259e442eb91a,3
2746,obj:a2d5bb1c231e1947a79ae93d2aa4f36df54ff1af6a969495731437447ff2dbfc,2
2747,obj:a2d5bb1c231e1947a79ae93d2aa4f36df54ff1af6a969495731437447ff2dbfc,2
2748,obj:b527f18504ee8592a04563acb6b0fe9c99cb4d9337b225a72414ca4778d5f31a,4
2749,obj:b527f18504ee8592a04563acb6b0fe9c99cb4d9337b225a72414ca4778d5f31a,4
2750,obj:41dcb9359010d4e67a9d8bae5c8597ede22d31937d44c2a1921a51dfcf00b721,0
2751,obj:41dcb9359010d4e67a9d8bae5c8597ede22d31937d44c2a1921a51dfcf00b721,0
2752,obj:2093399d6755a6a01b2f4c5b0a2c8fbccf43c6fef61ef8f630d7f2ab6e9bac46,4
2753,obj:2093399d6755a6a01b2f4c5b0a2c8fbccf43c6fef61ef8f630d7f2ab6e9bac46,4
2754,obj:9c5e4dd1562656c23ce9f98b93b5782b6f63a5ea90446329e292875bcc6312b7,3
2755,obj:9c5e4dd1562656c23ce9f98b93b5782b6f63a5ea90446329e292875bcc6312b7,3
2756,obj:1acaa3a3bd6622e200be5d2e3ff26cb8e059354198b93129557f70d222b46484,1
2757,obj:1acaa3a3bd6622e200be5d2e3ff26cb8e059354198b93129557f70d222b46484,1
2758,obj:ec24e37899439a269cbaba24f857eab788a1e8abfe394fed62046b331b8ed1a9,4
2759,obj:ec24e37899439a269cbaba24f857eab788a1e8abfe394fed62046b331b8ed1a9,4
2760,obj:8ce823b6ac650ff624bbcf86539ddd33989601018ace7b45854c1d7c4f273254,3
2761,obj:8ce823b6ac650ff624bbcf86539ddd33989601018ace7b45854c1d7c4f273254,3
2762,obj:fafb50bcaf635db18b6b53500aecc085f01b2967554b930edc1882a15a1f333f,2
2763,obj:fafb50bcaf635db18b6b53500aecc085f01b2967554b930edc1882a15a1f333f,2
2764,obj:6ca90ce50d956221d5c50d29fbd03ff430cf5f092c57ab5084de6e2319f6fa51,0
2765,obj:6ca90ce50d956221d5c50d29fbd03ff430cf5f092c57ab5084de6e2319f6fa51,0
2766,obj:6488aebe30e63e9b143d4cba3868dae254874b6327a81b73b66a18b230579780,0
2767,obj:6488aebe30e63e9b143d4cba3868dae254874b6327a81b73b66a18b230579780,0
2768,obj:2c75158f5c459a847bd31cc7b76a1c0182c053e5f7eef90e7afcfe99139515a8,2
2769,obj:2c75158f5c459a847bd31cc7b76a1c0182c053e5f7eef90e7afcfe99139515a8,2
2770,obj:14a74bc17bff9673d0f8bc3a79838f9f7505bf66fcf49cf9f6aff715ffe25483,4
2771,obj:14a74bc17bff9673d0f8bc3a79838f9f7505bf66fcf49cf9f6aff715ffe25483,4
2772,obj:467ed4dc5d7cffc486e70d85145bdd0a7decdcbaf527f8cf038b90e0d8a5ea62,4
2773,obj:467ed4dc5d7cffc486e70d85145bdd0a7decdcbaf527f8cf038b90e0d8a5ea62,4
2774,obj:4fa6a3820af707102260ebf9dcc8422981bfbddbbcbce6f00176d524ee163a0b,4
2775,obj:4fa6a3820af707102260ebf9dcc8422981bfbddbbcbce6f00176d524ee163a0b,4
2776,obj:2ac887ba02d5775b0bdbe04f2aadd6ee48d86de3403c798375835a375cb76cff,4
2777,obj:2ac887ba02d5775b0bdbe04f2aadd6ee48d86de3403c798375835a375cb76cff,4
2778,obj:5c609aaf1f61d1744c5bcd2669dfebed66c692a4063d4901ce6dfb541d8fbae6,2
2779,obj:5c609aaf1f61d1744c5bcd2669dfebed66c692a4063d4901ce6dfb541d8fbae6,2
2780,obj:c36567782deb4cad7e76b92dba89d233ed7fccf3afb26fdb4c6ee0e767d6ce5d,2
2781,obj:c36567782deb4cad7e76b92dba89d233ed7fccf3afb26fdb4c6ee0e767d6ce5d,2
2782,obj:d5c8c24dd64c70a5129560fe242ef2aea7965c29fdadfb341d9121e3fc92c118,2
2783,obj:d5c8c24dd64c70a5129560fe242ef2aea7965c29fdadfb341d9121e3fc92c118,2
2784,obj:0449093a43546338714fbf0c7067bd88b1f34025b946d5ffff0e94c1855d71d6,0
2785,obj:0449093a43546338714fbf0c7067bd88b1f34025b946d5ffff0e94c1855d71d6,0
2786,obj:f82581ee9eccc5956bc9e28d8af7479aa7cf4ebe09a4ff8b744e97cf270cac69,0
2787,obj:f82581ee9eccc5956bc9e28d8af7479aa7cf4ebe09a4ff8b744e97cf270cac69,0
2788,obj:e3855f68a09a865885a3cb43c93b007cc0f3ea5562e87dc843b4cb5bd059c602,0
2789,obj:e3855f68a09a865885a3cb43c93b007cc0f3ea5562e87dc843b4cb5bd059c602,0
2790,obj:2094ec8e781dbf822afe187d5ca9daeb7c2f8c0b3fafeffc5a367fee2d9bc1b4,1
2791,obj:2094ec8e781dbf822afe187d5ca9daeb7c2f8c0b3fafeffc5a367fee2d9bc1b4,1
2792,obj:8cae7b7b0b0f7b201a80a8f32a289c0b8aa1d1fec354c1ae47d97b464d931b46,1
2793,obj:8cae7b7b0b0f7b201a80a8f32a289c0b8aa1d1fec354c1ae47d97b464d931b46,1
2794,obj:e8bfd0fbb991ff475610f8218f52b97069e99fc23826e035f9db81890ece540a,3
2795,obj:e8bfd0fbb991ff475610f8218f52b97069e99fc23826e035f9db81890ece540a,3
2796,obj:f8b621e0ffc66dfe0e59f707f32dc6047e9449caf4df026d60bef5473095c509,1
2797,obj:f8b621e0ffc66dfe0e59f707f32dc6047e9449caf4df026d60bef5473095c509,1
2798,obj:fe4a38829530f26165f72c66989dda82aa6d5ab79b6ed22c27c6abcdd0e6d0b9,4
2799,obj:fe4a38829530f26165f72c66989dda82aa6d5ab79b6ed22c27c6abcdd0e6d0b9,4
2800,obj:b5e35a327d511f29d35b4a9853f9092d792100b361119869c7560979303763d3,3
2801,obj:b5e35a327d511f29d35b4a9853f9092d792100b361119869c7560979303763d3,3
2802,obj:ab9702bcb813dc31d19e606c0cdb385db41e72801b3432ec155f7bf06a1a6e27,2
2803,obj:ab9702bcb813dc31d19e606c0cdb385db41e72801b3432ec155f7bf06a1a6e27,2
2804,obj:2448793f496b433fc13e377b6c6439ce64ab019b39b5b09d1d357663fd05c6f7,1
2805,obj:2448793f496b433fc13e377b6c6439ce64ab019b39b5b09d1d357663fd05c6f7,1
2806,obj:aec1b6a0bd73c3984969e8bce46543b47f456eb5eabe3f49e511e00f9f4fbc33,4
2807,obj:aec1b6a0bd73c3984969e8bce46543b47f456eb5eabe3f49e511e00f9f4fbc33,4
2808,obj:2a8a1ac90b84e8a90778e7769aacbf6ff39ef26962cabdf177f51263512ddb0f,3
2809,obj:2a8a1ac90b84e8a90778e7769aacbf6ff39ef26962cabdf177f51263512ddb0f,3
2810,obj:97f0f6ab1cc802c5729dad681328513cacb64bd81421985ac574e7adf93681eb,2
2811,obj:97f0f6ab1cc802c5729dad681328513cacb64bd81421985ac574e7adf93681eb,2
2812,obj:04524fc92c05b5a321bc9a818e4dde6dcb58471fe86d9e4e3301294ee27ea36a,0
2813,obj:04524fc92c05b5a321bc9a818e4dde6dcb58471fe86d9e4e3301294ee27ea36a,0
2814,obj:2cf14aae6f8a94051cc5b786093162a0af4024d21bb76c725f41259e442eb91a,3
2815,obj:2cf14aae6f8a94051cc5b786093162a0af4024d21bb76c725f41259e442eb91a,3
2816,obj:3a04313c6446c1d8c4ff251259828db9ee9278b36b23b5e68dfe08c1cbbec70f,4
2817,obj:3a04313c6446c1d8c4ff251259828db9ee9278b36b23b5e68dfe08c1cbbec70f,4
2818,obj:7ae7492fc8c40b65416be05cec563b1c48cc13d6288bb88048e09400faf8d732,2
2819,obj:7ae7492fc8c40b65416be05cec563b1c48cc13d6288bb88048e09400faf8d732,2
2820,obj:f52049cc533718cbe180d1aac1124ed8d8f8637e2217d789708f37a7dd284419,4
2821,obj:f52049cc533718cbe180d1aac1124ed8d8f8637e2217d789708f37a7dd284419,4
2822,obj:8bec3d1ebe23fcbe20fc13fdc0d613387f235838cb4be6915853103539873982,0
2823,obj:8bec3d1ebe23fcbe20fc13fdc0d613387f235838cb4be6915853103539873982,0
2824,obj:9f71c1fd8850b0bfe6cf7d1d5fc39981907953ca6c969c555107304eb727c396,0
2825,obj:9f71c1fd8850b0bfe6cf7d1d5fc39981907953ca6c969c555107304eb727c396,0
2826,obj:5c11aea06a5c5de10e41fa7626cdf2e8fcd2e40b82e79475c94c7d5fe48d0154,1
2827,obj:5c11aea06a5c5de10e41fa7626cdf2e8fcd2e40b82e79475c94c7d5fe48d0154,1
2828,obj:378c7c45565f882393e5beefa8502e59338cd5937468ad9d1731e91885565f5f,1
2829,obj:378c7c45565f882393e5beefa8502e59338cd5937468ad9d1731e91885565f5f,1
2830,obj:67e1d06256dcfd1f806230cdbdbbeecfae13b281553689a47db5b205bc60d571,4
2831,obj:67e1d06256dcfd1f806230cdbdbbeecfae13b281553689a47db5b205bc60d571,4
2832,obj:aa78fac011c9b709ae5b782151577346bf928fc438a6ae0d684526d35ed994e8,0
2833,obj:aa78fac011c9b709ae5b782151577346bf928fc438a6ae0d684526d35ed994e8,0
2834,obj:931f8e193d34101632f7e8a18136c7dc696d5946ff2faac69a28c0483e62a59e,4
2835,obj:931f8e193d34101632f7e8a18136c7dc696d5946ff2faac69a28c0483e62a59e,4
2836,obj:ccf9a78038f529b39a875caea5754d7d62f44c6a31a0a21bc4d5b12cd38450bf,1
2837,obj:ccf9a78038f529b39a875caea5754d7d62f44c6a31a0a21bc4d5b12cd38450bf,1
2838,obj:485155e429ccd690f7349d6416508315214a02a07eee948e683ff20fdab57b7f,2
2839,obj:485155e429ccd690f7349d6416508315214a02a07eee948e683ff20fdab57b7f,2
2840,obj:64d68c4ce039f71783057d0fbc96b6634d4380c39639534ec84fd1446e3a7606,3
2841,obj:64d68c4ce039f71783057d0fbc96b6634d4380c39639534ec84fd1446e3a7606,3
2842,obj:d50993a169dda4485a1823f517012392522c0c3ac0a746797c1b30811f383995,1
2843,obj:d50993a169dda4485a1823f517012392522c0c3ac0a746797c1b30811f383995,1
2844,obj:b1fdcee7e8ef1305cd35d2892643af26961b24f04a0e9c698d4646734db28c04,3
2845,obj:b1fdcee7e8ef1305cd35d2892643af26961b24f04a0e9c698d4646734db28c04,3
2846,obj:fe4a38829530f26165f72c66989dda82aa6d5ab79b6ed22c27c6abcdd0e6d0b9,4
2847,obj:fe4a38829530f26165f72c66989dda82aa6d5ab79b6ed22c27c6abcdd0e6d0b9,4
2848,obj:45362a75000c084757cd08479e4fa728ab9eff667078384c98e1758239c63d54,3
2849,obj:45362a75000c084757cd08479e4fa728ab9eff667078384c98e1758239c63d54,3
2850,obj:98fa99e58b577d4524884bacbd2d6695efe0292f241199905a83f6b8e91ab5c2,3
2851,obj:98fa99e58b577d4524884bacbd2d6695efe0292f241199905a83f6b8e91ab5c2,3
2852,obj:28542de6626a2fbaf919a74e01a35ec821af85f999ded5cfe1bb249505daa97a,2
2853,obj:28542de6626a2fbaf919a74e01a35ec821af85f999ded5cfe1bb249505daa97a,2
2854,obj:24703053e75b37c395b9be417fbb3ca131303940c3c5e398b5f887470d9ec591,2
2855,obj:24703053e75b37c395b9be417fbb3ca131303940c3c5e398b5f887470d9ec591,2
2856,obj:1630dd3985901480124944834aa007d1a2e8f192e689ddde8a6d5f41066d824f,1
2857,obj:1630dd3985901480124944834aa007d1a2e8f192e689ddde8a6d5f41066d824f,1
2858,obj:ecc76125f9ec5fd0a30b4f2c44b80ea86b8295248af0af61fb83b80768d8957b,3
2859,obj:ecc76125f9ec5fd0a30b4f2c44b80ea86b8295248af0af61fb83b80768d8957b,3
2860,obj:d24e2b176d7fc6a451ca1c49117682469fbb78e878318769ee538f1953ac31b7,2
2861,obj:d24e2b176d7fc6a451ca1c49117682469fbb78e878318769ee538f1953ac31b7,2
2862,obj:47c7648f8fc3d4617d93afda6dc642160e6b20b0630063d58b792438f49d4848,1
2863,obj:47c7648f8fc3d4617d93afda6dc642160e6b20b0630063d58b792438f49d4848,1
2864,obj:36a8dfc03002e8094c54d51b5c755f043961b6421d758ccfeb17cb9f1498a443,2
2865,obj:36a8dfc03002e8094c54d51b5c755f043961b6421d758ccfeb17cb9f1498a443,2
2866,obj:0ec0f45f2eeae82a89bdd635574026c64c6e7a5332c6f395ad1394570d6027a0,0
2867,obj:0ec0f45f2eeae82a89bdd635574026c64c6e7a5332c6f395ad1394570d6027a0,0
2868,obj:4c206ec3776d37a08f0bee0560b02445162d1e99ac4c03e5f6a1288a8bf6afd0,4
2869,obj:4c206ec3776d37a08f0bee0560b02445162d1e99ac4c03e5f6a1288a8bf6afd0,4
2870,obj:8ec8ec01f08696800f305ec56bbe61d968d98bc37ec77aaa9122cec7aa0c5406,2
2871,obj:8ec8ec01f08696800f305ec56bbe61d968d98bc37ec77aaa9122cec7aa0c5406,2
2872,obj:deb0b2b46a8ae78ba2a08246e5c8504603b2bfecd7407f27684e14b03075c45c,4
2873,obj:deb0b2b46a8ae78ba2a08246e5c8504603b2bfecd7407f27684e14b03075c45c,4
2874,obj:cbf5f258993294052837165c9400bbd919a8f74cd140e6b83d97d1562354fdb3,1
2875,obj:cbf5f258993294052837165c9400bbd919a8f74cd140e6b83d97d1562354fdb3,1
2876,obj:f2187d1cdafb107119bb113902393b78d0beb0ee31c8d52309e3b85e16706640,3
2877,obj:f2187d1cdafb107119bb113902393b78d0beb0ee31c8d52309e3b85e16706640,3
2878,obj:565a465b14d5afc16a4f31860f03fdce60902a3e051e83508bfb38724e6b2d1b,4
2879,obj:565a465b14d5afc16a4f31860f03fdce60902a3e051e83508bfb38724e6b2d1b,4
2880,obj:2b6b2a4482abce7bec5b9b8c3fe5a16b880a9876fa3beb4dc17c8d4029ef3e4b,1
2881,obj:2b6b2a4482abce7bec5b9b8c3fe5a16b880a9876fa3beb4dc17c8d4029ef3e4b,1
2882,obj:84eafe31584031935d142aff402d789b8f8f4d964a0a8da4934a29c57787ac9f,4
2883,obj:84eafe31584031935d142aff402d789b8f8f4d964a0a8da4934a29c57787ac9f,4
2884,obj:df5be9c29918c3915cfc2280cc1aacd19a8b1d220709902ca33f7f928b5c8d5e,0
2885,obj:df5be9c29918c3915cfc2280cc1aacd19a8b1d220709902ca33f7f928b5c8d5e,0
2886,obj:db32c5e7a0131480487213adb8afead624c8c6a2a57736a4ac65556da0ac7112,4
2887,obj:db32c5e7a0131480487213adb8afead624c8c6a2a57736a4ac65556da0ac7112,4
2888,obj:712d9c7f92f79e30bcc7d4e6028529015f55cd19cbf202a7065a4341834d719e,4
2889,obj:712d9c7f92f79e30bcc7d4e6028529015f55cd19cbf202a7065a4341834d719e,4
2890,obj:ccf5a3065f3281525716a49b80dc5dc3d41175f3f56ece5faabd0079cb8275bb,2
2891,obj:ccf5a3065f3281525716a49b80dc5dc3d41175f3f56ece5faabd0079cb8275bb,2
2892,obj:eaee23a3aeffa16a2c9810aa024cfa42b5860702df05109eb723a214b2608ec3,4
2893,obj:eaee23a3aeffa16a2c9810aa024cfa42b5860702df05109eb723a214b2608ec3,4
2894,obj:d2164dfc18af96e75326e5e6e9f88088a864ee91cd74764df5c3cd96a05cb7f9,2
2895,obj:d2164dfc18af96e75326e5e6e9f88088a864ee91cd74764df5c3cd96a05cb7f9,2
2896,obj:9aa637bbc9fdada4dbb28ad1888fb737ccd1e498687abab7ef3ae6f14e2f4f7f,2
2897,obj:9aa637bbc9fdada4dbb28ad1888fb737ccd1e498687abab7ef3ae6f14e2f4f7f,2
2898,obj:2cf14aae6f8a94051cc5b786093162a0af4024d21bb76c725f41259e442eb91a,3
2899,obj:2cf14aae6f8a94051cc5b786093162a0af4024d21bb76c725f41259e442eb91a,3
2900,obj:291aef2263856e626b69a8838534c8405fdedb94a184e360bf0adde5c714415a,0
2901,obj:291aef2263856e626b69a8838534c8405fdedb94a184e360bf0adde5c714415a,0
2902,obj:a28c3d6e3cefbf5ba88441bfdd5b2f78873abd347e87b45b2a31d0fca41106d0,2
2903,obj:a28c3d6e3cefbf5ba88441bfdd5b2f78873abd347e87b45b2a31d0fca41106d0,2
2904,obj:a2d5bb1c231e1947a79ae93d2aa4f36df54ff1af6a969495731437447ff2dbfc,2
2905,obj:a2d5bb1c231e1947a79ae93d2aa4f36df54ff1af6a969495731437447ff2dbfc,2
2906,obj:c1d11179f4076fcbad387a952382cea41797aa4b171742c4429c00af66769b84,4
2907,obj:c1d11179f4076fcbad387a952382cea41797aa4b171742c4429c00af66769b84,4
2908,obj:dca9cebcba8800180c86d2afd9c31d4f7e8a54cc042f9e82925e521b5b1728e2,4
2909,obj:dca9cebcba8800180c86d2afd9c31d4f7e8a54cc042f9e82925e521b5b1728e2,4
2910,obj:6d2fdcf5b0e562c72f97f973ad53bca0c0faf17b3f3943d551693858eedb3cb9,2
2911,obj:6d2fdcf5b0e562c72f97f973ad53bca0c0faf17b3f3943d551693858eedb3cb9,2
2912,obj:2d1a474ba84051b866335bb883b3d2fc5333d476af54542370330766c543c13d,2
2913,obj:2d1a474ba84051b866335bb883b3d2fc5333d476af54542370330766c543c13d,2
2914,obj:de04bcc3bb81d6119751e1b7932f17502a6d1d1281be6760fbe1a331886ce15d,0
2915,obj:de04bcc3bb81d6119751e1b7932f17502a6d1d1281be6760fbe1a331886ce15d,0
2916,obj:2934adea517507bd4ce2ab76e03a11a4b0ad8446a62156b982e53a58ebe4d3c0,1
2917,obj:2934adea517507bd4ce2ab76e03a11a4b0ad8446a62156b982e53a58ebe4d3c0,1
2918,obj:fb4be0135e90bddf21ad83809c77f699cf0afb7bc46ecf40dce1d57ea41fd5b3,4
2919,obj:fb4be0135e90bddf21ad83809c77f699cf0afb7bc46ecf40dce1d57ea41fd5b3,4
2920,obj:5a2923515dc149b363e8729d18adc6bbb18718c496d97c5a8a32fb12e575ed95,0
2921,obj:5a2923515dc149b363e8729d18adc6bbb18718c496d97c5a8a32fb12e575ed95,0
2922,obj:0ac926ee167271bd95f3edac80596dcbbecc43b8dc2a2c05ad7175fb9e605ebd,4
2923,obj:0ac926ee167271bd95f3edac80596dcbbecc43b8dc2a2c05ad7175fb9e605ebd,4
2924,obj:a5328471db3e0518999ecf2a39f687ea67720b9fc321f206509effe9fc5ac77d,4
2925,obj:a5328471db3e0518999ecf2a39f687ea67720b9fc321f206509effe9fc5ac77d,4
2926,obj:106770cb7a7fc11ebf90d812ee969cf37133e45f34430c9407e16b241a959844,1
2927,obj:106770cb7a7fc11ebf90d812ee969cf37133e45f34430c9407e16b241a959844,1
2928,obj:1296818082fab8c06dd42d155cab1c7e615586b0ce84ca05ce656eb856c92302,3
2929,obj:1296818082fab8c06dd42d155cab1c7e615586b0ce84ca05ce656eb856c92302,3
2930,obj:10c556fa956148a1c3f4cd90a08778ba182867fe777d1f4e42c1d24559ccb69f,3
2931,obj:10c556fa956148a1c3f4cd90a08778ba182867fe777d1f4e42c1d24559ccb69f,3
2932,obj:07465541eee71fde2d20fd61cc5bdc048b332ffa0ac4c4e600bee20c620a4fa4,1
2933,obj:07465541eee71fde2d20fd61cc5bdc048b332ffa0ac4c4e600bee20c620a4fa4,1
2934,obj:8faf096d835e423670aa974f775e734f81c2bf099c0dd44156c0964e38c58641,4
2935,obj:8faf096d835e423670aa974f775e734f81c2bf099c0dd44156c0964e38c58641,4
2936,obj:0645daac4ba888566123c9365229db42c9e580f5abb430bc1a77de3bd1e7c7ad,1
2937,obj:0645daac4ba888566123c9365229db42c9e580f5abb430bc1a77de3bd1e7c7ad,1
2938,obj:ccf44e16517ec071eb772530ca1790933c43b31c483a481c51f50e6238e1b2a0,0
2939,obj:ccf44e16517ec071eb772530ca1790933c43b31c483a481c51f50e6238e1b2a0,0
2940,obj:45362a75000c084757cd08479e4fa728ab9eff667078384c98e1758239c63d54,3
2941,obj:45362a75000c084757cd08479e4fa728ab9eff667078384c98e1758239c63d54,3
2942,obj:0cdcc6e1ab4f53f70d904df6017d2bf8d0b546a7e0110675888cecd7838471aa,4
2943,obj:0cdcc6e1ab4f53f70d904df6017d2bf8d0b546a7e0110675888cecd7838471aa,4
2944,obj:31bfdfc339bb24ff85612f6692497aec074e74012bdbe2d6a3e88ae00128da25,4
2945,obj:31bfdfc339bb24ff85612f6692497aec074e74012bdbe2d6a3e88ae00128da25,4
2946,obj:c84ef507e55a1c554faf7813f18269203be8358b10c3400be92102f244fa9a14,2
2947,obj:c84ef507e55a1c554faf7813f18269203be8358b10c3400be92102f244fa9a14,2
2948,obj:5935d7eeaba9f472765bb1f74fbe44f6f0e76e2bbe135b0f60cea35443370ad1,1
2949,obj:5935d7eeaba9f472765bb1f74fbe44f6f0e76e2bbe135b0f60cea35443370ad1,1
2950,obj:7d76a8ac29a79914ddcda4ec2ee22a5902e164b0b8867ec83f62353e4cfc66e1,3
2951,obj:7d76a8ac29a79914ddcda4ec2ee22a5902e164b0b8867ec83f62353e4cfc66e1,3
2952,obj:e651825ffaa318bc194fd146d8bb2c9a7c87265a9f4c101f14c52b2f39f1de8b,2
2953,obj:e651825ffaa318bc194fd146d8bb2c9a7c87265a9f4c101f14c52b2f39f1de8b,2
2954,obj:b9503395943dfdef87cb5c73a2fc36ca7c4693b601e715386f6373792b13be66,3
2955,obj:b9503395943dfdef87cb5c73a2fc36ca7c4693b601e715386f6373792b13be66,3
2956,obj:6f42c582dd6e7b27eddd6730b11995ca503093dad0f4987c546821d807630805,4
2957,obj:6f42c582dd6e7b27eddd6730b11995ca503093dad0f4987c546821d807630805,4
2958,obj:58e3cab8abafb25fdd836aab6be90b702271859d34fb44e2ed3f89200627eaea,1
2959,obj:58e3cab8abafb25fdd836aab6be90b702271859d34fb44e2ed3f89200627eaea,1
2960,obj:46842a763dfc82dfa3cc5c42141501ab23ec0af01bf1556f07b2f4d7514eb05d,3
2961,obj:46842a763dfc82dfa3cc5c42141501ab23ec0af01bf1556f07b2f4d7514eb05d,3
2962,obj:438f916c60ad9955c660d135281ae4e37f7be80d9d3b4a8699edd64fc9bd92a0,1
2963,obj:438f916c60ad9955c660d135281ae4e37f7be80d9d3b4a8699edd64fc9bd92a0,1
2964,obj:79c4f23872a7d5df1e1da543d38a7961e45ecc2877e38a48bc98f132f670ccc8,0
2965,obj:79c4f23872a7d5df1e1da543d38a7961e45ecc2877e38a48bc98f132f670ccc8,0
2966,obj:0862b2aa6697cf4c458e48b37df110e0214acc6d280c28e6faaadba4b3ce1543,1
2967,obj:0862b2aa6697cf4c458e48b37df110e0214acc6d280c28e6faaadba4b3ce1543,1
2968,obj:3c0939305fdfced8a59c86dd50ba87a3624a218a06bec30947d1def801c05b62,1
2969,obj:3c0939305fdfced8a59c86dd50ba87a3624a218a06bec30947d1def801c05b62,1
2970,obj:9fe7d293a0c465425a21485202128f540574fb346f6e1ab5479c392f83b96c9a,0
2971,obj:9fe7d293a0c465425a21485202128f540574fb346f6e1ab5479c392f83b96c9a,0
2972,obj:46ef9be24d42cba6bb035e4521135f987d7a13f84a4baaaeac468ddc43636e39,2
2973,obj:46ef9be24d42cba6bb035e4521135f987d7a13f84a4baaaeac468ddc43636e39,2
2974,obj:84cad8e4b72672293dc4b54ed83881b3e93acd49c97fcd866f42f46a1294b8b5,0
2975,obj:84cad8e4b72672293dc4b54ed83881b3e93acd49c97fcd866f42f46a1294b8b5,0
2976,obj:bcc81d5f54e514794ff9a7100311a53382fab3511aacc965525df71b52cac9d7,3
2977,obj:bcc81d5f54e514794ff9a7100311a53382fab3511aacc965525df71b52cac9d7,3
2978,obj:62c466823c9d270a28101a5cdb1497b29b64dea4b43f7cd14d036f98060c4b65,2
2979,obj:62c466823c9d270a28101a5cdb1497b29b64dea4b43f7cd14d036f98060c4b65,2
2980,obj:993f4fda75173f2517360184041d46977d2449282db5c866206337f08b34c2e1,3
2981,obj:993f4fda75173f2517360184041d46977d2449282db5c866206337f08b34c2e1,3
2982,obj:e9c06c751544d6f98fb206a5683d88b59b97ccdcde8f579fd9baefc3da748cb8,3
2983,obj:e9c06c751544d6f98fb206a5683d88b59b97ccdcde8f579fd9baefc3da748cb8,3
2984,obj:7925dd4f470e628e442974d3b84034da52d7711218d73e59b7c9fc0bbcbc3f99,0
2985,obj:7925dd4f470e628e442974d3b84034da52d7711218d73e59b7c9fc0bbcbc3f99,0
2986,obj:d18a7d05bbde39fcbbdc9ceab862cbe7e50d8db70a5a417b3c6850ae5c5b28da,2
2987,obj:d18a7d05bbde39fcbbdc9ceab862cbe7e50d8db70a5a417b3c6850ae5c5b28da,2
2988,obj:a0758ab2a908180dff98fd16e6495440183b176d2fc3c4be5a760d6609ecf564,2
2989,obj:a0758ab2a908180dff98fd16e6495440183b176d2fc3c4be5a760d6609ecf564,2
2990,obj:b04ac7904a156edafc7ec0072ecbddd01098044f7a1ab55e9feb04617d530554,2
2991,obj:b04ac7904a156edafc7ec0072ecbddd01098044f7a1ab55e9feb04617d530554,2
2992,obj:4d9a2409355d41611cf4881bf884e438c0ef5c1317fd586ab77484465f79dc7c,2
2993,obj:4d9a2409355d41611cf4881bf884e438c0ef5c1317fd586ab77484465f79dc7c,2
2994,obj:4832455486ac0e6241b9797b16053e9c346f4af5b93fe0215e58966881bd10a8,3
2995,obj:4832455486ac0e6241b9797b16053e9c346f4af5b93fe0215e58966881bd10a8,3
2996,obj:7ac94b1c0c13ca6a2482dcd4dee8dbdb4e1d26e45073ecd463660ac1fac9e988,3
2997,obj:7ac94b1c0c13ca6a2482dcd4dee8dbdb4e1d26e45073ecd463660ac1fac9e988,3
2998,obj:0862b2aa6697cf4c458e48b37df110e0214acc6d280c28e6faaadba4b3ce1543,1
2999,obj:0862b2aa6697cf4c458e48b37df110e0214acc6d280c28e6faaadba4b3ce1543,1
3000,obj:7197f753a6e26ec17aaabaab5e62d0e61f708a5e38616be69e86f02e3f3fa39b,0
3001,obj:9c6fbdfb0a0119c98858fb24560a83de745c963936ed222b77f231d5ff64f899,1
3002,obj:8dcaf094c873bd4c0ac6d76fe8bc502f66eb7d73026970ef15bb5cc223c2e058,3
3003,obj:891f2107d34ffeb8b1c444d0809ea4c6911cba05c897ae13c0b14d1b5a1ad785,1
3004,obj:7269b69f96c92909a252f9350bae8e7386d74dece658b66f8964ae7b66ab63fc,3
3005,obj:76786d74b2196abd6bf5c1e3f828e3a70aa20c0672bb0bc6f37fb2be8f79377d,0
3006,obj:b9184d89ce0a83688b2ddd22ff9b885e0be549af5f49cc894d610d3929d5bb4c,3
3007,obj:12e727ded497751d37a957cacf2c84c135cf65f590fc8bf93202ea4dde469f98,1
3008,obj:11c334bfd6aeba328de8e3b7832828acaeda69d973f1c02f21cd63ec0e62e0fa,2
3009,obj:5060c581de098bb7e6b5b82d098df75f1bfc73006b866127eb785a4564b9a7e5,1
3010,obj:23cb261fe8145607ff274faedb2a4e8698c62f4d7251b7083f5ac8e9a1e6f873,1
3011,obj:0862b2aa6697cf4c458e48b37df110e0214acc6d280c28e6faaadba4b3ce1543,1
3012,obj:31dc840509d6c897b79277ed21382d2ba686acb005a1c2df59644b29d8ea02d2,1
3013,obj:4fa6a3820af707102260ebf9dcc8422981bfbddbbcbce6f00176d524ee163a0b,4
3014,obj:e9878c4308d43a4bcab4c0b595df3d51b5b7e300600abbd46d0ec2a67a6e0406,1
3015,obj:9aca537af2a2403aba223e54d5577677786bf13d9f55937835d00e05a548c02c,3
3016,obj:fbb7f3961270c91e7cc7d12c0bfab5cd8772cd97212453ce2042070fee96697f,1
3017,obj:8ed241e9e66f276f258064907cabeda0ba53afdb0234d6f7ecfc6b7640f12986,0
3018,obj:530e396da03e41a256715f0fa8e3482bb3599f42950cb324abda58e54810e49c,3
3019,obj:32e11b7a53a5f5655ddd881108da2b38980dbbfc67c3cb1122031a82526aeb9e,3
3020,obj:8cc407c459441462a382bd40856809b1fc3a5fe9ed8583704f6e62fbf9ab1f08,3
3021,obj:34c7f48391498258c43d8e1d5039c78a38e45a63f892e3c98b19d66f21c06808,1
3022,obj:d1bacd23e7b833812e16d9af13dc5d861b63c81bcf5cf601e7991ec8a1aec79a,3
3023,obj:5a5ba9d8c873b5a833fbd0b2727aa190a19e852a39df4aa292c8f3efbdebee4e,4
3024,obj:e70afe7fc02cad8d4749ac02b594245f83d5b137562158ec6f6d9ffbd8d8e5eb,0
3025,obj:9b71acc9c3d95cf5f5d228ad4cc431d93100d7f3758edcae04a54564ec232439,1
3026,obj:bf82bf1b095db4c44647a0db2fc0922f3aebdb62dc1dc6d044d74175fcefc581,3
3027,obj:7cd82545b39c0eff91afdfa604793dbcce0245eb5f124a6e5890bd795e5aa1bc,1
3028,obj:6488aebe30e63e9b143d4cba3868dae254874b6327a81b73b66a18b230579780,0
3029,obj:793eb06fe3bb7862265036c27d7eb0d20ce5995f28f732b8ba9261a84acb7e12,1
3030,obj:623c539f5a2c2291411c123e17e3c199c6d4b5b67c4f63822c8f98eb99962bc8,2
3031,obj:792dbd7793c7588351e85b04a8d75dfc6600b1aed2d468d65b2d046110f2a751,3
3032,obj:8fc5bd6a7c5284bd25ef0f3d74c31206e9a453321d4bc4939db0ce5e0257073d,0
3033,obj:55c49a17a53b9f95870ec87c1cb7dc0c08fcde9c866a652bfc008494c0902226,1
3034,obj:d6a7db905403b0620bf5c6343015b5de7df9af636f6c76188712ef30b8c9f62f,4
3035,obj:4e734f631ca67c350533ad5525f4852cc97a218daef26adeb9b1831fb43cd90d,2
3036,obj:e0f81817d077d1954f98b08f1341ce24d23fee7131c5081be0dfd041fcef940a,3
3037,obj:2e63583bd08e78856fe518b7e7558d84edba224e815c00fc82c31b6c874f2cad,2
3038,obj:753feee3cf5a83f9a9b4d078988178dfcdb0228c3e47d0495d3871ce908b8525,0
3039,obj:6ca90ce50d956221d5c50d29fbd03ff430cf5f092c57ab5084de6e2319f6fa51,0
3040,obj:c1a181fca625b5e2f1b59540ac88c43db2e41bfa3ebf263c9123847fe8cdc7ed,2
3041,obj:f39f8c930eaf554db1969a745963342c3776808256f4ffa378068b7f4dbfd32e,0
3042,obj:2cf14aae6f8a94051cc5b786093162a0af4024d21bb76c725f41259e442eb91a,3
3043,obj:4033ff749efeb31b0f86986cbf438f959b765b872c6aae882c7a36f238cd483c,3
3044,obj:71c9b63c7589f928dde668a2f52f42ad98beb1b63f0d9c49807e843634b542b9,0
3045,obj:d34e29386cc608fd1399942bc5c1aef18edda8d45a3c7bbff3efdd3220bcce21,0
3046,obj:6c63aab3e145e700d4c44262937290ef89596bb949e9318bb562b4fdaaf7b08a,3
3047,obj:4f03e0f57fc30c7e8e6dea8a596fb97976404dd87a7cceb1e95adda9e31f77d3,2
3048,obj:97f0f6ab1cc802c5729dad681328513cacb64bd81421985ac574e7adf93681eb,2
3049,obj:b2e9543a4103bdedc6e4ff5df8a537f37448e573eece1a1d886358b6d6059d59,0
3050,obj:5c83acccf968597080b7d1e424bb3953dfc6caf6b244980908beb2d25eb753c1,4
3051,obj:17c264167b47eb44607ae9eee12f5d325d5c74ce37d0eb2ec73716c98019cb81,4
3052,obj:9cf40c7fce046a49d42d65247ae12b5f8f9d416ed55012cb496f293c8cfa23d2,2
3053,obj:327ad3b905216827fdcb6f06dd0e1b9839d025f13dba71ebe6f75c1e9ff09eb8,4
3054,obj:efceae9b05e2aa64e96d9257053df36bbaaf41903ccabc62ae6bd3cd36d654ab,3
3055,obj:b60466cc4c3d4634dbc0f7848425842afeaaca6397b37092df169a92e248810d,1
3056,obj:d68cf6d797fe8ba6d4d66594b956e315353a7de8bdad504501b8838750670ebf,3
3057,obj:675b9fb38b32dde550ca07c70e5d3c9097ddb7340167bb4f5a6b6278dff49110,2
3058,obj:ea0f091db0bcb01fd993c5ddd3ccb9d2544c6fbc48db6ed43d04c44c2b4e806c,3
3059,obj:0a07f1896ade0e2c3ca219526da56c4e090296401aab56f29bcdd16fa9c5c0e3,1
3060,obj:8b61faad44982249c8ebb54d7150ec6b881c94f2e3b16d94f84a7d6041c6318a,1
3061,obj:1a34f9bf3458959a1e2d4f4b8acad04f57c52800c6c029d9be1d1b666e78408a,1
3062,obj:81acfa0e314f9104616de9d2c012e1372caec2d4daffd133de34a76f3d184ffc,3
3063,obj:dc3d51d3f4557d38b3a1f52d637bc315b65463eb2e3ed28e4241687548c71345,3
3064,obj:7ad8cbb0d2e8124a5775fb5fe07c994343a6265b69c13bb0d02a66a0dda46686,2
3065,obj:864b38f10f89cbfbd19f7f75979416f8616769cafb91e84e87245663dcab7fb1,3
3066,obj:5ae4c4ceb75bb6f2aa332d5cecdc6886c0d25b2dd3ecfa0897551ae3fcb63a5a,4
3067,obj:0ed0536e283c65fafa80d60d670d61dd6929444f5cad18d6d140248055ff2203,0
3068,obj:88a6bcda05346adff91c4629dbe158d10d93ece7cf9b9f18a4120490adc41c05,2
3069,obj:e1a5b1bf17c0594510ebb588474447c325b2b0c0757fc3622170ab848cc01c62,0
3070,obj:6b334b965bbdb08dcb2acff8955acc17d2736b67ee4486a3202fdea8f88a1f24,0
3071,obj:671d9aa821b402200f36a4d3f6c0f9ba17cdbca35ca40958041a0d3bcd621435,4
3072,obj:ec24e37899439a269cbaba24f857eab788a1e8abfe394fed62046b331b8ed1a9,4
3073,obj:0bc9d4786f4ba225618e8159de5f19b97940a456c3fd37e935771d38fa510204,1
3074,obj:6c929678d68d47b17abe772a65c48cd84f202fcc3a8448405c42d384bbc01409,2
3075,obj:9bc1122e526942b00ff9d8dd1cf5bd284cdcd820132689b02415e003cd5d08c8,0
3076,obj:76565eaa0a77e5d06606941188791e1bf4e4e71659d7abd702cf5e2d9f946dd9,1
3077,obj:cff9f34fbf2364e5605ac2f9723c58a8605a962293e6e7c9e06d9ede9b6e4c54,0
3078,obj:08980e33ee04807b95d6e6e8ed442651bd3b9a5cf597ce4a4fa29bf51587ce48,4
3079,obj:bf82bf1b095db4c44647a0db2fc0922f3aebdb62dc1dc6d044d74175fcefc581,3
3080,obj:ca27cd0260b8550f145e518797e31646be6c95d5a0b95f9990f66c8ec14c40c9,2
3081,obj:2053a67a0c353db7da60df6b9cabf165f5753848e668a3d3d8db5b8d93853ab1,0
3082,obj:abf99b43746bafa82f0bc698000dec3c1ce8a24928f24fbe639fed8197e9900b,2
3083,obj:ebbbb347ca4c1db9b448f9429c6ebccbb6ffe49f9b29e1b1498ec9ced1b77492,1
3084,obj:f6905264b8e4eae30055680ca8a6cdc6421a7df1662efa2eaaa051eced261535,1
3085,obj:198b0b0af207e6035260b108b6666272fabb627af2912f24fe24bb7942a58e2a,2
3086,obj:222a2af2d2327cff08c96a762226747805240d9f8cbf490a527ed079d2c36902,2
3087,obj:0c38065364db613b2601c5a3074bc0e153a2d3b32699a772fea72bd7c6f42bc6,0
3088,obj:eef6378ef50a0ba7cdf6024a462937c61f2e8fb6d5985e895348d3b819086d0c,3
3089,obj:c11e696f0d6213a35662fae1703493130fdc3a3afec9add1e2d649f014e977c9,1
3090,obj:56519433cb52b581f307b19cebb18b183298fe23dc42aa1f31527c45351f84ca,3
3091,obj:41f919586f1a4c08ac0bbfa9e540b7f2ca4bea0c8c8842720fd22f0d2c60cba8,4
3092,obj:24703053e75b37c395b9be417fbb3ca131303940c3c5e398b5f887470d9ec591,2
3093,obj:6cf607465d4a3b06d77596f0f4afb74f1361e7fc202503f755d3a7f9c1373e1d,3
3094,obj:8089276dcde547ece8f862bfe67e38844b2949a6b57e1dbd660c70cbf5b7e4f6,1
3095,obj:fafb50bcaf635db18b6b53500aecc085f01b2967554b930edc1882a15a1f333f,2
3096,obj:b69a91285f8d82a598481496de2c29648b12646e82161dfc2f2136ed98661d5e,4
3097,obj:93c9547d2c1a80884392dd985783c260a8e050598edcf7a4dddbeb8b5c718556,3
3098,obj:28cbe74d60ca404771c92af75db010c6d1ad036b1422cc4f3a806e1fc9ca96bb,3
3099,obj:ac7e63b7b6121dcb20db90c2cd0a8789263d9b10720e3921ce8f525051a4c0ba,1
3100,obj:2cc75808bf3f31263d5cffb01b4cd676af88167f03cd73639afd5302cfb3159d,3
3101,obj:915667461ef96909163ffaeba7a96d737c4cccd94bbc10078443af4955900add,2
3102,obj:6d2f627e2fdc4a0ba831791b796716cc39a56cd0f2ccc165078399988027f161,3
3103,obj:c44966ded26b7f71422cd9d14f69527e661c3618073bf7d41a0c46844ea6f603,1
3104,obj:5cd4fb11158f214277019567dc064ffbc0fd718d577a1e74585fd81ba26507c3,0
3105,obj:db67588bae68c66cb267dc4150d77b62a2f1e33f9434e1beafaa47ee48261de5,4
3106,obj:ba5808aa0eced5d3e41c5a32cc7b7cbf157d95289cad56bee1fe1bb43e7b5201,3
3107,obj:89147eb6b25619902817eb01a60b21bdbd068463edce4e7951972f214f07cb80,4
3108,obj:29d3ff0974e4bd9c3111a9ead730c8a4137b691cca395f889ed17e8b28cb5b62,1
3109,obj:c7a7109f621f9188d7c54452cd487bae0552d3e8f9ced5ebc22e72ecb68781b1,2
3110,obj:dc56aa77c2b56490cbfd2d0843e52a789c5141d245b7a54cec218bf44114824d,1
3111,obj:ee93bbf45027faef56fcdf1fd4ba2c0db4c3e0d63f040ff85ef9491bcdc275ba,1
3112,obj:ecf83e20211bb79fbfc0d1d3d92bd40fde0ee912d31ba7609eabfdc143435d71,3
3113,obj:f11d704a4d7f71e0619f2ad0735e04312f3f1c0327bbc7127a63ae1e2aa6648d,1
3114,obj:3423fdd7e4b1ae0c988e0fbd1df425855ac1cbf13f2c9bac9ad02a7cc3bf6a04,0
3115,obj:8c5586d431cd3af7f75c3e61a40fa4558b74811394252f6e6013f29629cffe28,1
3116,obj:acbbd7aec28c19a54b2dfc089a03a3b647d18549357f74207bb977063d64818f,0
3117,obj:6a42d4c7ab299f471ab52d3534d8fad29dddf68383d742623aa90332cbecee8b,2
3118,obj:f9bba289c851e77ce64b27b7a17cd8a2346e3e54c65b5746f237090f17cf7d90,4
3119,obj:e3546148014725ea74a167cfdadd95125b7560c6b41762049a179e9d857f74e6,0
3120,obj:5c7407a9f01ad700bc5a667b857ff3eea4389e801eb9b88f89520f86cc2afb51,3
3121,obj:3841c4bedfd1e5dd9142cc96020b7e181c90fe6b39c79f34ac73437920e51f55,1
3122,obj:e0975fa536461324c6f0d5cf20a0f80ac0a30096e1b9803d61df3ab8cc4655fe,2
3123,obj:f41f8f694efffe7106adb9002b3ef5920f971d34416c529566656d6bbc75a579,4
3124,obj:bbc4a7785c9d389187a2dabd1f4bbba0a1f8397f0937d559bef4fdd7bba5153f,2
3125,obj:e263cf604bcf67f84988441ec6c9407ba3ec7d0ee4e1d816f9e8037d6b823c1f,4
3126,obj:9934aac5a2b53546368c54d70e0a1e7ebaf0ef38c76976e5b0a834a4bccaf862,2
3127,obj:5a85b13517361d12e32bb4754e4a0d5bd7025581b13fda5a9fee6941bfcddd0d,3
3128,obj:02f1856d7d750c6005125526fa02025de9f63fde2174ae0c4062eeebc712714b,2
3129,obj:d1780138623c69459f1b7c4cf9a89121ef0e0cc568538b900a5cddf0f8663d1b,2
3130,obj:35fc9ed378a7ed635807568e2fb22bab24be99c770c20857247d994756722dc3,1
3131,obj:558c517069e6b1447edc0a86845067f002962b9c9c0828ca69f7b839f53c40ca,2
3132,obj:0dde9032a9fc564b304e233dcd377f272afbc8c3e3b58a8cd7e791e6bd080d61,0
3133,obj:e5cdc153985380b27b9a2a8045a88d851c7f51925e746f30b095c5571d2fa451,1
3134,obj:052c06f45b7853fa88980ce2e01686f7820f0b553bc4a60d2fa61cb85c563513,0
3135,obj:4cc65bfe637132556ae2db6561562ffc80b730d200baaf02af1cef437f077005,0
3136,obj:0862b2aa6697cf4c458e48b37df110e0214acc6d280c28e6faaadba4b3ce1543,1
3137,obj:a2a55f1c77aa989fdb7a4d73514ff4b1660dbf2df6ead65d9c571b92d13f1690,1
3138,obj:2fa08f4a9c22ed3440ac0a82e03ab74e51501bfead5add1dd0844f1e2ed8ed60,3
3139,obj:edda9819ce7959f7a8c49604729b4e133eb045365ec7413d332fbf48e23ff619,1
3140,obj:0bf46e759345204aa33f445ab226fe131d0948b293b49190011bfca8e44322bd,4
3141,obj:de04bcc3bb81d6119751e1b7932f17502a6d1d1281be6760fbe1a331886ce15d,0
3142,obj:840bd4f4e6ca890344028fb7bbabed49596e38ecd1f93b20726459686badb566,2
3143,obj:6776be62ab66e87310764bec8b92d6f63b485fd34b5e14cec735af48f90befb8,4
3144,obj:632bf705811aafdfe72f572c521dc1f75805568ea6bfd727c2e6713e098cfbe2,3
3145,obj:244a1b1e8f87d5fd29997595db7c8ced8758fa962df9b2175aae791cdcc712ce,4
3146,obj:c850aab75bb523bc5130c2a31eb9dd7e5409790307a0b06fb8bd464bf993a18e,0
3147,obj:c0cbf725d82d315480d3e75241e3948979a489a52fed0cb598ce00cf4afcbaa4,0
3148,obj:ddffcfd8c87bfc41ad679f227690fc4b1ed9aacc24ac28491cb864c1a1f2599c,0
3149,obj:e5cdc153985380b27b9a2a8045a88d851c7f51925e746f30b095c5571d2fa451,1
3150,obj:6e9e0b8ae2fcb2ba288f298a335792bdb6968645f847665b15c93df6624c4015,1
3151,obj:29792c2174d286b39737f3902960b6284866d3518aaa8970e99b205df19ea02b,2
3152,obj:4832455486ac0e6241b9797b16053e9c346f4af5b93fe0215e58966881bd10a8,3
3153,obj:8549306173cfeb2e795a270473a3c609994b2491c89e4f345524c7d11f06f115,1
3154,obj:0c66bd8c620766f86a1a906ab6eafc5183cb9f5249de15183d370af9029d28e1,1
3155,obj:133074a03f11dc7f94474060a1f82662a0f75003e932d967dd59efe28aa29a54,2
3156,obj:79c4f23872a7d5df1e1da543d38a7961e45ecc2877e38a48bc98f132f670ccc8,0
3157,obj:4cce7f878dbfa2ac7654046cc494b201b60e4d035977bef8be465e9073c313b3,2
3158,obj:f475e972da3e5c3298af72bfb1260fb9383678cacd4af454b3d24b7b38171175,4
3159,obj:a2d5bb1c231e1947a79ae93d2aa4f36df54ff1af6a969495731437447ff2dbfc,2
3160,obj:9591d94a12376ed42db708271d0f08ee02c7d1b038b1714d1f90f1bab78bf1b2,2
3161,obj:4efd764c3397bf3effcc70f607bd82d8deda40c385d6e05608b47b617917cbf4,2
3162,obj:6488aebe30e63e9b143d4cba3868dae254874b6327a81b73b66a18b230579780,0
3163,obj:f3953cfce21195897746eb881a358435da4c0319dec8e142c97d08bdc125250a,2
3164,obj:c59ac708c5ecdb88041cac27c4ebf079cbfc4213bc92378d32c37ce5413f0d0c,0
3165,obj:0449093a43546338714fbf0c7067bd88b1f34025b946d5ffff0e94c1855d71d6,0
3166,obj:ebe6b5dc56b2518aacbbc7c0d27b464daa6ad050e37604d2afb046153b32f7b2,0
3167,obj:c6cbe41a88dbb33c3f7c5d90bf025d0e73f7a94b98368d84884baf3c072d9a5d,3
3168,obj:7b3b5c06a7626ee390d4f3345fba4e6a9d4378ad75042fad4863c9baad892889,0
3169,obj:a5dea30f866503b64ad9833668a0766408bb0b53dea8faf40ade1f73ab16cb70,1
3170,obj:9092fea0ed1ffa5ffbbc1bcd4fe3015467de4bb65e045df11afca1a5a923b50a,0
3171,obj:b5197f2b03c360615e321932b3574987356913bc01c561dd08fb7513c1aeccd8,0
3172,obj:2db0a807573915e5c4633a8f5502ef651e67887e1ef99ce6d1c87a691437a26f,0
3173,obj:76717d0f0b12b3e42c96401a42613533488fcf4f807424e1d33cc36eac981b1c,4
3174,obj:546e215cf8b0d12d0847b678f1050e20ea2afef5fd3662dbcef57ad570a6f3c8,2
3175,obj:ab9702bcb813dc31d19e606c0cdb385db41e72801b3432ec155f7bf06a1a6e27,2
3176,obj:fd476c6d4a62d355fdbedcbe67d95157677a37a0f271cd02c0f2e8befc1e7a21,0
3177,obj:0b3afe9821d261e1330541d5a37523a9a65f458982195c1f099d24bab1050f38,2
3178,obj:a68e4097b305bfe7e57538d873c583bf6cd560ed253aa42482136013c8a0b896,3
3179,obj:6a59d5ed4aa20f5b9f38d51012377949affd093456ab06dc10a02b897bf55d22,2
3180,obj:15419b8943f8926db86a9bf497d2cb32df6b17daeb1e013bb50b066482649dc4,4
3181,obj:9591d94a12376ed42db708271d0f08ee02c7d1b038b1714d1f90f1bab78bf1b2,2
3182,obj:ef65b69015893a62e7c7366854a12b7ef90f9a612881967198075c484215f117,1
3183,obj:6d7d642cbfc8dbe31846036b0cb483f2ee13510ce16313ac0878b232b29af8f4,1
3184,obj:e50ce792d3cfbc8158db178f751c19bb030ad6e2168b37368810ed4a7d312826,0
3185,obj:836ca241f02800127c76cb3c2e4866b081afca5b6ad670249a57f7f6136130be,1
3186,obj:e26f36332a39ccba62094a4e0f972ea49aedb794f4b4e47166e2000e90c79b00,4
3187,obj:6a42d4c7ab299f471ab52d3534d8fad29dddf68383d742623aa90332cbecee8b,2
3188,obj:cdd06e90f6a1c59ac8d6cab403dcd650a262879bea6b4d71fa9b2186444c995a,1
3189,obj:c75920844f86601982dc5596b23ad57c9bb79f8d6213e8ec304073746b74518b,0
3190,obj:fb586bd5303323f9bc1aca9373539d2a7b6b28ff0a5df1e367421a09d770198a,3
3191,obj:f47586811ef550734d620846f5b89244dcf9d6ace2e74a4f119b3a61573d19f3,4
3192,obj:161eb968ce099632488d62cb031c523a650f99d6544619334b805780a285c32a,3
3193,obj:cf2a7eb3e49f140186c1263ce694b11489b7f8beb237d8930becff0403e2ffc0,1
3194,obj:f46ec496fa47bf708c0130d8ed97c98919a432e4a09f60fe67585ad7939eeba8,0
3195,obj:4994bde2d7d9e98d7626d59e937a1934c6e0ca8cd769cb1c0fe907edb563dbe1,0
3196,obj:ec24e37899439a269cbaba24f857eab788a1e8abfe394fed62046b331b8ed1a9,4
3197,obj:14c9c648b596106de6f644f00d9675f945e7d48fba017aec6fa28f09c557193a,2
3198,obj:24ceb00f68870502dbbd02b2f67f723c2e6bfcecc7d1bba5f7d8a352bd845972,4
3199,obj:97f0f6ab1cc802c5729dad681328513cacb64bd81421985ac574e7adf93681eb,2
3200,obj:278d0a6fe4aec0dfcbddbea591bac120c44fb96cf111697be6765f68dddc2405,1
3201,obj:b6b6b8ba08221484ba51198afc60e33f4070a8317b3d8a9a2dfda3fedb7c791d,4
3202,obj:bb096604c58b0ff4c08c47db1c21ccbd06e3815f69b4853a9474b627b0b561fa,4
3203,obj:ba2c128cdd2a277e4098e62ff8060679dac2caee9211313f3a7a068e5da6ef32,3
3204,obj:e31694afedf9f493eb28503f88d364876faeef04c258d17a1296928613b88702,1
3205,obj:3c275c4521586f78b1e0150d5e0c95f052ddca1f7c5c819cd30d7cd79cc81a9b,1
3206,obj:e335cd351d71d174cdbb496b91cc43f3edbd25acd20568d0a548a5e6929b1486,2
3207,obj:8c89fe330d21893bd1f687c3c1f53542469ca922d284ac95166ca01c97d73839,4
3208,obj:4f48f51a90fa82c53f4e6d4c0e1aadc8f7b3dcb35aa5435422d92054abaae5ca,2
3209,obj:7bf89b3fa50a3e5663fa23ecde1b823a9e43ce54ee70af1a97a4b408217aaf15,2
3210,obj:886f6a78f9d8f367dc2be3499dcb68aae812e0ad1b785d9376c9243054985d29,1
3211,obj:a546ffc670fefe1134bb54420bcbd7475435f0091590916c4f48ae44f2ec87ef,1
3212,obj:9c0e0a00c1f99ddef281feb71dc9c51082a07e5cf78291aa2cdc48c87ebea149,4
3213,obj:afdc8d9949897a8fff3ff422d3b6e39e9631f3349b50f4bce44d7ccf7721cf9f,1
3214,obj:53d1c497d9e549b1cf79316e2e1b9a1977991824b3966ac09c7e253f987732c1,0
3215,obj:c7588ab736da0cd0e738bd30526126dd5c97f420938d504b16d426a5c38a8f6d,2
3216,obj:3141d76ea22d50fdd52d18dc11dd421c1e59a4e410c49677fe81381d0aeb1c19,0
3217,obj:c4ee577b27ab3cad6d0c6d69d8bd716e7f6ce85660898fa036c824cfbc114080,2
3218,obj:6a42d4c7ab299f471ab52d3534d8fad29dddf68383d742623aa90332cbecee8b,2
3219,obj:a20436d46f41087773e9e58d3f79d6beceb0d7009119c842290c2a988acf7d26,1
3220,obj:6488aebe30e63e9b143d4cba3868dae254874b6327a81b73b66a18b230579780,0
3221,obj:a69c5bdf9b91b49002d53bc1ea6d158c6bdc6cb7f85abc0d2bd3b79787d52b56,1
3222,obj:96bb898b7cf904d30d59230b90b69f18a3a6fcba2dd2af4110a6556d988a8138,0
3223,obj:4ccf179de7da9b39b76acf8cc3b6b52cbb6f33e6a394abed1ca0d49f8d7d2d54,3
3224,obj:4deb9c52af4c1d94bd067f7838d7c0de72640f791cdaf6b71419ab27c84c8662,0
3225,obj:37e0f5c8123034180d27a8ee4673be0fddb08869d973f77c477681d15fe6f948,2
3226,obj:bee540a0fc7b57a53a67e3891c580f4577f0a60008cb1b1ea1d1cbcc81ac8b41,1
3227,obj:a30eccfd4d2af54d018182a70c4fd8b0dea3e833a53e40f54f4a60c847693c25,4
3228,obj:97395e5b79613beba3faae532d95be6841e6d30cbe96081a727c76c4fd13a537,0
3229,obj:558c517069e6b1447edc0a86845067f002962b9c9c0828ca69f7b839f53c40ca,2
3230,obj:f52049cc533718cbe180d1aac1124ed8d8f8637e2217d789708f37a7dd284419,4
3231,obj:60c8dd16feaa1edc0265301d9f78763c415603bb293cbfa4e21b5b78becfbf81,1
3232,obj:c837bd8433c803e28983b434a677c70b79c37e30d54830f4254c8e87586ac723,1
3233,obj:22d5e1b04af2d21c93c07f24bb3e1b48f7a6f94dbb6c8cebb8e498be8e7e2c81,0
3234,obj:b556f90dff91ebfc0cf79ede6370830a8ddebe9e17f838b06d5611fc2562e180,0
3235,obj:7679e7f69c495a1e189b1dd59bbc7b1f2777fdb909e433ebdf7e0f37e17c49ec,2
3236,obj:5d2727ebaab86cbc51eece674fc47a1aa712fc9978a1fcdb97a7a40872d26837,4
3237,obj:31574f799557cb42c0d1aa5dd9b8b97d984b52946396cf0da787be9d9bb97683,3
3238,obj:f955a55c566dfb18933ebd0ee194f3a224ffde0488e40f740bead196bc0ce444,0
3239,obj:5e0a1fde028df7db32bb42162d5dd8ce266a0ad4430e943e377cb1d1aa8023c4,4
3240,obj:ee65c8249240781e2a5fc37eb3962d5f3c0fb7849544dacd5d30208d0e2d802a,0
3241,obj:683bc65b013b5b0c9a527559b6df75594b28963b4a1dafb8206bbe2fed7f1949,0
3242,obj:bda21ed90d5b4dfabd4ce0ee2f9f05d029a139c94edf731688914655b6c5769b,0
3243,obj:8aca21bfd3893d1af38ff6f87c7d1afa2bd018d6ba10a116700974d91c05b710,3
3244,obj:3932df35227d9f0738cc9785e3468b21394c9113e08c9c7a2c886b0e69a97e3d,4
3245,obj:097f986970720b9a9cd77cb09a988daf65da5ef572fa602c2b7d2eb3c509059c,4
3246,obj:38687646b11777608f305fd8d52f6901662091b52d9e6b67040f33db035e9420,0
3247,obj:e5e530ad56277bdf9ff59fe97caec2b3995215eb5ed8231c8c7a6796b6cdaeed,2
3248,obj:2aca95e037b397a580d5593c9fa8f8e63b83c7254b3a54129d09672ea81ed12a,0
3249,obj:5a2923515dc149b363e8729d18adc6bbb18718c496d97c5a8a32fb12e575ed95,0
3250,obj:e185f3cb87dd6f96ecd6dcb725a2ef73b0afeac90bea1f6f6108eb004dcb9be4,4
3251,obj:836ca241f02800127c76cb3c2e4866b081afca5b6ad670249a57f7f6136130be,1
3252,obj:4fa6a3820af707102260ebf9dcc8422981bfbddbbcbce6f00176d524ee163a0b,4
3253,obj:8292e62b0ad1d6d336287bf778ac0658f3102876d4b1294a8714599cc1e95e0e,3
3254,obj:db32c5e7a0131480487213adb8afead624c8c6a2a57736a4ac65556da0ac7112,4
3255,obj:fb586bd5303323f9bc1aca9373539d2a7b6b28ff0a5df1e367421a09d770198a,3
3256,obj:be20ee8c50deb1bd2a8aa43422356193428dd37a05d459496a6c6f4e8a956a44,2
3257,obj:f1385067192373f0a132272f7bb6ae80df319f1dfb0f3266dae78de46345e1db,3
3258,obj:96fb6190fad520a8cfdf5d3a33eb3bb3242a4c195c00bbe973c9af4378a86139,1
3259,obj:ec24e37899439a269cbaba24f857eab788a1e8abfe394fed62046b331b8ed1a9,4
3260,obj:a2753640e6369d1a347dba803671410d6a6eebbde0df4fef3e58dfebdcce6cf3,4
3261,obj:3af7f8b308e65dbe045e5b9105a7bf15b5c8e1fb1950c29f048e9416d6b11eb5,3
3262,obj:c8ef8d8b421c78b5baaf5b3fb8bdc32e2251b88e852b47fb92949c4806b2cf67,4
3263,obj:1c76d80be72fad2f9f8e0b4108da7963157dcd8d67bc9724871d220ee35d4fb3,3
3264,obj:34e68ec01dc279f2bf5dafcb718657e3be2ad12c21f9d65750b23b5596274ce8,2
3265,obj:d5f2ce675274835b304b63502f5da831c99cd28d5c992adec747e2c317ff6bf1,4
3266,obj:4bc48c4cfcd7e2f9fbcd72f7522c69ceb66f9ad9d02f49138ce5ada8799290c0,0
3267,obj:0418bbaf08fa8d71a0843f04faa372e34375fbb4741de735c67e6de12075965e,3
3268,obj:932d28b14da7dbb7ca0c050383db3726630ec3dd764a20a57ed84e23dee033bb,0
3269,obj:fe4a38829530f26165f72c66989dda82aa6d5ab79b6ed22c27c6abcdd0e6d0b9,4
3270,obj:466e3fc198c92e1164a446bd42c513a6ff99e17506484fa027611ac9de5462fb,3
3271,obj:19ead368fc8b8998ec8038d8e24c053f008a5aa0e114ff13f86cfc306b2337ec,4
3272,obj:84eafe31584031935d142aff402d789b8f8f4d964a0a8da4934a29c57787ac9f,4
3273,obj:5c83acccf968597080b7d1e424bb3953dfc6caf6b244980908beb2d25eb753c1,4
3274,obj:a0758ab2a908180dff98fd16e6495440183b176d2fc3c4be5a760d6609ecf564,2
3275,obj:816b184b9beffadf165ecde005c34903e15e3ff271cd35fe8cd88d7766642051,2
3276,obj:a56b2b9c8c525472bf417e78db0898918dc061a76b43a41c7215b64d887a1b33,3
3277,obj:a86acad83b4217380b2e284cdb273e504e63e3982d2b215da5f64a1e51ff10c3,4
3278,obj:0bfc090009a96c7585502d429e307ff1ac79ffc728e071f6d219332a064375cd,3
3279,obj:7a7d2a5ac6b7052ed40b9b4f7b04c4206d1fd8f65dd682d126462334315b05e7,4
3280,obj:30a02a6c3e5295ced79ee43ee5007d23dd0b3b61b7436afe00997228c5500bdb,4
3281,obj:976b2d200b50fbf62f11a6b8cc34c79dd076ac2ede3edf94bef88f50ffd9307f,2
3282,obj:bb096604c58b0ff4c08c47db1c21ccbd06e3815f69b4853a9474b627b0b561fa,4
3283,obj:776d93842f9831ebfb3939f7ee848531c0096e29620908718a3d620c5c0ad206,1
3284,obj:c6689c445a27b6bc6328871c7ad4b2a3c51db0488cd01c580136e25910d12bd3,2
3285,obj:9cc1680c356a37df009f66609cbc5224f1207c7f05bd52473f43c108f9e16650,1
3286,obj:5c83acccf968597080b7d1e424bb3953dfc6caf6b244980908beb2d25eb753c1,4
3287,obj:fc9c86d734ca67dd92baf7de3226e85a7e837fea68ccd31f0186dca671da4627,3
3288,obj:467ed4dc5d7cffc486e70d85145bdd0a7decdcbaf527f8cf038b90e0d8a5ea62,4
3289,obj:5b4c595e3a5e548ec20a184d1283ff1d5e424a7fa44a100c58b78ba7d8812775,1
3290,obj:1cce1a17f713af6a32bebbd78f3153dd341d5c689efd1359f47c978d4b737a1d,0
3291,obj:bef76cad5361a3359ac9050bdf7c5cee53854424331f662b4b574fa404fa0515,4
3292,obj:0a07f1896ade0e2c3ca219526da56c4e090296401aab56f29bcdd16fa9c5c0e3,1
3293,obj:bc579fd8b3e051035a257d8fb487f11e115a44c15e2692ae56899acb72cfdd86,2
3294,obj:5a1fdf60522243e54683facb4fde42f3ecd9fc7003e132b433e8df51864a9daa,2
3295,obj:bb27ae8c70ce71c301783f37a4983ee0eed276c42698805c20f8823af8a8dfae,1
3296,obj:d93e60b43594aecd2c6fae8c0497793de01ce27894b6ad91ca21f2de70df8ac6,1
3297,obj:2cde93d1eae973402b8ee0ec00ecf921f09fbbd13f02fac733abb7b7d8bdebd2,3
3298,obj:d474124803435660293182adeb3934d7d15dacde9414787242d6fc27c16229b0,3
3299,obj:4556921cfc9e9165c8eb26ed72363ba6325689c62ff2d4ef6c7c6560e9b1f4a6,3
3300,obj:65fc463da5e6b47848fad5a278bd2cb7f1416b11f83232d6eb8c53b6564b57bf,0
3301,obj:febab1177df39bcf3691a417b3c07141a34f8c8235029788789f9ebae5054d09,0
3302,obj:d7f2f314bafef26bd461f2ff4617221e4cab99d08856608c1481ff466cf6b026,0
3303,obj:bf8b386ffe8e989057c5675653a366c2b3aeb1218ddadbf07ffe905cacc582a5,3
3304,obj:c257b906890a8b6a6ab96b44520309019797fb1d4830631627affe92a94a0226,0
3305,obj:19f87f575b03b87e167bec82a874af703966379a5867c660ae0d49a2b7631cda,1
3306,obj:d433386b08d4852969ae6693b8033b6f40bdf939c3e5fc81903f308317754219,3
3307,obj:4a81dc3adaff0e4807d8873ee01d9089c252fe547236d5ef7640e73aee81eed5,3
3308,obj:5a52b153386443075126aca0ad918a2e747ba08d4e19dce2a75bdc983c9f3f53,3
3309,obj:79e7defd41dc3f5b3a8943c22d845e77e1032b9eafbaa2916fcf133efd4e7e77,1
3310,obj:bd0bc462d1b55e8aa1f0bee366edd179765a0062e6ba52f017ae4ffd2a3bb63d,4
3311,obj:a681851a8e4204111b0c29a47bc4fa09fecbd6f1dd24060d13ce5a0560f18cae,2
3312,obj:0bf46e759345204aa33f445ab226fe131d0948b293b49190011bfca8e44322bd,4
3313,obj:e70afe7fc02cad8d4749ac02b594245f83d5b137562158ec6f6d9ffbd8d8e5eb,0
3314,obj:d836483d389199db17161e1e792c8f539bc27d28fdd5ae07e0b58263b7747bf5,1
3315,obj:2cde93d1eae973402b8ee0ec00ecf921f09fbbd13f02fac733abb7b7d8bdebd2,3
3316,obj:cd31427b9332b84e3783e128c150f15eef305e3fb5dc420563e3acad1ee4d153,0
3317,obj:89aab5639ca59ca618f1c1b5e1fe1a89a2b5947869ad362a158e2a84725785df,2
3318,obj:acc7f4dbbc307014bfb43df26c44853ff10a654d8f29660c450beb315b5ec7c3,0
3319,obj:e5ed152d2f5757464176763bb67bf1503e44dab878b358babe1f6677db8ebbb1,0
3320,obj:a8f098792e8116de69fbc05603dbb638d9be389b576792acf19b77f107f7bb54,3
3321,obj:dde01b537f494c091a4804c39328f1dfdba06206b66d40085f205132f557a6f2,1
3322,obj:b4a33dd72e8ff48af84147790866aa02129b2b073a534e90b74cf89c17f93131,2
3323,obj:9f67fb2f46f7dd07ffc706b031d4600aa28bd989f22863f30ff0a2afda72d55b,3
3324,obj:27adb06679a805df8ed17be96e6a32390ff465cc6ee6981a7bc382b681057f3a,0
3325,obj:bc627d3deef24761b2185194bc2a3b1bd4103cf7ac646c65a0e63158016e05cd,4
3326,obj:3c23596f0c98bfaf1fd934c97807ecfa4d4de26c2706a819020e9f14bc7d9a98,4
3327,obj:2555e4e4aa1f2f5ea33327eff2ff3ba6d5e0b04fc41cf6f648b1b53cf71c05b2,3
3328,obj:34c7f48391498258c43d8e1d5039c78a38e45a63f892e3c98b19d66f21c06808,1
3329,obj:86140d45d2a5add52b12f5a4f098441ad051a77cbcabef7e29f787d05241ef4a,3
3330,obj:f6905264b8e4eae30055680ca8a6cdc6421a7df1662efa2eaaa051eced261535,1
3331,obj:7d6370e35656b4fd5b0aaaeae6efcab95456194610cfa5c747b6064c2af405a1,1
3332,obj:a9913db83118a2fd672f385479d64ae24bd2fcbf7881d225e7713ae40165e63e,1
3333,obj:a3c9e1bd0d7657765219874060ac6abde9fde3d28a705bd42cf61b9a77ce5c9b,4
3334,obj:e8bfd0fbb991ff475610f8218f52b97069e99fc23826e035f9db81890ece540a,3
3335,obj:1066aaf9b8d16541e57aac775007bd817fc9b3ff2209dc1a399479cfc849cf63,1
3336,obj:a546ffc670fefe1134bb54420bcbd7475435f0091590916c4f48ae44f2ec87ef,1
3337,obj:fd76c8344472d034f2259d4ddb66a98d20245a65aff40b348791e0d6f177bbc5,1
3338,obj:2dd3b9d06b72759e84a10a2c88fce23b07226ee7a5cf34377d39c1565dbef223,0
3339,obj:9684f7afd10f60e7420da3505919dbca39b4225d28fbae71177ecc68e15f1f29,3
3340,obj:7d53f4c0de2605886aaa06f30814a7f173ce8bd35e449e3cafd2663072bef061,3
3341,obj:5396428688e61da333a880cbdff46babe19d3fd6b6bd554e69f7be69636fceec,0
3342,obj:39a6eea34e52a02503d4cd512b4fdcd4a2180bbc764d7f652d3865f14c8e5f2b,3
3343,obj:a1cab41c15d1ae31bcd8b5c464e1e7b63e54eb11b30f8ebc96f28dab99935b1b,0
3344,obj:a97288eadac108cc9837ca449984b2eaeeea8c7074921c27a9ea95f79a39b246,0
3345,obj:af04b24a14df895c34085ad8ca5e36891e002ca59a21179d01479d2e0ba11080,0
3346,obj:56fa22a5695ff56ee9de032e13adaaa127b2689771c83d8c9ed6aa0d202643e8,2
3347,obj:fd89721847e43d2e946fb8c56afc636170160c534a5859d15d68c1f986256ed9,2
3348,obj:168ce08faaef45d802783c75ae07d4058df6fdcd3b26d3ef789b4453a5521a35,2
3349,obj:0a0c603733cee4deb763331133fb899ece6b6c9b501afeae0aa401242bc145b4,0
3350,obj:341101f0fc501c9f6288f9a8c7410c9c22afe9c264bf41ca2dd0b5f192d63a4f,2
3351,obj:cf9814513d6010fadaa555ca900c8817e202f4f41dd4f2a8158ef11b2c845888,2
3352,obj:59cf9e851c64e12193e82b56b984b5c39551125e24a1a8c590f55f4c76845e0d,3
3353,obj:858a00270fa71b4112128a4fb85cdbc17ab8d087c4db173fe4c3b3bc0ae23235,1
3354,obj:81acfa0e314f9104616de9d2c012e1372caec2d4daffd133de34a76f3d184ffc,3
3355,obj:9b2d16a5475c7b3bb51124a28fac2c68aa962e53389bad6d221a54526a13913c,1
3356,obj:098c047bab7e95b51dc0c58cacf1e2c3e1477b4fb0ed334c90c4ecc444ec477d,4
3357,obj:4b9acfb45d578843204c11c2ac91bd63e451810ba00633126010b09916730bd0,2
3358,obj:3f8efbb0daec197ad26580bfe9492221030c0f0a9fa732ddb2513ff785fc0e27,1
3359,obj:55c4737528167e0286f7255c6cf442004e8606fd248040d3554cbd1eba7c2cda,2
3360,obj:914ebf42919b26081e43547fbdc801cefb7a9a4f0e2bb4acaea74d36e8955ff5,2
3361,obj:9086946785d393e2e22a0b541da7d98529df0e661a77f027b92b87f1fb8272b5,3
3362,obj:c1e673744c03a1e625f84e0bed6594ca50519528a5b631492145dd4f0c71823c,2
3363,obj:f35e8acc40374e6038ce0edf9dbd1bfa27cd7742b56180b96efc40fdffb49758,4
3364,obj:8876db60d315ed4a71f306cc4d68c6a54a7d51c4c74af5b1f47fc70836e84400,3
3365,obj:b200035e80b35d5c01d8fc7c80a5a42ab8c44d651523fd336106ae0a8404c2ad,3
3366,obj:85503a86d70504ae4cc9596fe819c2886e5480c5b0822e201fb8c740d6b0b128,0
3367,obj:0735181df25db970795c39cafd9f234fc36e18e170b97769419691a4a188e5fa,0
3368,obj:1cfc7c3bd1678b1843520b24b599ed9e44e4895c677d86be24f48a413994e7bd,0
3369,obj:3dfd4a919d22b35d9f2ca247de364afe68a08d25ed4f87a82e3b6bbae816e18f,1
3370,obj:6b8d7e3e06816275dac10bb50795370bc9ca63ecbd58c557c829bce070c67745,3
3371,obj:3c645f54ec2aa9ff0a381d2d0fe2af9836c028f8918c09060c78c66a15170c73,4
3372,obj:efcf4b257cebeb9a959d109a5308de7697b4458dbb953cfc42dede1276cdd678,4
3373,obj:a31067c34c16bf2f177f7dc98cd1ee16cabf8c9a6176dfa5572bffb1c60ba1dc,3
3374,obj:323a5c1dd60819783c94b713ea17460a00988e244e57b3e5ec8cecc16f3b9145,1
3375,obj:5064244127e7a6b489e8c08dd8e0fbda8d2ba32f3473493da12696d079be0388,2
3376,obj:5ee8d48ed8bab9dfc8ba614afa0380f1c3133b66d43ef4f2f1413b341e5f318d,4
3377,obj:ecfe642ac3acc9b66a698d56e212449905858ecec6fa3d884b2b8f4abbb50bc5,0
3378,obj:1d65627dfdc89b8cb2a483806884626843176437f1a03894358d2771b2d4c032,2
3379,obj:a7b5edfcf2dc5bc563401106f9702a99d1b65ee815e95485c87eddeb21ec33a1,2
3380,obj:a3ac430f69e5e3b491e85802c2e8b548395f8ff8dbb939f89950e0938ef3c870,4
3381,obj:4a032302bec108a6c2bd496a159cffe8cc621cb2bb8e32ac905125030d93a683,0
3382,obj:2bd473c37a5e3539d1dfaedbee2b8d42bfbf5a73b9b30557135a702879578a21,4
3383,obj:793eb06fe3bb7862265036c27d7eb0d20ce5995f28f732b8ba9261a84acb7e12,1
3384,obj:c839f10d74aa14727f1f129bb9e822d92c5fe34acc3aef4b501f0ae67704b07c,1
3385,obj:033cd99ca1171e7884796cc50c9feed16aa58546cf89e3e2974740181cf96467,1
3386,obj:aa1258c0a6af6f98c4cd7d8ac87e19b9c69a242aba7dcbbd99c1a6b48cb27073,3
3387,obj:c3922d775d182d1225b456d9628b52a54545cf94510f21a119783b0993082d23,2
3388,obj:f3fc798d0846bda314688e6ae1badef2b7fe52694d9e30994f02d20a51ba1e43,2
3389,obj:f2b1c96900e59e6a2647f536d037e21e70e0ef7067f3ef492456093e94a373bf,2
3390,obj:112d958b93e53302323c6ed5b439450dc50fdd7366e97e9f930b3b541201b71d,0
3391,obj:2093399d6755a6a01b2f4c5b0a2c8fbccf43c6fef61ef8f630d7f2ab6e9bac46,4
3392,obj:04c79c7c415b86e5017fefcc9ab075b146c0365a06490125db71fec0b696c6e1,0
3393,obj:3701781a7b1611a93a5a0001fcce1b937aef9b2a25f2afcab1f8bbd40f248216,4
3394,obj:b9ea8140fe909acbc9f9a62fdf037f14189b6bb0eeb6f3348a22cc1482b6f139,4
3395,obj:46da78dbc6752337e59a953e9f0d97cf00af05643d4d0cdd8be9d13fdd25331a,3
3396,obj:79e0093b5ba67fe5af2ea5acea2a91e93f762317de571fcb41892d8da0265ae7,2
3397,obj:7534f2e6a1e4d1d84c3f63f3c6ef185904907fa5acd02e69ef55104eed8156b0,2
3398,obj:f1e58c4560059976cfec789d7c9a8a45c419ebfdaba55c4f7b9c28ed40838c31,1
3399,obj:0816c3486954a3e7c0840995163674f73ecaddf773bd309b32a186b6d7412403,2
3400,obj:df12f83eaf44d5945b24b27432ec04c0fe5bd4c4b74a63ae23f155f13c6e90c8,1
3401,obj:4346065329124ce1ed189017dcbbdee9442f11645d83418160246c5ccdfb73c7,0
3402,obj:1c76d80be72fad2f9f8e0b4108da7963157dcd8d67bc9724871d220ee35d4fb3,3
3403,obj:30d10ad0e5c6a72996f7e7ac189a92a6e1830fb07b535f8fd741e25eceda19ef,4
3404,obj:a353f1555ce954d43216f0beeb1bd49d7c09177ea75fb6acfe9631d72ca3ed0a,2
3405,obj:61274dbb923be17be784c0fb505290db638513ef178f368b192c81cebba182c8,0
3406,obj:5c259cb972c4819f92797415b59738b746c5e90d15bf86cfaefff79357457ff7,2
3407,obj:f41bf91f34c180e10812e1a798511bc94b7cc3b803560946c69885292fb4c80e,1
3408,obj:2f58d701493fa74ea16f1a422d50eaef3606c958c921361e6cd3eef3ec0e1a2e,2
3409,obj:4f25dc37596f282d4e43d1e2ce9414be31c236e31e66c78deaf59b35817f2eb5,2
3410,obj:7743209cba899c7a5d232949f36e96a36dd6a173240302d8bf44b96886aceffc,4
3411,obj:24b00c1b9bbeb76482c456b502499f63d3648e3555f75c1ee7e4b9e70e27083a,0
3412,obj:207d40b02d310aff162e99640f2f4a7be9acde7404c4c49f68e2a7d5f11343b4,2
3413,obj:4f03e0f57fc30c7e8e6dea8a596fb97976404dd87a7cceb1e95adda9e31f77d3,2
3414,obj:466e3fc198c92e1164a446bd42c513a6ff99e17506484fa027611ac9de5462fb,3
3415,obj:48a74e3b090e55b6d5facb321c53ff2e8aef5a7165bca3ac8e2643ec49a9776b,1
3416,obj:9f855026eea9cfcc7ceb5d98b9a76d39794b75c853dcb2796329f6e1e50008f6,3
3417,obj:34bfa7eb5edd7982c03f3b90ac014126ca24971850ad61af20e3bf7fc0b1c359,0
3418,obj:64d68c4ce039f71783057d0fbc96b6634d4380c39639534ec84fd1446e3a7606,3
3419,obj:b819d01d3d77ec97df488bbffe0616c6325ee4909c2be45ae7f4089d7263c8cf,0
3420,obj:80490611649d9084cc7da767e0672af9ea959ed6fa7d2170550eb5475289177d,4
3421,obj:5f52ee1b8f09bbcae2b6c6549d977343243c3006b09ebb51cd4258eb5dd22c85,1
3422,obj:a5e6f3030eb226d2b0e97d07c5a384316275dc3243e679b892061490a062019b,0
3423,obj:8f9d7d85ca51d82996a0fd0c55f98e52660a61b25261b533cf20f84ddd1c72b5,1
3424,obj:675e93a188192580eae2601dd218c9cdb208b2189cd87f4db30c05a5dd926388,2
3425,obj:64bb1efc75d4610324c544265c88ab80c440699485a16029a07713422ab4463d,3
3426,obj:22b71aaf7febd3ecf1d26705b2a651de070cce606513fbd9b11941f763d18e33,1
3427,obj:0bea36dfe869410e0a45d68171a865a602297d5aae75cab85e2342119017bcae,1
3428,obj:0e72bc8a8465f55f186bdfbcce16b4218ce7f60f2b06bb83ac782018cd43eb61,2
3429,obj:678068bc111df93e9cfb5b8775ce1e57e216ef87123563c6c95f464dae63045a,4
3430,obj:970cc6f15b464cc305d5d910f21c7aedfb5a9efdcb3aba361c0172fdb2d2dc7c,4
3431,obj:658a22192f35cf07777439d243e7c4c9e9298d4f997cb9c1198c9ca52808cec9,3
3432,obj:e842a711eca6459f0d8854553f45bea83384cf41e08051a07ed3412e6b805576,1
3433,obj:9ace705288ec196731b9e7c73b68ea00d9150252628668f0daa8cd2c75c152f8,2
3434,obj:7334359f0b857bb052e02af2a9a240e1a772c1d7da8cdd707172cb263f8f7aaf,2
3435,obj:0fd3a082fe6021c2a2cbdb1f1cf73d221a87897ebd88a6374c84babb7c417062,2
3436,obj:b0aff9fbf61951c6e35753f0e1ad69a4153df87b5d2f121f0158e103aca18ac7,4
3437,obj:d86cc805023ddaa456364d3edf7d9799f5af4d4cf40c5a7be40949edab99e051,0
3438,obj:ce196fc51f371cb5dd574c64f4525b3ce3d3a6146309fcec5dcd21912ee3b27e,4
3439,obj:e78ba556aaff3fa7d6929880f690c54b061156cc7d3ee9c583e64bd041a4c51a,3
3440,obj:ede20c120f7576da4f1994c98bcdfb216adc01c2ff027877a037d7125216b028,2
3441,obj:0862b2aa6697cf4c458e48b37df110e0214acc6d280c28e6faaadba4b3ce1543,1
3442,obj:49b6f3c6d1f2161b0a1147c15dbf9f6557ded10f7755db26087325a5aab1eb2b,2
3443,obj:f403c046117f0e697e95e25c2749af8c703849d12e166df01bf0e80e930bbcc9,0
3444,obj:9793fd0ef26ff32e35f3433d7e7c9f3bb53bf045f386c233622467eb81fc9d17,1
3445,obj:d5cbcb79c62df6e99c74f8aa99ab0732a971597c237a83d33a228bf8d910d3c5,0
3446,obj:20293c89b25d8e86fd7a7ede13e8cfa4cea28ca8d5fd0b0c3943a92514828ca6,2
3447,obj:e0b5940dc38c91a95c3550cd1af02c6002cfda9b1a55a94ae10ecae5ee7c276d,0
3448,obj:c96511363f7e782c6ed700b58c51832a86328be314f374bb1380f4270ee3c28a,2
3449,obj:857c24678cc2e7ee135dc51137dc2f07a2de8d1d46aa0d6816868e01b840157a,1
3450,obj:ed6e8eb2a43e0863582d260cd508ed36835f51fe839906226a9077a6fa609342,4
3451,obj:34bfa7eb5edd7982c03f3b90ac014126ca24971850ad61af20e3bf7fc0b1c359,0
3452,obj:aea9a8eeaa19cd1d3393ee743ea015c4b561560780f719f029fe4cb8ef50484b,0
3453,obj:f1e58c4560059976cfec789d7c9a8a45c419ebfdaba55c4f7b9c28ed40838c31,1
3454,obj:c74623724e1d4e937487026cf7f0d71124097b3a7260aafab1e41e3304d8c527,1
3455,obj:84a79cbd04d1547281ed5452462bc6f0e2a29c3bc267d544f08a789a41767d6a,0
3456,obj:0bf46e759345204aa33f445ab226fe131d0948b293b49190011bfca8e44322bd,4
3457,obj:824882a6a11127b5f8ca50b76b652cf7e17c8e54fd5e077b73f7cfc245707feb,4
3458,obj:736cd1e3fdbeff851a94d6346e9523bf1db56a765621a810f067c33798c00e49,1
3459,obj:77cb69a747c5f8bc0774004945943d59377f9823fca749b63babd1e338acf824,3
3460,obj:2e83b857117e482c54093686aba5979129dc6462f432298884f90b4f03c62b52,3
3461,obj:8db2845cdb26f200f5a2c582918ce810ab4aadb3bcbb681db12e9aa216c94f5f,1
3462,obj:93c0cb60b79ca53ad2cc17aa98707d372190c397f2d417c727aebfd289f3ba8f,4
3463,obj:0449093a43546338714fbf0c7067bd88b1f34025b946d5ffff0e94c1855d71d6,0
3464,obj:a2753640e6369d1a347dba803671410d6a6eebbde0df4fef3e58dfebdcce6cf3,4
3465,obj:c8b8682e04dd5777ae9244d6ed833e799477eaf4d705daacb0a5ef34cc330b1d,0
3466,obj:7f2e0de62263a2875e81904c130540d5d58258a52b7731ff018567bfcbccc67b,1
3467,obj:d50993a169dda4485a1823f517012392522c0c3ac0a746797c1b30811f383995,1
3468,obj:327dbdab56a83001daece5fe35d8f78a4e249d4e7444dec1651d42b0de4ae0f5,1
3469,obj:9bce01fecd8647c599f6461120311ac450d6380d35eb2db37d4a15d1d8c2f31b,1
3470,obj:a2d5bb1c231e1947a79ae93d2aa4f36df54ff1af6a969495731437447ff2dbfc,2
3471,obj:0e6ba57775d9e62e0b01b95be9067906036cfa5bfa94a19a6a0d2b500abcba45,1
3472,obj:df5d26c79ad893bf46498a5527013f08fbfc23a2529be23a28e00ad1d26e765d,3
3473,obj:536467d4ee88ce613e66498f92789eee5e830a85f869e0e2bec01b848433db07,2
3474,obj:30f1d40b43a7fd3b0a5eeec40ca974842aab3269cc84a0045afe371541e9b499,2
3475,obj:7cd82545b39c0eff91afdfa604793dbcce0245eb5f124a6e5890bd795e5aa1bc,1
3476,obj:d941eb39b53b5cdd10a000667e2a3530cc6770e2461c145736cfe766a3f46d7b,4
3477,obj:2eac4c9090181a654e7f68840ce5359cd591de98fb78211ece7efdeabec70b6c,0
3478,obj:0862b2aa6697cf4c458e48b37df110e0214acc6d280c28e6faaadba4b3ce1543,1
3479,obj:37e0f5c8123034180d27a8ee4673be0fddb08869d973f77c477681d15fe6f948,2
3480,obj:c940b0d6c939fe05ea8f0812a1a580544edf7691df80f791ffa98968edfd83d3,1
3481,obj:0330f9c2b5a5d9a2cd5cd05ea0ca3ec93613d86bf2ae610bb276b53f660ca0d9,4
3482,obj:972a2dac225a824bec0fd574cbb468a1a2896da936415fe667c8721ec62e655c,3
3483,obj:351f0de4205de388b89bd7e243a4b1ae866d3d12469dd40ced4273789c410408,0
3484,obj:c4a49cef4a1cfbad151f4baba4560433f2b5a76add96c11f8d847b943f65c2ad,1
3485,obj:9fe7d293a0c465425a21485202128f540574fb346f6e1ab5479c392f83b96c9a,0
3486,obj:792097c1eda91c4ab47b707ea6913a1e1777cdea8c88822ad807abf274ef1c97,4
3487,obj:b661b4eb86420931f37a30df93e56eedaa8057cd974b9592d1781a9ce9cd49ea,2
3488,obj:a0eabd071ec7ff98ff4e172f50f16f837bfd1bf8da9221a06add1363ff3fdbb5,0
3489,obj:a194713cc896217a1a67a23ac40e0acb92908a4f967344763a3c058864e0fc09,0
3490,obj:466e3fc198c92e1164a446bd42c513a6ff99e17506484fa027611ac9de5462fb,3
3491,obj:29b672688ae250b04d163a884a197b90978e354cf839e6649e19f7f1a3d687fd,0
3492,obj:da1ab166954061ebfc0c564f831227aa3d9fdfa76af5f8ac72ce570342126d07,4
3493,obj:a1cdc7932545ff75a866ffde92c5b40a7108e2555c67fe2cecbc6212b6382c9a,3
3494,obj:123e5524d72e02c2ad723c2bc1a5a4823043bcb1bc2ec651f75f43bf24514030,2
3495,obj:fafb50bcaf635db18b6b53500aecc085f01b2967554b930edc1882a15a1f333f,2
3496,obj:c41bb441b252498e8d8d587961ebc25f45c7046b9093f8bc26c1db5824282798,0
3497,obj:3f5ae729ccf60fd69afebf5860d23b0bf3eafda1953703f18bcf0ecc427f7966,1
3498,obj:822d186fc3186c40225c7d728719d1f9006f2bbbccc6feea40bdf145f47cbc09,3
3499,obj:b6a2f520a1dc4b92f608cff1760174c12049a46fa43c82e44b617478d90203aa,3
3500,obj:2894bd4e8c8da1814064edf66b8e8c497d6c233368dc278a54c3287a68e8dc25,3
3501,obj:31d3d152fae21d9cac85bb63a5792b1b11f0b296dd1422f8266691ab21b387a5,4
3502,obj:6cf607465d4a3b06d77596f0f4afb74f1361e7fc202503f755d3a7f9c1373e1d,3
3503,obj:84eafe31584031935d142aff402d789b8f8f4d964a0a8da4934a29c57787ac9f,4
3504,obj:e3dcd2e89f2663987860fe985f8492cb6f044371fdc02a211b60fec7eea44686,2
3505,obj:d83266ce689a5f25c1affe77da0b718dfc17e9c13c6366ece0807472153055e4,0
3506,obj:3bc17568cfb346a8d2bfae008097ac64b8181139e9f0102a195ffe26c76a1633,3
3507,obj:afdc8d9949897a8fff3ff422d3b6e39e9631f3349b50f4bce44d7ccf7721cf9f,1
3508,obj:78d78bea317a706ab877c7a6faf8ca7247aa150cac1731f7e4c8112f765ce7ff,2
3509,obj:f24aa5a16b0fe0a075d434f642db03174f9388095ae375dfccc55a050a824da1,1
3510,obj:5c83acccf968597080b7d1e424bb3953dfc6caf6b244980908beb2d25eb753c1,4
3511,obj:5d2727ebaab86cbc51eece674fc47a1aa712fc9978a1fcdb97a7a40872d26837,4
3512,obj:9033076aeec4634734397272be80e8fb3a13095fff6faacacfc67a041727ff77,1
3513,obj:7bc34ae3d96fc8588929b2d964019c08c43c47f2cec7864b98df88b5cbb796b8,1
3514,obj:ee17dfbc786d474bab39a3b4c1975134f65795e6d84e1c3dfdc5fc788be7e291,0
3515,obj:a7da16617bbe25866dd433ffc0f0f9b188a0dbe03f46970c881abf0cb0ca2235,2
3516,obj:81c3e8686e1e2a7649c7ff1ad945a427d567b94ff435d3357e76ae92075cfd76,4
3517,obj:f2cbff9d199eb901ca3dde47ea2aa8696b5a7229ff9a33f6f6aaab5976858258,0
3518,obj:9793536cdc0950fdaa2dc6a0925441c961120a6022dce27fd0db35480e276b69,2
3519,obj:abef6a929c18cce27a0e3d231489e6a61e47ec2c2ae2b899df4c90af3aff1068,1
3520,obj:f573491394c26568eaab343c3ac83723e28c13f3273394939683173dc1b3173f,0
3521,obj:19a54562f1202fcc6cdf4a5cd84a70c59f5e4565cef472a43f32b3c6852e528c,3
3522,obj:3beaf20351309947f3d32b64709d7be9aa8f316c037640eaa967c4fa7a621d79,0
3523,obj:970a1322389157f731094f2468b2525cf65cc453937b3bb6f5c379b7fa6674c3,1
3524,obj:74e0fe7e0bb5268ea1b0cb7eca69c6a17b55edfe56a111cf3e8ec15b9b241a60,4
3525,obj:e01c351024827e0681df6376d242fb444a3e785d297bc7b9615373e33d8936e9,0
3526,obj:aaa33d2a19973be299b6c110fa8dc33f9b22b1b9e5e945c683f06b17e417328c,4
3527,obj:347aeed4b9a8aecf7ea31dd0f9eacfbb73b512c4ea7e26520db9c6196144e426,3
3528,obj:c467d6d1ccfc520af710a7bbb0b30e4cd8922a817f4b2f05e0fea6c8e4d04bcf,4
3529,obj:467ed4dc5d7cffc486e70d85145bdd0a7decdcbaf527f8cf038b90e0d8a5ea62,4
3530,obj:442f658d55893fe3e5f0389785d0b01c06a6f4fde0ad762af517c382383f2104,0
3531,obj:c104caebbd5ec8b1ff16a9251f6b16b10193bbf637179376b321eaa0052d10d2,0
3532,obj:ccf9a78038f529b39a875caea5754d7d62f44c6a31a0a21bc4d5b12cd38450bf,1
3533,obj:0449093a43546338714fbf0c7067bd88b1f34025b946d5ffff0e94c1855d71d6,0
3534,obj:78ac5e38a2b34cdf597c18ce2ff2e92578437b148d5c0766bad00ab841b672a2,1
3535,obj:6c45a31a06c0ad786395a6b8d9b4f16bad525e3284f6eb41cae75864ae713dc2,0
3536,obj:5336c654ce1cf12977949ad83eef49187ef003644d63049e61cae1763c117571,3
3537,obj:06c6c754d95f3c7624fe20de053887a4f5ddb6ec36d6e207068941ca79fb6526,2
3538,obj:106770cb7a7fc11ebf90d812ee969cf37133e45f34430c9407e16b241a959844,1
3539,obj:6de7a7a337ae3ec4b404d3300dea897cfc66e79f206e432e9119f3393bce7888,0
3540,obj:b9503395943dfdef87cb5c73a2fc36ca7c4693b601e715386f6373792b13be66,3
3541,obj:e4aca3afd585a7b7697310afdb2d981db7241c0f2abb5a4a09c1fd8752fad618,3
3542,obj:d89ffde8c86a22935f3f8bac06498f6a551bd613e14d4e9415f908bc04e33a7c,1
3543,obj:994e70665a4243c1dbe35cca3f10f1d5375350d68dd84cc88338ad10a911cd87,1
3544,obj:d9f65ccd03a8ecc7447af69ea50a45b848978cdaf0fc1925a297c88581e58881,3
3545,obj:a56641d87b7f0d1c47085db1372cc27b693014a0cd168804ba3d4af7774b0fb2,0
3546,obj:7b218283009e8a5ca3c561b193a849899367b562d1f71992911de82ce52b029f,4
3547,obj:66f6a337acab0a3e7f75cad1006f08252420db043f864125838e1f34bbe5aba9,2
3548,obj:34c7f48391498258c43d8e1d5039c78a38e45a63f892e3c98b19d66f21c06808,1
3549,obj:d9ddb8b350a3399e654b9a2ae47a3311680da55f1d6374f6f851a1b3fb1ff206,1
3550,obj:f6b6c47730b7bda40a835130765d2818109d5003065cde4ac525b9d6d62ba65d,3
3551,obj:f63840b2444e30a21d6d0dcb0b96e5765c5263b6eab7d3c026b741c6edff8e13,3
3552,obj:f8c8e6f97743cbf4314db030516145bd0bb3652ba05c01d271f6fc54bb5d67b3,3
3553,obj:2969dce310483fc95580ad209b099abdd248845e657cd8b634fab9bbf10c93a5,4
3554,obj:4b7cb38aebf073bc2d839457807a21e151038703f3ae2db4787b430745da6035,4
3555,obj:6a5819464181bb9525ca7dd458362343f594950e6ad364f078b74828c0c45987,2
3556,obj:8945ebb1da975968e97a25e15c6245e1d5eb356d740afc1fb4f23cb10989e905,3
3557,obj:919aa22b9e623f3ff86057739a6e10113ee87d9b8bed693300035b0993858810,2
3558,obj:f66659473dcfb522122ff49bc80dd7715b35b66fb8352a56f8807a77165b6c91,0
3559,obj:54956a609384ffe5c13465b54414f4f562b6a823ac299be7cc356b80232f5017,2
3560,obj:854c5113f08be6ee9ffb9b405adccc3e5b9db4c2eb79476cea49f255aebe6f95,0
3561,obj:ca79dcc3736dd080c642f4b77b9c3a39c2499890935390bda7a8b6d4909ca5ae,0
3562,obj:2fcc7d60c6e126f906c8abb42024c180d2283e7323b8b25ccbff6042c6f9965e,0
3563,obj:8b386dab6e2181adb167c0af8fe96ee74c6a9f7c55db232baf59c85d3e89dd9f,4
3564,obj:662d6af211098fe3a99d32a68c0312252984263a0c8b6de8ef30aa82070a4b11,4
3565,obj:d33e64f64a7f567baf370618e2b3cdd3b756ae665cef3a02fe2758fdf2f4a463,4
3566,obj:a39b337dbba83354fc5d02d0985594bf07ceb5a50c23e469134cf7d6a5a1ac19,1
3567,obj:96bb898b7cf904d30d59230b90b69f18a3a6fcba2dd2af4110a6556d988a8138,0
3568,obj:09a3effed1840cb8c82469b0bb452f577b68895579f6cb9eb25bcc7c792253d7,2
3569,obj:66b469e709aa18a6417de573cc98459b45457981e1aeae52b8bb6e333a4223a6,1
3570,obj:e31694afedf9f493eb28503f88d364876faeef04c258d17a1296928613b88702,1
3571,obj:9b8c175ce54c0d75c16fa3670846a31df3144d4780a6d51d1e05f70b2c4ea9e4,2
3572,obj:166ba7642448615f13cbf220df452290ddce0aee714e2a227a414ab964322dec,1
3573,obj:1e8559ac65043a7993c706d8f2e162528d2d63cdacc57d9f407197f9d0694287,3
3574,obj:b58e91e7f09dde324b1b612f0a79154e2a1e320bf93e768fe89c482c5b19d855,3
3575,obj:0eb7709d661e00e005d4c7e909480c3b5bcc09b5610b17f3055117468fef6a99,4
3576,obj:6f42c582dd6e7b27eddd6730b11995ca503093dad0f4987c546821d807630805,4
3577,obj:199d05fef2bd2b59f25f45bb430a77402ed7d7a8caf26d05223847efd5d9ab0c,0
3578,obj:a057129389522cc8affc7500181c27686f7ef9a950fc91ae4c7cb22b3115a927,4
3579,obj:5d2727ebaab86cbc51eece674fc47a1aa712fc9978a1fcdb97a7a40872d26837,4
3580,obj:2f989316b0fe626dc7395ea988d7b35045ab4d51208cf8166786b435b59d8f40,3
3581,obj:8b386dab6e2181adb167c0af8fe96ee74c6a9f7c55db232baf59c85d3e89dd9f,4
3582,obj:9741c4afd644821e42cad55727997b0001621b68506a77a80ad02a24c8619bb9,3
3583,obj:ae58d3702420ffb56c36d9af3bc6a69e878df4dc6b536fc936a54fe18beeac77,4
3584,obj:a7b8e4889c3672461957e1972fb3208dc559629691968c9b044721736f631cc4,1
3585,obj:57ddec189093908564fcbde5567d6ed09d2d30fcf48409de2a83eb79aff4ef6d,2
3586,obj:a09e4f0ba3bf37912e8a270018f5d1cd3ed43d3dcc3af2718a9300a27f5ea3fc,1
3587,obj:806fc014c471a78fdd106c8ad593594d6795d47e52971d6d72e1400349248205,0
3588,obj:6f42c582dd6e7b27eddd6730b11995ca503093dad0f4987c546821d807630805,4
3589,obj:161eb968ce099632488d62cb031c523a650f99d6544619334b805780a285c32a,3
3590,obj:34412624ee154ab87e337844cd36ee98e681770e2cfccf77f4ade43e883e370a,0
3591,obj:1b45c5b68b3f5cf152fcf24404f9f19c1968dc7887286720daff04c65f55bfb3,3
3592,obj:cda3ec2cf1e63a5d6aeaaec90c03c4dcf8a05f270df82165bde29fdccf17788b,4
3593,obj:14742313a49e3ee670b6214ca75f0482c97ff9ddb752b11e322f7e70c8ebde82,2
3594,obj:03b41a008681e85447786e3795219a141a7daf35147f05f3daf297c2e45798db,3
3595,obj:3b8bf6271621b83e6ddbae8f0f6f7fc948771b3bdd70374a1481737e7dfb6d3b,1
3596,obj:fa976ac4b7fb62a049c73e1e632c901c1d40cffca91a2ff1ae44ce8fb7462727,1
3597,obj:beb42aae36f843631adcfaa2a234d4feac099b4f128ae16405456269f10b61b5,0
3598,obj:4d96a3d6c55eba8bfd66f0af8033a85517c2fa27f836666a55ef427a8f62ebe0,1
3599,obj:c9f45108a964fe528fd565745cff756b13cffcdb224f5d1fafada84703940ebf,2
3600,obj:f0006c4ad78c772128d48728b76f6c52d9acf2f88a5e11f1e30c861cb27e3d5e,0
3601,obj:e0ea31eab7238cde6433778767418b0064a83e980d2f1ed5f2a6959213faeef8,2
3602,obj:440a190dccbf3377679142b7c07920e8c09f306920b8674c20ba50a9a3d3c4c7,3
3603,obj:ab9702bcb813dc31d19e606c0cdb385db41e72801b3432ec155f7bf06a1a6e27,2
3604,obj:4fcfdab5cce09dbb5509eaaf288e2f9265a123932ea2c3d4a92dfe0bcabe6de2,0
3605,obj:3014da25dd13d0e4e9a25616a409ca6dd11fef0f7ca688631a8ba2f24b30c8bc,4
3606,obj:990f2d6e15e034e30050dd8587f057401793db98469e0caebe86941edf797502,4
3607,obj:f9df4526037b524c9c955da008556aeb84cb8ba08fb8bf40c356220c96ca3d5d,3
3608,obj:0862b2aa6697cf4c458e48b37df110e0214acc6d280c28e6faaadba4b3ce1543,1
3609,obj:c6aa87481222f0cd34b9589fe5d3a8cb8fe5b45727bd899e40c1de890b808a36,3
3610,obj:ed24dee6e1e045425985380cd7e6c884d80d6d5bd4f06b750bc1d3128f02aff9,2
3611,obj:f506ef7eefb0b61181c467bdcceaec78fbc5a02aa291ee61ffa66259691459fa,4
3612,obj:bdaab69e8a845e49c8a047737d7394cbbae838679adaf255e4fb5d8654ce594b,3
3613,obj:d03753f742119dbdfa11120a889f4ad50aaee4706638a43ae9c11b11ca098873,1
3614,obj:f41f8f694efffe7106adb9002b3ef5920f971d34416c529566656d6bbc75a579,4
3615,obj:ac741486f0e7c87575ab4c2cced85be60f605f7a8ec11265c305d7b9a5959bfc,0
3616,obj:8791a65de953d2888292e731c440b408911192eb029effbb22150a46eca3df43,3
3617,obj:d716895ce417ef540e6610ed4890e2935abf1c950662463a0ba08631d5fbf0c9,0
3618,obj:6f3e0c754cde848227d07c48d9814d1005bc6321c9768561ea90d0307f8c7c19,3
3619,obj:cbc63221f137748a3b8fee24f07ab1319043c296f71a574ff4dc47b72e0adcca,2
3620,obj:e335cd351d71d174cdbb496b91cc43f3edbd25acd20568d0a548a5e6929b1486,2
3621,obj:0862b2aa6697cf4c458e48b37df110e0214acc6d280c28e6faaadba4b3ce1543,1
3622,obj:3c1f2abbfdb8ef58fe1219b5659399f9e757b4b760f9d8d3f034553c8f40c4f6,0
3623,obj:cfc48250bcb77781ddd1704a969eb132ebb11bab67aab7cac9be65e78bfa3fbe,4
3624,obj:f573491394c26568eaab343c3ac83723e28c13f3273394939683173dc1b3173f,0
3625,obj:4abf2a1e818dcf27ebf42292134c20199d31c9b0df96c59d838cea3152ec9bce,3
3626,obj:d0ea0ca36f1fc6c9356b8d043c5d74310a800f9a01b470cbbaf2ab35f442d91d,3
3627,obj:e221d6563ec94f3ff192140f042ab8cf4014f95f5037cd24b9fc30ff4d4229ad,4
3628,obj:4092b9fd8b4af8d902fb1219c7d924ee28a946537c2783d320562f37be457c4e,0
3629,obj:78b8896d601be3999adc2de82f5df4856527c3becae5e146912456590998373b,4
3630,obj:21fec60f9980218b230cbc413addc97479c364e8b0fff1d8df964b708109a8ae,4
3631,obj:90db832c4d5923a83fc0ddb33a9a0e1b1dc023e05f9a39cebc19c1e861200ed9,4
3632,obj:bedecd261f84586ebb754c08bb0e91d7ceb6f9e786dd407690483c5dbfc25a57,2
3633,obj:970cc6f15b464cc305d5d910f21c7aedfb5a9efdcb3aba361c0172fdb2d2dc7c,4
3634,obj:84bc10e4948dcb9d3e5e7b99c6315d1d9b552bf3fa03e37d7ead487e9f2ed9cc,1
3635,obj:c041b6e7e61af220b38066fea20240fff6147b2f59ca644f14aff274b68c14b8,3
3636,obj:0862b2aa6697cf4c458e48b37df110e0214acc6d280c28e6faaadba4b3ce1543,1
3637,obj:9177e4d6a6243475e1f2d698dc8f509c85d92054dfc04b1498c6ca22e289ab2f,1
3638,obj:7d136cf659f81d3dcfed9b6dd466f83de85ae8812fb2fa5fd59767c52268c8c1,1
3639,obj:816b184b9beffadf165ecde005c34903e15e3ff271cd35fe8cd88d7766642051,2
3640,obj:e0bf84cd5cddb2def23c5f0278ff4c22d6f8adc843beb1c01ed7c0b516a98b27,4
3641,obj:13f51d427685f0cb8568de7f51a85d92acdf122831ea32c194feed7001bfce7b,0
3642,obj:a0d14c6c9da1c0758bca1fb947ad658f2afe9ae32a2888a0763762212ae1f5c5,1
3643,obj:ba63725407ee48ac690fd2548cc7b772846ef70b8fe0b77855e61010a50fba30,4
3644,obj:f2ba42d7eb4248b36f9b2bb6a85e5d7d5760ddcd621649a469776ebcd505b9f8,3
3645,obj:ff4bc86c4e9bcb2e6cea7e06d65394c86016d1d209aa0eeae3d9cfc63fcfae05,1
3646,obj:531863ccf1a720157439beaa082a078b49228db1dd4fabf2dbcade6f550b2017,1
3647,obj:4d9a2409355d41611cf4881bf884e438c0ef5c1317fd586ab77484465f79dc7c,2
3648,obj:8099b3e51c5d65de59d23c3e333911d93a6f0de44c5c4f32bc538f03054abd4f,2
3649,obj:c07ac102281d417c4e068e3ca6e8604f89f108c1f26873a1130e6e5ac93e4f24,1
3650,obj:14739656541109b8ee4fa464bd8f1e374ca0ab1b7ab8142ef139596f58e44333,4
3651,obj:3922eb4fe458b8c1b26f9a73402394701a16478311254ee33a5038712e011a83,0
3652,obj:565a465b14d5afc16a4f31860f03fdce60902a3e051e83508bfb38724e6b2d1b,4
3653,obj:e20744f897a86e229bb5a8c46fff4734122fcffa330e9ebd6c37ae489a2973ec,4
3654,obj:b3f11b1b8cb8b81731118f3dce3095415e0f2ef1a2b62c59bf47e757f58a1a53,1
3655,obj:8b949b878595a3340d398cbf76b9a06857720ec5f439a9180bc0754d4838ae3e,1
3656,obj:336085823e7c86a91c314bbcce5bd287ec3f6e26bad58f669fc31969871a3787,3
3657,obj:6151d7db93b6f450a7eae0b5e54770d1073219fc988c4c014f0605b467d11f31,1
3658,obj:7c457488ca143fcc416b17bfb1b495948307a09a7365c11f613681d4e08e6c87,1
3659,obj:98cf30c849d03dcfadb79f0976694bf8de666739f02d4232fbf746a91b62facc,0
3660,obj:7d76a8ac29a79914ddcda4ec2ee22a5902e164b0b8867ec83f62353e4cfc66e1,3
3661,obj:f9925408fee521ca9dab9a8fd1da4415bf5d7191b6b996516c41573a7ac98e80,4
3662,obj:8db2a53e42f2d325af598e7451c2de6206af6b333e7edc979bf309397b886a99,2
3663,obj:b189c73e34b8e27dec46f0e65adb0b9a34868619da71a2a42b77dcf74eb1ff82,1
3664,obj:75455a288072484bf560585214805ce40ca1a061e6605a5cc2256d1f3113de32,1
3665,obj:a25858c84514b887a1b21396d68fa17d2c9785534e08ffb5f81b307466be03f0,2
3666,obj:51dcfd413351d44fdb657225c43c8f343a4b408f196df938a269d49675f76417,3
3667,obj:ec0b3f5dbaba5152e00398075f4b21f2c18aa43d5fc29f06dbb08669d4b41c39,0
3668,obj:430a2faace34e9ee617f40e02e6263586f6977abb73247ff46d9e8cc69a45fc4,2
3669,obj:8648ebc4c294be29edf11f5d89133c5a2a25aad241984ca97c3f36843c78d296,4
3670,obj:d49e0ad320164490282b4e6b8057342b26233a692d4dd60862c74e61d834a592,1
3671,obj:1410ce0c3bc5fee887f03ed8bece80fa6552c44d6cd864b1e5bb7bef534f2734,0
3672,obj:71c9b63c7589f928dde668a2f52f42ad98beb1b63f0d9c49807e843634b542b9,0
3673,obj:bc627d3deef24761b2185194bc2a3b1bd4103cf7ac646c65a0e63158016e05cd,4
3674,obj:a6c88faa6c285ac22c7ee6d5cb818ccbd568cc62b83df86250ff790d829791e5,0
3675,obj:66e095f46a78abf7cfabbd2b8241a8209d305593b8e38c02f5868efbc32131f1,1
3676,obj:ac741486f0e7c87575ab4c2cced85be60f605f7a8ec11265c305d7b9a5959bfc,0
3677,obj:2c7628455d3cd8eb08c1ac422b9c8c803a4646d9660fd5c29198b821ad753854,0
3678,obj:1b45c5b68b3f5cf152fcf24404f9f19c1968dc7887286720daff04c65f55bfb3,3
3679,obj:d7590fd9b628574cbcc879826f412e262f8ebc5fdcbed00b193d83a6c4db660f,1
3680,obj:9922da705d8d55ae47367e588b2e6fc41b6ab868ac3fb3b903f569d844d4fedd,0
3681,obj:85956bf2c120c3bef145f7951c964509e719f29a0a0201f219ed468fc7c79de1,2
3682,obj:d8d1f67f58129b8c5c736ef2325b6c873589446666bc382b536428c6ff2a9f52,4
3683,obj:9a9cbc39e7627b051a93fe6bd81de829940e68906dd96fad2002615dc11a85c0,1
3684,obj:54d422fa6330492754ec1ef84b87eadecb5235735d003b873802497599ce3d2e,0
3685,obj:b4a9e5a5d3d453d9a2d86d6f2676fbc363381514b40bc43c95db5428dc3d749f,2
3686,obj:8dd9e678afd0555b015e891604dea2c4694bc7364d1a471b017c931635b3fb87,1
3687,obj:401d253bedc3113cc26fb79a94cda055fd0de749c7fdd967ddfc2cb61419179b,1
3688,obj:1d0f038500cd370121c0237f583a86c26d1e30a95a644bb1fd1ba8144f4916dc,1
3689,obj:76786d74b2196abd6bf5c1e3f828e3a70aa20c0672bb0bc6f37fb2be8f79377d,0
3690,obj:327dbdab56a83001daece5fe35d8f78a4e249d4e7444dec1651d42b0de4ae0f5,1
3691,obj:33caf8819dccb4b0ced9aa012219e1cf4e8617dcdf6de4d9d3f5dc344f654699,4
3692,obj:62f2b97315040ba922ab2c4aacc61b4f8184d6b2037c3cbec23f9b068c6c3eba,4
3693,obj:de1121917431fb3e0c56d552d4a42ca4dc1ab3afd1519595381b17528b9a2224,3
3694,obj:bb16ffc8c6957b9e2aa8ad1854ae47f88abada3f8eb7d7d8e1fe2d5b639991b0,1
3695,obj:5b2eca06e63c87ea6c2d88edb08be07427f4b8d3d81a6d8b4fce33112e916509,3
3696,obj:0544b609068f31ca3865bc256a29d0e7f11655d0323e629187fdfcdc622e5522,3
3697,obj:9353a5b663c7b72a61d0918f8e96f794421a930b85078e760aaa6ad226fa5385,1
3698,obj:1bd2027fe4f561a024a73efd715be0176a883148a072bd621c8cdc6f75b0c8c3,3
3699,obj:af25530a320af49177258888f5a1f5b1d90078e3324754a7afc8c09365d7558d,1
3700,obj:ab6c74296fc95bce147c19cea95cdff3e29c53d3446f93d25a998250fb0db594,2
3701,obj:6f42c582dd6e7b27eddd6730b11995ca503093dad0f4987c546821d807630805,4
3702,obj:1d90d617f213287363ecc5e6a62b81f943b8f80bff0f4730a74e4a0644ed9da6,2
3703,obj:438756e998ddbbba15a0aa5d56c7d6f4be84628bf05fcec9bd9ba10a1851982e,1
3704,obj:62d7700b0ae248a3be93b6798c686c9386ce0adf0eee1dc8764c791dbc48b8bd,0
3705,obj:4d9a2409355d41611cf4881bf884e438c0ef5c1317fd586ab77484465f79dc7c,2
3706,obj:30c270354474a112ae0d95bd69c0a04dd6d4ad414da068d4a27ba146e556050e,0
3707,obj:a5b7dbe73ec9ccf77aa532c37414473445c74964066e90051fda69201403e057,0
3708,obj:5312635fbd65ed4d9fcf61237d71efc5169d8b0c9144e16c96764adca4792e9f,1
3709,obj:5f53b9cec40fccdcf9edd27565952df902b1d55ebbe0e19e9a4f391345886065,3
3710,obj:816b184b9beffadf165ecde005c34903e15e3ff271cd35fe8cd88d7766642051,2
3711,obj:0bf46e759345204aa33f445ab226fe131d0948b293b49190011bfca8e44322bd,4
3712,obj:c38d212a29ed4db3cc434b73e8ee0cc1e62aac5e7863811de8c19c08f13622b7,0
3713,obj:d859ed2245795c04ee51460a872e80ad324c71d301b6b7c900d453d621cb9070,3
3714,obj:22b5ac0c2635856faeacc7e8a65e9ce6852b16a563a60ef3ae230c6a74099d01,3
3715,obj:1252ed3dd42532d0f47e24988922397895a01a6abf3ea289b58886aa2330d9ae,4
3716,obj:558c517069e6b1447edc0a86845067f002962b9c9c0828ca69f7b839f53c40ca,2
3717,obj:52316373ff4e767f1fc2c74db7236b18969dfc6a2fa21e1997de73ff33fbe539,3
3718,obj:eb16cbf9cf2c56b00a6991935657ce4c2ad64d7d54755bcaaf21ac2c23cb1adf,1
3719,obj:0862b2aa6697cf4c458e48b37df110e0214acc6d280c28e6faaadba4b3ce1543,1
3720,obj:0862b2aa6697cf4c458e48b37df110e0214acc6d280c28e6faaadba4b3ce1543,1
3721,obj:0624107e4926c572297b8128f4b91776d244b06c185abc82596fd63b55cd422b,2
3722,obj:84f7b045f98e39ca3c242129349c0f7de10bb8d09c553fa8c49642000e6ef642,3
3723,obj:afcc5a36d7dcc434b630c846e485053b31c6860ecf47ce6cb6c2bf30e0220d16,4
3724,obj:dae24ad94beb1a6f96132c35a557fe5f977cdb0082eb07eaa8c1dfd02c11fb9f,3
3725,obj:7cd82545b39c0eff91afdfa604793dbcce0245eb5f124a6e5890bd795e5aa1bc,1
3726,obj:8b386dab6e2181adb167c0af8fe96ee74c6a9f7c55db232baf59c85d3e89dd9f,4
3727,obj:6c419410187a775d92169fdc5c5c1e67ed95b30f17d089d7cd2f33c63128ddba,4
3728,obj:a1cdc7932545ff75a866ffde92c5b40a7108e2555c67fe2cecbc6212b6382c9a,3
3729,obj:81ff692a8b961e54294d453f49aa56d61e2c8376edf2e7aa47382db74472acfd,2
3730,obj:b3f8ed0b1cc835fcb902dc44c287179ccf499a4333e15940c107cf8fd708b8d7,3
3731,obj:ecbd3a9658c47462272816cef68f82bf478272ed82a62505221a57108c440644,3
3732,obj:69ec067ed62591c6954415b92818cc2e392ab98d32249891a6a29c0c0db77345,2
3733,obj:816b184b9beffadf165ecde005c34903e15e3ff271cd35fe8cd88d7766642051,2
3734,obj:8a32499bd7ea3cdfa242dc7e7e49d0c270beb17db32086d9b3e84bfdd11bd7d9,2
3735,obj:382a060015689194f0c2d77b47233ddedc1f090365a27592780b4e8ed39b10f9,0
3736,obj:d3a8278811dc674a4940c5bdb146b6f27c00ccdbb50d23b65d194c8456796fb5,1
3737,obj:19a0c81787c12c502c97448f830474bd913128c588a7e73c25e0a5a16b205c68,1
3738,obj:18fdd98ba3ee42011392c1b7939c6a335375f69cc8ef279edf225934151a6b9a,1
3739,obj:6f42c582dd6e7b27eddd6730b11995ca503093dad0f4987c546821d807630805,4
3740,obj:e651825ffaa318bc194fd146d8bb2c9a7c87265a9f4c101f14c52b2f39f1de8b,2
3741,obj:94a0b1c30feb9159adfa0346682dd1972734966c75b4021acd4d894622bdb816,2
3742,obj:c850aab75bb523bc5130c2a31eb9dd7e5409790307a0b06fb8bd464bf993a18e,0
3743,obj:4bfb7cf3a7e240c2b433e0a551e119e41a62fca874db10fba4e4c5e492ae214a,4
3744,obj:8522f93137f012608a321d51644b73f318c96bec44453ec970be7901b1186424,4
3745,obj:df522fc6e3925654743e3ffaf0265e3c67672260bfef48ca7e964258ec6e8628,3
3746,obj:6488aebe30e63e9b143d4cba3868dae254874b6327a81b73b66a18b230579780,0
3747,obj:53969a01a51fd06f09a8c2a8e3765854b5584f6c24d75eaa1f25d7c17f85ef17,1
3748,obj:bf5b46ceeb06b2034049781c55707a34f354efa1279cc224a32a40412242a073,0
3749,obj:a5e44a1a3682a5289b78099374d173e815fa4d5e64881ece6cc1932bdbc43506,4
3750,obj:e3f710dcb9304c44337e7f646704bd49a3f97c98c26cedc65b743c30214614c8,2
3751,obj:af3a11915eff4be86e23fa28a1be1738c62aebf839e95309019ee7bdbd54926c,0
3752,obj:376dc0261f594812d3daa819e987c975144452337a6194325278fe2d161697da,0
3753,obj:f52049cc533718cbe180d1aac1124ed8d8f8637e2217d789708f37a7dd284419,4
3754,obj:e1ef84b753b136891901095813e4a5230e54e39f7994f099129e9b8447b24544,0
3755,obj:92829012e37e450ef68f5e2336114e83d82a8656475689c8ead6788853fc3ae2,2
3756,obj:ba63725407ee48ac690fd2548cc7b772846ef70b8fe0b77855e61010a50fba30,4
3757,obj:0a07f1896ade0e2c3ca219526da56c4e090296401aab56f29bcdd16fa9c5c0e3,1
3758,obj:f2cb66bb6c299e22eb0023666c5e164e4108fc7692c173486877404f49d7bd0e,3
3759,obj:64d68c4ce039f71783057d0fbc96b6634d4380c39639534ec84fd1446e3a7606,3
3760,obj:c13085b7abf73bd526b8a18d4ce400628819078c55f167d07a9f15b3da29eeac,3
3761,obj:6aaba96bce0935883c52f4351930067a55383188ea4b807a3810194828d7806a,1
3762,obj:2531200bcb6ead3d8e4fd6169890678c882cf4fce438db4b6e3981c465c755f6,3
3763,obj:a6c88faa6c285ac22c7ee6d5cb818ccbd568cc62b83df86250ff790d829791e5,0
3764,obj:2cf14aae6f8a94051cc5b786093162a0af4024d21bb76c725f41259e442eb91a,3
3765,obj:ce196fc51f371cb5dd574c64f4525b3ce3d3a6146309fcec5dcd21912ee3b27e,4
3766,obj:bbc946ac1bf60837f905a3e3c5e5469feaa26a4fb57ae7c2f078ab220080606d,2
3767,obj:327dbdab56a83001daece5fe35d8f78a4e249d4e7444dec1651d42b0de4ae0f5,1
3768,obj:a2d5bb1c231e1947a79ae93d2aa4f36df54ff1af6a969495731437447ff2dbfc,2
3769,obj:404d1cafd5be0647f201883895ffbdf87cdd9f3e0fcdb5e9e726d148c6d77ebb,4
3770,obj:fef1da45713bbc6eb455bf5e9cacfaaaabf2d8ffce39b20299de17dab12dbca4,0
3771,obj:c99d47d8cc548fe370f33614857727b4a94707de8eb5ededdc31528ca1e430bc,2
3772,obj:dd11c0eeed6ad3f9fad8a1a4d2c87573793a106b4faf2322c0279f4b440d3418,3
3773,obj:0862b2aa6697cf4c458e48b37df110e0214acc6d280c28e6faaadba4b3ce1543,1
3774,obj:5a5ba9d8c873b5a833fbd0b2727aa190a19e852a39df4aa292c8f3efbdebee4e,4
3775,obj:a85b0cdac8b47d07f19543bb1cfa75790139c5604230da60692c70500bff8190,1
3776,obj:3c110490747520fe5d9608268c3d33f0c89d8fd5d1927bc63e4e0c80e7dd4ce7,1
3777,obj:1a8c8ceb745beb08557f41bcd7c74321e3c969ada6113146a0fd4fc83cc2def3,2
3778,obj:6e64d17410f1df05d639af55574fdf8e25cbfc891bf5b4299864f7485f0ec076,0
3779,obj:726eaefc9ba3754d1c68dfe7a65b18a60672f124798302d7ebf8b3daae52bdda,2
3780,obj:b70f02e075f7452245b3bb84790aaa7f012f490ea7ce6864fe529673abcfc4bd,0
3781,obj:bd84621ae47d8c8bacafaabc234e35d669357e1ea6bef8227bc2517782686962,1
3782,obj:218728b94e99e0dd7854e9b68b2a4a71af9092f182e3727933b0e9492cb15557,1
3783,obj:1d51b4e8457fb262f3b8f8f03a448d54a0712f8a5505be4a6d7bf9aeaeb35fb5,1
3784,obj:6aa3df2e143e959e22067c8621c89928fa903f9375fe6a186c0e977f6becb067,0
3785,obj:ca13c3afa78cb5cdf1c0ec1e68742b29a1cfab2225d0453fd8eb58ffdbc4d967,4
3786,obj:3c4a572404777830e8d5a54bcbdfaad7b0933d99b0c0dcd017f13ad003ac080a,2
3787,obj:b6ea29624a83301c800f028f8ea6aa514a4ad7390eff315c81f90cb65a42feab,1
3788,obj:c7588ab736da0cd0e738bd30526126dd5c97f420938d504b16d426a5c38a8f6d,2
3789,obj:466e3fc198c92e1164a446bd42c513a6ff99e17506484fa027611ac9de5462fb,3
3790,obj:2ee95a7b9dd63e9008c62852cc8e23c8c48c33e15794c94012092bed0028bee5,1
3791,obj:e17078e0665fd6ffb511db2b73fbc54bc6e590a83398c3f868aa29cafd9d461a,0
3792,obj:a94db77d02fe400b0e34e0fd8c42de65a08d9ff4ee68de75c4b4fcdf6aecbf92,0
3793,obj:240212375fdd60795058759c9b288f9b469374b96d488d83dbcd62a5365401c9,1
3794,obj:08be3aaf7bab1bad51515502cc6e5e529cf8dcee8c14d296ab6c129b873cf8cc,3
3795,obj:e5330e7c56d22654db5874daee8c0aea8c6aec31b45047bbca5fc42b6c8da8b7,2
3796,obj:4662b472d965d04b34a23465c4ee80e649cc71816140ee5c45a213bd4a2c5c4f,0
3797,obj:a2492f4e6024bbbac8d216ec3b651c5a45849c079a6a238c5a4e6723203cfdac,4
3798,obj:43e6d8863fd341956614d7c881dc8a8490bd31acf5da5dd330ee0cc2a03129cd,4
3799,obj:d60981eb203357ad2d5a128b96cde42ca06313c5eb7b2826486e974f6466bbbc,4
3800,obj:2c9ad421a79601cb6b5a09c16ab5a7e1d71914271bd941e8df8952c2c14e5751,0
3801,obj:3eff31183914dc45c02e24e13ad2d1bbde4bd72094424766789c494aa5720a1f,4
3802,obj:f7e412a26d4bf99df7076b17caa9ce1e93eec7b6ba1ee9dd52a807032f807bb5,2
3803,obj:211b255d41adffe2c576e9196951d1f7d25f6a1e4fa507a13718ebdb8e0b5467,1
3804,obj:e3c66ccbcdfa0bfb43eb0b8a0a9d31aede98192a27c49583be99d16cd8f0e662,2
3805,obj:2b9e1fab72d22626c5b9d5d97e9bb09f151506a010357e68482ef87229e3152d,0
3806,obj:f6905264b8e4eae30055680ca8a6cdc6421a7df1662efa2eaaa051eced261535,1
3807,obj:19a0c81787c12c502c97448f830474bd913128c588a7e73c25e0a5a16b205c68,1
3808,obj:98d00b9509a565d0c2df6487ef14c5151ad530577c24c6509c48b121ddb77fa4,1
3809,obj:f1e58c4560059976cfec789d7c9a8a45c419ebfdaba55c4f7b9c28ed40838c31,1
3810,obj:7e309a6237151e8e8cedfc797eb62de4fe4ce431dfa794ba74928ed9d994b254,0
3811,obj:e0018e30fccd292e672f37111b8016b8f3616196c7d17919696f9eb149a742e5,2
3812,obj:5370a3e5f165f7d5d3bc88576339e09c8b89ae0f7ee094133fbc7bf8a488c605,3
3813,obj:8db2a53e42f2d325af598e7451c2de6206af6b333e7edc979bf309397b886a99,2
3814,obj:707404f6200e3e2c052f42904aa44be3ad78ac71245c1d5cf71a0ccff6535e04,4
3815,obj:2feb7b8a46dc95eb03d1897d40114c0ac4a479da6b942467d5dd0c5b44d6f0c2,0
3816,obj:6a258f1479a65a88daad37655f09f2c276b6947e2abf4d0f8ae206cdf2ff6822,0
3817,obj:854a7e06c3f77900ddeb5eb73d4b08cdaa04f70fd07e412d363cd395561f4e3e,2
3818,obj:2ee4c5b9d53f1019007b539203058ea69515274b0b3c7f7be7fcf53ab5af8b06,4
3819,obj:29eece8688757872f4e16f89fa29c7ada0d21e23ffa0aca5c9059196fe854c99,0
3820,obj:f573491394c26568eaab343c3ac83723e28c13f3273394939683173dc1b3173f,0
3821,obj:d89ffde8c86a22935f3f8bac06498f6a551bd613e14d4e9415f908bc04e33a7c,1
3822,obj:bbabe616e3525cc281f3303a88cfcf0e94db77af9f8f5fb80215f2be7c028fd3,2
3823,obj:d4759a398626bac41620d49118ed6b080b8c6e1eecefb1622a2ffab5967d86d6,0
3824,obj:2053a67a0c353db7da60df6b9cabf165f5753848e668a3d3d8db5b8d93853ab1,0
3825,obj:cc2adde28dad4aed207b3fb68c0aa2d67a456b185299573d1d293c6c77097567,3
3826,obj:337d19081d71783af200e22da9e841e1d1b205a20ab865df05efdc38f12efb93,0
3827,obj:e2ca7f0afda7d101c76141165ba3b75204a795509e678d3dd50968566248f4fd,1
3828,obj:0449093a43546338714fbf0c7067bd88b1f34025b946d5ffff0e94c1855d71d6,0
3829,obj:af755a9f5d3a7691347b0532ea5d73156151c3ded11b063e498e18da62cd3414,2
3830,obj:52310eab4eb216dc28a40e926c5069692fbc5d0e535505aff9289cac1d1dcac3,4
3831,obj:67e1d06256dcfd1f806230cdbdbbeecfae13b281553689a47db5b205bc60d571,4
3832,obj:61ee03887a5ab0ecab8718cd3472876e43f6c2d2e5ff84a03b5bf102df573a03,1
3833,obj:96bb898b7cf904d30d59230b90b69f18a3a6fcba2dd2af4110a6556d988a8138,0
3834,obj:6baf44c4c85dd2165fe737981ee3de2ad47f149d6dc49176ff035338ab7f8541,3
3835,obj:eaad3ec91ca03dd80c5a89b853231666bbe3343d0fcd6340f35c45c04d3e81dc,0
3836,obj:62a8bd32a4ff7edb5e7c623f550664760763dc0b58862bcdcaeac15b34e64339,4
3837,obj:7112b7eea80396025898c7b0c50a1953f6f315a72f0eec3cfe0f75dc87a6b460,3
3838,obj:0862b2aa6697cf4c458e48b37df110e0214acc6d280c28e6faaadba4b3ce1543,1
3839,obj:2bba3a89a19229abd424f32e0762f013ba913d309cca958a5c5dce01dc4dd00d,3
3840,obj:4a54c8fda7dc91a3384e1d6bcc1e23f936272474dd7fdc0ed2617fbb690a5b5e,0
3841,obj:c48ee1d8a599c0c9c3bb673f6e18e71b54ce6d7321804bae504245b7f86bfffa,4
3842,obj:122e70614a93748b458819649162fd0a80761d25f99ff8f69d2a1bc403f8bda9,3
3843,obj:13e6c668cfbde39ed5d8d12d5c8bd483af27c948fdf26c01731f321d3b73def1,1
3844,obj:33caf8819dccb4b0ced9aa012219e1cf4e8617dcdf6de4d9d3f5dc344f654699,4
3845,obj:a844037056db1ba39a33b9612f5a253d8f76bd20a01c9404b795c7a4090a10a3,3
3846,obj:afdc8d9949897a8fff3ff422d3b6e39e9631f3349b50f4bce44d7ccf7721cf9f,1
3847,obj:406a68a198f520bbbc1b26d335df8e69db027437d5fe5d9de0956185e0c462eb,4
3848,obj:7443966d65ee21627ff8cb31ccd697e09a93212921c08efcfbc5c085ca4a9d2f,0
3849,obj:23e5b8cd41b02ba1a73ee3c3f50b8362a50913a42e142742836834a13463f501,3
3850,obj:4fc50c5c812546a9593b401129cd64f602c5603c388106a0c3bf0392c733dd66,4
3851,obj:1ded85fbab11116a4293a7019fa54e71bbf4d3c715bb443f1941bf0072233e4d,2
3852,obj:42da8e3e384542e4bf645ce4fe20c1e82a45ac2375e4e301ee6861a6de979b52,1
3853,obj:f6f0ff7bb013bb5e9a74ecd34674cf40bbc63efdf8f1e7d66317fe8868485300,3
3854,obj:c5b2607b6e5ff042e217afa6bef72a5881a05da64fcd5080494b83ec7a4dc47f,4
3855,obj:3c23596f0c98bfaf1fd934c97807ecfa4d4de26c2706a819020e9f14bc7d9a98,4
3856,obj:dcde0b2df2fe94008fa728311d14680b6a941b28c680a1ef0cfde38526eb388c,0
3857,obj:6ca90ce50d956221d5c50d29fbd03ff430cf5f092c57ab5084de6e2319f6fa51,0
3858,obj:5c83acccf968597080b7d1e424bb3953dfc6caf6b244980908beb2d25eb753c1,4
3859,obj:35fc9ed378a7ed635807568e2fb22bab24be99c770c20857247d994756722dc3,1
3860,obj:fcc512ae42819d1374062e8fecc9c51a598e8661e4d2af01f18fce33f6b00ff2,1
3861,obj:406153420f6ff0d0d6275fe7996d2877d3e62f66e44e126cb3c3b45dbc088317,4
3862,obj:91b87ca334087c79c6d4e87b003f67751d20dea3ee777fcb7afba5bb906619fd,0
3863,obj:36a8dfc03002e8094c54d51b5c755f043961b6421d758ccfeb17cb9f1498a443,2
3864,obj:0baf2d6a6c459191c6fe4052f6c0e4db61a238eb0d69c047b89bcbe0ce688abc,1
3865,obj:0c9a0971956abd1f001c7ec9e127a0b3bbbbd389a86ed1e359d87add53fb618a,3
3866,obj:5dd8070ca707c47e2b631e01d79371c7d6ce3d7af14db78e8d2b397bf561b095,4
3867,obj:9770c3b2a987f74981758f0dc972f3e9c99aab820cb510500e0b583c321eaaa2,1
3868,obj:a0fad3968ff52872d05b2d29472aa9cb7d035241a9dc7b6bc24a7733a9e8bb4d,4
3869,obj:be35ba051115983470c962ac45117ec42b50f4bd86b8c746fd6a11bd5167dbf4,0
3870,obj:14232e3ed027da037b75167f43dab2daa945aab669b6c361ea3f1302de2eba4b,0
3871,obj:0b6f67ed857bd660069095317b9324e7f33abbb23732b24a603754630a07c2f4,4
3872,obj:cb9414d0d86dfdfdc741d592fcc609e04f48bec41f4479aff3631ae3b5a8816a,3
3873,obj:9146a3f2c95eecf3c289bf6e5c361656ae76db343bc256c0d38f001b2f8c09f1,3
3874,obj:285ade2299e80f2588e4d2da9f34cbe562f8f855fb3e54337104e40e026a87a0,0
3875,obj:f0d140c4f944604c7859ac5cf3b1f832e879d6a62fd26a4125138830029b3727,2
3876,obj:4e21bf335ca163091cc86db41277a7f8ec1d30eefa268afcc545d0df4f520ae9,0
3877,obj:71c63075627704f4de71baa929f2cbfa23882b3c100ed91d232efd21d5822f2b,3
3878,obj:d89ffde8c86a22935f3f8bac06498f6a551bd613e14d4e9415f908bc04e33a7c,1
3879,obj:475942691339712a1f4b4272c0e6fbd241555d555e2340d966b5d8e11acc9777,2
3880,obj:8bfc3697d09d27a3a7e5f865482a5fad553622b551716790e7e8040344f875d1,3
3881,obj:5a2923515dc149b363e8729d18adc6bbb18718c496d97c5a8a32fb12e575ed95,0
3882,obj:1ec7614b093c87e103180811794ef91505169fdbd2f14608a18ed9a17de5db45,4
3883,obj:ae165816b90c9fb0653089246f8cfc09a5e4bda42e46cc30c80c39fd8c7e9a85,3
3884,obj:0449093a43546338714fbf0c7067bd88b1f34025b946d5ffff0e94c1855d71d6,0
3885,obj:9c64eab90ac473ba5f0904f036b9a18dc60504deef208f0e70eef5a146c175f8,4
3886,obj:2ecaef38256155de4955c32fb40b418c498ab2755965ae69cd53e04ed9c85a62,4
3887,obj:20aa8ad19bf24b88cea24ff6d03c0782e73451c27fdac32adbe6d093c09568a6,3
3888,obj:6aa9a79a47537e0f5cecad6684b25466b6df7b0fd0210d622d0f4fa4e2a01789,3
3889,obj:ffefd2ccb9cc21031f5be073ef5c60659d7eebdcc2162b559f6a5d8b0812f361,0
3890,obj:dc7e949f630792c4780e26d7ad2a37124c79e78792434fad8c03a55580e8a340,1
3891,obj:406153420f6ff0d0d6275fe7996d2877d3e62f66e44e126cb3c3b45dbc088317,4
3892,obj:0862b2aa6697cf4c458e48b37df110e0214acc6d280c28e6faaadba4b3ce1543,1
3893,obj:567475c1054656b0925bc19e54796047816fbca9eda35b5969cdf9afc1aff5a6,1
3894,obj:7145159f6c4158f1129827e7d378ed7f843269e554582c5922d0baf0badc977e,2
3895,obj:65550a8ff06787c9093bd33522a47c88cdae7a4803919b88575768fc1ac13982,0
3896,obj:54136649e147d916831de6ebb24cc38d16497cd88828f6961c48103357d8d362,3
3897,obj:d7da33bf3b9247f096e3a0fb4359bcc31b0f1cb2b3119bfa0836e0318f1cb821,3
3898,obj:ecef8c5a8029bf35c04c41cee0fcc4917df0dd7d20e392b9ac65da2caa6f492d,1
3899,obj:8902630344f1f2adb4ce66fed272efe114bd80b979dbf2d77df72f989e6f88b2,1
3900,obj:934ed44c2b9aeaaeb2e53614525d86955e24862b2aea1e22f3bba7ceed1e1abd,0
3901,obj:9cc7773f0b3f88c8983bac7400be28e4ad27de08c1e852c64352ef43a2621fc4,4
3902,obj:0862b2aa6697cf4c458e48b37df110e0214acc6d280c28e6faaadba4b3ce1543,1
3903,obj:12e727ded497751d37a957cacf2c84c135cf65f590fc8bf93202ea4dde469f98,1
3904,obj:31c495a245f492f14a34079a3f1a93d5a48b79495c2b70911f12c74df280407d,1
3905,obj:c9acfc2f3d485d1b46be45a385fb155205c4c3e79c5eaa6c662dca65a8f38e3e,4
3906,obj:c7c969c957dba1ce37ab58c13175de0faa7617d0f6fde76b9f0003e4881013a8,1
3907,obj:1132f873d3c78723a89d9bf4b0b7a70bb542437a0667f6387db51299388598e7,1
3908,obj:8d125d6cbd3084f8b23c5892509b3d41fba57259e4bbf174fab416bc4cfa72da,2
3909,obj:21610ea2ece68a37588d50b6e3b67cff3134e5ceea3fa61c2068f80db62b4b70,0
3910,obj:8fea4550d1c8c45d82992cb177dbf7f888d36acdd162d1c83c000713ae1e6720,1
3911,obj:769c4c6b675836771b0b86a8d99462097f6bb7603b04e99dfe719d551c23d97a,4
3912,obj:c79cd01128fe490aa94844d03157c358429276855c2ee091817136deda2ede6e,1
3913,obj:a2d5bb1c231e1947a79ae93d2aa4f36df54ff1af6a969495731437447ff2dbfc,2
3914,obj:3145caebd104b4a31f717f4514cd5826d28c49add0c1e6ec0db1670bce601ec5,3
3915,obj:6f42c582dd6e7b27eddd6730b11995ca503093dad0f4987c546821d807630805,4
3916,obj:55c49a17a53b9f95870ec87c1cb7dc0c08fcde9c866a652bfc008494c0902226,1
3917,obj:0710d3514ae03454a8c225c524b15304010394c5bf581f12a7f01bc808435341,2
3918,obj:d1ee51ba4e7ea085590b384da03a8167b72db44e1f839342ce1e96c6a7ad0f13,1
3919,obj:97325225ae978a3bcf347dd903da7a3df81a35cbd5bb691a74266d2a4a1595d8,3
3920,obj:6759d76f79e87b8f9a5bfcdb1279ca5e262fbdcb72e9d0aff99ade754fca8259,1
3921,obj:d4032b0e54be039b4f27f9bcb189cccab83d9d5f34afb02d9a0c38af38bce6bf,0
3922,obj:b2e9543a4103bdedc6e4ff5df8a537f37448e573eece1a1d886358b6d6059d59,0
3923,obj:74b517a63053d46e8dff2bdb126dbd13bf2b5c1e78f95b72e5fba0e1497ca4c3,2
3924,obj:1a8d77fe8ab8ff03900e1a375c229f8f91e837b3f69414154084503aaaa2b13c,3
3925,obj:7c50e1f0106de3c6233c7e417c08d39a228582147303496114f1ff8ef9ce35be,0
3926,obj:5c712e777dbd67b102a6309b9761f912e83780cfb2e01b535cf284f0ecfd0d8e,1
3927,obj:159cb47fc04086d24da6413b0ac8d447abddf8be04778e09fa117a1cb4262741,3
3928,obj:757494096edb2b520f2d91bd130715c6fca02251ba4fa0bdc523d7ac1b092391,3
3929,obj:cb23f5a011ba797ae8d03fb73837ebe2ad45d090b4b7891ec0a05c75c6376721,1
3930,obj:bc44cf4b68455bb975c3769025536441435a3eb4431b181ffdd89ee6f6f0119a,4
3931,obj:905057069edc5e5913d3f6ffdc5fb03a3aac2d5b5d55edf6390d691f12e46c0f,0
3932,obj:da5b3c0dad0052452584ca85c7c105629988468a296521adb4813814ea2480e3,2
3933,obj:2448793f496b433fc13e377b6c6439ce64ab019b39b5b09d1d357663fd05c6f7,1
3934,obj:91b87ca334087c79c6d4e87b003f67751d20dea3ee777fcb7afba5bb906619fd,0
3935,obj:d3f567d73e38ad654f7753b2377e5759631806a3a84db053ba8dff630515f616,4
3936,obj:3636394e112165f738bf26f754f162ea312d47ef46e8f93523a7b91066c924cd,2
3937,obj:c07ac102281d417c4e068e3ca6e8604f89f108c1f26873a1130e6e5ac93e4f24,1
3938,obj:4f8b00f21dc2b3ca2eaed301b07688b930ea283a7a6266aff603b64b80223611,3
3939,obj:414c09b66b678cf6b2721689abd8e9eec2138ba26cb370e46b7a78e6bc94bb8c,3
3940,obj:c0ba2dca4850c6c1dc638ce421dfcdf28c17d052089dedea2683542eee829b4b,3
3941,obj:941e09616b371b5939b2b7e50cac2de9f9e6f5ab087eacd6c6193c125e9af0ae,1
3942,obj:abbea23366ec8d7b71ac9266ec9ece3746e668680219d5a874fd5bdb5181464c,0
3943,obj:cf64fe6cbeeef7125f8cf11206ba7ed4df0164655d046e4f9c851d6176d1dad8,0
3944,obj:097f986970720b9a9cd77cb09a988daf65da5ef572fa602c2b7d2eb3c509059c,4
3945,obj:e40436479c7605427b994944974cf3266256799b2be3bb7a804f701053b943e3,0
3946,obj:6f42c582dd6e7b27eddd6730b11995ca503093dad0f4987c546821d807630805,4
3947,obj:d27350da4aebd1e30ae3fb737e4a09e9a73836757a81173e1f29cca90bce3fd5,3
3948,obj:2535ea40723bc26de27928baa782efd77f18eb8d373096d2fbef38023e213efc,4
3949,obj:ba2c128cdd2a277e4098e62ff8060679dac2caee9211313f3a7a068e5da6ef32,3
3950,obj:2010d47d14883a50ff8af4b8a6f353571821c87ae0123105116bae010b6d7e48,4
3951,obj:d973367afe07872a8b8b895f12d0a3221f7bae1f2dbe315be2ace46f2f4927fb,4
3952,obj:8cd10fdefc7a799bed6423cf9d8a6aed7496f64d96055a1071bb6145a747e04d,4
3953,obj:8c75307174292d5a6d6e00a3c70f664176d5b8c31a5f9958bc55006723c87ab2,2
3954,obj:c133ce818a437eca1597610c6a36ba9223a42bd6499e221e44cd68fc6075821f,4
3955,obj:a546ffc670fefe1134bb54420bcbd7475435f0091590916c4f48ae44f2ec87ef,1
3956,obj:e51adad877fb313b7ac9365044cd49555f0a5e98f3c0cd3402245ea3dc987d2b,2
3957,obj:41041aa04494bb7d3a3d3621338a0470e0bd7f095d4449418ae29d9bcc8ee55a,3
3958,obj:56edb5b1da97edf81f36ee3729d0a1eac4511a4e9ac61ee6ac86c3045381a5d9,2
3959,obj:1a7d58ce0e447c9ea40a909dcc8408c84c2e793aa4d75b835dc9fbc259f0b514,4
3960,obj:9cc93f345f23c64497644a7d0f61df1f3e56d18b7e56b40463cd0d3b4fa99781,2
3961,obj:013444a43b5090236b42133d72bb8f12112549d62aacf42049cc31eecc0f83c1,3
3962,obj:bee540a0fc7b57a53a67e3891c580f4577f0a60008cb1b1ea1d1cbcc81ac8b41,1
3963,obj:5c83acccf968597080b7d1e424bb3953dfc6caf6b244980908beb2d25eb753c1,4
3964,obj:99498c4cc636776e8ee2b09a2b8ba823d76b63372151f6af806c32be3463b1cd,1
3965,obj:3910e6d938cb3d5649cce607ee8752b3d2fcdbeb2aa3d4fa189aa08cc5ee4703,4
3966,obj:ea4304309d7234af32d453363e4b3202bcc851eed86846660d29e194e2f3caa9,1
3967,obj:96527d293817810355f54e0c3f8cf4d7dc05275801e45f6739ccac1bc43f1c01,2
3968,obj:17f3eaf7ad54c1835acef2a30c5db280c0cdfc3cf3f35da11e7b7b08ba63526a,0
3969,obj:49c80c78b19ed37a9312402ce3e81600bc2e9e248916131b87477dcf628b5f61,3
3970,obj:8339ba744a62ba3335dfa4b5d55cd945ea312e0e135fb4cc36e6bc21fb5ff51f,4
3971,obj:9793536cdc0950fdaa2dc6a0925441c961120a6022dce27fd0db35480e276b69,2
3972,obj:fb6b8576ecdd15adf0774807fed33921f8ea1cbfa21e7b2a650c2b6eaa83a764,1
3973,obj:b9503395943dfdef87cb5c73a2fc36ca7c4693b601e715386f6373792b13be66,3
3974,obj:af3a11915eff4be86e23fa28a1be1738c62aebf839e95309019ee7bdbd54926c,0
3975,obj:af927ce5b99ebaa706192e28f5bb927000be9cd537cfa706dc71eb6ca27c2bd3,3
3976,obj:da459dc6d456cf1ee72b8d569504d6b3e5709ca0e23e75f1d81f34c8bfce488b,1
3977,obj:fd618d39804507547e44de0fb477ad862143102d7ea3aafcd50bf85cd1a7e9ee,0
3978,obj:c0a4ce65ebfeb2793d949bb7a18e3a3a7b6fe436160f68f750e842b79f3d4539,2
3979,obj:91b87ca334087c79c6d4e87b003f67751d20dea3ee777fcb7afba5bb906619fd,0
3980,obj:48f4fdf963b2f2b2adc2e4196b807165e364d17c06865b87d8231d34db5e762e,4
3981,obj:51b17fdaefa959d6818fe44aba4c852596603fba8321c4678bc60aa19eaff07e,4
3982,obj:44f8b3d76721e7b664b73c9edefbb31730a686f0cdd49dc8e4bae38e20237cf8,4
3983,obj:b6f634e7ed69e8a446c8cfd272d523f656e3973d186c98904311797b029258c6,4
3984,obj:bef76cad5361a3359ac9050bdf7c5cee53854424331f662b4b574fa404fa0515,4
3985,obj:638af4f3c1d3d55c98cab570dcf395755fabe4f94ed1b37a7e34ee035f509278,4
3986,obj:2f98fa7318274965ebcd16513636b41d1e3ed1f6df0c63e21db4e5f39e4bf3fe,0
3987,obj:ac75b91866f9a8abab1638d34ca114b1a38a57fcb750eaef2600e3115e540df4,4
3988,obj:9f55717d06cda5463bce17772aa300178a021256cb248fe970b6a011b215f7cf,2
3989,obj:584c95ceca1d32f852fb4bed516931d77ea422a81660580622acb4d83a5baf18,4
3990,obj:f47586811ef550734d620846f5b89244dcf9d6ace2e74a4f119b3a61573d19f3,4
3991,obj:5027c68ceea49593ffd304b3ca05ee21a5b60f6ac526d94debc2dbde5529516e,3
3992,obj:2d773ea1fd64b87f95abda71b9d849c6b881020f2cc4c25c025d8bdf31d8ec4d,2
3993,obj:232cbffd61f1ac343df26409914875b1a8d7314b2be1988e1ff72abb75bd633c,2
3994,obj:35bb9d02cc6202d66b242a2d889e6ca7e227ec95b8e58ef285bce1361242f495,3
3995,obj:22992fc149ebce67934f712cb85267024ce19bf9c6b44a918047c86f3106d857,3
3996,obj:a969f25f6d988956ee9e96386517c09b74096e622069c9bb6f526ebc2a1cb03b,4
3997,obj:85eb2b59bbee4ddc7fae8cc4dead3cc4578a9b2b73de09ac1817236585c0f66a,0
3998,obj:84bc1eccdb5acf5db9df04e6da694b0f8037f7c30753707df6181545844aaaf3,2
3999,obj:a56d873ef0e08ffc9439db9c08c98041328a58695eef23a638ef9c6d08c5b8ef,3
4000,obj:8c64f0fe2ce618df6d94449da60578839ca410e7fee35c7b64e504903dd207c4,0
4001,obj:7cd82545b39c0eff91afdfa604793dbcce0245eb5f124a6e5890bd795e5aa1bc,1
4002,obj:64d68c4ce039f71783057d0fbc96b6634d4380c39639534ec84fd1446e3a7606,3
4003,obj:c4299f813e04c251c2256ba7e851185d6f5efe915bad855fc06da74bc88a80f8,4
4004,obj:d83266ce689a5f25c1affe77da0b718dfc17e9c13c6366ece0807472153055e4,0
4005,obj:a8096e473e90e9e489c6572ac61ce3b2e9fec573e518ed87f7cdfb1cb9cb384e,1
4006,obj:5f81fb22bdde6ef12fc1f1fafa9483cdaddec7f3d2e8f12df7d66ae8e657a4de,2
4007,obj:3374763456e9f00889112fa12bf5cae28064a1118804bd4ae6f0a3d41fd65286,1
4008,obj:24703053e75b37c395b9be417fbb3ca131303940c3c5e398b5f887470d9ec591,2
4009,obj:cbd04b93790fc16951ae29910a61376fc78ea9d1c18fc63360e5f34853d95901,2
4010,obj:41dcb9359010d4e67a9d8bae5c8597ede22d31937d44c2a1921a51dfcf00b721,0
4011,obj:874e6e814d193612e0716dace3fc4a6e36c163081d468fc99bebd24ce3b7c598,2
4012,obj:466e3fc198c92e1164a446bd42c513a6ff99e17506484fa027611ac9de5462fb,3
4013,obj:d7f2f314bafef26bd461f2ff4617221e4cab99d08856608c1481ff466cf6b026,0
4014,obj:e43425a101ab6f8bb3df02064f38032e430bf03cf62b6df144911f86876e9535,3
4015,obj:4ed01982625a54d1c74910433c6dfda2a920b756e8feeb7bad9b53db7073f3e1,4
4016,obj:7145159f6c4158f1129827e7d378ed7f843269e554582c5922d0baf0badc977e,2
4017,obj:e0bf84cd5cddb2def23c5f0278ff4c22d6f8adc843beb1c01ed7c0b516a98b27,4
4018,obj:5c6b74dbb2ec148ea98c9e616e5ba1cd975f3b057f3588f2bc015ce141e20feb,3
4019,obj:4d9a2409355d41611cf4881bf884e438c0ef5c1317fd586ab77484465f79dc7c,2
4020,obj:5ffe5a3556146d0b77e3198dc17c8ae9cb8b55e213b02beaaf3e279dc811159b,1
4021,obj:df38f56ff9481f59bb2d97b7e8266d8f555066a1cee765f824b3e9595c2a06c8,3
4022,obj:a0758ab2a908180dff98fd16e6495440183b176d2fc3c4be5a760d6609ecf564,2
4023,obj:2235fc68a2ce1f17e5fa81ab1784cf01a8041bb5380d4785b919f43320205e15,3
4024,obj:c850aab75bb523bc5130c2a31eb9dd7e5409790307a0b06fb8bd464bf993a18e,0
4025,obj:95f5c4eed926ef6a3484bd3aa88fc644822bed694d6364ab4c68e0ed64a76bd6,0
4026,obj:f6dfc7ad0a24a1574ccbd2262b70e278ce1e558575f6c0a7b21e434b0fcaae29,2
4027,obj:e185f3cb87dd6f96ecd6dcb725a2ef73b0afeac90bea1f6f6108eb004dcb9be4,4
4028,obj:0418bbaf08fa8d71a0843f04faa372e34375fbb4741de735c67e6de12075965e,3
4029,obj:0862b2aa6697cf4c458e48b37df110e0214acc6d280c28e6faaadba4b3ce1543,1
4030,obj:67e1d06256dcfd1f806230cdbdbbeecfae13b281553689a47db5b205bc60d571,4
4031,obj:a6c88faa6c285ac22c7ee6d5cb818ccbd568cc62b83df86250ff790d829791e5,0
4032,obj:2d305cf10fbb2031ebdcc22cc816a918c53a47df7a70eb307ecd6c9529c16648,4
4033,obj:76565eaa0a77e5d06606941188791e1bf4e4e71659d7abd702cf5e2d9f946dd9,1
4034,obj:558c517069e6b1447edc0a86845067f002962b9c9c0828ca69f7b839f53c40ca,2
4035,obj:4e21bf335ca163091cc86db41277a7f8ec1d30eefa268afcc545d0df4f520ae9,0
4036,obj:3598b19b5541b891fe7630ed9bf318a1c1bf5189f585defbb7fa7afef212387d,1
4037,obj:a97288eadac108cc9837ca449984b2eaeeea8c7074921c27a9ea95f79a39b246,0
4038,obj:ba775586b5e0ae50fa94520f76bea69e85d3eea424053ba9ff4e0891e9710bd8,2
4039,obj:a09e4f0ba3bf37912e8a270018f5d1cd3ed43d3dcc3af2718a9300a27f5ea3fc,1
4040,obj:f9bba289c851e77ce64b27b7a17cd8a2346e3e54c65b5746f237090f17cf7d90,4
4041,obj:1b45c5b68b3f5cf152fcf24404f9f19c1968dc7887286720daff04c65f55bfb3,3
4042,obj:35ef08200d9c328bc038d9eb1a86f04d61e4777a3c92dd0da2c2bbf0b5f8c031,4
4043,obj:b50824b35a1569f2f47f0617cb22bdfc13f9fa2c57d97a205c26700de0c7858c,0
4044,obj:18c3b75906c9e53ffac9188d28a2ea7039bff0ced87f43f799829ece3050ea35,0
4045,obj:a09e4f0ba3bf37912e8a270018f5d1cd3ed43d3dcc3af2718a9300a27f5ea3fc,1
4046,obj:0449093a43546338714fbf0c7067bd88b1f34025b946d5ffff0e94c1855d71d6,0
4047,obj:0cc0257467078723796b6e27f1212cefdbf73a10530b09fe672610979266abfa,3
4048,obj:0449093a43546338714fbf0c7067bd88b1f34025b946d5ffff0e94c1855d71d6,0
4049,obj:763cd20b279c4eefd991ad750702115360434551943902ad9b2e575d6f3f1f17,1
4050,obj:4d9a2409355d41611cf4881bf884e438c0ef5c1317fd586ab77484465f79dc7c,2
4051,obj:bb096604c58b0ff4c08c47db1c21ccbd06e3815f69b4853a9474b627b0b561fa,4
4052,obj:e78ba556aaff3fa7d6929880f690c54b061156cc7d3ee9c583e64bd041a4c51a,3
4053,obj:6f42c582dd6e7b27eddd6730b11995ca503093dad0f4987c546821d807630805,4
4054,obj:c55608048b70caa66993842cb0629968de95c14d3c8c6dfbd115c8fa81ce2873,2
4055,obj:0fd3a082fe6021c2a2cbdb1f1cf73d221a87897ebd88a6374c84babb7c417062,2
4056,obj:73f5c21e7076394bc707d5f3d0514357e337b6374e45a3d0c57b93587a256668,2
4057,obj:254bbc2e0db750d9dd64dee3866556b80efe74c5c3e59eac826b168df863b162,0
4058,obj:a846b1d63eb18eb6f73f126ba6275675a442211cf3c8fe73731e502d47cf7959,1
4059,obj:34c7f48391498258c43d8e1d5039c78a38e45a63f892e3c98b19d66f21c06808,1
4060,obj:e43425a101ab6f8bb3df02064f38032e430bf03cf62b6df144911f86876e9535,3
4061,obj:466e3fc198c92e1164a446bd42c513a6ff99e17506484fa027611ac9de5462fb,3
4062,obj:a09e4f0ba3bf37912e8a270018f5d1cd3ed43d3dcc3af2718a9300a27f5ea3fc,1
4063,obj:0bf46e759345204aa33f445ab226fe131d0948b293b49190011bfca8e44322bd,4
4064,obj:382a060015689194f0c2d77b47233ddedc1f090365a27592780b4e8ed39b10f9,0
4065,obj:9092fea0ed1ffa5ffbbc1bcd4fe3015467de4bb65e045df11afca1a5a923b50a,0
4066,obj:4f03e0f57fc30c7e8e6dea8a596fb97976404dd87a7cceb1e95adda9e31f77d3,2
4067,obj:8ad5fad3b8ac7a0d611000bb71d15ce8b1aeed8a01259139768d4ec1aac47eb9,2
4068,obj:4430abb6de0319d4daa9b34aa31a500b141605710ceefeb9860934a3515bfc2b,2
4069,obj:4caf47031d9d9b4fb533dd3f75cc12218bf7a28bb4badf7a3baa16a1eb4c276e,0
4070,obj:c55608048b70caa66993842cb0629968de95c14d3c8c6dfbd115c8fa81ce2873,2
4071,obj:e3dcd2e89f2663987860fe985f8492cb6f044371fdc02a211b60fec7eea44686,2
4072,obj:f41f8f694efffe7106adb9002b3ef5920f971d34416c529566656d6bbc75a579,4
4073,obj:822ce48f062b5aa7baf7d16ecb2be37fa8ddffa46136175f2ee3b072a891084a,4
4074,obj:f41f8f694efffe7106adb9002b3ef5920f971d34416c529566656d6bbc75a579,4
4075,obj:bbabe616e3525cc281f3303a88cfcf0e94db77af9f8f5fb80215f2be7c028fd3,2
4076,obj:17c264167b47eb44607ae9eee12f5d325d5c74ce37d0eb2ec73716c98019cb81,4
4077,obj:14a74bc17bff9673d0f8bc3a79838f9f7505bf66fcf49cf9f6aff715ffe25483,4
4078,obj:0862b2aa6697cf4c458e48b37df110e0214acc6d280c28e6faaadba4b3ce1543,1
4079,obj:816b184b9beffadf165ecde005c34903e15e3ff271cd35fe8cd88d7766642051,2
4080,obj:8549306173cfeb2e795a270473a3c609994b2491c89e4f345524c7d11f06f115,1
4081,obj:e3855f68a09a865885a3cb43c93b007cc0f3ea5562e87dc843b4cb5bd059c602,0
4082,obj:0862b2aa6697cf4c458e48b37df110e0214acc6d280c28e6faaadba4b3ce1543,1
4083,obj:98cf30c849d03dcfadb79f0976694bf8de666739f02d4232fbf746a91b62facc,0
4084,obj:6488aebe30e63e9b143d4cba3868dae254874b6327a81b73b66a18b230579780,0
4085,obj:435c0d89d74d1e66841c23c08a759dc0c17b92e881fe647a6e7cbfa59741743f,4
4086,obj:65eef277473fb57d85d9eae0733985511d6a0a093c1d78d29acfca7737a1777d,1
4087,obj:76717d0f0b12b3e42c96401a42613533488fcf4f807424e1d33cc36eac981b1c,4
4088,obj:066e23613aba33d474d6fd84683b93db3c20db8a243fcd73e80a72de0d481335,0
4089,obj:bc627d3deef24761b2185194bc2a3b1bd4103cf7ac646c65a0e63158016e05cd,4
4090,obj:25a9d5ff3e46b4bea60468b977d935ba0401dd21a98829dfda9b49b0abd8644b,0
4091,obj:466e3fc198c92e1164a446bd42c513a6ff99e17506484fa027611ac9de5462fb,3
4092,obj:4e21bf335ca163091cc86db41277a7f8ec1d30eefa268afcc545d0df4f520ae9,0
4093,obj:0cc0257467078723796b6e27f1212cefdbf73a10530b09fe672610979266abfa,3
4094,obj:e20744f897a86e229bb5a8c46fff4734122fcffa330e9ebd6c37ae489a2973ec,4
4095,obj:1bd2027fe4f561a024a73efd715be0176a883148a072bd621c8cdc6f75b0c8c3,3
4096,obj:fa976ac4b7fb62a049c73e1e632c901c1d40cffca91a2ff1ae44ce8fb7462727,1
4097,obj:327ad3b905216827fdcb6f06dd0e1b9839d025f13dba71ebe6f75c1e9ff09eb8,4
4098,obj:d33e64f64a7f567baf370618e2b3cdd3b756ae665cef3a02fe2758fdf2f4a463,4
4099,obj:55c49a17a53b9f95870ec87c1cb7dc0c08fcde9c866a652bfc008494c0902226,1
4100,obj:440a190dccbf3377679142b7c07920e8c09f306920b8674c20ba50a9a3d3c4c7,3
4101,obj:bef76cad5361a3359ac9050bdf7c5cee53854424331f662b4b574fa404fa0515,4
4102,obj:e50e8aee622e332885fb3cd4b50eb7e25d248e07896159da186a1db24f331a7e,1
4103,obj:8a7d63542131081842b3d74949f9526d3b40c8f6bcc95a325961423701b42c54,1
4104,obj:2cf14aae6f8a94051cc5b786093162a0af4024d21bb76c725f41259e442eb91a,3
4105,obj:0862b2aa6697cf4c458e48b37df110e0214acc6d280c28e6faaadba4b3ce1543,1
4106,obj:a72bbca6ffcda350396a2e54914137ecebbb3c7b296f0f0050f3851ec7240052,3
4107,obj:4e21bf335ca163091cc86db41277a7f8ec1d30eefa268afcc545d0df4f520ae9,0
4108,obj:eb5fd657842dab41f57924b5dfc7d3a713222249be1f8c22a5524c110ce614fb,0
4109,obj:558c517069e6b1447edc0a86845067f002962b9c9c0828ca69f7b839f53c40ca,2
4110,obj:675b9fb38b32dde550ca07c70e5d3c9097ddb7340167bb4f5a6b6278dff49110,2
4111,obj:327dbdab56a83001daece5fe35d8f78a4e249d4e7444dec1651d42b0de4ae0f5,1
4112,obj:a2d5bb1c231e1947a79ae93d2aa4f36df54ff1af6a969495731437447ff2dbfc,2
4113,obj:fb586bd5303323f9bc1aca9373539d2a7b6b28ff0a5df1e367421a09d770198a,3
4114,obj:8a7d63542131081842b3d74949f9526d3b40c8f6bcc95a325961423701b42c54,1
4115,obj:858345fb5907a092962c6dac1b2f3b9e3fc1918efccbf43e95866569075e275a,4
4116,obj:eee71870f6b9cf70b6b832e738403de61770f06d67dfe7710cc941c67b01374f,3
4117,obj:2f3f5438a56c72aee42a8cd9b66557dc70e099254db6632d34a307c48a4c4ba8,3
4118,obj:afdc8d9949897a8fff3ff422d3b6e39e9631f3349b50f4bce44d7ccf7721cf9f,1
4119,obj:c133ce818a437eca1597610c6a36ba9223a42bd6499e221e44cd68fc6075821f,4
4120,obj:338d0657ce39782b649c262141719b644224aa9555be28e86f3100c82b535f12,1
4121,obj:65e6eef4eb2918f1b7c73042989e5f6c305339b1cc5c1a04782b25b7b6ec00fd,4
4122,obj:eb753dc0abe4ff994a2ab6dbb513d29041e676f233e90ee1f27df8fee7f638a9,1
4123,obj:0449093a43546338714fbf0c7067bd88b1f34025b946d5ffff0e94c1855d71d6,0
4124,obj:5c83acccf968597080b7d1e424bb3953dfc6caf6b244980908beb2d25eb753c1,4
4125,obj:71c9b63c7589f928dde668a2f52f42ad98beb1b63f0d9c49807e843634b542b9,0
4126,obj:7d76a8ac29a79914ddcda4ec2ee22a5902e164b0b8867ec83f62353e4cfc66e1,3
4127,obj:ccf9a78038f529b39a875caea5754d7d62f44c6a31a0a21bc4d5b12cd38450bf,1
4128,obj:24b00c1b9bbeb76482c456b502499f63d3648e3555f75c1ee7e4b9e70e27083a,0
4129,obj:2c0f34b8bf9d8e437546226233253b64334ab8fd0463a73b74d18d9874532949,2
4130,obj:5c11aea06a5c5de10e41fa7626cdf2e8fcd2e40b82e79475c94c7d5fe48d0154,1
4131,obj:0862b2aa6697cf4c458e48b37df110e0214acc6d280c28e6faaadba4b3ce1543,1
4132,obj:6ca90ce50d956221d5c50d29fbd03ff430cf5f092c57ab5084de6e2319f6fa51,0
4133,obj:327dbdab56a83001daece5fe35d8f78a4e249d4e7444dec1651d42b0de4ae0f5,1
4134,obj:e0bf84cd5cddb2def23c5f0278ff4c22d6f8adc843beb1c01ed7c0b516a98b27,4
4135,obj:0449093a43546338714fbf0c7067bd88b1f34025b946d5ffff0e94c1855d71d6,0
4136,obj:8b57a48546c14b9e216f9aa13de7973c18f1dfe8dacc2c4d767b9bdf10a7acf6,2
4137,obj:c95e3a759f948f6e015b7f5237183fd2253e43ea969f7eb93c726fa3ba7cfa84,0
4138,obj:84eafe31584031935d142aff402d789b8f8f4d964a0a8da4934a29c57787ac9f,4
4139,obj:fcae84e6ea8a961e818a875190f125ca06495a86a8f822aef04981efc23769c3,0
4140,obj:cd7f9e0227dc4ed8c06471be23bc8824f524b0cd99e895de45e1656671be168d,1
4141,obj:0862b2aa6697cf4c458e48b37df110e0214acc6d280c28e6faaadba4b3ce1543,1
4142,obj:5c83acccf968597080b7d1e424bb3953dfc6caf6b244980908beb2d25eb753c1,4
4143,obj:af04b24a14df895c34085ad8ca5e36891e002ca59a21179d01479d2e0ba11080,0
4144,obj:a0758ab2a908180dff98fd16e6495440183b176d2fc3c4be5a760d6609ecf564,2
4145,obj:40e1260cd541e0d29374183e3e42ce7945cea4dbc8c563db459f429d5464ff77,2
4146,obj:6aa3df2e143e959e22067c8621c89928fa903f9375fe6a186c0e977f6becb067,0
4147,obj:40aedd7d91ed710dd5787f01ff3b9290529cc5fe0ca50aaf4bbadf22b91793f5,0
4148,obj:0cc0257467078723796b6e27f1212cefdbf73a10530b09fe672610979266abfa,3
4149,obj:2555e4e4aa1f2f5ea33327eff2ff3ba6d5e0b04fc41cf6f648b1b53cf71c05b2,3
4150,obj:4e1480d78646f85bc1c83ac2433511e6077aef71aa4cd546bc0bb3ec9710f239,3
4151,obj:5c83acccf968597080b7d1e424bb3953dfc6caf6b244980908beb2d25eb753c1,4
4152,obj:972a2dac225a824bec0fd574cbb468a1a2896da936415fe667c8721ec62e655c,3
4153,obj:a2d5bb1c231e1947a79ae93d2aa4f36df54ff1af6a969495731437447ff2dbfc,2
4154,obj:3145caebd104b4a31f717f4514cd5826d28c49add0c1e6ec0db1670bce601ec5,3
4155,obj:9c640f1a41f7cd0719bac82a7a16c4fe9e831d9ec375a51be32bde0d5c473c6e,1
4156,obj:b2e9543a4103bdedc6e4ff5df8a537f37448e573eece1a1d886358b6d6059d59,0
4157,obj:bcf803b3081c374a68e5f589e0ba832bc388dd0bbb9b58b14309f44db0dc3e62,1
4158,obj:fef1da45713bbc6eb455bf5e9cacfaaaabf2d8ffce39b20299de17dab12dbca4,0
4159,obj:bef76cad5361a3359ac9050bdf7c5cee53854424331f662b4b574fa404fa0515,4
4160,obj:c74623724e1d4e937487026cf7f0d71124097b3a7260aafab1e41e3304d8c527,1
4161,obj:baf01b6f65fe14a81388d8c580fd58194339de53d6e8a4e4cb5fd7b30af50157,0
4162,obj:29ee6ad8a6f7993feb2fdb37f0aeaece5959fdffe8523db743e8bf622a80cb89,2
4163,obj:3d1a74cc806dc8b2867a26377e0cf0cf03307d698bf767706f39f4040aecd4f8,1
4164,obj:5d0939fb52a5d3703e130740236adb436a7c908159e60204740617c966ef2728,3
4165,obj:728f54db179984c77d28948265700062285b9df56c8944442592f3482d796fd4,4
4166,obj:0a07f1896ade0e2c3ca219526da56c4e090296401aab56f29bcdd16fa9c5c0e3,1
4167,obj:530e396da03e41a256715f0fa8e3482bb3599f42950cb324abda58e54810e49c,3
4168,obj:fbd4530fbaf86f014ed153c99eb316a02fdf26cf754abf4028471d540e7834ed,0
4169,obj:6488aebe30e63e9b143d4cba3868dae254874b6327a81b73b66a18b230579780,0
4170,obj:6baf44c4c85dd2165fe737981ee3de2ad47f149d6dc49176ff035338ab7f8541,3
4171,obj:0449093a43546338714fbf0c7067bd88b1f34025b946d5ffff0e94c1855d71d6,0
4172,obj:466e3fc198c92e1164a446bd42c513a6ff99e17506484fa027611ac9de5462fb,3
4173,obj:3cd3eebd16e1e16eb514a8f24c9ad88e5bc2ce5e5c642c0ec0a198c5a51d0fb4,2
4174,obj:6ad40eed9f6ba480aa72a99ecde93d0724ee84b048aa801c9c3dac88d69a81cf,4
4175,obj:558c517069e6b1447edc0a86845067f002962b9c9c0828ca69f7b839f53c40ca,2
4176,obj:a546ffc670fefe1134bb54420bcbd7475435f0091590916c4f48ae44f2ec87ef,1
4177,obj:79e7defd41dc3f5b3a8943c22d845e77e1032b9eafbaa2916fcf133efd4e7e77,1
4178,obj:f411357001808ced8e171743bf9045d9be7ae5e917132e1bc262e6e8f8e1a31b,1
4179,obj:348f10806bf5910e24f88cc24abd5c46d5ba5ae00edf5cc7017c2909e1c8689e,4
4180,obj:73f5c21e7076394bc707d5f3d0514357e337b6374e45a3d0c57b93587a256668,2
4181,obj:2235fc68a2ce1f17e5fa81ab1784cf01a8041bb5380d4785b919f43320205e15,3
4182,obj:91b87ca334087c79c6d4e87b003f67751d20dea3ee777fcb7afba5bb906619fd,0
4183,obj:ddd059d1d4d6caf814b86904e4d1576510987816d12e0f989fb38c999dab75d3,2
4184,obj:bdc4e859742a25b7a47fc65ae75659104dbce19f68d62360da104fac67c1c117,1
4185,obj:6488aebe30e63e9b143d4cba3868dae254874b6327a81b73b66a18b230579780,0
4186,obj:0e3d2a7acd5b03c38dc9451efae23107010d445c87c718a58ae54f8a4ddce40a,1
4187,obj:22b71aaf7febd3ecf1d26705b2a651de070cce606513fbd9b11941f763d18e33,1
4188,obj:65550a8ff06787c9093bd33522a47c88cdae7a4803919b88575768fc1ac13982,0
4189,obj:199d05fef2bd2b59f25f45bb430a77402ed7d7a8caf26d05223847efd5d9ab0c,0
4190,obj:0862b2aa6697cf4c458e48b37df110e0214acc6d280c28e6faaadba4b3ce1543,1
4191,obj:1e42671b557f01ad6a8af68f6a5c9a984fcf636ad75820fcf7a96f6aba2f3540,2
4192,obj:0f857888547a743a29953a4a87d5adf912b74836b1c93e611e0b4a8bbfd149a4,3
4193,obj:97f0f6ab1cc802c5729dad681328513cacb64bd81421985ac574e7adf93681eb,2
4194,obj:4f25dc37596f282d4e43d1e2ce9414be31c236e31e66c78deaf59b35817f2eb5,2
4195,obj:0862b2aa6697cf4c458e48b37df110e0214acc6d280c28e6faaadba4b3ce1543,1
4196,obj:849360795422b7e6d75916e843e67a1dba24b70e83bac23bf852079371039049,3
4197,obj:3c110490747520fe5d9608268c3d33f0c89d8fd5d1927bc63e4e0c80e7dd4ce7,1
4198,obj:14a74bc17bff9673d0f8bc3a79838f9f7505bf66fcf49cf9f6aff715ffe25483,4
4199,obj:d2e9b4f350624f1b27b212c9c9c7cac029fd660b6755d196dedaa32d7db765f8,1
4200,obj:da1ab166954061ebfc0c564f831227aa3d9fdfa76af5f8ac72ce570342126d07,4
4201,obj:3d6dfebb1955a4d6787bc1725e7bcdd370a961a3da00d8862114768813752f19,0
4202,obj:592adf9e24f5f4f80e64e238385eed597522a75e71e321cc0e87c1c6e983b653,3
4203,obj:45362a75000c084757cd08479e4fa728ab9eff667078384c98e1758239c63d54,3
4204,obj:bc6827720102352d03916869435de0d38f4109b0adf30fcf9bbb62decfcbf96a,0
4205,obj:04c79c7c415b86e5017fefcc9ab075b146c0365a06490125db71fec0b696c6e1,0
4206,obj:7cd82545b39c0eff91afdfa604793dbcce0245eb5f124a6e5890bd795e5aa1bc,1
4207,obj:fac4fc912130e6449fac46167820daa68dc17d866df32c70b9f7815b5fd74374,0
4208,obj:7979b1ab4eb4488cdfad3db1f2cf3f0519fea79dbd20edcbadf7a2f9c63a378c,0
4209,obj:4ed01982625a54d1c74910433c6dfda2a920b756e8feeb7bad9b53db7073f3e1,4
4210,obj:e185f3cb87dd6f96ecd6dcb725a2ef73b0afeac90bea1f6f6108eb004dcb9be4,4
4211,obj:591b3d575401c3435b3c155d5ab4be39c2f28bdd7212e539699a82fd4276ecc1,3
4212,obj:5a89f39dbf18ed4870a52e63bd4259d12b4dc3a061dec933d558caee505a7aec,1
4213,obj:84cad8e4b72672293dc4b54ed83881b3e93acd49c97fcd866f42f46a1294b8b5,0
4214,obj:aaa33d2a19973be299b6c110fa8dc33f9b22b1b9e5e945c683f06b17e417328c,4
4215,obj:55c49a17a53b9f95870ec87c1cb7dc0c08fcde9c866a652bfc008494c0902226,1
4216,obj:65550a8ff06787c9093bd33522a47c88cdae7a4803919b88575768fc1ac13982,0
4217,obj:76827cd47c75645b69ce3391ab5482a36ecd4b90971a67f488f17e5ad8bafdbb,0
4218,obj:0862b2aa6697cf4c458e48b37df110e0214acc6d280c28e6faaadba4b3ce1543,1
4219,obj:abbea23366ec8d7b71ac9266ec9ece3746e668680219d5a874fd5bdb5181464c,0
4220,obj:558c517069e6b1447edc0a86845067f002962b9c9c0828ca69f7b839f53c40ca,2
4221,obj:2ae7718387f487689fc86104cc3cfcb675f5fb4591f7538097b808345efd1500,0
4222,obj:6f42c582dd6e7b27eddd6730b11995ca503093dad0f4987c546821d807630805,4
4223,obj:8db2845cdb26f200f5a2c582918ce810ab4aadb3bcbb681db12e9aa216c94f5f,1
4224,obj:6db059fa742603bae335b70a7b674862199f4c60f9464503a411c395e694cfff,0
4225,obj:fb586bd5303323f9bc1aca9373539d2a7b6b28ff0a5df1e367421a09d770198a,3
4226,obj:2b6b2a4482abce7bec5b9b8c3fe5a16b880a9876fa3beb4dc17c8d4029ef3e4b,1
4227,obj:2c00cc78173851cf0067baaf61e77ade5f07a8e8a81af1517f4716b03489e201,2
4228,obj:e1d093141143b614799b20ed86936f4c93034e87b178f9fe46cf72191b7c01c0,4
4229,obj:a878e486460d2af67977807cb155958b6bf6de4ddb8b638911f5782c91cf73e0,2
4230,obj:4f25dc37596f282d4e43d1e2ce9414be31c236e31e66c78deaf59b35817f2eb5,2
4231,obj:a6c88faa6c285ac22c7ee6d5cb818ccbd568cc62b83df86250ff790d829791e5,0
4232,obj:42caf8981cd6b69af203209b66a1294e0f5fb657d7d17e3d6e9a36c2b16a3a3e,4
4233,obj:53620214ccac5c93a81378c0cad2a9d10b8fb000b30ef1136cff49a619b43fc4,1
4234,obj:327dbdab56a83001daece5fe35d8f78a4e249d4e7444dec1651d42b0de4ae0f5,1
4235,obj:327dbdab56a83001daece5fe35d8f78a4e249d4e7444dec1651d42b0de4ae0f5,1
4236,obj:327dbdab56a83001daece5fe35d8f78a4e249d4e7444dec1651d42b0de4ae0f5,1
4237,obj:bbc4a7785c9d389187a2dabd1f4bbba0a1f8397f0937d559bef4fdd7bba5153f,2
4238,obj:0862b2aa6697cf4c458e48b37df110e0214acc6d280c28e6faaadba4b3ce1543,1
4239,obj:fb586bd5303323f9bc1aca9373539d2a7b6b28ff0a5df1e367421a09d770198a,3
4240,obj:17c264167b47eb44607ae9eee12f5d325d5c74ce37d0eb2ec73716c98019cb81,4
4241,obj:d84e2b70ccc73c20d9ec823c194d855e44620f1863f8d1b66a454fcf5fdeef84,1
4242,obj:5c1ce3688fd18cc1ea8443a1ad7eda4094d87a90836ce2224221a9bdeacdf4e5,4
4243,obj:67124acbd9400365a07cbe256fb8180d92d7e2f2befb5181cc54a4e58383717b,4
4244,obj:66d64c1575a3dd5b9e4847dd8345dce40dd7e47fdd426c4e0e295f1ee162989f,1
4245,obj:a2d5bb1c231e1947a79ae93d2aa4f36df54ff1af6a969495731437447ff2dbfc,2
4246,obj:fb3eb605f840706efd9424290d6eac2defa087daf4b33525ce79e6a036adc115,2
4247,obj:4e21bf335ca163091cc86db41277a7f8ec1d30eefa268afcc545d0df4f520ae9,0
4248,obj:0ac926ee167271bd95f3edac80596dcbbecc43b8dc2a2c05ad7175fb9e605ebd,4
4249,obj:80490611649d9084cc7da767e0672af9ea959ed6fa7d2170550eb5475289177d,4
4250,obj:62c24eeff5a8b5d96493c8f901eded22ae8928113b0a05e2db9cc7c511355c51,0
4251,obj:0449093a43546338714fbf0c7067bd88b1f34025b946d5ffff0e94c1855d71d6,0
4252,obj:22deb2e69767b8623d1d78cc509b7eaf886a1bc20431a32e394b38ef512e9ca9,4
4253,obj:f47586811ef550734d620846f5b89244dcf9d6ace2e74a4f119b3a61573d19f3,4
4254,obj:17fa4001bc0057d8b5a771d26b3409ba0566016fef8a778a90f776cec0b3a685,2
4255,obj:cbc63221f137748a3b8fee24f07ab1319043c296f71a574ff4dc47b72e0adcca,2
4256,obj:71c9b63c7589f928dde668a2f52f42ad98beb1b63f0d9c49807e843634b542b9,0
4257,obj:bf82bf1b095db4c44647a0db2fc0922f3aebdb62dc1dc6d044d74175fcefc581,3
4258,obj:cbc63221f137748a3b8fee24f07ab1319043c296f71a574ff4dc47b72e0adcca,2
4259,obj:a3cbfc4a0d3db8e888d5437bfeb68adf952927fcd6b5edc78135f759c26f53ae,4
4260,obj:22b71aaf7febd3ecf1d26705b2a651de070cce606513fbd9b11941f763d18e33,1
4261,obj:098c047bab7e95b51dc0c58cacf1e2c3e1477b4fb0ed334c90c4ecc444ec477d,4
4262,obj:246f678a4aa623400fa4b690effc7409d63adda5c2ab4491298edb2b0e62baf9,1
4263,obj:84cad8e4b72672293dc4b54ed83881b3e93acd49c97fcd866f42f46a1294b8b5,0
4264,obj:96bb898b7cf904d30d59230b90b69f18a3a6fcba2dd2af4110a6556d988a8138,0
4265,obj:e43425a101ab6f8bb3df02064f38032e430bf03cf62b6df144911f86876e9535,3
4266,obj:17f9eeb108b6b3a2180b38098be36f3a30899c2bd6f0868145371ddbcb5bfeae,4
4267,obj:96bb898b7cf904d30d59230b90b69f18a3a6fcba2dd2af4110a6556d988a8138,0
4268,obj:4f25dc37596f282d4e43d1e2ce9414be31c236e31e66c78deaf59b35817f2eb5,2
4269,obj:c1a2ce5109ec053304f4bb9c38a08696c5c680463a371ce27454bf9e91e3142f,2
4270,obj:f90f7e21e775b08093260038a6502ea5b7e22cd9b7c24acad76a2c7e1ed4f9d0,3
4271,obj:9cae2ffe1a549c6e0e181a4aee08e3fdea9a8c53ea3cdcd8b88bc6ef5bdfcad2,2
4272,obj:6f42c582dd6e7b27eddd6730b11995ca503093dad0f4987c546821d807630805,4
4273,obj:f11d704a4d7f71e0619f2ad0735e04312f3f1c0327bbc7127a63ae1e2aa6648d,1
4274,obj:2d305cf10fbb2031ebdcc22cc816a918c53a47df7a70eb307ecd6c9529c16648,4
4275,obj:6f42c582dd6e7b27eddd6730b11995ca503093dad0f4987c546821d807630805,4
4276,obj:5c83acccf968597080b7d1e424bb3953dfc6caf6b244980908beb2d25eb753c1,4
4277,obj:64d68c4ce039f71783057d0fbc96b6634d4380c39639534ec84fd1446e3a7606,3
4278,obj:dde01b537f494c091a4804c39328f1dfdba06206b66d40085f205132f557a6f2,1
4279,obj:694ff311ec5f7f7d4e822115665b7c8248c3e6ddc358a4e11a47284883a013b1,1
4280,obj:d8686bd8bc44506dbededa44c908a83292684622930a27714d9452568df8b0ea,0
4281,obj:e73ab9e1b59547a7d30dace66d521f0a81a80237990d243310df7106ce32e575,1
4282,obj:34412624ee154ab87e337844cd36ee98e681770e2cfccf77f4ade43e883e370a,0
4283,obj:ad449ca3fec0fa0ba112876285290b85413f2f050b3ff2be61827f037221d512,2
4284,obj:b1998b24010129983370be2833b4a48f96f31438f5904103a317cb8bbaf58fcc,3
4285,obj:836ca241f02800127c76cb3c2e4866b081afca5b6ad670249a57f7f6136130be,1
4286,obj:95bbd46095c267570ce9685c170350ecd4563be23259a92a8a54632398164740,1
4287,obj:2a957923a88b65c673d93b44ed513aaadd4ff0fbd55f54ad35fe305af984d053,3
4288,obj:6f42c582dd6e7b27eddd6730b11995ca503093dad0f4987c546821d807630805,4
4289,obj:fddccca118312a983beae25d288f98f34e9de7a0e4cd11424a81a6af8edc8ef3,3
4290,obj:bf351c9491211ecbf753bf9f089b41128a59cd291a7e1142d5d2105bd3ce3e8f,4
4291,obj:b4a9e5a5d3d453d9a2d86d6f2676fbc363381514b40bc43c95db5428dc3d749f,2
4292,obj:843d8180933b4e1633557a57c679ad6139b99fe5a254b00bdd6b121a72b9ede1,0
4293,obj:5cb075bc6f202a4a4e7f7bab31fc7e1e5578fd847ca3c0b36f9754a43a5fcf33,3
4294,obj:96bb898b7cf904d30d59230b90b69f18a3a6fcba2dd2af4110a6556d988a8138,0
4295,obj:db58016f2ba0917a9277bdfe8cb6472c05d1d654d661728a9280d7a246c2cd56,3
4296,obj:0bf46e759345204aa33f445ab226fe131d0948b293b49190011bfca8e44322bd,4
4297,obj:0449093a43546338714fbf0c7067bd88b1f34025b946d5ffff0e94c1855d71d6,0
4298,obj:4e7376609b64e009ca3daafc092362c63b87fafedbfd4e8db9e728801c030ccf,3
4299,obj:2f989316b0fe626dc7395ea988d7b35045ab4d51208cf8166786b435b59d8f40,3
4300,obj:33caf8819dccb4b0ced9aa012219e1cf4e8617dcdf6de4d9d3f5dc344f654699,4
4301,obj:a0758ab2a908180dff98fd16e6495440183b176d2fc3c4be5a760d6609ecf564,2
4302,obj:20293c89b25d8e86fd7a7ede13e8cfa4cea28ca8d5fd0b0c3943a92514828ca6,2
4303,obj:f2b1c96900e59e6a2647f536d037e21e70e0ef7067f3ef492456093e94a373bf,2
4304,obj:84eafe31584031935d142aff402d789b8f8f4d964a0a8da4934a29c57787ac9f,4
4305,obj:34e68ec01dc279f2bf5dafcb718657e3be2ad12c21f9d65750b23b5596274ce8,2
4306,obj:0449093a43546338714fbf0c7067bd88b1f34025b946d5ffff0e94c1855d71d6,0
4307,obj:f1b1908845cc03664043025cfcb65a8a1a30fd5c05ede3ce3c062d1531f38e52,0
4308,obj:6f42c582dd6e7b27eddd6730b11995ca503093dad0f4987c546821d807630805,4
4309,obj:558c517069e6b1447edc0a86845067f002962b9c9c0828ca69f7b839f53c40ca,2
4310,obj:4a54c8fda7dc91a3384e1d6bcc1e23f936272474dd7fdc0ed2617fbb690a5b5e,0
4311,obj:4f03e0f57fc30c7e8e6dea8a596fb97976404dd87a7cceb1e95adda9e31f77d3,2
4312,obj:836ca241f02800127c76cb3c2e4866b081afca5b6ad670249a57f7f6136130be,1
4313,obj:a1cdc7932545ff75a866ffde92c5b40a7108e2555c67fe2cecbc6212b6382c9a,3
4314,obj:17c264167b47eb44607ae9eee12f5d325d5c74ce37d0eb2ec73716c98019cb81,4
4315,obj:a97288eadac108cc9837ca449984b2eaeeea8c7074921c27a9ea95f79a39b246,0
4316,obj:7cd82545b39c0eff91afdfa604793dbcce0245eb5f124a6e5890bd795e5aa1bc,1
4317,obj:9923a061004ae9fcefe1b001dd3806bcd63fd1caf19b75e9b2809225590d958c,0
4318,obj:ca79dcc3736dd080c642f4b77b9c3a39c2499890935390bda7a8b6d4909ca5ae,0
4319,obj:a3ac430f69e5e3b491e85802c2e8b548395f8ff8dbb939f89950e0938ef3c870,4
4320,obj:712d9c7f92f79e30bcc7d4e6028529015f55cd19cbf202a7065a4341834d719e,4
4321,obj:0bf7732bfdd059782543a9d2010b0dd1f9aaaecde3787ade00ccde0fa06c96d2,0
4322,obj:3c23596f0c98bfaf1fd934c97807ecfa4d4de26c2706a819020e9f14bc7d9a98,4
4323,obj:79e7defd41dc3f5b3a8943c22d845e77e1032b9eafbaa2916fcf133efd4e7e77,1
4324,obj:2c01f226ad66ecda28d167bdd1caaa59179ff33742502bef1772aa5a4ccf5b3b,1
4325,obj:bbc4a7785c9d389187a2dabd1f4bbba0a1f8397f0937d559bef4fdd7bba5153f,2
4326,obj:e842a711eca6459f0d8854553f45bea83384cf41e08051a07ed3412e6b805576,1
4327,obj:a546ffc670fefe1134bb54420bcbd7475435f0091590916c4f48ae44f2ec87ef,1
4328,obj:4e1480d78646f85bc1c83ac2433511e6077aef71aa4cd546bc0bb3ec9710f239,3
4329,obj:3af7f8b308e65dbe045e5b9105a7bf15b5c8e1fb1950c29f048e9416d6b11eb5,3
4330,obj:81a8ce39a2e9b68685b95ca8c7524b87066c54874bb0798ffb5584eadafbc1a7,1
4331,obj:979b79fad9bba49556da2d384d5048e1105dfca35c0a5121cd75ac2446556a59,4
4332,obj:d6d685bd1d2035db10c9e6c8c71172d6037c6eea7eac718cdd7e6bec84bbd46f,1
4333,obj:cdd06e90f6a1c59ac8d6cab403dcd650a262879bea6b4d71fa9b2186444c995a,1
4334,obj:73f5c21e7076394bc707d5f3d0514357e337b6374e45a3d0c57b93587a256668,2
4335,obj:d1943058a918c2b30248798f7e03025fe0ed0c8082cb9023ffff444e9bd5d34f,1
4336,obj:9092fea0ed1ffa5ffbbc1bcd4fe3015467de4bb65e045df11afca1a5a923b50a,0
4337,obj:ca8395ddad9afb12a69f9e233e29441610aa0f7e8bc8ea8563bed414033db0fe,0
4338,obj:6aa3df2e143e959e22067c8621c89928fa903f9375fe6a186c0e977f6becb067,0
4339,obj:2feb7b8a46dc95eb03d1897d40114c0ac4a479da6b942467d5dd0c5b44d6f0c2,0
4340,obj:23607992515ccbff63c32ad39f11da7e820df9215ca1f250d7bc3fbc65a672b6,4
4341,obj:1810d4049982848241a3e377d8c88bf5920e4ed4ee447468e663b2d0604f84d1,2
4342,obj:06efc40a0f70361d5ec990ce8292577081eaea595ec020ba6b9060ec16210968,4
4343,obj:6f42c582dd6e7b27eddd6730b11995ca503093dad0f4987c546821d807630805,4
4344,obj:45362a75000c084757cd08479e4fa728ab9eff667078384c98e1758239c63d54,3
4345,obj:d66128be83e1e9aa3a161f2de2e4050389f90077431abd143dea48ba717b8e5c,1
4346,obj:4a81dc3adaff0e4807d8873ee01d9089c252fe547236d5ef7640e73aee81eed5,3
4347,obj:c6aa87481222f0cd34b9589fe5d3a8cb8fe5b45727bd899e40c1de890b808a36,3
4348,obj:abf99b43746bafa82f0bc698000dec3c1ce8a24928f24fbe639fed8197e9900b,2
4349,obj:5c83acccf968597080b7d1e424bb3953dfc6caf6b244980908beb2d25eb753c1,4
4350,obj:6f42c582dd6e7b27eddd6730b11995ca503093dad0f4987c546821d807630805,4
4351,obj:52316373ff4e767f1fc2c74db7236b18969dfc6a2fa21e1997de73ff33fbe539,3
4352,obj:2b81e9fd4a894603881527c13b3c0617b32f3811bc043ea20f2899c9bbcf6e79,3
4353,obj:4fa6a3820af707102260ebf9dcc8422981bfbddbbcbce6f00176d524ee163a0b,4
4354,obj:6c96f57a967596fa5e65f26ad627be937afafdfa3c5e7195e95090d00c483240,3
4355,obj:fdce5be68953c73cafd9ab5db3b88f126fc8780e26c702c42da8a2975566a22e,0
4356,obj:f63840b2444e30a21d6d0dcb0b96e5765c5263b6eab7d3c026b741c6edff8e13,3
4357,obj:b755137cc8f094435dd7e550ae82473ae8a900ac69cf2a0bf98bdcd7d4e6e6aa,3
4358,obj:7579748244e59aff3a316a1ee0113e4fbb77c271a5020b83a47aa95ebd5e6c9b,4
4359,obj:2b6b2a4482abce7bec5b9b8c3fe5a16b880a9876fa3beb4dc17c8d4029ef3e4b,1
4360,obj:a3c9e1bd0d7657765219874060ac6abde9fde3d28a705bd42cf61b9a77ce5c9b,4
4361,obj:ac741486f0e7c87575ab4c2cced85be60f605f7a8ec11265c305d7b9a5959bfc,0
4362,obj:f41f8f694efffe7106adb9002b3ef5920f971d34416c529566656d6bbc75a579,4
4363,obj:d08f5c57cb64d54c330ae7229044947b6e31bcdb63dab8d2396a57abfff23b2d,2
4364,obj:0862b2aa6697cf4c458e48b37df110e0214acc6d280c28e6faaadba4b3ce1543,1
4365,obj:61d2f917bd1ee7a1daec314702fe9fc16d30c625f60b9b4b5fd33d1cf6367563,0
4366,obj:7d76a8ac29a79914ddcda4ec2ee22a5902e164b0b8867ec83f62353e4cfc66e1,3
4367,obj:340edaf614d718083efae895aa883e6eedab5ad07a809299312d41097657f4aa,3
4368,obj:246f678a4aa623400fa4b690effc7409d63adda5c2ab4491298edb2b0e62baf9,1
4369,obj:360f140e390dc8479ca0baeb7a084448461cb624c560bd41811693691ad9f07c,2
4370,obj:c3a2f87abb2486bfd31e645c8d2f6ecf5619f2027492155225f26912f8460e4a,2
4371,obj:a2d5bb1c231e1947a79ae93d2aa4f36df54ff1af6a969495731437447ff2dbfc,2
4372,obj:c8b78f3e10699e4aebd1c459a2a2946e406438aaeb68ff443f3d30936fcb1893,2
4373,obj:119568904906632859e5aca85087a5f8d5a0fa4b369a3a16bfb59526dce430a9,3
4374,obj:a403787a19a38bcb296106192ddd9c745082244a6ddf1f303f5f2fda798dfa57,1
4375,obj:f2b1c96900e59e6a2647f536d037e21e70e0ef7067f3ef492456093e94a373bf,2
4376,obj:e73ab9e1b59547a7d30dace66d521f0a81a80237990d243310df7106ce32e575,1
4377,obj:13e203fd7ea53bae5771bf9cb581dbe9dcd86cdf2330e915c6a5648adea66e9a,0
4378,obj:ec74b5aac6c7402f61f2fa9bce84c7b37722a3c8b5f053bbd55be0703ae1e6d3,4
4379,obj:a546ffc670fefe1134bb54420bcbd7475435f0091590916c4f48ae44f2ec87ef,1
4380,obj:f92104813f5c48b4b75731bf6231a0be74a2d273b09939c6abab69908e3e7771,1
4381,obj:904880119466c00dd180d47d204d0afbf0745b79d3e07ef92b19d2ec8ced5e06,4
4382,obj:acbbd7aec28c19a54b2dfc089a03a3b647d18549357f74207bb977063d64818f,0
4383,obj:0bb3d539963750da94eb952a87e140a3b862376294c82a843335d2dc7c21ce03,1
4384,obj:0862b2aa6697cf4c458e48b37df110e0214acc6d280c28e6faaadba4b3ce1543,1
4385,obj:914ebf42919b26081e43547fbdc801cefb7a9a4f0e2bb4acaea74d36e8955ff5,2
4386,obj:327dbdab56a83001daece5fe35d8f78a4e249d4e7444dec1651d42b0de4ae0f5,1
4387,obj:968fc8e0488784f9fe80ac9440838e7bca8a4685052976603c256574f94025e1,1
4388,obj:3260c65e4a70bf313b122c35ba861b504294c84c10129770bdd7d15f2489f9df,1
4389,obj:ef1aaf88f818881b0077669b244bf235320a39936e86601a16d6b2c715fd83e3,0
4390,obj:c2db9ebe450596c39a491a569df4bad294b0db04df48ac35c30a5ca5b29d65e7,3
4391,obj:e78ba556aaff3fa7d6929880f690c54b061156cc7d3ee9c583e64bd041a4c51a,3
4392,obj:9c5e4dd1562656c23ce9f98b93b5782b6f63a5ea90446329e292875bcc6312b7,3
4393,obj:22b5ac0c2635856faeacc7e8a65e9ce6852b16a563a60ef3ae230c6a74099d01,3
4394,obj:fbd4530fbaf86f014ed153c99eb316a02fdf26cf754abf4028471d540e7834ed,0
4395,obj:418ecf41b76a528b7650ff9d3f1be220f5896563f15bc69c80ccd69dfd40a516,3
4396,obj:bc09b174f8801b7d33e2b234b626baa66eb11cbba9da611e488f70dbfa69ca29,0
4397,obj:6ad40eed9f6ba480aa72a99ecde93d0724ee84b048aa801c9c3dac88d69a81cf,4
4398,obj:84eafe31584031935d142aff402d789b8f8f4d964a0a8da4934a29c57787ac9f,4
4399,obj:1ecd829539ed8736d65487719a9493d596588d4a3e34ed6f7fce45190489a5b8,2
4400,obj:6b2854602a96089c15f1078f6e4a395f0598a46f1cd00ef68f210abb19b9d0e6,4
4401,obj:abbea23366ec8d7b71ac9266ec9ece3746e668680219d5a874fd5bdb5181464c,0
4402,obj:5336c654ce1cf12977949ad83eef49187ef003644d63049e61cae1763c117571,3
4403,obj:e601605ccb43ac7047e810e468b2d000e78fc07e806782c74d5013a5e91d1e50,2
4404,obj:f250a2e9e0be0d5dc751f1ee9256d83b7f28aa9d2593bac76bc176fcfe3b8252,4
4405,obj:b189c73e34b8e27dec46f0e65adb0b9a34868619da71a2a42b77dcf74eb1ff82,1
4406,obj:e0bf84cd5cddb2def23c5f0278ff4c22d6f8adc843beb1c01ed7c0b516a98b27,4
4407,obj:c7588ab736da0cd0e738bd30526126dd5c97f420938d504b16d426a5c38a8f6d,2
4408,obj:15167ce7fe7bbe92c9908db84328cb891afc692a062ae8baf14bfb3d68faffcc,1
4409,obj:0862b2aa6697cf4c458e48b37df110e0214acc6d280c28e6faaadba4b3ce1543,1
4410,obj:880283e00c343dfb5510c2e6e08581c80194b339b896e2cf201499b07586cb00,2
4411,obj:792097c1eda91c4ab47b707ea6913a1e1777cdea8c88822ad807abf274ef1c97,4
4412,obj:466e3fc198c92e1164a446bd42c513a6ff99e17506484fa027611ac9de5462fb,3
4413,obj:e78ba556aaff3fa7d6929880f690c54b061156cc7d3ee9c583e64bd041a4c51a,3
4414,obj:56fa22a5695ff56ee9de032e13adaaa127b2689771c83d8c9ed6aa0d202643e8,2
4415,obj:788609da04af2aefc046604ef076496d385b6f52b519c82b8c09204840c1f0a3,1
4416,obj:793eb06fe3bb7862265036c27d7eb0d20ce5995f28f732b8ba9261a84acb7e12,1
4417,obj:ab9702bcb813dc31d19e606c0cdb385db41e72801b3432ec155f7bf06a1a6e27,2
4418,obj:a2d5bb1c231e1947a79ae93d2aa4f36df54ff1af6a969495731437447ff2dbfc,2
4419,obj:3374763456e9f00889112fa12bf5cae28064a1118804bd4ae6f0a3d41fd65286,1
4420,obj:f2b1c96900e59e6a2647f536d037e21e70e0ef7067f3ef492456093e94a373bf,2
4421,obj:b7cf8333273d4dcf747cbc077efc7a239540e9716c2dd7142020d9e9749d3f24,4
4422,obj:96fb6190fad520a8cfdf5d3a33eb3bb3242a4c195c00bbe973c9af4378a86139,1
4423,obj:3cba43ca2a6a23d140d472eab6e2e9fd2c04c844f46dc46de0620ef0559572d6,0
4424,obj:84eafe31584031935d142aff402d789b8f8f4d964a0a8da4934a29c57787ac9f,4
4425,obj:a2d5bb1c231e1947a79ae93d2aa4f36df54ff1af6a969495731437447ff2dbfc,2
4426,obj:e185f3cb87dd6f96ecd6dcb725a2ef73b0afeac90bea1f6f6108eb004dcb9be4,4
4427,obj:5d2727ebaab86cbc51eece674fc47a1aa712fc9978a1fcdb97a7a40872d26837,4
4428,obj:932d28b14da7dbb7ca0c050383db3726630ec3dd764a20a57ed84e23dee033bb,0
4429,obj:a6c88faa6c285ac22c7ee6d5cb818ccbd568cc62b83df86250ff790d829791e5,0
4430,obj:49b6f3c6d1f2161b0a1147c15dbf9f6557ded10f7755db26087325a5aab1eb2b,2
4431,obj:64d68c4ce039f71783057d0fbc96b6634d4380c39639534ec84fd1446e3a7606,3
4432,obj:0ef87208148fea0c92879f08ed22c790b3a6dbf62c002422b1aa6348623676a4,0
4433,obj:a2d5bb1c231e1947a79ae93d2aa4f36df54ff1af6a969495731437447ff2dbfc,2
4434,obj:20293c89b25d8e86fd7a7ede13e8cfa4cea28ca8d5fd0b0c3943a92514828ca6,2
4435,obj:c6f8bb4367aa28abe93a8ebe85ea94c5b7f6503e6da0c81b16cea6fdeffb3a86,4
4436,obj:6488aebe30e63e9b143d4cba3868dae254874b6327a81b73b66a18b230579780,0
4437,obj:3d289a47c6e656b213139a0d2b9cd3013ebe8d365565815b4d8787d414d0fef7,2
4438,obj:15419b8943f8926db86a9bf497d2cb32df6b17daeb1e013bb50b066482649dc4,4
4439,obj:34fe2d6e21693e0061ebbb0eede8129002192bd71e6204bb5731a23198daae3c,0
4440,obj:17c264167b47eb44607ae9eee12f5d325d5c74ce37d0eb2ec73716c98019cb81,4
4441,obj:2d305cf10fbb2031ebdcc22cc816a918c53a47df7a70eb307ecd6c9529c16648,4
4442,obj:970a1322389157f731094f2468b2525cf65cc453937b3bb6f5c379b7fa6674c3,1
4443,obj:5312635fbd65ed4d9fcf61237d71efc5169d8b0c9144e16c96764adca4792e9f,1
4444,obj:d98181f66b1d1c8ed5224e5ec92864b09dd70195f78a3e2b57675bd43a485553,0
4445,obj:ca79dcc3736dd080c642f4b77b9c3a39c2499890935390bda7a8b6d4909ca5ae,0
4446,obj:e9878c4308d43a4bcab4c0b595df3d51b5b7e300600abbd46d0ec2a67a6e0406,1
4447,obj:52d1cdda5447d3f0a0b5ae22a2ee1cb3b87880c5e2f041d3e2b7bb5ea8999dc5,4
4448,obj:ce196fc51f371cb5dd574c64f4525b3ce3d3a6146309fcec5dcd21912ee3b27e,4
4449,obj:179f984ea1022ffd5bffa668ec010f70461c1d758f5b63fdc91839b4b7974e90,4
4450,obj:a1cdc7932545ff75a866ffde92c5b40a7108e2555c67fe2cecbc6212b6382c9a,3
4451,obj:bf82bf1b095db4c44647a0db2fc0922f3aebdb62dc1dc6d044d74175fcefc581,3
4452,obj:dfccb34e7bd33673a14bd46f96b603050df75fec194361249d10f4691fdce68d,2
4453,obj:f506ef7eefb0b61181c467bdcceaec78fbc5a02aa291ee61ffa66259691459fa,4
4454,obj:2aca95e037b397a580d5593c9fa8f8e63b83c7254b3a54129d09672ea81ed12a,0
4455,obj:84f7b045f98e39ca3c242129349c0f7de10bb8d09c553fa8c49642000e6ef642,3
4456,obj:55c49a17a53b9f95870ec87c1cb7dc0c08fcde9c866a652bfc008494c0902226,1
4457,obj:6f42c582dd6e7b27eddd6730b11995ca503093dad0f4987c546821d807630805,4
4458,obj:6b2854602a96089c15f1078f6e4a395f0598a46f1cd00ef68f210abb19b9d0e6,4
4459,obj:41651bb7280465b1e6ea7bfaf678f9cfb10ba5c6acde20e346951c14440a76d3,0
4460,obj:9934aac5a2b53546368c54d70e0a1e7ebaf0ef38c76976e5b0a834a4bccaf862,2
4461,obj:24f2b59f6e49312bf9c0adec74b79be93c28c5baac5d04f93057c1c865fd4918,1
4462,obj:d86cc805023ddaa456364d3edf7d9799f5af4d4cf40c5a7be40949edab99e051,0
4463,obj:466e3fc198c92e1164a446bd42c513a6ff99e17506484fa027611ac9de5462fb,3
4464,obj:5c83acccf968597080b7d1e424bb3953dfc6caf6b244980908beb2d25eb753c1,4
4465,obj:8f191036a28454be5e618031c101e94a5bafda38e31d01bb6eec4cd4837e316a,0
4466,obj:6f42c582dd6e7b27eddd6730b11995ca503093dad0f4987c546821d807630805,4
4467,obj:f1e58c4560059976cfec789d7c9a8a45c419ebfdaba55c4f7b9c28ed40838c31,1
4468,obj:9b6adc457149d865d5d93fff2e83682266a26544dee185f14796e048b6759765,0
4469,obj:d372980c8396ea0b51b2d560464b07ca36ca1abae8eeed65ba6a5edcf4e16aff,3
4470,obj:4ed01982625a54d1c74910433c6dfda2a920b756e8feeb7bad9b53db7073f3e1,4
4471,obj:64d68c4ce039f71783057d0fbc96b6634d4380c39639534ec84fd1446e3a7606,3
4472,obj:904880119466c00dd180d47d204d0afbf0745b79d3e07ef92b19d2ec8ced5e06,4
4473,obj:2cf14aae6f8a94051cc5b786093162a0af4024d21bb76c725f41259e442eb91a,3
4474,obj:53620214ccac5c93a81378c0cad2a9d10b8fb000b30ef1136cff49a619b43fc4,1
4475,obj:0bb3d539963750da94eb952a87e140a3b862376294c82a843335d2dc7c21ce03,1
4476,obj:1c76d80be72fad2f9f8e0b4108da7963157dcd8d67bc9724871d220ee35d4fb3,3
4477,obj:5c83acccf968597080b7d1e424bb3953dfc6caf6b244980908beb2d25eb753c1,4
4478,obj:bb3d6bcc2719b289cdc81d5090e4be6d3688a524b8a37c46c65f35755cbf2c4d,4
4479,obj:d68271d05dd9ece6d0deb3e575327c9819489755a0ddda210f721bdef01370e9,4
4480,obj:5c1ce3688fd18cc1ea8443a1ad7eda4094d87a90836ce2224221a9bdeacdf4e5,4
4481,obj:220ceb03a1062f2979ad54ad21f1829c1e6df00b5ea1348faac3ab56548976cb,1
4482,obj:cbfce3044d1a5f6ee5473f01458826757031eee2d6c43bd34e888ef316a66008,1
4483,obj:d968627ed94aa345b799a76972c928b426fc8f269bfd8eb05dcfcc6f9219bcbe,1
4484,obj:659ec6cef266c7d90b2e96175f6692f30303e642a6dbc6230213f246329df7e0,0
4485,obj:bef76cad5361a3359ac9050bdf7c5cee53854424331f662b4b574fa404fa0515,4
4486,obj:64c4e7d9438e23b0d40f53bee7626fa4381c2a7312fe81ecf3e0729920191cb0,2
4487,obj:9fef5f45f4bafdd6a7d1668d07e31927cd65742dd4a70d6c368f452c00379718,2
4488,obj:757494096edb2b520f2d91bd130715c6fca02251ba4fa0bdc523d7ac1b092391,3
4489,obj:ca13c3afa78cb5cdf1c0ec1e68742b29a1cfab2225d0453fd8eb58ffdbc4d967,4
4490,obj:05763f227309291933fe0b0d767cc84421cee48c49fb357d65b16fba19d48e98,0
4491,obj:abf99b43746bafa82f0bc698000dec3c1ce8a24928f24fbe639fed8197e9900b,2
4492,obj:aa1258c0a6af6f98c4cd7d8ac87e19b9c69a242aba7dcbbd99c1a6b48cb27073,3
4493,obj:67e1d06256dcfd1f806230cdbdbbeecfae13b281553689a47db5b205bc60d571,4
4494,obj:a673cd3c2040c459c67b2eb7c1bebe827daf72511c8516099b47974cb1c2540d,2
4495,obj:e3dcd2e89f2663987860fe985f8492cb6f044371fdc02a211b60fec7eea44686,2
4496,obj:ba63725407ee48ac690fd2548cc7b772846ef70b8fe0b77855e61010a50fba30,4
4497,obj:b0d1a631d1fe870562d29ad21c4fa9d6160913df02a843c1568b125fbb4102ea,3
4498,obj:66f6a337acab0a3e7f75cad1006f08252420db043f864125838e1f34bbe5aba9,2
4499,obj:0862b2aa6697cf4c458e48b37df110e0214acc6d280c28e6faaadba4b3ce1543,1
4500,obj:0862b2aa6697cf4c458e48b37df110e0214acc6d280c28e6faaadba4b3ce1543,1
4501,obj:f0e0546a2198fb4e44254537295767f9ec19833fd7099f876b23d4a12f74e3ff,4
4502,obj:e17078e0665fd6ffb511db2b73fbc54bc6e590a83398c3f868aa29cafd9d461a,0
4503,obj:833570827c7ea6331b3b7c1f745216e14b1532a6434c5e9a243525b7f69df25f,2
4504,obj:5bbdb6e72cf93408aabec30156c9946dc350b3eb61b86de7eacea0d1b8569874,1
4505,obj:18c3b75906c9e53ffac9188d28a2ea7039bff0ced87f43f799829ece3050ea35,0
4506,obj:902b16c6787fff11f6c78a54392ed7beac6e4897f0c26fc0a850ca2a7fc3395d,4
4507,obj:fc9c86d734ca67dd92baf7de3226e85a7e837fea68ccd31f0186dca671da4627,3
4508,obj:5c83acccf968597080b7d1e424bb3953dfc6caf6b244980908beb2d25eb753c1,4
4509,obj:f915d66e53ab2be7267eb78aa5b5b4d5f7d3b5103e71daf8b3b62cfb3520da3d,0
4510,obj:bb260a46128964cfc49dcb14efc0e985b6058d702db3fd242a853654bc8eb1d4,1
4511,obj:ca01007187b8e8c2a62e1ede01b379e285fe674abf2459e6b8a56226b27f4ef0,1
4512,obj:6488aebe30e63e9b143d4cba3868dae254874b6327a81b73b66a18b230579780,0
4513,obj:7d136cf659f81d3dcfed9b6dd466f83de85ae8812fb2fa5fd59767c52268c8c1,1
4514,obj:5a5ef9baab39508bc8d5bc8f85b14df679e6e994707009f918b23e1d5d1b4c34,4
4515,obj:466e3fc198c92e1164a446bd42c513a6ff99e17506484fa027611ac9de5462fb,3
4516,obj:f573491394c26568eaab343c3ac83723e28c13f3273394939683173dc1b3173f,0
4517,obj:6ad40eed9f6ba480aa72a99ecde93d0724ee84b048aa801c9c3dac88d69a81cf,4
4518,obj:9793fd0ef26ff32e35f3433d7e7c9f3bb53bf045f386c233622467eb81fc9d17,1
4519,obj:56edb5b1da97edf81f36ee3729d0a1eac4511a4e9ac61ee6ac86c3045381a5d9,2
4520,obj:baf01b6f65fe14a81388d8c580fd58194339de53d6e8a4e4cb5fd7b30af50157,0
4521,obj:55c49a17a53b9f95870ec87c1cb7dc0c08fcde9c866a652bfc008494c0902226,1
4522,obj:0bea36dfe869410e0a45d68171a865a602297d5aae75cab85e2342119017bcae,1
4523,obj:9ece77573f59c9555a36aa439322adf24d7b6d2d4e279d14bb3088259cfc9beb,1
4524,obj:a2d5bb1c231e1947a79ae93d2aa4f36df54ff1af6a969495731437447ff2dbfc,2
4525,obj:45362a75000c084757cd08479e4fa728ab9eff667078384c98e1758239c63d54,3
4526,obj:ef65b69015893a62e7c7366854a12b7ef90f9a612881967198075c484215f117,1
4527,obj:baf01b6f65fe14a81388d8c580fd58194339de53d6e8a4e4cb5fd7b30af50157,0
4528,obj:76827cd47c75645b69ce3391ab5482a36ecd4b90971a67f488f17e5ad8bafdbb,0
4529,obj:17c264167b47eb44607ae9eee12f5d325d5c74ce37d0eb2ec73716c98019cb81,4
4530,obj:307782ff255b08a63ac861f3eec017af9dce892ea7f0292d9bb64ddf9d176a0d,4
4531,obj:6fe8810f732265a067c10baaa27d41c6dce0dc1dea843bd793a68237bf5bb026,2
4532,obj:bdc5183159b49fc21d363226c43828f37e305abcd24f72708ec9e47699904f37,2
4533,obj:6c63aab3e145e700d4c44262937290ef89596bb949e9318bb562b4fdaaf7b08a,3
4534,obj:215dfcfc2d8f79e778179e5315cf152791dd354359fc31d9b2988c001b0cc6c9,3
4535,obj:5d65e0be9d3ebff8c004a86839beb904039d0ac2d4eefa56aeed6ecd6ae28925,0
4536,obj:0bb3d539963750da94eb952a87e140a3b862376294c82a843335d2dc7c21ce03,1
4537,obj:8a7d63542131081842b3d74949f9526d3b40c8f6bcc95a325961423701b42c54,1
4538,obj:e3bfc045724c2cf9f923515d59a29e0f1c0a5e79d0f594f27e3fb781ee77584a,3
4539,obj:b6bf4305214cf7fd1d810f0dc5c34266573f9814f981308ed4f0f7fd29477e74,1
4540,obj:0710d3514ae03454a8c225c524b15304010394c5bf581f12a7f01bc808435341,2
4541,obj:0fb44ed202c1ae568647800299997b5a855ef072c23601faf32a416a8a23e5dc,0
4542,obj:2da5610b222f2b5fbfc6168fa773fe4818386d387f99b953a47289f43872b72d,2
4543,obj:875cdf11d7fa900a8a0fccf7d6a0ae1f8249c98a8e18ef818a77d8d7a3d555b5,2
4544,obj:dc4f00e3e7f79cbac38f5504b411df086f73b305a2cc0cb9db2d2163083fbd7a,4
4545,obj:e3dcd2e89f2663987860fe985f8492cb6f044371fdc02a211b60fec7eea44686,2
4546,obj:c7588ab736da0cd0e738bd30526126dd5c97f420938d504b16d426a5c38a8f6d,2
4547,obj:2bdb6d687ee3ed3f766ee15b17bc8e4eec4837d40cad088cd2e55217e6806fa2,1
4548,obj:ec24e37899439a269cbaba24f857eab788a1e8abfe394fed62046b331b8ed1a9,4
4549,obj:bacfa64c2c23dfcfc0b166ae85f56a1bdc9a5811f9558ee354a8a97e942df7b9,2
4550,obj:c07ac102281d417c4e068e3ca6e8604f89f108c1f26873a1130e6e5ac93e4f24,1
4551,obj:d34e29386cc608fd1399942bc5c1aef18edda8d45a3c7bbff3efdd3220bcce21,0
4552,obj:e8d58d76a4f74e6b2bffcde3eaa00365c20a71e42d740cd5dfd9d171499f2db4,1
4553,obj:14fd0f06b2402cae2269e62bc366ad76d82ad13d017ecd4994ea0b883a2c18b9,1
4554,obj:7af798ed2beb2c27d18760f1112044691321995ebe42704db0e399af7e4f2117,2
4555,obj:e07176383e812b3b701a29b55dbee87d7fd05b0d28d8ce9b3da6c06345844a23,4
4556,obj:00f3c1488c80feabec670daffc9afb6fbf4fb2d2df9a3f369c242be95c69a50e,3
4557,obj:ad28214a67e05537621a335e48750d191f6dc4408a8c067ef562b66a93c587e7,2
4558,obj:f500f0321b0e7b2ff1dd2e30676b8785213898992c2740483e6e16fd365864dc,2
4559,obj:acd864ff5632d9f8f70e421a9da151ac0b7be91517c0eda65e8c0213d8a97082,2
4560,obj:7665bbe72f0a41b459af0232a8b084233fd4f1d6fafbb84506ca0ec7ca1982a0,4
4561,obj:007145d2084ec0cd8a2f2806c020e73211e33954c8609be25ae621bde62a9284,2
4562,obj:2555e4e4aa1f2f5ea33327eff2ff3ba6d5e0b04fc41cf6f648b1b53cf71c05b2,3
4563,obj:a546ffc670fefe1134bb54420bcbd7475435f0091590916c4f48ae44f2ec87ef,1
4564,obj:55c49a17a53b9f95870ec87c1cb7dc0c08fcde9c866a652bfc008494c0902226,1
4565,obj:0449093a43546338714fbf0c7067bd88b1f34025b946d5ffff0e94c1855d71d6,0
4566,obj:0862b2aa6697cf4c458e48b37df110e0214acc6d280c28e6faaadba4b3ce1543,1
4567,obj:1252ed3dd42532d0f47e24988922397895a01a6abf3ea289b58886aa2330d9ae,4
4568,obj:1c76d80be72fad2f9f8e0b4108da7963157dcd8d67bc9724871d220ee35d4fb3,3
4569,obj:6488aebe30e63e9b143d4cba3868dae254874b6327a81b73b66a18b230579780,0
4570,obj:c4299f813e04c251c2256ba7e851185d6f5efe915bad855fc06da74bc88a80f8,4
4571,obj:c7588ab736da0cd0e738bd30526126dd5c97f420938d504b16d426a5c38a8f6d,2
4572,obj:3fdef38feec152e93da6cbf13b7f029e7f5fe977c84b7c93261ebfc72831ad6b,1
4573,obj:66f6a337acab0a3e7f75cad1006f08252420db043f864125838e1f34bbe5aba9,2
4574,obj:df25e54a679f1bafa58f6797c810fdcccc09d79a6f7124a52461eef5e208bd6c,1
4575,obj:7d76a8ac29a79914ddcda4ec2ee22a5902e164b0b8867ec83f62353e4cfc66e1,3
4576,obj:0862b2aa6697cf4c458e48b37df110e0214acc6d280c28e6faaadba4b3ce1543,1
4577,obj:f41f8f694efffe7106adb9002b3ef5920f971d34416c529566656d6bbc75a579,4
4578,obj:febab1177df39bcf3691a417b3c07141a34f8c8235029788789f9ebae5054d09,0
4579,obj:5c712e777dbd67b102a6309b9761f912e83780cfb2e01b535cf284f0ecfd0d8e,1
4580,obj:a6c88faa6c285ac22c7ee6d5cb818ccbd568cc62b83df86250ff790d829791e5,0
4581,obj:a20436d46f41087773e9e58d3f79d6beceb0d7009119c842290c2a988acf7d26,1
4582,obj:466e3fc198c92e1164a446bd42c513a6ff99e17506484fa027611ac9de5462fb,3
4583,obj:a0758ab2a908180dff98fd16e6495440183b176d2fc3c4be5a760d6609ecf564,2
4584,obj:e665d56c17041a4fcd7332200e36783a6f3941b52f687d94c1b1d0c30fc2a9bf,0
4585,obj:418ecf41b76a528b7650ff9d3f1be220f5896563f15bc69c80ccd69dfd40a516,3
4586,obj:c79cd01128fe490aa94844d03157c358429276855c2ee091817136deda2ede6e,1
4587,obj:76717d0f0b12b3e42c96401a42613533488fcf4f807424e1d33cc36eac981b1c,4
4588,obj:6f42c582dd6e7b27eddd6730b11995ca503093dad0f4987c546821d807630805,4
4589,obj:bef76cad5361a3359ac9050bdf7c5cee53854424331f662b4b574fa404fa0515,4
4590,obj:f3a9550bc22e4e6dcde73dda744cd809cbd662146b00da6b0a7ae078411a6920,4
4591,obj:c55608048b70caa66993842cb0629968de95c14d3c8c6dfbd115c8fa81ce2873,2
4592,obj:9a8b0edadf86b3fdb1be202bd7b544f4513ea708edbf89c2f09221a1b86c5997,3
4593,obj:2c0f34b8bf9d8e437546226233253b64334ab8fd0463a73b74d18d9874532949,2
4594,obj:1ea5e9c25b9faab09464b4a30d505ae345716c07819cba6964bf245e75ab3aae,3
4595,obj:466e3fc198c92e1164a446bd42c513a6ff99e17506484fa027611ac9de5462fb,3
4596,obj:7436b9fc780bd97ae4746d390caa29d2192930072e843f107e59214a553f8911,3
4597,obj:cf11a869ebba8ea2ea65b5abdcdfcadb54cdbb568cb49fe533368c25665e0f99,0
4598,obj:7145159f6c4158f1129827e7d378ed7f843269e554582c5922d0baf0badc977e,2
4599,obj:5a52b153386443075126aca0ad918a2e747ba08d4e19dce2a75bdc983c9f3f53,3
4600,obj:abbea23366ec8d7b71ac9266ec9ece3746e668680219d5a874fd5bdb5181464c,0
4601,obj:0a8d64cc8c0979c5c1b3f5138e1a905bf9342dab6b57767496bc2376b102560c,4
4602,obj:296e8e1452c5ff9d3931084390dcf9d4c8bdd956c7f03effa10eec906f76b9ba,0
4603,obj:4d9a2409355d41611cf4881bf884e438c0ef5c1317fd586ab77484465f79dc7c,2
4604,obj:8deabe35535331247a97e79ea6a6443151237943b04e43fe184520e7cac541f4,2
4605,obj:b9503395943dfdef87cb5c73a2fc36ca7c4693b601e715386f6373792b13be66,3
4606,obj:906cd71964cf98d18613afd0abfbac42c5ae0d1cad7ec407b3981cf20f2af1a5,2
4607,obj:e677aac3cceafcb38b9ba6ab7f96c93082c360b3caf755cb5fbea169dc52ca19,3
4608,obj:642c3cfbed704fbcb0d0ad24601c64f964eec7b36a467101f7f8de88d1900c8a,4
4609,obj:c99d47d8cc548fe370f33614857727b4a94707de8eb5ededdc31528ca1e430bc,2
4610,obj:327dbdab56a83001daece5fe35d8f78a4e249d4e7444dec1651d42b0de4ae0f5,1
4611,obj:a4877ea21c84f2626c56a6e7ff5fb05ebd846cfae845e0539c4cf55ac9f9b75a,1
4612,obj:594ec3f62ef970e68e07bb1b21c64da628352b5bdb643c7938afb663b5960742,3
4613,obj:4fdd57ceb69001a9b91e3091457371359766369835b436a82bf3056ed631cf9c,1
4614,obj:816b184b9beffadf165ecde005c34903e15e3ff271cd35fe8cd88d7766642051,2
4615,obj:466e3fc198c92e1164a446bd42c513a6ff99e17506484fa027611ac9de5462fb,3
4616,obj:fddccca118312a983beae25d288f98f34e9de7a0e4cd11424a81a6af8edc8ef3,3
4617,obj:5cb075bc6f202a4a4e7f7bab31fc7e1e5578fd847ca3c0b36f9754a43a5fcf33,3
4618,obj:2b81e9fd4a894603881527c13b3c0617b32f3811bc043ea20f2899c9bbcf6e79,3
4619,obj:177f406188d4de4f1832fe61ef52b60b37c3b8f9140ad82a3eb7d7399ee8a588,2
4620,obj:792097c1eda91c4ab47b707ea6913a1e1777cdea8c88822ad807abf274ef1c97,4
4621,obj:a9974f1de4e60c550662eb080bcdda27a65ee874416ba97003e3de96c28ca97e,1
4622,obj:952d3fc3f1ff9eb5e5e9a4fd5c86a045880190ac93ef38646287f742babc2590,3
4623,obj:b0aff9fbf61951c6e35753f0e1ad69a4153df87b5d2f121f0158e103aca18ac7,4
4624,obj:0418bbaf08fa8d71a0843f04faa372e34375fbb4741de735c67e6de12075965e,3
4625,obj:a2d5bb1c231e1947a79ae93d2aa4f36df54ff1af6a969495731437447ff2dbfc,2
4626,obj:7c9b5768c790531634834be337a6a2790e82577fa49c6a7646512df3219ba4bc,4
4627,obj:202f9d4280d87c7eda904ef4b17864825462efa5678362767c48bf09b3325cf6,1
4628,obj:a8096e473e90e9e489c6572ac61ce3b2e9fec573e518ed87f7cdfb1cb9cb384e,1
4629,obj:42dd8e966f03d22ba1d54496728ba67cb27cb50a54c67aead9aabec96afd5988,0
4630,obj:2235fc68a2ce1f17e5fa81ab1784cf01a8041bb5380d4785b919f43320205e15,3
4631,obj:570179bc50778ee2d945033dcf825cba69d16820737f76bfaaf6240987edfcf7,0
4632,obj:0862b2aa6697cf4c458e48b37df110e0214acc6d280c28e6faaadba4b3ce1543,1
4633,obj:222a2af2d2327cff08c96a762226747805240d9f8cbf490a527ed079d2c36902,2
4634,obj:3af7f8b308e65dbe045e5b9105a7bf15b5c8e1fb1950c29f048e9416d6b11eb5,3
4635,obj:bd6b56ce3684ebe73ac9a07ac8d37911eaf96a93735b750752e276cb5b2e2e1f,0
4636,obj:2555e4e4aa1f2f5ea33327eff2ff3ba6d5e0b04fc41cf6f648b1b53cf71c05b2,3
4637,obj:6f42c582dd6e7b27eddd6730b11995ca503093dad0f4987c546821d807630805,4
4638,obj:0862b2aa6697cf4c458e48b37df110e0214acc6d280c28e6faaadba4b3ce1543,1
4639,obj:71c9b63c7589f928dde668a2f52f42ad98beb1b63f0d9c49807e843634b542b9,0
4640,obj:dc831adc7d1d9d0c8f0b76b61c46935b97c7254523aa713f464ad753d135c571,4
4641,obj:c0d7e24c787ee4ad9b315ce045767da21fd8d2b2b36b54807e81350f262baaf7,4
4642,obj:5c83acccf968597080b7d1e424bb3953dfc6caf6b244980908beb2d25eb753c1,4
4643,obj:c940b0d6c939fe05ea8f0812a1a580544edf7691df80f791ffa98968edfd83d3,1
4644,obj:4fa6a3820af707102260ebf9dcc8422981bfbddbbcbce6f00176d524ee163a0b,4
4645,obj:dd8b7f7999761e38f4010f1e640ea20770d1c33ef7c355dec276e1408f9517d4,0
4646,obj:3beaf20351309947f3d32b64709d7be9aa8f316c037640eaa967c4fa7a621d79,0
4647,obj:be20ee8c50deb1bd2a8aa43422356193428dd37a05d459496a6c6f4e8a956a44,2
4648,obj:63959ee726e1e39ae2e6afdc3a52389ef6074a7e68f50d4558af7aff66f6351e,2
4649,obj:d53f36bceaa51fe9d855d1df74eccb3b03cdc3c20cf6ad9892dfa4e6ea43048a,3
4650,obj:bee540a0fc7b57a53a67e3891c580f4577f0a60008cb1b1ea1d1cbcc81ac8b41,1
4651,obj:a9974f1de4e60c550662eb080bcdda27a65ee874416ba97003e3de96c28ca97e,1
4652,obj:9e11104453e23bde504ef073fb204792744fc29579926f0c9b509bc2d7973e0e,1
4653,obj:5eee9f369c9bd0fd8fb234538d8c9f46888de15bd98a67e6dc7ca2012ccd2fc1,2
4654,obj:307782ff255b08a63ac861f3eec017af9dce892ea7f0292d9bb64ddf9d176a0d,4
4655,obj:a2753640e6369d1a347dba803671410d6a6eebbde0df4fef3e58dfebdcce6cf3,4
4656,obj:932d28b14da7dbb7ca0c050383db3726630ec3dd764a20a57ed84e23dee033bb,0
4657,obj:2605e07af94b4c5d6d688251d9bc5d699ca26ec81380d49867ea9c7935f8b3dc,3
4658,obj:ba2c128cdd2a277e4098e62ff8060679dac2caee9211313f3a7a068e5da6ef32,3
4659,obj:2bd7792860f2bcf6b32b3d504790cf2e0c0c14f1da70acb482dfacd19eb86107,3
4660,obj:a765eca01b3d1b5a502734755f9cad6d84f8a6eb2c7539a419eb21e796b932a2,2
4661,obj:4d11961e5f807ad9f6df0ae8e299dc67c12fbd203a306c3ddef1dbbad7417e9e,4
4662,obj:a2753640e6369d1a347dba803671410d6a6eebbde0df4fef3e58dfebdcce6cf3,4
4663,obj:19a0c81787c12c502c97448f830474bd913128c588a7e73c25e0a5a16b205c68,1
4664,obj:84eafe31584031935d142aff402d789b8f8f4d964a0a8da4934a29c57787ac9f,4
4665,obj:da94a46c4d4251fcac3f49ca7a414823715721f6e6968cdd17b3cbc6a1500166,0
4666,obj:b2c52832f93128f8daea8afc34a19cb43ddbfdfd2e081abddeb12aa65318504b,2
4667,obj:6e8f1a922f0c8b7bdedf3a23fc58592bc6689cf39f5c00c57a16192592aeea3f,0
4668,obj:b7f98d32316c4c805e369772757c8f6e0bc3c137141f0a0e2f2884c18d89892f,1
4669,obj:79e7defd41dc3f5b3a8943c22d845e77e1032b9eafbaa2916fcf133efd4e7e77,1
4670,obj:2235fc68a2ce1f17e5fa81ab1784cf01a8041bb5380d4785b919f43320205e15,3
4671,obj:17c264167b47eb44607ae9eee12f5d325d5c74ce37d0eb2ec73716c98019cb81,4
4672,obj:f65fe20f1b47db9d5f52d4ec21df5b8632ec02c2c61a9918e1f2eb2d5febca2f,3
4673,obj:76827cd47c75645b69ce3391ab5482a36ecd4b90971a67f488f17e5ad8bafdbb,0
4674,obj:e5cdc153985380b27b9a2a8045a88d851c7f51925e746f30b095c5571d2fa451,1
4675,obj:3ae4ad13083a344343a33dd2897dfe8d72f3df7a3a099575b196877e49fe4ab3,1
4676,obj:8fb96bcc1d37eb3fc9c7bef159d2a56310ec09b1c7bd887b56be48352d277814,3
4677,obj:327dbdab56a83001daece5fe35d8f78a4e249d4e7444dec1651d42b0de4ae0f5,1
4678,obj:c74623724e1d4e937487026cf7f0d71124097b3a7260aafab1e41e3304d8c527,1
4679,obj:e842a711eca6459f0d8854553f45bea83384cf41e08051a07ed3412e6b805576,1
4680,obj:e185f3cb87dd6f96ecd6dcb725a2ef73b0afeac90bea1f6f6108eb004dcb9be4,4
4681,obj:02b7ce3906d9a0b87e03ae451532245dca643aa23ff0fe05842e5a8b861704f1,1
4682,obj:a3ac430f69e5e3b491e85802c2e8b548395f8ff8dbb939f89950e0938ef3c870,4
4683,obj:9a8b0edadf86b3fdb1be202bd7b544f4513ea708edbf89c2f09221a1b86c5997,3
4684,obj:5a2923515dc149b363e8729d18adc6bbb18718c496d97c5a8a32fb12e575ed95,0
4685,obj:f41f8f694efffe7106adb9002b3ef5920f971d34416c529566656d6bbc75a579,4
4686,obj:4b37740367d11011c410b560e334a164baf92c97cd571f7f3c85ea770a7944f3,0
4687,obj:466e3fc198c92e1164a446bd42c513a6ff99e17506484fa027611ac9de5462fb,3
4688,obj:a546ffc670fefe1134bb54420bcbd7475435f0091590916c4f48ae44f2ec87ef,1
4689,obj:ec24e37899439a269cbaba24f857eab788a1e8abfe394fed62046b331b8ed1a9,4
4690,obj:ea0f091db0bcb01fd993c5ddd3ccb9d2544c6fbc48db6ed43d04c44c2b4e806c,3
4691,obj:64d68c4ce039f71783057d0fbc96b6634d4380c39639534ec84fd1446e3a7606,3
4692,obj:5c83acccf968597080b7d1e424bb3953dfc6caf6b244980908beb2d25eb753c1,4
4693,obj:3b4082db23430a62b0d67ace4142b9df53081d95e825dedaa62c0a20b2c70a82,2
4694,obj:34412624ee154ab87e337844cd36ee98e681770e2cfccf77f4ade43e883e370a,0
4695,obj:9cae2ffe1a549c6e0e181a4aee08e3fdea9a8c53ea3cdcd8b88bc6ef5bdfcad2,2
4696,obj:3fdef38feec152e93da6cbf13b7f029e7f5fe977c84b7c93261ebfc72831ad6b,1
4697,obj:fdce5be68953c73cafd9ab5db3b88f126fc8780e26c702c42da8a2975566a22e,0
4698,obj:6f42c582dd6e7b27eddd6730b11995ca503093dad0f4987c546821d807630805,4
4699,obj:307782ff255b08a63ac861f3eec017af9dce892ea7f0292d9bb64ddf9d176a0d,4
4700,obj:0862b2aa6697cf4c458e48b37df110e0214acc6d280c28e6faaadba4b3ce1543,1
4701,obj:f3e2aff4b62ef494b343c022a18cd73bbc7ee5c25b499c8fc42e7c18c35966ff,2
4702,obj:14a74bc17bff9673d0f8bc3a79838f9f7505bf66fcf49cf9f6aff715ffe25483,4
4703,obj:5c83acccf968597080b7d1e424bb3953dfc6caf6b244980908beb2d25eb753c1,4
4704,obj:a546ffc670fefe1134bb54420bcbd7475435f0091590916c4f48ae44f2ec87ef,1
4705,obj:d83935825b9bdda0c119e4dd2bbdd0b8a95611ab4bf346d9c77ea6c44ce2fb0a,0
4706,obj:9793536cdc0950fdaa2dc6a0925441c961120a6022dce27fd0db35480e276b69,2
4707,obj:927d551c6337ccc2889218e4e5d3427681433f73b4a18bbb6b2a052c769c0a5a,1
4708,obj:84cad8e4b72672293dc4b54ed83881b3e93acd49c97fcd866f42f46a1294b8b5,0
4709,obj:6439c3172219dbca2885e9b69d93b6d176a7e189063dedf6fcefc557cb1fa4b1,4
4710,obj:19a0c81787c12c502c97448f830474bd913128c588a7e73c25e0a5a16b205c68,1
4711,obj:bdc4e859742a25b7a47fc65ae75659104dbce19f68d62360da104fac67c1c117,1
4712,obj:0862b2aa6697cf4c458e48b37df110e0214acc6d280c28e6faaadba4b3ce1543,1
4713,obj:f555241b6794769bb8f550b4c9850e5e2b01ec06699646686b6e49c3e15b2932,0
4714,obj:84eafe31584031935d142aff402d789b8f8f4d964a0a8da4934a29c57787ac9f,4
4715,obj:c5b5a03d46ad632ee244d9f04d78b87507530255d8e079fbf2584a633dfd0574,3
4716,obj:5a2923515dc149b363e8729d18adc6bbb18718c496d97c5a8a32fb12e575ed95,0
4717,obj:6f42c582dd6e7b27eddd6730b11995ca503093dad0f4987c546821d807630805,4
4718,obj:1a98eec71dbbd5a9aaade6d8192bcf2958ed2018a0c6d8b1a638814f95995f28,1
4719,obj:f1e58c4560059976cfec789d7c9a8a45c419ebfdaba55c4f7b9c28ed40838c31,1
4720,obj:0418bbaf08fa8d71a0843f04faa372e34375fbb4741de735c67e6de12075965e,3
4721,obj:a2d5bb1c231e1947a79ae93d2aa4f36df54ff1af6a969495731437447ff2dbfc,2
4722,obj:c7a7109f621f9188d7c54452cd487bae0552d3e8f9ced5ebc22e72ecb68781b1,2
4723,obj:2053a67a0c353db7da60df6b9cabf165f5753848e668a3d3d8db5b8d93853ab1,0
4724,obj:c55608048b70caa66993842cb0629968de95c14d3c8c6dfbd115c8fa81ce2873,2
4725,obj:d91da974f4197596a6686f617773fdc59019c1349dd73602698be99d3e51b802,3
4726,obj:91b87ca334087c79c6d4e87b003f67751d20dea3ee777fcb7afba5bb906619fd,0
4727,obj:968fc8e0488784f9fe80ac9440838e7bca8a4685052976603c256574f94025e1,1
4728,obj:f555241b6794769bb8f550b4c9850e5e2b01ec06699646686b6e49c3e15b2932,0
4729,obj:6f42c582dd6e7b27eddd6730b11995ca503093dad0f4987c546821d807630805,4
4730,obj:4832455486ac0e6241b9797b16053e9c346f4af5b93fe0215e58966881bd10a8,3
4731,obj:04c79c7c415b86e5017fefcc9ab075b146c0365a06490125db71fec0b696c6e1,0
4732,obj:0862b2aa6697cf4c458e48b37df110e0214acc6d280c28e6faaadba4b3ce1543,1
4733,obj:0a07f1896ade0e2c3ca219526da56c4e090296401aab56f29bcdd16fa9c5c0e3,1
4734,obj:a546ffc670fefe1134bb54420bcbd7475435f0091590916c4f48ae44f2ec87ef,1
4735,obj:a2d5bb1c231e1947a79ae93d2aa4f36df54ff1af6a969495731437447ff2dbfc,2
4736,obj:6488aebe30e63e9b143d4cba3868dae254874b6327a81b73b66a18b230579780,0
4737,obj:dd800cadb77067c0e881d10dcf9cf70b56c88b4a82611b4f71679b184d4a34c1,3
4738,obj:2bd473c37a5e3539d1dfaedbee2b8d42bfbf5a73b9b30557135a702879578a21,4
4739,obj:9741c4afd644821e42cad55727997b0001621b68506a77a80ad02a24c8619bb9,3
4740,obj:51dcfd413351d44fdb657225c43c8f343a4b408f196df938a269d49675f76417,3
4741,obj:17c264167b47eb44607ae9eee12f5d325d5c74ce37d0eb2ec73716c98019cb81,4
4742,obj:19a0c81787c12c502c97448f830474bd913128c588a7e73c25e0a5a16b205c68,1
4743,obj:3423fdd7e4b1ae0c988e0fbd1df425855ac1cbf13f2c9bac9ad02a7cc3bf6a04,0
4744,obj:225f6ffb818e3c9b7efb138c7aaa0643c875c2b8b1233a663a9ee7501e0808f2,3
4745,obj:79397538155dfca0b813e0fbea4c4459bf58e4e86d3aaf4b8934028f07b4a7b1,0
4746,obj:4e7376609b64e009ca3daafc092362c63b87fafedbfd4e8db9e728801c030ccf,3
4747,obj:371854d91fb4c55ebcdc0fee48fc40fcf8855af36c0978f79af884cd4bd00d1d,2
4748,obj:4a81dc3adaff0e4807d8873ee01d9089c252fe547236d5ef7640e73aee81eed5,3
4749,obj:34626ad89de84d603f3b298c3e684e4a51ae56eadf8b167964e2d4497f2e56e6,2
4750,obj:cd96a2f5cd96446ebc8d7a41014de2ca383747ced8ccb2793859ba48c6cc6ab4,0
4751,obj:5c5ed0a6da91b23451b281da51823481c89d1d177543360068beff04d8fdd222,2
4752,obj:ec24e37899439a269cbaba24f857eab788a1e8abfe394fed62046b331b8ed1a9,4
4753,obj:c6689c445a27b6bc6328871c7ad4b2a3c51db0488cd01c580136e25910d12bd3,2
4754,obj:6f42c582dd6e7b27eddd6730b11995ca503093dad0f4987c546821d807630805,4
4755,obj:84eafe31584031935d142aff402d789b8f8f4d964a0a8da4934a29c57787ac9f,4
4756,obj:04c79c7c415b86e5017fefcc9ab075b146c0365a06490125db71fec0b696c6e1,0
4757,obj:6488aebe30e63e9b143d4cba3868dae254874b6327a81b73b66a18b230579780,0
4758,obj:1ab8fe98979a5d8cc32e98e8c2d4f2d98667dc19e9ae0a797f02a15ec34fb7e1,3
4759,obj:0862b2aa6697cf4c458e48b37df110e0214acc6d280c28e6faaadba4b3ce1543,1
4760,obj:af755a9f5d3a7691347b0532ea5d73156151c3ded11b063e498e18da62cd3414,2
4761,obj:7cd82545b39c0eff91afdfa604793dbcce0245eb5f124a6e5890bd795e5aa1bc,1
4762,obj:9bce01fecd8647c599f6461120311ac450d6380d35eb2db37d4a15d1d8c2f31b,1
4763,obj:76827cd47c75645b69ce3391ab5482a36ecd4b90971a67f488f17e5ad8bafdbb,0
4764,obj:a546ffc670fefe1134bb54420bcbd7475435f0091590916c4f48ae44f2ec87ef,1
4765,obj:327dbdab56a83001daece5fe35d8f78a4e249d4e7444dec1651d42b0de4ae0f5,1
4766,obj:8b386dab6e2181adb167c0af8fe96ee74c6a9f7c55db232baf59c85d3e89dd9f,4
4767,obj:46d211cf79647a0e1fee960bfe9c0c0d252aa1c629c390ff84673d4145c94839,2
4768,obj:abbea23366ec8d7b71ac9266ec9ece3746e668680219d5a874fd5bdb5181464c,0
4769,obj:d968627ed94aa345b799a76972c928b426fc8f269bfd8eb05dcfcc6f9219bcbe,1
4770,obj:62c466823c9d270a28101a5cdb1497b29b64dea4b43f7cd14d036f98060c4b65,2
4771,obj:15203d753daf87bc7f15671f365f191805040fa46dd116d35f5bb9e6e6f5d24c,2
4772,obj:34412624ee154ab87e337844cd36ee98e681770e2cfccf77f4ade43e883e370a,0
4773,obj:84f7b045f98e39ca3c242129349c0f7de10bb8d09c553fa8c49642000e6ef642,3
4774,obj:9770c3b2a987f74981758f0dc972f3e9c99aab820cb510500e0b583c321eaaa2,1
4775,obj:bf351c9491211ecbf753bf9f089b41128a59cd291a7e1142d5d2105bd3ce3e8f,4
4776,obj:902a3961f7e482a3b02da2e1ec0528b3d675b623147df48e5ba601e260e89159,4
4777,obj:f6b6c47730b7bda40a835130765d2818109d5003065cde4ac525b9d6d62ba65d,3
4778,obj:5c83acccf968597080b7d1e424bb3953dfc6caf6b244980908beb2d25eb753c1,4
4779,obj:327dbdab56a83001daece5fe35d8f78a4e249d4e7444dec1651d42b0de4ae0f5,1
4780,obj:2cf14aae6f8a94051cc5b786093162a0af4024d21bb76c725f41259e442eb91a,3
4781,obj:2cde93d1eae973402b8ee0ec00ecf921f09fbbd13f02fac733abb7b7d8bdebd2,3
4782,obj:58e3cab8abafb25fdd836aab6be90b702271859d34fb44e2ed3f89200627eaea,1
4783,obj:6488aebe30e63e9b143d4cba3868dae254874b6327a81b73b66a18b230579780,0
4784,obj:8b57a48546c14b9e216f9aa13de7973c18f1dfe8dacc2c4d767b9bdf10a7acf6,2
4785,obj:558c517069e6b1447edc0a86845067f002962b9c9c0828ca69f7b839f53c40ca,2
4786,obj:45362a75000c084757cd08479e4fa728ab9eff667078384c98e1758239c63d54,3
4787,obj:5bbdb6e72cf93408aabec30156c9946dc350b3eb61b86de7eacea0d1b8569874,1
4788,obj:b22b996fa01bce2e127a937b594a2adc4d0af05c7cf0337acd87a109d5b1548d,4
4789,obj:836ca241f02800127c76cb3c2e4866b081afca5b6ad670249a57f7f6136130be,1
4790,obj:540e276c25d85760be8b2785a7cd0a3d3ba12e1fab6cda5d2d1a51a2179f8930,0
4791,obj:8b57a48546c14b9e216f9aa13de7973c18f1dfe8dacc2c4d767b9bdf10a7acf6,2
4792,obj:9092fea0ed1ffa5ffbbc1bcd4fe3015467de4bb65e045df11afca1a5a923b50a,0
4793,obj:ca5f2c40a7087963d4a80145f606d776cb460c785a6ce1c7ee646d3fb63a1f90,1
4794,obj:558c517069e6b1447edc0a86845067f002962b9c9c0828ca69f7b839f53c40ca,2
4795,obj:c2db9ebe450596c39a491a569df4bad294b0db04df48ac35c30a5ca5b29d65e7,3
4796,obj:c7a7109f621f9188d7c54452cd487bae0552d3e8f9ced5ebc22e72ecb68781b1,2
4797,obj:a27e22f7cf336a18f804496bbf2f792555c94cf1895fa0420f2360bcb6c74748,2
4798,obj:7cd82545b39c0eff91afdfa604793dbcce0245eb5f124a6e5890bd795e5aa1bc,1
4799,obj:e37dbf9eaa622fb68a55edd32d1216240ab6566b4c5d039c09531e088e048c36,1
4800,obj:d33e64f64a7f567baf370618e2b3cdd3b756ae665cef3a02fe2758fdf2f4a463,4
4801,obj:bbc4a7785c9d389187a2dabd1f4bbba0a1f8397f0937d559bef4fdd7bba5153f,2
4802,obj:cdd06e90f6a1c59ac8d6cab403dcd650a262879bea6b4d71fa9b2186444c995a,1
4803,obj:8549306173cfeb2e795a270473a3c609994b2491c89e4f345524c7d11f06f115,1
4804,obj:a3ac430f69e5e3b491e85802c2e8b548395f8ff8dbb939f89950e0938ef3c870,4
4805,obj:d3e50a2adcb69410966c51115b7522bbf7d9108262b62b8dfb74277bdb5c9a3d,2
4806,obj:8fc38e45d353c83ff7d9bd54a74c96b617824dfb9d6e91ee10ae0dcbfafad4f8,2
4807,obj:e0bf84cd5cddb2def23c5f0278ff4c22d6f8adc843beb1c01ed7c0b516a98b27,4
4808,obj:ee16ce8129353c267db0d2de9da53a82b9db6fd50ad9e2458243d0dcf77b8a99,4
4809,obj:1c7be23be4166a80c669ddac3b5b060eca4819ac373f12b9c7412dfc022639aa,4
4810,obj:ff053c1f0485ffa4c7c06f1bf3e620ab5a6bdaf8bee269558003b5958ee0bc6b,1
4811,obj:591b3d575401c3435b3c155d5ab4be39c2f28bdd7212e539699a82fd4276ecc1,3
4812,obj:55c4737528167e0286f7255c6cf442004e8606fd248040d3554cbd1eba7c2cda,2
4813,obj:21610ea2ece68a37588d50b6e3b67cff3134e5ceea3fa61c2068f80db62b4b70,0
4814,obj:245f8fe1c1b26204d082397b37f4fb3cd1c318602762c19cce5b2283c52b6ce1,0
4815,obj:0862b2aa6697cf4c458e48b37df110e0214acc6d280c28e6faaadba4b3ce1543,1
4816,obj:a194713cc896217a1a67a23ac40e0acb92908a4f967344763a3c058864e0fc09,0
4817,obj:e1a5b1bf17c0594510ebb588474447c325b2b0c0757fc3622170ab848cc01c62,0
4818,obj:6f42c582dd6e7b27eddd6730b11995ca503093dad0f4987c546821d807630805,4
4819,obj:96bb898b7cf904d30d59230b90b69f18a3a6fcba2dd2af4110a6556d988a8138,0
4820,obj:5c83acccf968597080b7d1e424bb3953dfc6caf6b244980908beb2d25eb753c1,4
4821,obj:793eb06fe3bb7862265036c27d7eb0d20ce5995f28f732b8ba9261a84acb7e12,1
4822,obj:45362a75000c084757cd08479e4fa728ab9eff667078384c98e1758239c63d54,3
4823,obj:55c49a17a53b9f95870ec87c1cb7dc0c08fcde9c866a652bfc008494c0902226,1
4824,obj:1de6c7f54e1fff9170a7fb69220cf9d500606a6a98f1985eb6b5f07acdfe4b5f,2
4825,obj:73252531f4d9aa39d10e99c601a5588def271b7f601d8053594fd970ca5473c2,0
4826,obj:6488aebe30e63e9b143d4cba3868dae254874b6327a81b73b66a18b230579780,0
4827,obj:a3ac430f69e5e3b491e85802c2e8b548395f8ff8dbb939f89950e0938ef3c870,4
4828,obj:fc9c86d734ca67dd92baf7de3226e85a7e837fea68ccd31f0186dca671da4627,3
4829,obj:cb88ec6dfd8f8a26699cf6f789fbb0219faabad88bcaf70dcffd20babcb9fa7f,3
4830,obj:d372980c8396ea0b51b2d560464b07ca36ca1abae8eeed65ba6a5edcf4e16aff,3
4831,obj:4601cef0cdf3b6c79e4eeccb1c5f09c5bf76279305cdc35933585d5208d21bb3,0
4832,obj:b2e9543a4103bdedc6e4ff5df8a537f37448e573eece1a1d886358b6d6059d59,0
4833,obj:a969f25f6d988956ee9e96386517c09b74096e622069c9bb6f526ebc2a1cb03b,4
4834,obj:f0517901c69968550318ee0dc055dfca76d79c2820cf0cb4945aa719a5f35278,3
4835,obj:8aca21bfd3893d1af38ff6f87c7d1afa2bd018d6ba10a116700974d91c05b710,3
4836,obj:406153420f6ff0d0d6275fe7996d2877d3e62f66e44e126cb3c3b45dbc088317,4
4837,obj:2053a67a0c353db7da60df6b9cabf165f5753848e668a3d3d8db5b8d93853ab1,0
4838,obj:5c83acccf968597080b7d1e424bb3953dfc6caf6b244980908beb2d25eb753c1,4
4839,obj:d6a7db905403b0620bf5c6343015b5de7df9af636f6c76188712ef30b8c9f62f,4
4840,obj:3a270f220e9f7d1f03d8fa06f74d18310900b9ea838e4941b168964a6e714dc6,4
4841,obj:34c6dd2aac21972eca3a605527ddca4876c3ec81a7cc7e6e59418ca50b032d84,2
4842,obj:0862b2aa6697cf4c458e48b37df110e0214acc6d280c28e6faaadba4b3ce1543,1
4843,obj:08980e33ee04807b95d6e6e8ed442651bd3b9a5cf597ce4a4fa29bf51587ce48,4
4844,obj:199d05fef2bd2b59f25f45bb430a77402ed7d7a8caf26d05223847efd5d9ab0c,0
4845,obj:45362a75000c084757cd08479e4fa728ab9eff667078384c98e1758239c63d54,3
4846,obj:8b38a9e11dce993a447866a8be887aebc82272f4daf3b8f76c2ef4ea549c9706,1
4847,obj:a2d5bb1c231e1947a79ae93d2aa4f36df54ff1af6a969495731437447ff2dbfc,2
4848,obj:0074038198cc552e628079641275559385242991f73b8a31f761adef057e854b,0
4849,obj:f6905264b8e4eae30055680ca8a6cdc6421a7df1662efa2eaaa051eced261535,1
4850,obj:327dbdab56a83001daece5fe35d8f78a4e249d4e7444dec1651d42b0de4ae0f5,1
4851,obj:fe881d2e6b74b0470935630ed44430debbcd9b70c10a0c28a8608ad23953181f,1
4852,obj:84f7b045f98e39ca3c242129349c0f7de10bb8d09c553fa8c49642000e6ef642,3
4853,obj:b6bf4305214cf7fd1d810f0dc5c34266573f9814f981308ed4f0f7fd29477e74,1
4854,obj:a10ec9e24e23fae16203af43d4ed074abde7233ab826ba4e87348516dcaf1976,2
4855,obj:71c9b63c7589f928dde668a2f52f42ad98beb1b63f0d9c49807e843634b542b9,0
4856,obj:b9f4a7f98b06383754072a85e1408d123307fe9d2e525d4f200383ce054fccfb,4
4857,obj:0862b2aa6697cf4c458e48b37df110e0214acc6d280c28e6faaadba4b3ce1543,1
4858,obj:0862b2aa6697cf4c458e48b37df110e0214acc6d280c28e6faaadba4b3ce1543,1
4859,obj:b09e61fe03cc52579c14c320ba5bba28a30355bcbc8b5527eaf708552979d102,4
4860,obj:558c517069e6b1447edc0a86845067f002962b9c9c0828ca69f7b839f53c40ca,2
4861,obj:55c49a17a53b9f95870ec87c1cb7dc0c08fcde9c866a652bfc008494c0902226,1
4862,obj:5c83acccf968597080b7d1e424bb3953dfc6caf6b244980908beb2d25eb753c1,4
4863,obj:d2d72b62e78d05d5bf5c95fcf88105c7c695bfea0e462cd064ec41ce9a817161,0
4864,obj:5fadb84dc3af009377c5f257ffb6a9bbd480411aaf228436acd9f963b408e037,0
4865,obj:c11e696f0d6213a35662fae1703493130fdc3a3afec9add1e2d649f014e977c9,1
4866,obj:65e6eef4eb2918f1b7c73042989e5f6c305339b1cc5c1a04782b25b7b6ec00fd,4
4867,obj:6f42c582dd6e7b27eddd6730b11995ca503093dad0f4987c546821d807630805,4
4868,obj:76786d74b2196abd6bf5c1e3f828e3a70aa20c0672bb0bc6f37fb2be8f79377d,0
4869,obj:cde0a707ec953e1ddb25fd41154b4062ad704558fcaa07238d5da6a29667b6c3,3
4870,obj:558c517069e6b1447edc0a86845067f002962b9c9c0828ca69f7b839f53c40ca,2
4871,obj:de04bcc3bb81d6119751e1b7932f17502a6d1d1281be6760fbe1a331886ce15d,0
4872,obj:4e21bf335ca163091cc86db41277a7f8ec1d30eefa268afcc545d0df4f520ae9,0
4873,obj:e7d57fdb3af7e9e6f33db28b32e842ca8d30e98418d92d9de15a18f5eec18c94,4
4874,obj:b34c5fa068eb8545d456883f299f9d88c07bc434aabd6e8a6ab89a0c98526df4,2
4875,obj:d965847a0aefc3edb212418459bdc197799cd526c6a4a5f52fdebfca64c7010f,4
4876,obj:79b7c119abc45426a3543d4e39fb8741ae0718e6974378b05631cefd626c3890,3
4877,obj:ff8348b4aecd5ee9b5aa2047748b684d9ab868231f262f1ce0e9b6dd3eaffddb,2
4878,obj:e842a711eca6459f0d8854553f45bea83384cf41e08051a07ed3412e6b805576,1
4879,obj:bef76cad5361a3359ac9050bdf7c5cee53854424331f662b4b574fa404fa0515,4
4880,obj:4fdd57ceb69001a9b91e3091457371359766369835b436a82bf3056ed631cf9c,1
4881,obj:728f54db179984c77d28948265700062285b9df56c8944442592f3482d796fd4,4
4882,obj:e1ec3709a3e263cc46f4ebab812dc2bd8355249dddfc7210ed7125d7301c0af8,2
4883,obj:3888e0d1e4691f641c6b93148391b96267613910c1a36edabca349a32d423fc3,1
4884,obj:558c517069e6b1447edc0a86845067f002962b9c9c0828ca69f7b839f53c40ca,2
4885,obj:678068bc111df93e9cfb5b8775ce1e57e216ef87123563c6c95f464dae63045a,4
4886,obj:caf8d9fc022c58c6c1e167e245e86e8f09a55a96add1af44915ce246b24ce442,4
4887,obj:34c7f48391498258c43d8e1d5039c78a38e45a63f892e3c98b19d66f21c06808,1
4888,obj:4994bde2d7d9e98d7626d59e937a1934c6e0ca8cd769cb1c0fe907edb563dbe1,0
4889,obj:a7f2c554292cd3482f10260e7f368d8d2c5da6cd0fbd1b047f46afef34bde1fa,4
4890,obj:22b71aaf7febd3ecf1d26705b2a651de070cce606513fbd9b11941f763d18e33,1
4891,obj:13e203fd7ea53bae5771bf9cb581dbe9dcd86cdf2330e915c6a5648adea66e9a,0
4892,obj:fb586bd5303323f9bc1aca9373539d2a7b6b28ff0a5df1e367421a09d770198a,3
4893,obj:c7588ab736da0cd0e738bd30526126dd5c97f420938d504b16d426a5c38a8f6d,2
4894,obj:558c517069e6b1447edc0a86845067f002962b9c9c0828ca69f7b839f53c40ca,2
4895,obj:80babbbb654e8480a9d26302baa10316b621d4587aabb41713fd7e0906750ecf,1
4896,obj:8cd851319e43759598460371f45b179d15a7104b8afcf4fe5c520ab04476c2ef,4
4897,obj:14a74bc17bff9673d0f8bc3a79838f9f7505bf66fcf49cf9f6aff715ffe25483,4
4898,obj:6a42d4c7ab299f471ab52d3534d8fad29dddf68383d742623aa90332cbecee8b,2
4899,obj:a4b976564fe6dd60ebff2de317db103f0a5bcf164af33f5f5b503e7d33863ab5,0
4900,obj:fb3eb605f840706efd9424290d6eac2defa087daf4b33525ce79e6a036adc115,2
4901,obj:0862b2aa6697cf4c458e48b37df110e0214acc6d280c28e6faaadba4b3ce1543,1
4902,obj:acbbd7aec28c19a54b2dfc089a03a3b647d18549357f74207bb977063d64818f,0
4903,obj:2b6b2a4482abce7bec5b9b8c3fe5a16b880a9876fa3beb4dc17c8d4029ef3e4b,1
4904,obj:098c5d0562ad4489cdf5944c23d223567937407981e82cd298e4a37c87e15617,2
4905,obj:34bfa7eb5edd7982c03f3b90ac014126ca24971850ad61af20e3bf7fc0b1c359,0
4906,obj:1ecd829539ed8736d65487719a9493d596588d4a3e34ed6f7fce45190489a5b8,2
4907,obj:0862b2aa6697cf4c458e48b37df110e0214acc6d280c28e6faaadba4b3ce1543,1
4908,obj:6035125e07657ba6c5247a36b8dbacb78d374da5d3cb6a7269403a68f527996e,2
4909,obj:bcca171af3cb391ea18a5812ffd09548ab8ccd99cf6e4ff7e3b87fc87213e488,0
4910,obj:0449093a43546338714fbf0c7067bd88b1f34025b946d5ffff0e94c1855d71d6,0
4911,obj:5c83acccf968597080b7d1e424bb3953dfc6caf6b244980908beb2d25eb753c1,4
4912,obj:fd9fb4b83bb809298452f5f821172b9a0152026810bb37149da7b112727d872b,0
4913,obj:c07ac102281d417c4e068e3ca6e8604f89f108c1f26873a1130e6e5ac93e4f24,1
4914,obj:3af7f8b308e65dbe045e5b9105a7bf15b5c8e1fb1950c29f048e9416d6b11eb5,3
4915,obj:84eafe31584031935d142aff402d789b8f8f4d964a0a8da4934a29c57787ac9f,4
4916,obj:1bd2027fe4f561a024a73efd715be0176a883148a072bd621c8cdc6f75b0c8c3,3
4917,obj:a20436d46f41087773e9e58d3f79d6beceb0d7009119c842290c2a988acf7d26,1
4918,obj:b693ef7d112c69b7323c5551b153e1753e01850a343f5e78868c3f1c2904869c,1
4919,obj:49a969fd77a66eebe8e94f1eaa398b0ab445a91e483e8759f463747b1a273c1a,4
4920,obj:327dbdab56a83001daece5fe35d8f78a4e249d4e7444dec1651d42b0de4ae0f5,1
4921,obj:baf01b6f65fe14a81388d8c580fd58194339de53d6e8a4e4cb5fd7b30af50157,0
4922,obj:6fbb99011edb6e735cc9931c7021dfa018a3949f7b99afd0d373faa95010b3d8,0
4923,obj:106770cb7a7fc11ebf90d812ee969cf37133e45f34430c9407e16b241a959844,1
4924,obj:694ff311ec5f7f7d4e822115665b7c8248c3e6ddc358a4e11a47284883a013b1,1
4925,obj:9f855026eea9cfcc7ceb5d98b9a76d39794b75c853dcb2796329f6e1e50008f6,3
4926,obj:afdc8d9949897a8fff3ff422d3b6e39e9631f3349b50f4bce44d7ccf7721cf9f,1
4927,obj:1c76d80be72fad2f9f8e0b4108da7963157dcd8d67bc9724871d220ee35d4fb3,3
4928,obj:972e35a3a594d93707fb74c0efba7af77337041ed76248645ea6fb5b01380cb5,4
4929,obj:2235fc68a2ce1f17e5fa81ab1784cf01a8041bb5380d4785b919f43320205e15,3
4930,obj:f9835710120cb346170727d2f87d10a22fd44ef389681df056634d0e70093c93,3
4931,obj:6f42c582dd6e7b27eddd6730b11995ca503093dad0f4987c546821d807630805,4
4932,obj:3b82a331147882466ab2a2c9d81597e7097e774c86d902b76e631b05b3d74107,2
4933,obj:e18cd4bf0eadd2c91ef37fa1bac1109be215557fd54e04c6272460fceb6d0967,0
4934,obj:2aab8b153d57ad84f202f380de1be59a520fd74cf0d680f074c93d79d4331c1e,2
4935,obj:8b57a48546c14b9e216f9aa13de7973c18f1dfe8dacc2c4d767b9bdf10a7acf6,2
4936,obj:f3d9479851d268aa8398aee5d10dc52298c373387a20ae57273d5903935e005b,3
4937,obj:ca5f2c40a7087963d4a80145f606d776cb460c785a6ce1c7ee646d3fb63a1f90,1
4938,obj:fac9030a6df608a9283ce6a9d26af090ff2c486f388510eb60dff3ebab9582e2,3
4939,obj:d1c3792b92af217c3a9d31c7e5ca3fa6e683fda8b3818c4ff66b3502640a6999,0
4940,obj:25fb3d0de9199a71af3d1267dd9bbfe1fe583639b0d18ed87de3baea66bd1b55,2
4941,obj:a1cdc7932545ff75a866ffde92c5b40a7108e2555c67fe2cecbc6212b6382c9a,3
4942,obj:c2ba0b75b8aec606b6967cb34447cebbbca4f191951b7569da61e696c4661f0b,3
4943,obj:d91da974f4197596a6686f617773fdc59019c1349dd73602698be99d3e51b802,3
4944,obj:6488aebe30e63e9b143d4cba3868dae254874b6327a81b73b66a18b230579780,0
4945,obj:097f986970720b9a9cd77cb09a988daf65da5ef572fa602c2b7d2eb3c509059c,4
4946,obj:1e8559ac65043a7993c706d8f2e162528d2d63cdacc57d9f407197f9d0694287,3
4947,obj:ddd059d1d4d6caf814b86904e4d1576510987816d12e0f989fb38c999dab75d3,2
4948,obj:919aa22b9e623f3ff86057739a6e10113ee87d9b8bed693300035b0993858810,2
4949,obj:8c75307174292d5a6d6e00a3c70f664176d5b8c31a5f9958bc55006723c87ab2,2
4950,obj:ca5f2c40a7087963d4a80145f606d776cb460c785a6ce1c7ee646d3fb63a1f90,1
4951,obj:f6a4f5fc7a8cecfca679fd09734662e1041c6d2a2e06b3a650528b1e5ce91a93,1
4952,obj:63ca58f95d017c988dfde0042d18b55f01012bad72f188d2dbb7ad3803970769,4
4953,obj:a6805e030250838b1ab5eb44e80925c8c4bbf566b215f1b7ceb8775d32506264,2
4954,obj:c837bd8433c803e28983b434a677c70b79c37e30d54830f4254c8e87586ac723,1
4955,obj:a3ac430f69e5e3b491e85802c2e8b548395f8ff8dbb939f89950e0938ef3c870,4
4956,obj:4a81dc3adaff0e4807d8873ee01d9089c252fe547236d5ef7640e73aee81eed5,3
4957,obj:1f1f2fd1a912e974f398990b8323de78b55ffd5cde47df8a944bba4023cf8247,1
4958,obj:c32a6c8b752fde2930450bd48cf9ea94173f95685c62912a5bf6b890bc9132f1,0
4959,obj:6cf607465d4a3b06d77596f0f4afb74f1361e7fc202503f755d3a7f9c1373e1d,3
4960,obj:c496241ace05a5f8457fc81a04cdd5ed90c3a67d9ec84b164a1493a7ea2adb11,3
4961,obj:f555241b6794769bb8f550b4c9850e5e2b01ec06699646686b6e49c3e15b2932,0
4962,obj:34c7f48391498258c43d8e1d5039c78a38e45a63f892e3c98b19d66f21c06808,1
4963,obj:8f9d7d85ca51d82996a0fd0c55f98e52660a61b25261b533cf20f84ddd1c72b5,1
4964,obj:8db2845cdb26f200f5a2c582918ce810ab4aadb3bcbb681db12e9aa216c94f5f,1
4965,obj:3922eb4fe458b8c1b26f9a73402394701a16478311254ee33a5038712e011a83,0
4966,obj:bbc4a7785c9d389187a2dabd1f4bbba0a1f8397f0937d559bef4fdd7bba5153f,2
4967,obj:e1ef84b753b136891901095813e4a5230e54e39f7994f099129e9b8447b24544,0
4968,obj:6f42c582dd6e7b27eddd6730b11995ca503093dad0f4987c546821d807630805,4
4969,obj:217b55c6bbd8fd347b94701dd2eab77489ae0fb7bf29d1de4fd0ba78eaa45b65,2
4970,obj:013444a43b5090236b42133d72bb8f12112549d62aacf42049cc31eecc0f83c1,3
4971,obj:097f986970720b9a9cd77cb09a988daf65da5ef572fa602c2b7d2eb3c509059c,4
4972,obj:04767657163c72233d9e8a54af41009c392ad3c83d5411f90a50656341d9e6b8,4
4973,obj:a2492f4e6024bbbac8d216ec3b651c5a45849c079a6a238c5a4e6723203cfdac,4
4974,obj:ee65c8249240781e2a5fc37eb3962d5f3c0fb7849544dacd5d30208d0e2d802a,0
4975,obj:03f20d206382fc5ea5cd13a2e2ccbe90bfc265f4ed2b1effceb96c57623778c5,4
4976,obj:2235fc68a2ce1f17e5fa81ab1784cf01a8041bb5380d4785b919f43320205e15,3
4977,obj:bac0368039394c569b87eb27fe856f751a93bd4d2d04bba3829fa9467234319d,4
4978,obj:9e0a22aa57cdf51f13e154d2062a6a743ad719245e83528697984a74f19747f0,1
4979,obj:2c7628455d3cd8eb08c1ac422b9c8c803a4646d9660fd5c29198b821ad753854,0
4980,obj:e3f710dcb9304c44337e7f646704bd49a3f97c98c26cedc65b743c30214614c8,2
4981,obj:1b9de2e62f64d087e0a73d71b354d7b1771b8a5c5479fff7f93b08df70e83a78,3
4982,obj:eaad3ec91ca03dd80c5a89b853231666bbe3343d0fcd6340f35c45c04d3e81dc,0
4983,obj:34412624ee154ab87e337844cd36ee98e681770e2cfccf77f4ade43e883e370a,0
4984,obj:3d025a167605d9211e399c9e9205f9df5746195af170e1cc96d4b30ec162181b,3
4985,obj:eaad3ec91ca03dd80c5a89b853231666bbe3343d0fcd6340f35c45c04d3e81dc,0
4986,obj:16faac6466e61674a88f2c3ef7c4ebf970a63c0898d7fa2148f89854a18bde70,4
4987,obj:7d76a8ac29a79914ddcda4ec2ee22a5902e164b0b8867ec83f62353e4cfc66e1,3
4988,obj:0dde9032a9fc564b304e233dcd377f272afbc8c3e3b58a8cd7e791e6bd080d61,0
4989,obj:68863cec42029127bb6faf5a7e8c6e666afeff5fd80a025171f16fd2ac103491,2
4990,obj:2235fc68a2ce1f17e5fa81ab1784cf01a8041bb5380d4785b919f43320205e15,3
4991,obj:9b18cb017a930d17e5ea5db7ed2430c37069a0d0bfc35d9314b81ffc427c55ea,3
4992,obj:d33e64f64a7f567baf370618e2b3cdd3b756ae665cef3a02fe2758fdf2f4a463,4
4993,obj:80840df882761f01e67c8a55dbe827fa93efa8ff4a6d624990be65d8ee18d3c8,0
4994,obj:fdce5be68953c73cafd9ab5db3b88f126fc8780e26c702c42da8a2975566a22e,0
4995,obj:c8b78f3e10699e4aebd1c459a2a2946e406438aaeb68ff443f3d30936fcb1893,2
4996,obj:8553fd1f0c029d32579e4d47393463578258008cd6bea9e6459b8e0e39373aff,1
4997,obj:816b184b9beffadf165ecde005c34903e15e3ff271cd35fe8cd88d7766642051,2
4998,obj:19a0c81787c12c502c97448f830474bd913128c588a7e73c25e0a5a16b205c68,1
4999,obj:61d2f917bd1ee7a1daec314702fe9fc16d30c625f60b9b4b5fd33d1cf6367563,0
5000,obj:13e203fd7ea53bae5771bf9cb581dbe9dcd86cdf2330e915c6a5648adea66e9a,0
5001,obj:13e203fd7ea53bae5771bf9cb581dbe9dcd86cdf2330e915c6a5648adea66e9a,0
5002,obj:2c7628455d3cd8eb08c1ac422b9c8c803a4646d9660fd5c29198b821ad753854,0
5003,obj:2c7628455d3cd8eb08c1ac422b9c8c803a4646d9660fd5c29198b821ad753854,0
5004,obj:dec61213e83acc8d4aba88df6a444ac882deb91ec57dd7c3231d7262c9995a56,1
5005,obj:dec61213e83acc8d4aba88df6a444ac882deb91ec57dd7c3231d7262c9995a56,1
5006,obj:acb4eb8a9d7225b58f4b73504db0e618a76edfdc901d4aa7dd1f38b2405c4bbb,1
5007,obj:acb4eb8a9d7225b58f4b73504db0e618a76edfdc901d4aa7dd1f38b2405c4bbb,1
5008,obj:4d9a2409355d41611cf4881bf884e438c0ef5c1317fd586ab77484465f79dc7c,2
5009,obj:4d9a2409355d41611cf4881bf884e438c0ef5c1317fd586ab77484465f79dc7c,2
5010,obj:5a2923515dc149b363e8729d18adc6bbb18718c496d97c5a8a32fb12e575ed95,0
5011,obj:5a2923515dc149b363e8729d18adc6bbb18718c496d97c5a8a32fb12e575ed95,0
5012,obj:263f5c43f36ffc4e786f5627337686236126eafa36020c5887b1efbc85180732,4
5013,obj:263f5c43f36ffc4e786f5627337686236126eafa36020c5887b1efbc85180732,4
5014,obj:816b184b9beffadf165ecde005c34903e15e3ff271cd35fe8cd88d7766642051,2
5015,obj:816b184b9beffadf165ecde005c34903e15e3ff271cd35fe8cd88d7766642051,2
5016,obj:431704bafc10800c5b83d54ab14a8e9008882b5e92bffd5c306dfb356396bf47,3
5017,obj:431704bafc10800c5b83d54ab14a8e9008882b5e92bffd5c306dfb356396bf47,3
5018,obj:019c58ad50647bb91691c299f93e4598feb5cd9f457435dac88a0b90ed952fed,0
5019,obj:019c58ad50647bb91691c299f93e4598feb5cd9f457435dac88a0b90ed952fed,0
5020,obj:abbea23366ec8d7b71ac9266ec9ece3746e668680219d5a874fd5bdb5181464c,0
5021,obj:abbea23366ec8d7b71ac9266ec9ece3746e668680219d5a874fd5bdb5181464c,0
5022,obj:73f5c21e7076394bc707d5f3d0514357e337b6374e45a3d0c57b93587a256668,2
5023,obj:73f5c21e7076394bc707d5f3d0514357e337b6374e45a3d0c57b93587a256668,2
5024,obj:b38ea5cafec53e5059556918b575b438d1cc3169cf75c93e912e7a21a172dd2a,4
5025,obj:b38ea5cafec53e5059556918b575b438d1cc3169cf75c93e912e7a21a172dd2a,4
5026,obj:0862b2aa6697cf4c458e48b37df110e0214acc6d280c28e6faaadba4b3ce1543,1
5027,obj:0862b2aa6697cf4c458e48b37df110e0214acc6d280c28e6faaadba4b3ce1543,1
5028,obj:abef6a929c18cce27a0e3d231489e6a61e47ec2c2ae2b899df4c90af3aff1068,1
5029,obj:abef6a929c18cce27a0e3d231489e6a61e47ec2c2ae2b899df4c90af3aff1068,1
5030,obj:e5a62fec36b8deac8fcceda7828f5a3ae86d413e4d34f6b5b846f3b30dfddd3b,0
5031,obj:e5a62fec36b8deac8fcceda7828f5a3ae86d413e4d34f6b5b846f3b30dfddd3b,0
5032,obj:94ed0bb4633b1bdff79b1145e6b32671b24b5b665d9cc59ea26db7fbf2420894,1
5033,obj:94ed0bb4633b1bdff79b1145e6b32671b24b5b665d9cc59ea26db7fbf2420894,1
5034,obj:7e112e6e7f8a1b8e23f7dbd83f5e7bc711a3debe015632b9c3724c89e0d0d06f,3
5035,obj:7e112e6e7f8a1b8e23f7dbd83f5e7bc711a3debe015632b9c3724c89e0d0d06f,3
5036,obj:b2e9543a4103bdedc6e4ff5df8a537f37448e573eece1a1d886358b6d6059d59,0
5037,obj:b2e9543a4103bdedc6e4ff5df8a537f37448e573eece1a1d886358b6d6059d59,0
5038,obj:f250a2e9e0be0d5dc751f1ee9256d83b7f28aa9d2593bac76bc176fcfe3b8252,4
5039,obj:f250a2e9e0be0d5dc751f1ee9256d83b7f28aa9d2593bac76bc176fcfe3b8252,4
5040,obj:d917f10b4feff79d0b1ea951d4a6c904d3f08cbe571b248270c85017b7417399,4
5041,obj:d917f10b4feff79d0b1ea951d4a6c904d3f08cbe571b248270c85017b7417399,4
5042,obj:0e3d2eb3fe774605a13cb93ed60b20278478cd282bde636d004fbcdb31857997,2
5043,obj:0e3d2eb3fe774605a13cb93ed60b20278478cd282bde636d004fbcdb31857997,2
5044,obj:f82581ee9eccc5956bc9e28d8af7479aa7cf4ebe09a4ff8b744e97cf270cac69,0
5045,obj:f82581ee9eccc5956bc9e28d8af7479aa7cf4ebe09a4ff8b744e97cf270cac69,0
5046,obj:f7e412a26d4bf99df7076b17caa9ce1e93eec7b6ba1ee9dd52a807032f807bb5,2
5047,obj:f7e412a26d4bf99df7076b17caa9ce1e93eec7b6ba1ee9dd52a807032f807bb5,2
5048,obj:fdce5be68953c73cafd9ab5db3b88f126fc8780e26c702c42da8a2975566a22e,0
5049,obj:fdce5be68953c73cafd9ab5db3b88f126fc8780e26c702c42da8a2975566a22e,0
5050,obj:0449093a43546338714fbf0c7067bd88b1f34025b946d5ffff0e94c1855d71d6,0
5051,obj:0449093a43546338714fbf0c7067bd88b1f34025b946d5ffff0e94c1855d71d6,0
5052,obj:76786d74b2196abd6bf5c1e3f828e3a70aa20c0672bb0bc6f37fb2be8f79377d,0
5053,obj:76786d74b2196abd6bf5c1e3f828e3a70aa20c0672bb0bc6f37fb2be8f79377d,0
5054,obj:6121f45f52e369fc3c5ec4d472dbebc82a2c955f8745ec4bccba2b8260e249da,2
5055,obj:6121f45f52e369fc3c5ec4d472dbebc82a2c955f8745ec4bccba2b8260e249da,2
5056,obj:46d211cf79647a0e1fee960bfe9c0c0d252aa1c629c390ff84673d4145c94839,2
5057,obj:46d211cf79647a0e1fee960bfe9c0c0d252aa1c629c390ff84673d4145c94839,2
5058,obj:9770c3b2a987f74981758f0dc972f3e9c99aab820cb510500e0b583c321eaaa2,1
5059,obj:9770c3b2a987f74981758f0dc972f3e9c99aab820cb510500e0b583c321eaaa2,1
5060,obj:80840df882761f01e67c8a55dbe827fa93efa8ff4a6d624990be65d8ee18d3c8,0
5061,obj:80840df882761f01e67c8a55dbe827fa93efa8ff4a6d624990be65d8ee18d3c8,0
5062,obj:bff3a4e80be54b3a6d7e14f23c7e6d735f2c89e9adcdf3c12db5bd860f8dcb5c,3
5063,obj:bff3a4e80be54b3a6d7e14f23c7e6d735f2c89e9adcdf3c12db5bd860f8dcb5c,3
5064,obj:4e7376609b64e009ca3daafc092362c63b87fafedbfd4e8db9e728801c030ccf,3
5065,obj:4e7376609b64e009ca3daafc092362c63b87fafedbfd4e8db9e728801c030ccf,3
5066,obj:f6bc69be6bad4edf19a472070121c931d9eb05635908d2594cfd089549879459,2
5067,obj:f6bc69be6bad4edf19a472070121c931d9eb05635908d2594cfd089549879459,2
5068,obj:a2d5bb1c231e1947a79ae93d2aa4f36df54ff1af6a969495731437447ff2dbfc,2
5069,obj:a2d5bb1c231e1947a79ae93d2aa4f36df54ff1af6a969495731437447ff2dbfc,2
5070,obj:a2753640e6369d1a347dba803671410d6a6eebbde0df4fef3e58dfebdcce6cf3,4
5071,obj:a2753640e6369d1a347dba803671410d6a6eebbde0df4fef3e58dfebdcce6cf3,4
5072,obj:2e7ac5631369642b5a6c0c581b7ef06df72aa6ec8affb7e4c0d801006f3b4783,2
5073,obj:2e7ac5631369642b5a6c0c581b7ef06df72aa6ec8affb7e4c0d801006f3b4783,2
5074,obj:ec24e37899439a269cbaba24f857eab788a1e8abfe394fed62046b331b8ed1a9,4
5075,obj:ec24e37899439a269cbaba24f857eab788a1e8abfe394fed62046b331b8ed1a9,4
5076,obj:71c9b63c7589f928dde668a2f52f42ad98beb1b63f0d9c49807e843634b542b9,0
5077,obj:71c9b63c7589f928dde668a2f52f42ad98beb1b63f0d9c49807e843634b542b9,0
5078,obj:9fc08c2b1eb4a572176dead0605ec89d4c84b893a4297d33a2e0d2a0c47a1e02,4
5079,obj:9fc08c2b1eb4a572176dead0605ec89d4c84b893a4297d33a2e0d2a0c47a1e02,4
5080,obj:9092fea0ed1ffa5ffbbc1bcd4fe3015467de4bb65e045df11afca1a5a923b50a,0
5081,obj:9092fea0ed1ffa5ffbbc1bcd4fe3015467de4bb65e045df11afca1a5a923b50a,0
5082,obj:7145159f6c4158f1129827e7d378ed7f843269e554582c5922d0baf0badc977e,2
5083,obj:7145159f6c4158f1129827e7d378ed7f843269e554582c5922d0baf0badc977e,2
5084,obj:e3f710dcb9304c44337e7f646704bd49a3f97c98c26cedc65b743c30214614c8,2
5085,obj:e3f710dcb9304c44337e7f646704bd49a3f97c98c26cedc65b743c30214614c8,2
5086,obj:8fc38e45d353c83ff7d9bd54a74c96b617824dfb9d6e91ee10ae0dcbfafad4f8,2
5087,obj:8fc38e45d353c83ff7d9bd54a74c96b617824dfb9d6e91ee10ae0dcbfafad4f8,2
5088,obj:14a74bc17bff9673d0f8bc3a79838f9f7505bf66fcf49cf9f6aff715ffe25483,4
5089,obj:14a74bc17bff9673d0f8bc3a79838f9f7505bf66fcf49cf9f6aff715ffe25483,4
5090,obj:0449093a43546338714fbf0c7067bd88b1f34025b946d5ffff0e94c1855d71d6,0
5091,obj:0449093a43546338714fbf0c7067bd88b1f34025b946d5ffff0e94c1855d71d6,0
5092,obj:8aca21bfd3893d1af38ff6f87c7d1afa2bd018d6ba10a116700974d91c05b710,3
5093,obj:8aca21bfd3893d1af38ff6f87c7d1afa2bd018d6ba10a116700974d91c05b710,3
5094,obj:8c75307174292d5a6d6e00a3c70f664176d5b8c31a5f9958bc55006723c87ab2,2
5095,obj:8c75307174292d5a6d6e00a3c70f664176d5b8c31a5f9958bc55006723c87ab2,2
5096,obj:6f42c582dd6e7b27eddd6730b11995ca503093dad0f4987c546821d807630805,4
5097,obj:6f42c582dd6e7b27eddd6730b11995ca503093dad0f4987c546821d807630805,4
5098,obj:707404f6200e3e2c052f42904aa44be3ad78ac71245c1d5cf71a0ccff6535e04,4
5099,obj:707404f6200e3e2c052f42904aa44be3ad78ac71245c1d5cf71a0ccff6535e04,4
5100,obj:ab9702bcb813dc31d19e606c0cdb385db41e72801b3432ec155f7bf06a1a6e27,2
5101,obj:ab9702bcb813dc31d19e606c0cdb385db41e72801b3432ec155f7bf06a1a6e27,2
5102,obj:9e12fbca757b80d59f7445e16809bfc4d45a6677bced5ad33ce76788043fe56c,2
5103,obj:9e12fbca757b80d59f7445e16809bfc4d45a6677bced5ad33ce76788043fe56c,2
5104,obj:fafb50bcaf635db18b6b53500aecc085f01b2967554b930edc1882a15a1f333f,2
5105,obj:fafb50bcaf635db18b6b53500aecc085f01b2967554b930edc1882a15a1f333f,2
5106,obj:afdc8d9949897a8fff3ff422d3b6e39e9631f3349b50f4bce44d7ccf7721cf9f,1
5107,obj:afdc8d9949897a8fff3ff422d3b6e39e9631f3349b50f4bce44d7ccf7721cf9f,1
5108,obj:2c0d3470283a9078d8da2200742ca3d556c63af9e48ffb65a233cfddf8f018e0,4
5109,obj:2c0d3470283a9078d8da2200742ca3d556c63af9e48ffb65a233cfddf8f018e0,4
5110,obj:6cf607465d4a3b06d77596f0f4afb74f1361e7fc202503f755d3a7f9c1373e1d,3
5111,obj:6cf607465d4a3b06d77596f0f4afb74f1361e7fc202503f755d3a7f9c1373e1d,3
5112,obj:0862b2aa6697cf4c458e48b37df110e0214acc6d280c28e6faaadba4b3ce1543,1
5113,obj:0862b2aa6697cf4c458e48b37df110e0214acc6d280c28e6faaadba4b3ce1543,1
5114,obj:4b2207295f3634c146902e02d8da48feb066ba1dbb7e29589b6f4a9ab5d2989e,2
5115,obj:4b2207295f3634c146902e02d8da48feb066ba1dbb7e29589b6f4a9ab5d2989e,2
5116,obj:1b45c5b68b3f5cf152fcf24404f9f19c1968dc7887286720daff04c65f55bfb3,3
5117,obj:1b45c5b68b3f5cf152fcf24404f9f19c1968dc7887286720daff04c65f55bfb3,3
5118,obj:843d8180933b4e1633557a57c679ad6139b99fe5a254b00bdd6b121a72b9ede1,0
5119,obj:843d8180933b4e1633557a57c679ad6139b99fe5a254b00bdd6b121a72b9ede1,0
5120,obj:c95e3a759f948f6e015b7f5237183fd2253e43ea969f7eb93c726fa3ba7cfa84,0
5121,obj:c95e3a759f948f6e015b7f5237183fd2253e43ea969f7eb93c726fa3ba7cfa84,0
5122,obj:1271a8db07f8219749a21ecc106217358c5fe2f37e37348f5aff406de463fc39,2
5123,obj:1271a8db07f8219749a21ecc106217358c5fe2f37e37348f5aff406de463fc39,2
5124,obj:307782ff255b08a63ac861f3eec017af9dce892ea7f0292d9bb64ddf9d176a0d,4
5125,obj:307782ff255b08a63ac861f3eec017af9dce892ea7f0292d9bb64ddf9d176a0d,4
5126,obj:0449093a43546338714fbf0c7067bd88b1f34025b946d5ffff0e94c1855d71d6,0
5127,obj:0449093a43546338714fbf0c7067bd88b1f34025b946d5ffff0e94c1855d71d6,0
5128,obj:f74f2b6f0c388e28da791bfbd73434e571e6baa2cc839c8206d3d389496faed8,0
5129,obj:f74f2b6f0c388e28da791bfbd73434e571e6baa2cc839c8206d3d389496faed8,0
5130,obj:d66128be83e1e9aa3a161f2de2e4050389f90077431abd143dea48ba717b8e5c,1
5131,obj:d66128be83e1e9aa3a161f2de2e4050389f90077431abd143dea48ba717b8e5c,1
5132,obj:b189c73e34b8e27dec46f0e65adb0b9a34868619da71a2a42b77dcf74eb1ff82,1
5133,obj:b189c73e34b8e27dec46f0e65adb0b9a34868619da71a2a42b77dcf74eb1ff82,1
5134,obj:6f42c582dd6e7b27eddd6730b11995ca503093dad0f4987c546821d807630805,4
5135,obj:6f42c582dd6e7b27eddd6730b11995ca503093dad0f4987c546821d807630805,4
5136,obj:5336c654ce1cf12977949ad83eef49187ef003644d63049e61cae1763c117571,3
5137,obj:5336c654ce1cf12977949ad83eef49187ef003644d63049e61cae1763c117571,3
5138,obj:932d28b14da7dbb7ca0c050383db3726630ec3dd764a20a57ed84e23dee033bb,0
5139,obj:932d28b14da7dbb7ca0c050383db3726630ec3dd764a20a57ed84e23dee033bb,0
5140,obj:76717d0f0b12b3e42c96401a42613533488fcf4f807424e1d33cc36eac981b1c,4
5141,obj:76717d0f0b12b3e42c96401a42613533488fcf4f807424e1d33cc36eac981b1c,4
5142,obj:a9974f1de4e60c550662eb080bcdda27a65ee874416ba97003e3de96c28ca97e,1
5143,obj:a9974f1de4e60c550662eb080bcdda27a65ee874416ba97003e3de96c28ca97e,1
5144,obj:19a0c81787c12c502c97448f830474bd913128c588a7e73c25e0a5a16b205c68,1
5145,obj:19a0c81787c12c502c97448f830474bd913128c588a7e73c25e0a5a16b205c68,1
5146,obj:906cd71964cf98d18613afd0abfbac42c5ae0d1cad7ec407b3981cf20f2af1a5,2
5147,obj:906cd71964cf98d18613afd0abfbac42c5ae0d1cad7ec407b3981cf20f2af1a5,2
5148,obj:2448793f496b433fc13e377b6c6439ce64ab019b39b5b09d1d357663fd05c6f7,1
5149,obj:2448793f496b433fc13e377b6c6439ce64ab019b39b5b09d1d357663fd05c6f7,1
5150,obj:0862b2aa6697cf4c458e48b37df110e0214acc6d280c28e6faaadba4b3ce1543,1
5151,obj:0862b2aa6697cf4c458e48b37df110e0214acc6d280c28e6faaadba4b3ce1543,1
5152,obj:2aca95e037b397a580d5593c9fa8f8e63b83c7254b3a54129d09672ea81ed12a,0
5153,obj:2aca95e037b397a580d5593c9fa8f8e63b83c7254b3a54129d09672ea81ed12a,0
5154,obj:d8fc075243cd254c454aaecb918b5aed571b062a241daec8bb1a59746cb41aed,2
5155,obj:d8fc075243cd254c454aaecb918b5aed571b062a241daec8bb1a59746cb41aed,2
5156,obj:a2d5bb1c231e1947a79ae93d2aa4f36df54ff1af6a969495731437447ff2dbfc,2
5157,obj:a2d5bb1c231e1947a79ae93d2aa4f36df54ff1af6a969495731437447ff2dbfc,2
5158,obj:ca2ff4ac0c5ea2d56103097c3e0f64a6d165b44976a3c38a4ce5f50d144572b3,4
5159,obj:ca2ff4ac0c5ea2d56103097c3e0f64a6d165b44976a3c38a4ce5f50d144572b3,4
5160,obj:d6a7db905403b0620bf5c6343015b5de7df9af636f6c76188712ef30b8c9f62f,4
5161,obj:d6a7db905403b0620bf5c6343015b5de7df9af636f6c76188712ef30b8c9f62f,4
5162,obj:a1cdc7932545ff75a866ffde92c5b40a7108e2555c67fe2cecbc6212b6382c9a,3
5163,obj:a1cdc7932545ff75a866ffde92c5b40a7108e2555c67fe2cecbc6212b6382c9a,3
5164,obj:a846b1d63eb18eb6f73f126ba6275675a442211cf3c8fe73731e502d47cf7959,1
5165,obj:a846b1d63eb18eb6f73f126ba6275675a442211cf3c8fe73731e502d47cf7959,1
5166,obj:3f8efbb0daec197ad26580bfe9492221030c0f0a9fa732ddb2513ff785fc0e27,1
5167,obj:3f8efbb0daec197ad26580bfe9492221030c0f0a9fa732ddb2513ff785fc0e27,1
5168,obj:dd800cadb77067c0e881d10dcf9cf70b56c88b4a82611b4f71679b184d4a34c1,3
5169,obj:dd800cadb77067c0e881d10dcf9cf70b56c88b4a82611b4f71679b184d4a34c1,3
5170,obj:96bb898b7cf904d30d59230b90b69f18a3a6fcba2dd2af4110a6556d988a8138,0
5171,obj:96bb898b7cf904d30d59230b90b69f18a3a6fcba2dd2af4110a6556d988a8138,0
5172,obj:a20436d46f41087773e9e58d3f79d6beceb0d7009119c842290c2a988acf7d26,1
5173,obj:a20436d46f41087773e9e58d3f79d6beceb0d7009119c842290c2a988acf7d26,1
5174,obj:c257b906890a8b6a6ab96b44520309019797fb1d4830631627affe92a94a0226,0
5175,obj:c257b906890a8b6a6ab96b44520309019797fb1d4830631627affe92a94a0226,0
5176,obj:92856b42f1a8f489563ac495fb37df921a90543fc779bb4d03f1bb443a6ce8cb,3
5177,obj:92856b42f1a8f489563ac495fb37df921a90543fc779bb4d03f1bb443a6ce8cb,3
5178,obj:ad873bf3b0554a5a62c344935a4bc63d895df992870f878e0a32a411ab006a5e,2
5179,obj:ad873bf3b0554a5a62c344935a4bc63d895df992870f878e0a32a411ab006a5e,2
5180,obj:0449093a43546338714fbf0c7067bd88b1f34025b946d5ffff0e94c1855d71d6,0
5181,obj:0449093a43546338714fbf0c7067bd88b1f34025b946d5ffff0e94c1855d71d6,0
5182,obj:23e5b8cd41b02ba1a73ee3c3f50b8362a50913a42e142742836834a13463f501,3
5183,obj:23e5b8cd41b02ba1a73ee3c3f50b8362a50913a42e142742836834a13463f501,3
5184,obj:932d28b14da7dbb7ca0c050383db3726630ec3dd764a20a57ed84e23dee033bb,0
5185,obj:932d28b14da7dbb7ca0c050383db3726630ec3dd764a20a57ed84e23dee033bb,0
5186,obj:d2e9b4f350624f1b27b212c9c9c7cac029fd660b6755d196dedaa32d7db765f8,1
5187,obj:d2e9b4f350624f1b27b212c9c9c7cac029fd660b6755d196dedaa32d7db765f8,1
5188,obj:55c49a17a53b9f95870ec87c1cb7dc0c08fcde9c866a652bfc008494c0902226,1
5189,obj:55c49a17a53b9f95870ec87c1cb7dc0c08fcde9c866a652bfc008494c0902226,1
5190,obj:2235fc68a2ce1f17e5fa81ab1784cf01a8041bb5380d4785b919f43320205e15,3
5191,obj:2235fc68a2ce1f17e5fa81ab1784cf01a8041bb5380d4785b919f43320205e15,3
5192,obj:c95e3a759f948f6e015b7f5237183fd2253e43ea969f7eb93c726fa3ba7cfa84,0
5193,obj:c95e3a759f948f6e015b7f5237183fd2253e43ea969f7eb93c726fa3ba7cfa84,0
5194,obj:34412624ee154ab87e337844cd36ee98e681770e2cfccf77f4ade43e883e370a,0
5195,obj:34412624ee154ab87e337844cd36ee98e681770e2cfccf77f4ade43e883e370a,0
5196,obj:558c517069e6b1447edc0a86845067f002962b9c9c0828ca69f7b839f53c40ca,2
5197,obj:558c517069e6b1447edc0a86845067f002962b9c9c0828ca69f7b839f53c40ca,2
5198,obj:db58016f2ba0917a9277bdfe8cb6472c05d1d654d661728a9280d7a246c2cd56,3
5199,obj:db58016f2ba0917a9277bdfe8cb6472c05d1d654d661728a9280d7a246c2cd56,3
5200,obj:f77cb5836966937f471f75bd914a6dbfba92396aac5555ca620eb08deafde456,1
5201,obj:f77cb5836966937f471f75bd914a6dbfba92396aac5555ca620eb08deafde456,1
5202,obj:00266803d61bb3bf4155df83ad139ac911ff542aa00d8bb65cba2de6cf22152e,4
5203,obj:00266803d61bb3bf4155df83ad139ac911ff542aa00d8bb65cba2de6cf22152e,4
5204,obj:76717d0f0b12b3e42c96401a42613533488fcf4f807424e1d33cc36eac981b1c,4
5205,obj:76717d0f0b12b3e42c96401a42613533488fcf4f807424e1d33cc36eac981b1c,4
5206,obj:1410ce0c3bc5fee887f03ed8bece80fa6552c44d6cd864b1e5bb7bef534f2734,0
5207,obj:1410ce0c3bc5fee887f03ed8bece80fa6552c44d6cd864b1e5bb7bef534f2734,0
5208,obj:cdfc3f951d70734458cbdf989f49f04d5afd9ac7273eb5d98a748a136f27f245,3
5209,obj:cdfc3f951d70734458cbdf989f49f04d5afd9ac7273eb5d98a748a136f27f245,3
5210,obj:a0758ab2a908180dff98fd16e6495440183b176d2fc3c4be5a760d6609ecf564,2
5211,obj:a0758ab2a908180dff98fd16e6495440183b176d2fc3c4be5a760d6609ecf564,2
5212,obj:66f6a337acab0a3e7f75cad1006f08252420db043f864125838e1f34bbe5aba9,2
5213,obj:66f6a337acab0a3e7f75cad1006f08252420db043f864125838e1f34bbe5aba9,2
5214,obj:f46ec496fa47bf708c0130d8ed97c98919a432e4a09f60fe67585ad7939eeba8,0
5215,obj:f46ec496fa47bf708c0130d8ed97c98919a432e4a09f60fe67585ad7939eeba8,0
5216,obj:c839f10d74aa14727f1f129bb9e822d92c5fe34acc3aef4b501f0ae67704b07c,1
5217,obj:c839f10d74aa14727f1f129bb9e822d92c5fe34acc3aef4b501f0ae67704b07c,1
5218,obj:c8e0bbded6c566e5b5169e6268f81cb3d91f1cbb3a562b5c088fe16d7d85bd8f,0
5219,obj:c8e0bbded6c566e5b5169e6268f81cb3d91f1cbb3a562b5c088fe16d7d85bd8f,0
5220,obj:a546ffc670fefe1134bb54420bcbd7475435f0091590916c4f48ae44f2ec87ef,1
5221,obj:a546ffc670fefe1134bb54420bcbd7475435f0091590916c4f48ae44f2ec87ef,1
5222,obj:e31694afedf9f493eb28503f88d364876faeef04c258d17a1296928613b88702,1
5223,obj:e31694afedf9f493eb28503f88d364876faeef04c258d17a1296928613b88702,1
5224,obj:71c9b63c7589f928dde668a2f52f42ad98beb1b63f0d9c49807e843634b542b9,0
5225,obj:71c9b63c7589f928dde668a2f52f42ad98beb1b63f0d9c49807e843634b542b9,0
5226,obj:17c264167b47eb44607ae9eee12f5d325d5c74ce37d0eb2ec73716c98019cb81,4
5227,obj:17c264167b47eb44607ae9eee12f5d325d5c74ce37d0eb2ec73716c98019cb81,4
5228,obj:5a2923515dc149b363e8729d18adc6bbb18718c496d97c5a8a32fb12e575ed95,0
5229,obj:5a2923515dc149b363e8729d18adc6bbb18718c496d97c5a8a32fb12e575ed95,0
5230,obj:31d3d152fae21d9cac85bb63a5792b1b11f0b296dd1422f8266691ab21b387a5,4
5231,obj:31d3d152fae21d9cac85bb63a5792b1b11f0b296dd1422f8266691ab21b387a5,4
5232,obj:119568904906632859e5aca85087a5f8d5a0fa4b369a3a16bfb59526dce430a9,3
5233,obj:119568904906632859e5aca85087a5f8d5a0fa4b369a3a16bfb59526dce430a9,3
5234,obj:76717d0f0b12b3e42c96401a42613533488fcf4f807424e1d33cc36eac981b1c,4
5235,obj:76717d0f0b12b3e42c96401a42613533488fcf4f807424e1d33cc36eac981b1c,4
5236,obj:abf99b43746bafa82f0bc698000dec3c1ce8a24928f24fbe639fed8197e9900b,2
5237,obj:abf99b43746bafa82f0bc698000dec3c1ce8a24928f24fbe639fed8197e9900b,2
5238,obj:e9878c4308d43a4bcab4c0b595df3d51b5b7e300600abbd46d0ec2a67a6e0406,1
5239,obj:e9878c4308d43a4bcab4c0b595df3d51b5b7e300600abbd46d0ec2a67a6e0406,1
5240,obj:55c49a17a53b9f95870ec87c1cb7dc0c08fcde9c866a652bfc008494c0902226,1
5241,obj:55c49a17a53b9f95870ec87c1cb7dc0c08fcde9c866a652bfc008494c0902226,1
5242,obj:c37f69c0592d947382ec3e67b18d03d1a5dd8fce907badf9911fb540258f9aa7,0
5243,obj:c37f69c0592d947382ec3e67b18d03d1a5dd8fce907badf9911fb540258f9aa7,0
5244,obj:c8b78f3e10699e4aebd1c459a2a2946e406438aaeb68ff443f3d30936fcb1893,2
5245,obj:c8b78f3e10699e4aebd1c459a2a2946e406438aaeb68ff443f3d30936fcb1893,2
5246,obj:468b64cb14e27ef1c10a625eeaefee78a7abb6ef4e080f569c30b53613792247,1
5247,obj:468b64cb14e27ef1c10a625eeaefee78a7abb6ef4e080f569c30b53613792247,1
5248,obj:aa4f27c91b076b5f06cf2d831070e2a7a8f461c7f4ecd92301a014ca52d9ad5c,4
5249,obj:aa4f27c91b076b5f06cf2d831070e2a7a8f461c7f4ecd92301a014ca52d9ad5c,4
5250,obj:d6a7db905403b0620bf5c6343015b5de7df9af636f6c76188712ef30b8c9f62f,4
5251,obj:d6a7db905403b0620bf5c6343015b5de7df9af636f6c76188712ef30b8c9f62f,4
5252,obj:ccf44e16517ec071eb772530ca1790933c43b31c483a481c51f50e6238e1b2a0,0
5253,obj:ccf44e16517ec071eb772530ca1790933c43b31c483a481c51f50e6238e1b2a0,0
5254,obj:abbea23366ec8d7b71ac9266ec9ece3746e668680219d5a874fd5bdb5181464c,0
5255,obj:abbea23366ec8d7b71ac9266ec9ece3746e668680219d5a874fd5bdb5181464c,0
5256,obj:afdc8d9949897a8fff3ff422d3b6e39e9631f3349b50f4bce44d7ccf7721cf9f,1
5257,obj:afdc8d9949897a8fff3ff422d3b6e39e9631f3349b50f4bce44d7ccf7721cf9f,1
5258,obj:14a74bc17bff9673d0f8bc3a79838f9f7505bf66fcf49cf9f6aff715ffe25483,4
5259,obj:14a74bc17bff9673d0f8bc3a79838f9f7505bf66fcf49cf9f6aff715ffe25483,4
5260,obj:bacfa64c2c23dfcfc0b166ae85f56a1bdc9a5811f9558ee354a8a97e942df7b9,2
5261,obj:bacfa64c2c23dfcfc0b166ae85f56a1bdc9a5811f9558ee354a8a97e942df7b9,2
5262,obj:5cb075bc6f202a4a4e7f7bab31fc7e1e5578fd847ca3c0b36f9754a43a5fcf33,3
5263,obj:5cb075bc6f202a4a4e7f7bab31fc7e1e5578fd847ca3c0b36f9754a43a5fcf33,3
5264,obj:8a7d63542131081842b3d74949f9526d3b40c8f6bcc95a325961423701b42c54,1
5265,obj:8a7d63542131081842b3d74949f9526d3b40c8f6bcc95a325961423701b42c54,1
5266,obj:6488aebe30e63e9b143d4cba3868dae254874b6327a81b73b66a18b230579780,0
5267,obj:6488aebe30e63e9b143d4cba3868dae254874b6327a81b73b66a18b230579780,0
5268,obj:bdc4e859742a25b7a47fc65ae75659104dbce19f68d62360da104fac67c1c117,1
5269,obj:bdc4e859742a25b7a47fc65ae75659104dbce19f68d62360da104fac67c1c117,1
5270,obj:6488aebe30e63e9b143d4cba3868dae254874b6327a81b73b66a18b230579780,0
5271,obj:6488aebe30e63e9b143d4cba3868dae254874b6327a81b73b66a18b230579780,0
5272,obj:3b82a331147882466ab2a2c9d81597e7097e774c86d902b76e631b05b3d74107,2
5273,obj:3b82a331147882466ab2a2c9d81597e7097e774c86d902b76e631b05b3d74107,2
5274,obj:558c517069e6b1447edc0a86845067f002962b9c9c0828ca69f7b839f53c40ca,2
5275,obj:558c517069e6b1447edc0a86845067f002962b9c9c0828ca69f7b839f53c40ca,2
5276,obj:34412624ee154ab87e337844cd36ee98e681770e2cfccf77f4ade43e883e370a,0
5277,obj:34412624ee154ab87e337844cd36ee98e681770e2cfccf77f4ade43e883e370a,0
5278,obj:a0758ab2a908180dff98fd16e6495440183b176d2fc3c4be5a760d6609ecf564,2
5279,obj:a0758ab2a908180dff98fd16e6495440183b176d2fc3c4be5a760d6609ecf564,2
5280,obj:8cd5be41a30f19700f44fcdd88eeca4ca2311973ac73494b013d84b7b36390c0,1
5281,obj:8cd5be41a30f19700f44fcdd88eeca4ca2311973ac73494b013d84b7b36390c0,1
5282,obj:177f406188d4de4f1832fe61ef52b60b37c3b8f9140ad82a3eb7d7399ee8a588,2
5283,obj:177f406188d4de4f1832fe61ef52b60b37c3b8f9140ad82a3eb7d7399ee8a588,2
5284,obj:5c1ce3688fd18cc1ea8443a1ad7eda4094d87a90836ce2224221a9bdeacdf4e5,4
5285,obj:5c1ce3688fd18cc1ea8443a1ad7eda4094d87a90836ce2224221a9bdeacdf4e5,4
5286,obj:ca01007187b8e8c2a62e1ede01b379e285fe674abf2459e6b8a56226b27f4ef0,1
5287,obj:ca01007187b8e8c2a62e1ede01b379e285fe674abf2459e6b8a56226b27f4ef0,1
5288,obj:0bea36dfe869410e0a45d68171a865a602297d5aae75cab85e2342119017bcae,1
5289,obj:0bea36dfe869410e0a45d68171a865a602297d5aae75cab85e2342119017bcae,1
5290,obj:14232e3ed027da037b75167f43dab2daa945aab669b6c361ea3f1302de2eba4b,0
5291,obj:14232e3ed027da037b75167f43dab2daa945aab669b6c361ea3f1302de2eba4b,0
5292,obj:de04bcc3bb81d6119751e1b7932f17502a6d1d1281be6760fbe1a331886ce15d,0
5293,obj:de04bcc3bb81d6119751e1b7932f17502a6d1d1281be6760fbe1a331886ce15d,0
5294,obj:8a7d63542131081842b3d74949f9526d3b40c8f6bcc95a325961423701b42c54,1
5295,obj:8a7d63542131081842b3d74949f9526d3b40c8f6bcc95a325961423701b42c54,1
5296,obj:671d9aa821b402200f36a4d3f6c0f9ba17cdbca35ca40958041a0d3bcd621435,4
5297,obj:671d9aa821b402200f36a4d3f6c0f9ba17cdbca35ca40958041a0d3bcd621435,4
5298,obj:4709d21fa160f273f9f70b9c1a826005d13aafe6cf0c0bf836d2c73df91bb336,0
5299,obj:4709d21fa160f273f9f70b9c1a826005d13aafe6cf0c0bf836d2c73df91bb336,0
5300,obj:ffd14cf7973bbc39d9290d924019828b3cd6ca1b59ce3128d2bb424c86bbf20d,4
5301,obj:ffd14cf7973bbc39d9290d924019828b3cd6ca1b59ce3128d2bb424c86bbf20d,4
5302,obj:6acedb6d72d3f1906eff134d02242f42f245fa33e1ece9f133926e90b655781a,1
5303,obj:6acedb6d72d3f1906eff134d02242f42f245fa33e1ece9f133926e90b655781a,1
5304,obj:d6d685bd1d2035db10c9e6c8c71172d6037c6eea7eac718cdd7e6bec84bbd46f,1
5305,obj:d6d685bd1d2035db10c9e6c8c71172d6037c6eea7eac718cdd7e6bec84bbd46f,1
5306,obj:e43425a101ab6f8bb3df02064f38032e430bf03cf62b6df144911f86876e9535,3
5307,obj:e43425a101ab6f8bb3df02064f38032e430bf03cf62b6df144911f86876e9535,3
5308,obj:3d1a74cc806dc8b2867a26377e0cf0cf03307d698bf767706f39f4040aecd4f8,1
5309,obj:3d1a74cc806dc8b2867a26377e0cf0cf03307d698bf767706f39f4040aecd4f8,1
5310,obj:2555e4e4aa1f2f5ea33327eff2ff3ba6d5e0b04fc41cf6f648b1b53cf71c05b2,3
5311,obj:2555e4e4aa1f2f5ea33327eff2ff3ba6d5e0b04fc41cf6f648b1b53cf71c05b2,3
5312,obj:f16f01a32da8a4f400a4a0ebd52c2d505872b7bec7c3d6170868c3df8f7bdad3,3
5313,obj:f16f01a32da8a4f400a4a0ebd52c2d505872b7bec7c3d6170868c3df8f7bdad3,3
5314,obj:6f42c582dd6e7b27eddd6730b11995ca503093dad0f4987c546821d807630805,4
5315,obj:6f42c582dd6e7b27eddd6730b11995ca503093dad0f4987c546821d807630805,4
5316,obj:0e3d2a7acd5b03c38dc9451efae23107010d445c87c718a58ae54f8a4ddce40a,1
5317,obj:0e3d2a7acd5b03c38dc9451efae23107010d445c87c718a58ae54f8a4ddce40a,1
5318,obj:ec24e37899439a269cbaba24f857eab788a1e8abfe394fed62046b331b8ed1a9,4
5319,obj:ec24e37899439a269cbaba24f857eab788a1e8abfe394fed62046b331b8ed1a9,4
5320,obj:7cd82545b39c0eff91afdfa604793dbcce0245eb5f124a6e5890bd795e5aa1bc,1
5321,obj:7cd82545b39c0eff91afdfa604793dbcce0245eb5f124a6e5890bd795e5aa1bc,1
5322,obj:5346b83c14e145aedeb4ce07fdc92ac3308782d301e8071dc5eb3328d0f50a87,4
5323,obj:5346b83c14e145aedeb4ce07fdc92ac3308782d301e8071dc5eb3328d0f50a87,4
5324,obj:eaad3ec91ca03dd80c5a89b853231666bbe3343d0fcd6340f35c45c04d3e81dc,0
5325,obj:eaad3ec91ca03dd80c5a89b853231666bbe3343d0fcd6340f35c45c04d3e81dc,0
5326,obj:d08f5c57cb64d54c330ae7229044947b6e31bcdb63dab8d2396a57abfff23b2d,2
5327,obj:d08f5c57cb64d54c330ae7229044947b6e31bcdb63dab8d2396a57abfff23b2d,2
5328,obj:8522f93137f012608a321d51644b73f318c96bec44453ec970be7901b1186424,4
5329,obj:8522f93137f012608a321d51644b73f318c96bec44453ec970be7901b1186424,4
5330,obj:7dd04f40183376f1ce0ba9920e409c53412180ac556c5660808961e7147d5d66,2
5331,obj:7dd04f40183376f1ce0ba9920e409c53412180ac556c5660808961e7147d5d66,2
5332,obj:61d2f917bd1ee7a1daec314702fe9fc16d30c625f60b9b4b5fd33d1cf6367563,0
5333,obj:61d2f917bd1ee7a1daec314702fe9fc16d30c625f60b9b4b5fd33d1cf6367563,0
5334,obj:ab6c74296fc95bce147c19cea95cdff3e29c53d3446f93d25a998250fb0db594,2
5335,obj:ab6c74296fc95bce147c19cea95cdff3e29c53d3446f93d25a998250fb0db594,2
5336,obj:bc44cf4b68455bb975c3769025536441435a3eb4431b181ffdd89ee6f6f0119a,4
5337,obj:bc44cf4b68455bb975c3769025536441435a3eb4431b181ffdd89ee6f6f0119a,4
5338,obj:9c2719cc566ce2f56e9060bd55bd9f501c65b5b55ce011279eef0eba94072f18,0
5339,obj:9c2719cc566ce2f56e9060bd55bd9f501c65b5b55ce011279eef0eba94072f18,0
5340,obj:2fccf24bcc1931fa396cbcbfc93602076c5044526b396392936b6a883c3caba0,1
5341,obj:2fccf24bcc1931fa396cbcbfc93602076c5044526b396392936b6a883c3caba0,1
5342,obj:7af798ed2beb2c27d18760f1112044691321995ebe42704db0e399af7e4f2117,2
5343,obj:7af798ed2beb2c27d18760f1112044691321995ebe42704db0e399af7e4f2117,2
5344,obj:e17078e0665fd6ffb511db2b73fbc54bc6e590a83398c3f868aa29cafd9d461a,0
5345,obj:e17078e0665fd6ffb511db2b73fbc54bc6e590a83398c3f868aa29cafd9d461a,0
5346,obj:119568904906632859e5aca85087a5f8d5a0fa4b369a3a16bfb59526dce430a9,3
5347,obj:119568904906632859e5aca85087a5f8d5a0fa4b369a3a16bfb59526dce430a9,3
5348,obj:bc44cf4b68455bb975c3769025536441435a3eb4431b181ffdd89ee6f6f0119a,4
5349,obj:bc44cf4b68455bb975c3769025536441435a3eb4431b181ffdd89ee6f6f0119a,4
5350,obj:bef76cad5361a3359ac9050bdf7c5cee53854424331f662b4b574fa404fa0515,4
5351,obj:bef76cad5361a3359ac9050bdf7c5cee53854424331f662b4b574fa404fa0515,4
5352,obj:af2f413e7ebdfdee551ecab5797ea07c85ffbc4dbc044810c81da952296d61c7,2
5353,obj:af2f413e7ebdfdee551ecab5797ea07c85ffbc4dbc044810c81da952296d61c7,2
5354,obj:f555241b6794769bb8f550b4c9850e5e2b01ec06699646686b6e49c3e15b2932,0
5355,obj:f555241b6794769bb8f550b4c9850e5e2b01ec06699646686b6e49c3e15b2932,0
5356,obj:95f5c4eed926ef6a3484bd3aa88fc644822bed694d6364ab4c68e0ed64a76bd6,0
5357,obj:95f5c4eed926ef6a3484bd3aa88fc644822bed694d6364ab4c68e0ed64a76bd6,0
5358,obj:466e3fc198c92e1164a446bd42c513a6ff99e17506484fa027611ac9de5462fb,3
5359,obj:466e3fc198c92e1164a446bd42c513a6ff99e17506484fa027611ac9de5462fb,3
5360,obj:8a7d63542131081842b3d74949f9526d3b40c8f6bcc95a325961423701b42c54,1
5361,obj:8a7d63542131081842b3d74949f9526d3b40c8f6bcc95a325961423701b42c54,1
5362,obj:abbea23366ec8d7b71ac9266ec9ece3746e668680219d5a874fd5bdb5181464c,0
5363,obj:abbea23366ec8d7b71ac9266ec9ece3746e668680219d5a874fd5bdb5181464c,0
5364,obj:97f0f6ab1cc802c5729dad681328513cacb64bd81421985ac574e7adf93681eb,2
5365,obj:97f0f6ab1cc802c5729dad681328513cacb64bd81421985ac574e7adf93681eb,2
5366,obj:5a2923515dc149b363e8729d18adc6bbb18718c496d97c5a8a32fb12e575ed95,0
5367,obj:5a2923515dc149b363e8729d18adc6bbb18718c496d97c5a8a32fb12e575ed95,0
5368,obj:36c0eeabcdd69bde6d13099d0423e1e709cffe5d6bb26b8375d8c8bc902e3c62,1
5369,obj:36c0eeabcdd69bde6d13099d0423e1e709cffe5d6bb26b8375d8c8bc902e3c62,1
5370,obj:8fc38e45d353c83ff7d9bd54a74c96b617824dfb9d6e91ee10ae0dcbfafad4f8,2
5371,obj:8fc38e45d353c83ff7d9bd54a74c96b617824dfb9d6e91ee10ae0dcbfafad4f8,2
5372,obj:972df9a073373b6f923c7f649c1faabd9c1be1ec663dab6d76d1ca9bd7457a16,2
5373,obj:972df9a073373b6f923c7f649c1faabd9c1be1ec663dab6d76d1ca9bd7457a16,2
5374,obj:2b63a956ef8a28d8e02165aeba39a00ffa53db70605d62733950efd90bcffb39,4
5375,obj:2b63a956ef8a28d8e02165aeba39a00ffa53db70605d62733950efd90bcffb39,4
5376,obj:28f74d0d52840e6a656c2f80aa3e8330fda58f008e7ecda77691c324410d4f43,4
5377,obj:28f74d0d52840e6a656c2f80aa3e8330fda58f008e7ecda77691c324410d4f43,4
5378,obj:8db15c70faffc6cbbf2402e3864b886473d13eb1539a55360ceaab4e9c098d48,0
5379,obj:8db15c70faffc6cbbf2402e3864b886473d13eb1539a55360ceaab4e9c098d48,0
5380,obj:466e3fc198c92e1164a446bd42c513a6ff99e17506484fa027611ac9de5462fb,3
5381,obj:466e3fc198c92e1164a446bd42c513a6ff99e17506484fa027611ac9de5462fb,3
5382,obj:28cbe74d60ca404771c92af75db010c6d1ad036b1422cc4f3a806e1fc9ca96bb,3
5383,obj:28cbe74d60ca404771c92af75db010c6d1ad036b1422cc4f3a806e1fc9ca96bb,3
5384,obj:a3ac430f69e5e3b491e85802c2e8b548395f8ff8dbb939f89950e0938ef3c870,4
5385,obj:a3ac430f69e5e3b491e85802c2e8b548395f8ff8dbb939f89950e0938ef3c870,4
5386,obj:c41bb441b252498e8d8d587961ebc25f45c7046b9093f8bc26c1db5824282798,0
5387,obj:c41bb441b252498e8d8d587961ebc25f45c7046b9093f8bc26c1db5824282798,0
5388,obj:906cd71964cf98d18613afd0abfbac42c5ae0d1cad7ec407b3981cf20f2af1a5,2
5389,obj:906cd71964cf98d18613afd0abfbac42c5ae0d1cad7ec407b3981cf20f2af1a5,2
5390,obj:2c0f34b8bf9d8e437546226233253b64334ab8fd0463a73b74d18d9874532949,2
5391,obj:2c0f34b8bf9d8e437546226233253b64334ab8fd0463a73b74d18d9874532949,2
5392,obj:45362a75000c084757cd08479e4fa728ab9eff667078384c98e1758239c63d54,3
5393,obj:45362a75000c084757cd08479e4fa728ab9eff667078384c98e1758239c63d54,3
5394,obj:f378a014e208facf746208d4a4f9a39e6ed802658bc741310e771d612ed89b09,2
5395,obj:f378a014e208facf746208d4a4f9a39e6ed802658bc741310e771d612ed89b09,2
5396,obj:8f191036a28454be5e618031c101e94a5bafda38e31d01bb6eec4cd4837e316a,0
5397,obj:8f191036a28454be5e618031c101e94a5bafda38e31d01bb6eec4cd4837e316a,0
5398,obj:558c517069e6b1447edc0a86845067f002962b9c9c0828ca69f7b839f53c40ca,2
5399,obj:558c517069e6b1447edc0a86845067f002962b9c9c0828ca69f7b839f53c40ca,2
5400,obj:17f3eaf7ad54c1835acef2a30c5db280c0cdfc3cf3f35da11e7b7b08ba63526a,0
5401,obj:17f3eaf7ad54c1835acef2a30c5db280c0cdfc3cf3f35da11e7b7b08ba63526a,0
5402,obj:4a81dc3adaff0e4807d8873ee01d9089c252fe547236d5ef7640e73aee81eed5,3
5403,obj:4a81dc3adaff0e4807d8873ee01d9089c252fe547236d5ef7640e73aee81eed5,3
5404,obj:76565eaa0a77e5d06606941188791e1bf4e4e71659d7abd702cf5e2d9f946dd9,1
5405,obj:76565eaa0a77e5d06606941188791e1bf4e4e71659d7abd702cf5e2d9f946dd9,1
5406,obj:94ed0bb4633b1bdff79b1145e6b32671b24b5b665d9cc59ea26db7fbf2420894,1
5407,obj:94ed0bb4633b1bdff79b1145e6b32671b24b5b665d9cc59ea26db7fbf2420894,1
5408,obj:4d9a2409355d41611cf4881bf884e438c0ef5c1317fd586ab77484465f79dc7c,2
5409,obj:4d9a2409355d41611cf4881bf884e438c0ef5c1317fd586ab77484465f79dc7c,2
5410,obj:9d8a008bef67d80621581626a43c61a5a14abee79b5c56aff5d96c8caa21b0a5,0
5411,obj:9d8a008bef67d80621581626a43c61a5a14abee79b5c56aff5d96c8caa21b0a5,0
5412,obj:972a2dac225a824bec0fd574cbb468a1a2896da936415fe667c8721ec62e655c,3
5413,obj:972a2dac225a824bec0fd574cbb468a1a2896da936415fe667c8721ec62e655c,3
5414,obj:327dbdab56a83001daece5fe35d8f78a4e249d4e7444dec1651d42b0de4ae0f5,1
5415,obj:327dbdab56a83001daece5fe35d8f78a4e249d4e7444dec1651d42b0de4ae0f5,1
5416,obj:c57829515e1b9c296fc90b090cf70d9231c6a03c552f5cfec881411fa8125116,2
5417,obj:c57829515e1b9c296fc90b090cf70d9231c6a03c552f5cfec881411fa8125116,2
5418,obj:0449093a43546338714fbf0c7067bd88b1f34025b946d5ffff0e94c1855d71d6,0
5419,obj:0449093a43546338714fbf0c7067bd88b1f34025b946d5ffff0e94c1855d71d6,0
5420,obj:793053fcce151262705df1639a5f501f5f9ef2d7f9750f7869fe8bad7f28b850,2
5421,obj:793053fcce151262705df1639a5f501f5f9ef2d7f9750f7869fe8bad7f28b850,2
5422,obj:34bfa7eb5edd7982c03f3b90ac014126ca24971850ad61af20e3bf7fc0b1c359,0
5423,obj:34bfa7eb5edd7982c03f3b90ac014126ca24971850ad61af20e3bf7fc0b1c359,0
5424,obj:2737f7ea5f0899be80b958422797ff50446c44f7a722c202bbc9bb8b459e0eb8,4
5425,obj:2737f7ea5f0899be80b958422797ff50446c44f7a722c202bbc9bb8b459e0eb8,4
5426,obj:34412624ee154ab87e337844cd36ee98e681770e2cfccf77f4ade43e883e370a,0
5427,obj:34412624ee154ab87e337844cd36ee98e681770e2cfccf77f4ade43e883e370a,0
5428,obj:ce196fc51f371cb5dd574c64f4525b3ce3d3a6146309fcec5dcd21912ee3b27e,4
5429,obj:ce196fc51f371cb5dd574c64f4525b3ce3d3a6146309fcec5dcd21912ee3b27e,4
5430,obj:7cd82545b39c0eff91afdfa604793dbcce0245eb5f124a6e5890bd795e5aa1bc,1
5431,obj:7cd82545b39c0eff91afdfa604793dbcce0245eb5f124a6e5890bd795e5aa1bc,1
5432,obj:3ea0a467743b7b5826263244d6fd6bd2332fd06682909112cc96e1353629eacd,2
5433,obj:3ea0a467743b7b5826263244d6fd6bd2332fd06682909112cc96e1353629eacd,2
5434,obj:17c264167b47eb44607ae9eee12f5d325d5c74ce37d0eb2ec73716c98019cb81,4
5435,obj:17c264167b47eb44607ae9eee12f5d325d5c74ce37d0eb2ec73716c98019cb81,4
5436,obj:5bbdb6e72cf93408aabec30156c9946dc350b3eb61b86de7eacea0d1b8569874,1
5437,obj:5bbdb6e72cf93408aabec30156c9946dc350b3eb61b86de7eacea0d1b8569874,1
5438,obj:c29be1ef96c8fac0f74affc50783ba617d2cc19629f3d03696f2d62e58bfa37e,4
5439,obj:c29be1ef96c8fac0f74affc50783ba617d2cc19629f3d03696f2d62e58bfa37e,4
5440,obj:3d289a47c6e656b213139a0d2b9cd3013ebe8d365565815b4d8787d414d0fef7,2
5441,obj:3d289a47c6e656b213139a0d2b9cd3013ebe8d365565815b4d8787d414d0fef7,2
5442,obj:6488aebe30e63e9b143d4cba3868dae254874b6327a81b73b66a18b230579780,0
5443,obj:6488aebe30e63e9b143d4cba3868dae254874b6327a81b73b66a18b230579780,0
5444,obj:0710d3514ae03454a8c225c524b15304010394c5bf581f12a7f01bc808435341,2
5445,obj:0710d3514ae03454a8c225c524b15304010394c5bf581f12a7f01bc808435341,2
5446,obj:c55608048b70caa66993842cb0629968de95c14d3c8c6dfbd115c8fa81ce2873,2
5447,obj:c55608048b70caa66993842cb0629968de95c14d3c8c6dfbd115c8fa81ce2873,2
5448,obj:5bbdb6e72cf93408aabec30156c9946dc350b3eb61b86de7eacea0d1b8569874,1
5449,obj:5bbdb6e72cf93408aabec30156c9946dc350b3eb61b86de7eacea0d1b8569874,1
5450,obj:5856aa8e0a2cae4afb63ee78c43e8883462191facf2c330904a2905399c38c17,2
5451,obj:5856aa8e0a2cae4afb63ee78c43e8883462191facf2c330904a2905399c38c17,2
5452,obj:23607992515ccbff63c32ad39f11da7e820df9215ca1f250d7bc3fbc65a672b6,4
5453,obj:23607992515ccbff63c32ad39f11da7e820df9215ca1f250d7bc3fbc65a672b6,4
5454,obj:f573491394c26568eaab343c3ac83723e28c13f3273394939683173dc1b3173f,0
5455,obj:f573491394c26568eaab343c3ac83723e28c13f3273394939683173dc1b3173f,0
5456,obj:6f42c582dd6e7b27eddd6730b11995ca503093dad0f4987c546821d807630805,4
5457,obj:6f42c582dd6e7b27eddd6730b11995ca503093dad0f4987c546821d807630805,4
5458,obj:3922eb4fe458b8c1b26f9a73402394701a16478311254ee33a5038712e011a83,0
5459,obj:3922eb4fe458b8c1b26f9a73402394701a16478311254ee33a5038712e011a83,0
5460,obj:f6905264b8e4eae30055680ca8a6cdc6421a7df1662efa2eaaa051eced261535,1
5461,obj:f6905264b8e4eae30055680ca8a6cdc6421a7df1662efa2eaaa051eced261535,1
5462,obj:5a2923515dc149b363e8729d18adc6bbb18718c496d97c5a8a32fb12e575ed95,0
5463,obj:5a2923515dc149b363e8729d18adc6bbb18718c496d97c5a8a32fb12e575ed95,0
5464,obj:0449093a43546338714fbf0c7067bd88b1f34025b946d5ffff0e94c1855d71d6,0
5465,obj:0449093a43546338714fbf0c7067bd88b1f34025b946d5ffff0e94c1855d71d6,0
5466,obj:0862b2aa6697cf4c458e48b37df110e0214acc6d280c28e6faaadba4b3ce1543,1
5467,obj:0862b2aa6697cf4c458e48b37df110e0214acc6d280c28e6faaadba4b3ce1543,1
5468,obj:91b87ca334087c79c6d4e87b003f67751d20dea3ee777fcb7afba5bb906619fd,0
5469,obj:91b87ca334087c79c6d4e87b003f67751d20dea3ee777fcb7afba5bb906619fd,0
5470,obj:b4a9e5a5d3d453d9a2d86d6f2676fbc363381514b40bc43c95db5428dc3d749f,2
5471,obj:b4a9e5a5d3d453d9a2d86d6f2676fbc363381514b40bc43c95db5428dc3d749f,2
5472,obj:9aca537af2a2403aba223e54d5577677786bf13d9f55937835d00e05a548c02c,3
5473,obj:9aca537af2a2403aba223e54d5577677786bf13d9f55937835d00e05a548c02c,3
5474,obj:6488aebe30e63e9b143d4cba3868dae254874b6327a81b73b66a18b230579780,0
5475,obj:6488aebe30e63e9b143d4cba3868dae254874b6327a81b73b66a18b230579780,0
5476,obj:0862b2aa6697cf4c458e48b37df110e0214acc6d280c28e6faaadba4b3ce1543,1
5477,obj:0862b2aa6697cf4c458e48b37df110e0214acc6d280c28e6faaadba4b3ce1543,1
5478,obj:7af798ed2beb2c27d18760f1112044691321995ebe42704db0e399af7e4f2117,2
5479,obj:7af798ed2beb2c27d18760f1112044691321995ebe42704db0e399af7e4f2117,2
5480,obj:914ebf42919b26081e43547fbdc801cefb7a9a4f0e2bb4acaea74d36e8955ff5,2
5481,obj:914ebf42919b26081e43547fbdc801cefb7a9a4f0e2bb4acaea74d36e8955ff5,2
5482,obj:bad120dd82c024a8a100438023466b8dd8e05f9f3974eb2f101ceabd4d021cdf,4
5483,obj:bad120dd82c024a8a100438023466b8dd8e05f9f3974eb2f101ceabd4d021cdf,4
5484,obj:17f3eaf7ad54c1835acef2a30c5db280c0cdfc3cf3f35da11e7b7b08ba63526a,0
5485,obj:17f3eaf7ad54c1835acef2a30c5db280c0cdfc3cf3f35da11e7b7b08ba63526a,0
5486,obj:34bfa7eb5edd7982c03f3b90ac014126ca24971850ad61af20e3bf7fc0b1c359,0
5487,obj:34bfa7eb5edd7982c03f3b90ac014126ca24971850ad61af20e3bf7fc0b1c359,0
5488,obj:199d05fef2bd2b59f25f45bb430a77402ed7d7a8caf26d05223847efd5d9ab0c,0
5489,obj:199d05fef2bd2b59f25f45bb430a77402ed7d7a8caf26d05223847efd5d9ab0c,0
5490,obj:e842a711eca6459f0d8854553f45bea83384cf41e08051a07ed3412e6b805576,1
5491,obj:e842a711eca6459f0d8854553f45bea83384cf41e08051a07ed3412e6b805576,1
5492,obj:f573491394c26568eaab343c3ac83723e28c13f3273394939683173dc1b3173f,0
5493,obj:f573491394c26568eaab343c3ac83723e28c13f3273394939683173dc1b3173f,0
5494,obj:6f42c582dd6e7b27eddd6730b11995ca503093dad0f4987c546821d807630805,4
5495,obj:6f42c582dd6e7b27eddd6730b11995ca503093dad0f4987c546821d807630805,4
5496,obj:982fe989266cde2f3d3732927c2728779daa7359ca0b54d10ec4ce57c6e295ab,3
5497,obj:982fe989266cde2f3d3732927c2728779daa7359ca0b54d10ec4ce57c6e295ab,3
5498,obj:2093399d6755a6a01b2f4c5b0a2c8fbccf43c6fef61ef8f630d7f2ab6e9bac46,4
5499,obj:2093399d6755a6a01b2f4c5b0a2c8fbccf43c6fef61ef8f630d7f2ab6e9bac46,4
5500,obj:18d240799191100a42760c1c3df7f8dbbfc317d732340e9e2ab185cfd8bd62d6,0
5501,obj:18d240799191100a42760c1c3df7f8dbbfc317d732340e9e2ab185cfd8bd62d6,0
5502,obj:567475c1054656b0925bc19e54796047816fbca9eda35b5969cdf9afc1aff5a6,1
5503,obj:567475c1054656b0925bc19e54796047816fbca9eda35b5969cdf9afc1aff5a6,1
5504,obj:ca13c3afa78cb5cdf1c0ec1e68742b29a1cfab2225d0453fd8eb58ffdbc4d967,4
5505,obj:ca13c3afa78cb5cdf1c0ec1e68742b29a1cfab2225d0453fd8eb58ffdbc4d967,4
5506,obj:bee540a0fc7b57a53a67e3891c580f4577f0a60008cb1b1ea1d1cbcc81ac8b41,1
5507,obj:bee540a0fc7b57a53a67e3891c580f4577f0a60008cb1b1ea1d1cbcc81ac8b41,1
5508,obj:a3cbfc4a0d3db8e888d5437bfeb68adf952927fcd6b5edc78135f759c26f53ae,4
5509,obj:a3cbfc4a0d3db8e888d5437bfeb68adf952927fcd6b5edc78135f759c26f53ae,4
5510,obj:45563c7781a5a1d9a43518a79a52013a2ca060f107343602ff680bac98cb1499,2
5511,obj:45563c7781a5a1d9a43518a79a52013a2ca060f107343602ff680bac98cb1499,2
5512,obj:cfc48250bcb77781ddd1704a969eb132ebb11bab67aab7cac9be65e78bfa3fbe,4
5513,obj:cfc48250bcb77781ddd1704a969eb132ebb11bab67aab7cac9be65e78bfa3fbe,4
5514,obj:6f42c582dd6e7b27eddd6730b11995ca503093dad0f4987c546821d807630805,4
5515,obj:6f42c582dd6e7b27eddd6730b11995ca503093dad0f4987c546821d807630805,4
5516,obj:776d93842f9831ebfb3939f7ee848531c0096e29620908718a3d620c5c0ad206,1
5517,obj:776d93842f9831ebfb3939f7ee848531c0096e29620908718a3d620c5c0ad206,1
5518,obj:f6b6c47730b7bda40a835130765d2818109d5003065cde4ac525b9d6d62ba65d,3
5519,obj:f6b6c47730b7bda40a835130765d2818109d5003065cde4ac525b9d6d62ba65d,3
5520,obj:a3cbfc4a0d3db8e888d5437bfeb68adf952927fcd6b5edc78135f759c26f53ae,4
5521,obj:a3cbfc4a0d3db8e888d5437bfeb68adf952927fcd6b5edc78135f759c26f53ae,4
5522,obj:45362a75000c084757cd08479e4fa728ab9eff667078384c98e1758239c63d54,3
5523,obj:45362a75000c084757cd08479e4fa728ab9eff667078384c98e1758239c63d54,3
5524,obj:d08f5c57cb64d54c330ae7229044947b6e31bcdb63dab8d2396a57abfff23b2d,2
5525,obj:d08f5c57cb64d54c330ae7229044947b6e31bcdb63dab8d2396a57abfff23b2d,2
5526,obj:558c517069e6b1447edc0a86845067f002962b9c9c0828ca69f7b839f53c40ca,2
5527,obj:558c517069e6b1447edc0a86845067f002962b9c9c0828ca69f7b839f53c40ca,2
5528,obj:466e3fc198c92e1164a446bd42c513a6ff99e17506484fa027611ac9de5462fb,3
5529,obj:466e3fc198c92e1164a446bd42c513a6ff99e17506484fa027611ac9de5462fb,3
5530,obj:a2d5bb1c231e1947a79ae93d2aa4f36df54ff1af6a969495731437447ff2dbfc,2
5531,obj:a2d5bb1c231e1947a79ae93d2aa4f36df54ff1af6a969495731437447ff2dbfc,2
5532,obj:d93e60b43594aecd2c6fae8c0497793de01ce27894b6ad91ca21f2de70df8ac6,1
5533,obj:d93e60b43594aecd2c6fae8c0497793de01ce27894b6ad91ca21f2de70df8ac6,1
5534,obj:be15400a769d09cd5c82a5986b6794caf61e843283ed04159353d941a894f850,0
5535,obj:be15400a769d09cd5c82a5986b6794caf61e843283ed04159353d941a894f850,0
5536,obj:2d305cf10fbb2031ebdcc22cc816a918c53a47df7a70eb307ecd6c9529c16648,4
5537,obj:2d305cf10fbb2031ebdcc22cc816a918c53a47df7a70eb307ecd6c9529c16648,4
5538,obj:29eece8688757872f4e16f89fa29c7ada0d21e23ffa0aca5c9059196fe854c99,0
5539,obj:29eece8688757872f4e16f89fa29c7ada0d21e23ffa0aca5c9059196fe854c99,0
5540,obj:ac55f8ced3583c5bfbbe8297e34fb8446cdf4905d34c4f9989669d10b98cb17d,1
5541,obj:ac55f8ced3583c5bfbbe8297e34fb8446cdf4905d34c4f9989669d10b98cb17d,1
5542,obj:84a79cbd04d1547281ed5452462bc6f0e2a29c3bc267d544f08a789a41767d6a,0
5543,obj:84a79cbd04d1547281ed5452462bc6f0e2a29c3bc267d544f08a789a41767d6a,0
5544,obj:f2a39a0c4caeefd7b8bb74cd9f18364365998228afd3142321fbc07e51807e01,1
5545,obj:f2a39a0c4caeefd7b8bb74cd9f18364365998228afd3142321fbc07e51807e01,1
5546,obj:0862b2aa6697cf4c458e48b37df110e0214acc6d280c28e6faaadba4b3ce1543,1
5547,obj:0862b2aa6697cf4c458e48b37df110e0214acc6d280c28e6faaadba4b3ce1543,1
5548,obj:0e6b779faed1f187218c88fd9fd8bb94e56bc9dd0f41f324ff7baf8edd20cd96,2
5549,obj:0e6b779faed1f187218c88fd9fd8bb94e56bc9dd0f41f324ff7baf8edd20cd96,2
5550,obj:e82b82257c3a956f33f0ff37ea1864100775ba021dbcbcd04fe74ed0b3abcc7e,0
5551,obj:e82b82257c3a956f33f0ff37ea1864100775ba021dbcbcd04fe74ed0b3abcc7e,0
5552,obj:26e3c0918ee7fa830369c42f436789723a41574bd0a76ade09f316c0e3453687,2
5553,obj:26e3c0918ee7fa830369c42f436789723a41574bd0a76ade09f316c0e3453687,2
5554,obj:296e8e1452c5ff9d3931084390dcf9d4c8bdd956c7f03effa10eec906f76b9ba,0
5555,obj:296e8e1452c5ff9d3931084390dcf9d4c8bdd956c7f03effa10eec906f76b9ba,0
5556,obj:ec74b5aac6c7402f61f2fa9bce84c7b37722a3c8b5f053bbd55be0703ae1e6d3,4
5557,obj:ec74b5aac6c7402f61f2fa9bce84c7b37722a3c8b5f053bbd55be0703ae1e6d3,4
5558,obj:159cb47fc04086d24da6413b0ac8d447abddf8be04778e09fa117a1cb4262741,3
5559,obj:159cb47fc04086d24da6413b0ac8d447abddf8be04778e09fa117a1cb4262741,3
5560,obj:eaee23a3aeffa16a2c9810aa024cfa42b5860702df05109eb723a214b2608ec3,4
5561,obj:eaee23a3aeffa16a2c9810aa024cfa42b5860702df05109eb723a214b2608ec3,4
5562,obj:f0b7b3b85b945ae454704876881f21c9c43a035762a2a91e7c32dfdb8cc56d6c,0
5563,obj:f0b7b3b85b945ae454704876881f21c9c43a035762a2a91e7c32dfdb8cc56d6c,0
5564,obj:0862b2aa6697cf4c458e48b37df110e0214acc6d280c28e6faaadba4b3ce1543,1
5565,obj:0862b2aa6697cf4c458e48b37df110e0214acc6d280c28e6faaadba4b3ce1543,1
5566,obj:d2164dfc18af96e75326e5e6e9f88088a864ee91cd74764df5c3cd96a05cb7f9,2
5567,obj:d2164dfc18af96e75326e5e6e9f88088a864ee91cd74764df5c3cd96a05cb7f9,2
5568,obj:18d5de7c5d837b6b65b7d109b14dc98a643df83fa057503bf0c0850e8ceb01cc,1
5569,obj:18d5de7c5d837b6b65b7d109b14dc98a643df83fa057503bf0c0850e8ceb01cc,1
5570,obj:a9974f1de4e60c550662eb080bcdda27a65ee874416ba97003e3de96c28ca97e,1
5571,obj:a9974f1de4e60c550662eb080bcdda27a65ee874416ba97003e3de96c28ca97e,1
5572,obj:6f42c582dd6e7b27eddd6730b11995ca503093dad0f4987c546821d807630805,4
5573,obj:6f42c582dd6e7b27eddd6730b11995ca503093dad0f4987c546821d807630805,4
5574,obj:5c83acccf968597080b7d1e424bb3953dfc6caf6b244980908beb2d25eb753c1,4
5575,obj:5c83acccf968597080b7d1e424bb3953dfc6caf6b244980908beb2d25eb753c1,4
5576,obj:55c49a17a53b9f95870ec87c1cb7dc0c08fcde9c866a652bfc008494c0902226,1
5577,obj:55c49a17a53b9f95870ec87c1cb7dc0c08fcde9c866a652bfc008494c0902226,1
5578,obj:be0ffac716b0c09de9592062f3c22d1bef17343fb156c0edeb507ad693b5c98f,0
5579,obj:be0ffac716b0c09de9592062f3c22d1bef17343fb156c0edeb507ad693b5c98f,0
5580,obj:932d28b14da7dbb7ca0c050383db3726630ec3dd764a20a57ed84e23dee033bb,0
5581,obj:932d28b14da7dbb7ca0c050383db3726630ec3dd764a20a57ed84e23dee033bb,0
5582,obj:4ed01982625a54d1c74910433c6dfda2a920b756e8feeb7bad9b53db7073f3e1,4
5583,obj:4ed01982625a54d1c74910433c6dfda2a920b756e8feeb7bad9b53db7073f3e1,4
5584,obj:a2477681ca69b3021b373a0d83996a90d6346f2e1711d2f870118c33a20f3888,3
5585,obj:a2477681ca69b3021b373a0d83996a90d6346f2e1711d2f870118c33a20f3888,3
5586,obj:f41f8f694efffe7106adb9002b3ef5920f971d34416c529566656d6bbc75a579,4
5587,obj:f41f8f694efffe7106adb9002b3ef5920f971d34416c529566656d6bbc75a579,4
5588,obj:fe100100f2f5de50b12f9ee5413558bfdcdd45928ba8cde9654f1a4d3a92f725,2
5589,obj:fe100100f2f5de50b12f9ee5413558bfdcdd45928ba8cde9654f1a4d3a92f725,2
5590,obj:9e11104453e23bde504ef073fb204792744fc29579926f0c9b509bc2d7973e0e,1
5591,obj:9e11104453e23bde504ef073fb204792744fc29579926f0c9b509bc2d7973e0e,1
5592,obj:67e1d06256dcfd1f806230cdbdbbeecfae13b281553689a47db5b205bc60d571,4
5593,obj:67e1d06256dcfd1f806230cdbdbbeecfae13b281553689a47db5b205bc60d571,4
5594,obj:cd590cded55d94480e6310dca774e0f0290aa967ef819f828622bf923fc56ff0,4
5595,obj:cd590cded55d94480e6310dca774e0f0290aa967ef819f828622bf923fc56ff0,4
5596,obj:97f0f6ab1cc802c5729dad681328513cacb64bd81421985ac574e7adf93681eb,2
5597,obj:97f0f6ab1cc802c5729dad681328513cacb64bd81421985ac574e7adf93681eb,2
5598,obj:af04b24a14df895c34085ad8ca5e36891e002ca59a21179d01479d2e0ba11080,0
5599,obj:af04b24a14df895c34085ad8ca5e36891e002ca59a21179d01479d2e0ba11080,0
5600,obj:34626ad89de84d603f3b298c3e684e4a51ae56eadf8b167964e2d4497f2e56e6,2
5601,obj:34626ad89de84d603f3b298c3e684e4a51ae56eadf8b167964e2d4497f2e56e6,2
5602,obj:296e8e1452c5ff9d3931084390dcf9d4c8bdd956c7f03effa10eec906f76b9ba,0
5603,obj:296e8e1452c5ff9d3931084390dcf9d4c8bdd956c7f03effa10eec906f76b9ba,0
5604,obj:03b41a008681e85447786e3795219a141a7daf35147f05f3daf297c2e45798db,3
5605,obj:03b41a008681e85447786e3795219a141a7daf35147f05f3daf297c2e45798db,3
5606,obj:932d28b14da7dbb7ca0c050383db3726630ec3dd764a20a57ed84e23dee033bb,0
5607,obj:932d28b14da7dbb7ca0c050383db3726630ec3dd764a20a57ed84e23dee033bb,0
5608,obj:406153420f6ff0d0d6275fe7996d2877d3e62f66e44e126cb3c3b45dbc088317,4
5609,obj:406153420f6ff0d0d6275fe7996d2877d3e62f66e44e126cb3c3b45dbc088317,4
5610,obj:ab6c74296fc95bce147c19cea95cdff3e29c53d3446f93d25a998250fb0db594,2
5611,obj:ab6c74296fc95bce147c19cea95cdff3e29c53d3446f93d25a998250fb0db594,2
5612,obj:986c15d3c092484cb8b7016933d7571784e1af1dc7c93475fe71168918ff1213,3
5613,obj:986c15d3c092484cb8b7016933d7571784e1af1dc7c93475fe71168918ff1213,3
5614,obj:18c3d917f24a545be03ab959b7e19d3db45d4e7c2bee711e7dc2d258f50475f1,2
5615,obj:18c3d917f24a545be03ab959b7e19d3db45d4e7c2bee711e7dc2d258f50475f1,2
5616,obj:07465541eee71fde2d20fd61cc5bdc048b332ffa0ac4c4e600bee20c620a4fa4,1
5617,obj:07465541eee71fde2d20fd61cc5bdc048b332ffa0ac4c4e600bee20c620a4fa4,1
5618,obj:eccf608ab1311c270972b2bde1b11074b67e485d7b362f2b1b5dd693acc6a8d1,4
5619,obj:eccf608ab1311c270972b2bde1b11074b67e485d7b362f2b1b5dd693acc6a8d1,4
5620,obj:6439c3172219dbca2885e9b69d93b6d176a7e189063dedf6fcefc557cb1fa4b1,4
5621,obj:6439c3172219dbca2885e9b69d93b6d176a7e189063dedf6fcefc557cb1fa4b1,4
5622,obj:65550a8ff06787c9093bd33522a47c88cdae7a4803919b88575768fc1ac13982,0
5623,obj:65550a8ff06787c9093bd33522a47c88cdae7a4803919b88575768fc1ac13982,0
5624,obj:56bf287a2d154b7ce49345757eff726fa1d72f8344c2114094bbf27369f0611b,0
5625,obj:56bf287a2d154b7ce49345757eff726fa1d72f8344c2114094bbf27369f0611b,0
5626,obj:84eafe31584031935d142aff402d789b8f8f4d964a0a8da4934a29c57787ac9f,4
5627,obj:84eafe31584031935d142aff402d789b8f8f4d964a0a8da4934a29c57787ac9f,4
5628,obj:418ecf41b76a528b7650ff9d3f1be220f5896563f15bc69c80ccd69dfd40a516,3
5629,obj:418ecf41b76a528b7650ff9d3f1be220f5896563f15bc69c80ccd69dfd40a516,3
5630,obj:15419b8943f8926db86a9bf497d2cb32df6b17daeb1e013bb50b066482649dc4,4
5631,obj:15419b8943f8926db86a9bf497d2cb32df6b17daeb1e013bb50b066482649dc4,4
5632,obj:abf99b43746bafa82f0bc698000dec3c1ce8a24928f24fbe639fed8197e9900b,2
5633,obj:abf99b43746bafa82f0bc698000dec3c1ce8a24928f24fbe639fed8197e9900b,2
5634,obj:e3dcd2e89f2663987860fe985f8492cb6f044371fdc02a211b60fec7eea44686,2
5635,obj:e3dcd2e89f2663987860fe985f8492cb6f044371fdc02a211b60fec7eea44686,2
5636,obj:6fe8810f732265a067c10baaa27d41c6dce0dc1dea843bd793a68237bf5bb026,2
5637,obj:6fe8810f732265a067c10baaa27d41c6dce0dc1dea843bd793a68237bf5bb026,2
5638,obj:9ecf0e9cee3a8d0f5f9fddb0869678d010ec8a52b5f657fa7cd8e60ead9a0c44,2
5639,obj:9ecf0e9cee3a8d0f5f9fddb0869678d010ec8a52b5f657fa7cd8e60ead9a0c44,2
5640,obj:a0758ab2a908180dff98fd16e6495440183b176d2fc3c4be5a760d6609ecf564,2
5641,obj:a0758ab2a908180dff98fd16e6495440183b176d2fc3c4be5a760d6609ecf564,2
5642,obj:ca79dcc3736dd080c642f4b77b9c3a39c2499890935390bda7a8b6d4909ca5ae,0
5643,obj:ca79dcc3736dd080c642f4b77b9c3a39c2499890935390bda7a8b6d4909ca5ae,0
5644,obj:558c517069e6b1447edc0a86845067f002962b9c9c0828ca69f7b839f53c40ca,2
5645,obj:558c517069e6b1447edc0a86845067f002962b9c9c0828ca69f7b839f53c40ca,2
5646,obj:a2d5bb1c231e1947a79ae93d2aa4f36df54ff1af6a969495731437447ff2dbfc,2
5647,obj:a2d5bb1c231e1947a79ae93d2aa4f36df54ff1af6a969495731437447ff2dbfc,2
5648,obj:b22b996fa01bce2e127a937b594a2adc4d0af05c7cf0337acd87a109d5b1548d,4
5649,obj:b22b996fa01bce2e127a937b594a2adc4d0af05c7cf0337acd87a109d5b1548d,4
5650,obj:4f25dc37596f282d4e43d1e2ce9414be31c236e31e66c78deaf59b35817f2eb5,2
5651,obj:4f25dc37596f282d4e43d1e2ce9414be31c236e31e66c78deaf59b35817f2eb5,2
5652,obj:2b6b2a4482abce7bec5b9b8c3fe5a16b880a9876fa3beb4dc17c8d4029ef3e4b,1
5653,obj:2b6b2a4482abce7bec5b9b8c3fe5a16b880a9876fa3beb4dc17c8d4029ef3e4b,1
5654,obj:7af798ed2beb2c27d18760f1112044691321995ebe42704db0e399af7e4f2117,2
5655,obj:7af798ed2beb2c27d18760f1112044691321995ebe42704db0e399af7e4f2117,2
5656,obj:d7c2d75733396dfe0517c19b6252840449477a1f6bc8019c04aca8d814297d4f,2
5657,obj:d7c2d75733396dfe0517c19b6252840449477a1f6bc8019c04aca8d814297d4f,2
5658,obj:fcc768518366f25501abb99f7f4535bbc8087982fac4db11491ff3c6589909ae,3
5659,obj:fcc768518366f25501abb99f7f4535bbc8087982fac4db11491ff3c6589909ae,3
5660,obj:42caf8981cd6b69af203209b66a1294e0f5fb657d7d17e3d6e9a36c2b16a3a3e,4
5661,obj:42caf8981cd6b69af203209b66a1294e0f5fb657d7d17e3d6e9a36c2b16a3a3e,4
5662,obj:9c9c2ac38c70afb45f8705b3ea0ec910bad3b95f99ddf95297b97a22cd9c3695,3
5663,obj:9c9c2ac38c70afb45f8705b3ea0ec910bad3b95f99ddf95297b97a22cd9c3695,3
5664,obj:e185f3cb87dd6f96ecd6dcb725a2ef73b0afeac90bea1f6f6108eb004dcb9be4,4
5665,obj:e185f3cb87dd6f96ecd6dcb725a2ef73b0afeac90bea1f6f6108eb004dcb9be4,4
5666,obj:2235fc68a2ce1f17e5fa81ab1784cf01a8041bb5380d4785b919f43320205e15,3
5667,obj:2235fc68a2ce1f17e5fa81ab1784cf01a8041bb5380d4785b919f43320205e15,3
5668,obj:29eece8688757872f4e16f89fa29c7ada0d21e23ffa0aca5c9059196fe854c99,0
5669,obj:29eece8688757872f4e16f89fa29c7ada0d21e23ffa0aca5c9059196fe854c99,0
5670,obj:6482b4b60eb8820095cd6c899701148d618b3e2ee45d2bf938f446877b2ec632,4
5671,obj:6482b4b60eb8820095cd6c899701148d618b3e2ee45d2bf938f446877b2ec632,4
5672,obj:8b57a48546c14b9e216f9aa13de7973c18f1dfe8dacc2c4d767b9bdf10a7acf6,2
5673,obj:8b57a48546c14b9e216f9aa13de7973c18f1dfe8dacc2c4d767b9bdf10a7acf6,2
5674,obj:bef76cad5361a3359ac9050bdf7c5cee53854424331f662b4b574fa404fa0515,4
5675,obj:bef76cad5361a3359ac9050bdf7c5cee53854424331f662b4b574fa404fa0515,4
5676,obj:02f536da9c30cc410a379452021c4aeda213f5eeb9e73bd9493ca30dfd511b80,3
5677,obj:02f536da9c30cc410a379452021c4aeda213f5eeb9e73bd9493ca30dfd511b80,3
5678,obj:34c7f48391498258c43d8e1d5039c78a38e45a63f892e3c98b19d66f21c06808,1
5679,obj:34c7f48391498258c43d8e1d5039c78a38e45a63f892e3c98b19d66f21c06808,1
5680,obj:4ed01982625a54d1c74910433c6dfda2a920b756e8feeb7bad9b53db7073f3e1,4
5681,obj:4ed01982625a54d1c74910433c6dfda2a920b756e8feeb7bad9b53db7073f3e1,4
5682,obj:a2d5bb1c231e1947a79ae93d2aa4f36df54ff1af6a969495731437447ff2dbfc,2
5683,obj:a2d5bb1c231e1947a79ae93d2aa4f36df54ff1af6a969495731437447ff2dbfc,2
5684,obj:c7588ab736da0cd0e738bd30526126dd5c97f420938d504b16d426a5c38a8f6d,2
5685,obj:c7588ab736da0cd0e738bd30526126dd5c97f420938d504b16d426a5c38a8f6d,2
5686,obj:5d2727ebaab86cbc51eece674fc47a1aa712fc9978a1fcdb97a7a40872d26837,4
5687,obj:5d2727ebaab86cbc51eece674fc47a1aa712fc9978a1fcdb97a7a40872d26837,4
5688,obj:822ce48f062b5aa7baf7d16ecb2be37fa8ddffa46136175f2ee3b072a891084a,4
5689,obj:822ce48f062b5aa7baf7d16ecb2be37fa8ddffa46136175f2ee3b072a891084a,4
5690,obj:e185f3cb87dd6f96ecd6dcb725a2ef73b0afeac90bea1f6f6108eb004dcb9be4,4
5691,obj:e185f3cb87dd6f96ecd6dcb725a2ef73b0afeac90bea1f6f6108eb004dcb9be4,4
5692,obj:bd6b56ce3684ebe73ac9a07ac8d37911eaf96a93735b750752e276cb5b2e2e1f,0
5693,obj:bd6b56ce3684ebe73ac9a07ac8d37911eaf96a93735b750752e276cb5b2e2e1f,0
5694,obj:84eafe31584031935d142aff402d789b8f8f4d964a0a8da4934a29c57787ac9f,4
5695,obj:84eafe31584031935d142aff402d789b8f8f4d964a0a8da4934a29c57787ac9f,4
5696,obj:932d28b14da7dbb7ca0c050383db3726630ec3dd764a20a57ed84e23dee033bb,0
5697,obj:932d28b14da7dbb7ca0c050383db3726630ec3dd764a20a57ed84e23dee033bb,0
5698,obj:f8b621e0ffc66dfe0e59f707f32dc6047e9449caf4df026d60bef5473095c509,1
5699,obj:f8b621e0ffc66dfe0e59f707f32dc6047e9449caf4df026d60bef5473095c509,1
5700,obj:0862b2aa6697cf4c458e48b37df110e0214acc6d280c28e6faaadba4b3ce1543,1
5701,obj:0862b2aa6697cf4c458e48b37df110e0214acc6d280c28e6faaadba4b3ce1543,1
5702,obj:4f48f51a90fa82c53f4e6d4c0e1aadc8f7b3dcb35aa5435422d92054abaae5ca,2
5703,obj:4f48f51a90fa82c53f4e6d4c0e1aadc8f7b3dcb35aa5435422d92054abaae5ca,2
5704,obj:7d136cf659f81d3dcfed9b6dd466f83de85ae8812fb2fa5fd59767c52268c8c1,1
5705,obj:7d136cf659f81d3dcfed9b6dd466f83de85ae8812fb2fa5fd59767c52268c8c1,1
5706,obj:d6a7db905403b0620bf5c6343015b5de7df9af636f6c76188712ef30b8c9f62f,4
5707,obj:d6a7db905403b0620bf5c6343015b5de7df9af636f6c76188712ef30b8c9f62f,4
5708,obj:f0517901c69968550318ee0dc055dfca76d79c2820cf0cb4945aa719a5f35278,3
5709,obj:f0517901c69968550318ee0dc055dfca76d79c2820cf0cb4945aa719a5f35278,3
5710,obj:0862b2aa6697cf4c458e48b37df110e0214acc6d280c28e6faaadba4b3ce1543,1
5711,obj:0862b2aa6697cf4c458e48b37df110e0214acc6d280c28e6faaadba4b3ce1543,1
5712,obj:79397538155dfca0b813e0fbea4c4459bf58e4e86d3aaf4b8934028f07b4a7b1,0
5713,obj:79397538155dfca0b813e0fbea4c4459bf58e4e86d3aaf4b8934028f07b4a7b1,0
5714,obj:da62500e40d3d2f0faec41e34f4325dcb8f91f5232b3865e251e566176c0c21c,3
5715,obj:da62500e40d3d2f0faec41e34f4325dcb8f91f5232b3865e251e566176c0c21c,3
5716,obj:cbc63221f137748a3b8fee24f07ab1319043c296f71a574ff4dc47b72e0adcca,2
5717,obj:cbc63221f137748a3b8fee24f07ab1319043c296f71a574ff4dc47b72e0adcca,2
5718,obj:eb6ebcb4a467fa631675bc081f39feb01f3860fe37d8fbf44e383f9c13e0cdbf,2
5719,obj:eb6ebcb4a467fa631675bc081f39feb01f3860fe37d8fbf44e383f9c13e0cdbf,2
5720,obj:76717d0f0b12b3e42c96401a42613533488fcf4f807424e1d33cc36eac981b1c,4
5721,obj:76717d0f0b12b3e42c96401a42613533488fcf4f807424e1d33cc36eac981b1c,4
5722,obj:7a2f53a46240f38995e7b95e2f11795be25b73910da0fab71d30c4de04b33063,1
5723,obj:7a2f53a46240f38995e7b95e2f11795be25b73910da0fab71d30c4de04b33063,1
5724,obj:4832455486ac0e6241b9797b16053e9c346f4af5b93fe0215e58966881bd10a8,3
5725,obj:4832455486ac0e6241b9797b16053e9c346f4af5b93fe0215e58966881bd10a8,3
5726,obj:80490611649d9084cc7da767e0672af9ea959ed6fa7d2170550eb5475289177d,4
5727,obj:80490611649d9084cc7da767e0672af9ea959ed6fa7d2170550eb5475289177d,4
5728,obj:1f71ff850fb19d301a606393aae143168377922aac1aafde0908bb1412c26740,2
5729,obj:1f71ff850fb19d301a606393aae143168377922aac1aafde0908bb1412c26740,2
5730,obj:2235fc68a2ce1f17e5fa81ab1784cf01a8041bb5380d4785b919f43320205e15,3
5731,obj:2235fc68a2ce1f17e5fa81ab1784cf01a8041bb5380d4785b919f43320205e15,3
5732,obj:2c0f34b8bf9d8e437546226233253b64334ab8fd0463a73b74d18d9874532949,2
5733,obj:2c0f34b8bf9d8e437546226233253b64334ab8fd0463a73b74d18d9874532949,2
5734,obj:acbbd7aec28c19a54b2dfc089a03a3b647d18549357f74207bb977063d64818f,0
5735,obj:acbbd7aec28c19a54b2dfc089a03a3b647d18549357f74207bb977063d64818f,0
5736,obj:3cb4c291e0f727f4b5e3b8d5324499182583ddcc1b48a2ebb1a91b39319c2f06,2
5737,obj:3cb4c291e0f727f4b5e3b8d5324499182583ddcc1b48a2ebb1a91b39319c2f06,2
5738,obj:6ad40eed9f6ba480aa72a99ecde93d0724ee84b048aa801c9c3dac88d69a81cf,4
5739,obj:6ad40eed9f6ba480aa72a99ecde93d0724ee84b048aa801c9c3dac88d69a81cf,4
5740,obj:5c83acccf968597080b7d1e424bb3953dfc6caf6b244980908beb2d25eb753c1,4
5741,obj:5c83acccf968597080b7d1e424bb3953dfc6caf6b244980908beb2d25eb753c1,4
5742,obj:34c6dd2aac21972eca3a605527ddca4876c3ec81a7cc7e6e59418ca50b032d84,2
5743,obj:34c6dd2aac21972eca3a605527ddca4876c3ec81a7cc7e6e59418ca50b032d84,2
5744,obj:ec24e37899439a269cbaba24f857eab788a1e8abfe394fed62046b331b8ed1a9,4
5745,obj:ec24e37899439a269cbaba24f857eab788a1e8abfe394fed62046b331b8ed1a9,4
5746,obj:e1ef84b753b136891901095813e4a5230e54e39f7994f099129e9b8447b24544,0
5747,obj:e1ef84b753b136891901095813e4a5230e54e39f7994f099129e9b8447b24544,0
5748,obj:9f5b612832cd4b47e09844791f58af507b0b8888f3b0765429ebaf073339182e,4
5749,obj:9f5b612832cd4b47e09844791f58af507b0b8888f3b0765429ebaf073339182e,4
5750,obj:0fc24081545314f2250a4a8a3c4ed358d3978f7e088ae89901820e95e2152abd,0
5751,obj:0fc24081545314f2250a4a8a3c4ed358d3978f7e088ae89901820e95e2152abd,0
5752,obj:45362a75000c084757cd08479e4fa728ab9eff667078384c98e1758239c63d54,3
5753,obj:45362a75000c084757cd08479e4fa728ab9eff667078384c98e1758239c63d54,3
5754,obj:2555e4e4aa1f2f5ea33327eff2ff3ba6d5e0b04fc41cf6f648b1b53cf71c05b2,3
5755,obj:2555e4e4aa1f2f5ea33327eff2ff3ba6d5e0b04fc41cf6f648b1b53cf71c05b2,3
5756,obj:e912b8d00177a673ac473b2521d8dcd93e81a34327ef8055900a038adfcc9fc9,1
5757,obj:e912b8d00177a673ac473b2521d8dcd93e81a34327ef8055900a038adfcc9fc9,1
5758,obj:cd590cded55d94480e6310dca774e0f0290aa967ef819f828622bf923fc56ff0,4
5759,obj:cd590cded55d94480e6310dca774e0f0290aa967ef819f828622bf923fc56ff0,4
5760,obj:d401d33a46aa6e6bda49f98b3eb60b1d6b04226cb330bbb43b83f9a22f93c28e,4
5761,obj:d401d33a46aa6e6bda49f98b3eb60b1d6b04226cb330bbb43b83f9a22f93c28e,4
5762,obj:e72cdf54661f34131c40ec369c856fb709d095c32452f3583494c0648562460e,2
5763,obj:e72cdf54661f34131c40ec369c856fb709d095c32452f3583494c0648562460e,2
5764,obj:467ed4dc5d7cffc486e70d85145bdd0a7decdcbaf527f8cf038b90e0d8a5ea62,4
5765,obj:467ed4dc5d7cffc486e70d85145bdd0a7decdcbaf527f8cf038b90e0d8a5ea62,4
5766,obj:20aa8ad19bf24b88cea24ff6d03c0782e73451c27fdac32adbe6d093c09568a6,3
5767,obj:20aa8ad19bf24b88cea24ff6d03c0782e73451c27fdac32adbe6d093c09568a6,3
5768,obj:dd96155afdd28f87a53d3ad2e615db6d3454260d5a94ca420a5f76992cfb7974,0
5769,obj:dd96155afdd28f87a53d3ad2e615db6d3454260d5a94ca420a5f76992cfb7974,0
5770,obj:816b184b9beffadf165ecde005c34903e15e3ff271cd35fe8cd88d7766642051,2
5771,obj:816b184b9beffadf165ecde005c34903e15e3ff271cd35fe8cd88d7766642051,2
5772,obj:df3d09c624385935bc6f24fba7a6a953735890efafce0e3820de2e320d32c259,0
5773,obj:df3d09c624385935bc6f24fba7a6a953735890efafce0e3820de2e320d32c259,0
5774,obj:327dbdab56a83001daece5fe35d8f78a4e249d4e7444dec1651d42b0de4ae0f5,1
5775,obj:327dbdab56a83001daece5fe35d8f78a4e249d4e7444dec1651d42b0de4ae0f5,1
5776,obj:d433386b08d4852969ae6693b8033b6f40bdf939c3e5fc81903f308317754219,3
5777,obj:d433386b08d4852969ae6693b8033b6f40bdf939c3e5fc81903f308317754219,3
5778,obj:d0ad766bf38386323e71515c540c11165dbc1ff9bde04b92976e4d879a2199d4,2
5779,obj:d0ad766bf38386323e71515c540c11165dbc1ff9bde04b92976e4d879a2199d4,2
5780,obj:c7588ab736da0cd0e738bd30526126dd5c97f420938d504b16d426a5c38a8f6d,2
5781,obj:c7588ab736da0cd0e738bd30526126dd5c97f420938d504b16d426a5c38a8f6d,2
5782,obj:6488aebe30e63e9b143d4cba3868dae254874b6327a81b73b66a18b230579780,0
5783,obj:6488aebe30e63e9b143d4cba3868dae254874b6327a81b73b66a18b230579780,0
5784,obj:7690cc18c90fe8943612fc9abfd6b5969b5ff253ba78140c521f7b442c4f735e,3
5785,obj:7690cc18c90fe8943612fc9abfd6b5969b5ff253ba78140c521f7b442c4f735e,3
5786,obj:4a81dc3adaff0e4807d8873ee01d9089c252fe547236d5ef7640e73aee81eed5,3
5787,obj:4a81dc3adaff0e4807d8873ee01d9089c252fe547236d5ef7640e73aee81eed5,3
5788,obj:28cbe74d60ca404771c92af75db010c6d1ad036b1422cc4f3a806e1fc9ca96bb,3
5789,obj:28cbe74d60ca404771c92af75db010c6d1ad036b1422cc4f3a806e1fc9ca96bb,3
5790,obj:2235fc68a2ce1f17e5fa81ab1784cf01a8041bb5380d4785b919f43320205e15,3
5791,obj:2235fc68a2ce1f17e5fa81ab1784cf01a8041bb5380d4785b919f43320205e15,3
5792,obj:0c66bd8c620766f86a1a906ab6eafc5183cb9f5249de15183d370af9029d28e1,1
5793,obj:6439c3172219dbca2885e9b69d93b6d176a7e189063dedf6fcefc557cb1fa4b1,4
5794,obj:d84e2b70ccc73c20d9ec823c194d855e44620f1863f8d1b66a454fcf5fdeef84,1
5795,obj:d84e2b70ccc73c20d9ec823c194d855e44620f1863f8d1b66a454fcf5fdeef84,1
5796,obj:34c7f48391498258c43d8e1d5039c78a38e45a63f892e3c98b19d66f21c06808,1
5797,obj:34c7f48391498258c43d8e1d5039c78a38e45a63f892e3c98b19d66f21c06808,1
5798,obj:678068bc111df93e9cfb5b8775ce1e57e216ef87123563c6c95f464dae63045a,4
5799,obj:678068bc111df93e9cfb5b8775ce1e57e216ef87123563c6c95f464dae63045a,4
5800,obj:d58c8ea19f848ea899e80dd583242d284d83a239a2aaa9fbb8b0ee6ad344c7ab,1
5801,obj:d58c8ea19f848ea899e80dd583242d284d83a239a2aaa9fbb8b0ee6ad344c7ab,1
5802,obj:65e6eef4eb2918f1b7c73042989e5f6c305339b1cc5c1a04782b25b7b6ec00fd,4
5803,obj:65e6eef4eb2918f1b7c73042989e5f6c305339b1cc5c1a04782b25b7b6ec00fd,4
5804,obj:c7588ab736da0cd0e738bd30526126dd5c97f420938d504b16d426a5c38a8f6d,2
5805,obj:c7588ab736da0cd0e738bd30526126dd5c97f420938d504b16d426a5c38a8f6d,2
5806,obj:8a7d63542131081842b3d74949f9526d3b40c8f6bcc95a325961423701b42c54,1
5807,obj:8a7d63542131081842b3d74949f9526d3b40c8f6bcc95a325961423701b42c54,1
5808,obj:6baf44c4c85dd2165fe737981ee3de2ad47f149d6dc49176ff035338ab7f8541,3
5809,obj:6baf44c4c85dd2165fe737981ee3de2ad47f149d6dc49176ff035338ab7f8541,3
5810,obj:c7588ab736da0cd0e738bd30526126dd5c97f420938d504b16d426a5c38a8f6d,2
5811,obj:c7588ab736da0cd0e738bd30526126dd5c97f420938d504b16d426a5c38a8f6d,2
5812,obj:23cb261fe8145607ff274faedb2a4e8698c62f4d7251b7083f5ac8e9a1e6f873,1
5813,obj:23cb261fe8145607ff274faedb2a4e8698c62f4d7251b7083f5ac8e9a1e6f873,1
5814,obj:45362a75000c084757cd08479e4fa728ab9eff667078384c98e1758239c63d54,3
5815,obj:45362a75000c084757cd08479e4fa728ab9eff667078384c98e1758239c63d54,3
5816,obj:cb82bc92e39b6d517d6ea24c06730eb49c4373de3a2557884309bd20252d75c9,1
5817,obj:cb82bc92e39b6d517d6ea24c06730eb49c4373de3a2557884309bd20252d75c9,1
5818,obj:3374763456e9f00889112fa12bf5cae28064a1118804bd4ae6f0a3d41fd65286,1
5819,obj:3374763456e9f00889112fa12bf5cae28064a1118804bd4ae6f0a3d41fd65286,1
5820,obj:1f3bc73f1d3a88dd404a86254983f57cf71597c36909822a038699e3ab8ba82f,1
5821,obj:1f3bc73f1d3a88dd404a86254983f57cf71597c36909822a038699e3ab8ba82f,1
5822,obj:e3dcd2e89f2663987860fe985f8492cb6f044371fdc02a211b60fec7eea44686,2
5823,obj:e3dcd2e89f2663987860fe985f8492cb6f044371fdc02a211b60fec7eea44686,2
5824,obj:71c9b63c7589f928dde668a2f52f42ad98beb1b63f0d9c49807e843634b542b9,0
5825,obj:71c9b63c7589f928dde668a2f52f42ad98beb1b63f0d9c49807e843634b542b9,0
5826,obj:372ff7a98d2b6ca4c07e792ddb5a619b571dff906785c77989acdb048307d6b9,2
5827,obj:372ff7a98d2b6ca4c07e792ddb5a619b571dff906785c77989acdb048307d6b9,2
5828,obj:6f42c582dd6e7b27eddd6730b11995ca503093dad0f4987c546821d807630805,4
5829,obj:6f42c582dd6e7b27eddd6730b11995ca503093dad0f4987c546821d807630805,4
5830,obj:2d305cf10fbb2031ebdcc22cc816a918c53a47df7a70eb307ecd6c9529c16648,4
5831,obj:2d305cf10fbb2031ebdcc22cc816a918c53a47df7a70eb307ecd6c9529c16648,4
5832,obj:38d994c2834918ea9fe904e7d8bc18640f4e0c497b25d3f56c016e5313d24257,2
5833,obj:38d994c2834918ea9fe904e7d8bc18640f4e0c497b25d3f56c016e5313d24257,2
5834,obj:abfd16f77d77bf4e36e0f72e8937c869da0e9e2a7242e65f6d53d67790f9181b,0
5835,obj:abfd16f77d77bf4e36e0f72e8937c869da0e9e2a7242e65f6d53d67790f9181b,0
5836,obj:9b343467c6f16a72385f9ba5b81c71ad618160d0743f64f314e045d13e803dfc,1
5837,obj:9b343467c6f16a72385f9ba5b81c71ad618160d0743f64f314e045d13e803dfc,1
5838,obj:cdeed49d62cac011cadb700d4d7be691904ef2eb5b4726c80d311e4f901be57f,2
5839,obj:cdeed49d62cac011cadb700d4d7be691904ef2eb5b4726c80d311e4f901be57f,2
5840,obj:2543d1c24c44702d80d9ea6039dff1b6b97d92a4dc80b24a9b3bc30d7181289a,0
5841,obj:2543d1c24c44702d80d9ea6039dff1b6b97d92a4dc80b24a9b3bc30d7181289a,0
5842,obj:5c5ed0a6da91b23451b281da51823481c89d1d177543360068beff04d8fdd222,2
5843,obj:5c5ed0a6da91b23451b281da51823481c89d1d177543360068beff04d8fdd222,2
5844,obj:098c5d0562ad4489cdf5944c23d223567937407981e82cd298e4a37c87e15617,2
5845,obj:098c5d0562ad4489cdf5944c23d223567937407981e82cd298e4a37c87e15617,2
5846,obj:b5e35a327d511f29d35b4a9853f9092d792100b361119869c7560979303763d3,3
5847,obj:b5e35a327d511f29d35b4a9853f9092d792100b361119869c7560979303763d3,3
5848,obj:76717d0f0b12b3e42c96401a42613533488fcf4f807424e1d33cc36eac981b1c,4
5849,obj:76717d0f0b12b3e42c96401a42613533488fcf4f807424e1d33cc36eac981b1c,4
5850,obj:8d165211cc410d7327666f1d664875f67e08bd0d218604ba23706eb249678831,2
5851,obj:8d165211cc410d7327666f1d664875f67e08bd0d218604ba23706eb249678831,2
5852,obj:51b17fdaefa959d6818fe44aba4c852596603fba8321c4678bc60aa19eaff07e,4
5853,obj:51b17fdaefa959d6818fe44aba4c852596603fba8321c4678bc60aa19eaff07e,4
5854,obj:0449093a43546338714fbf0c7067bd88b1f34025b946d5ffff0e94c1855d71d6,0
5855,obj:0449093a43546338714fbf0c7067bd88b1f34025b946d5ffff0e94c1855d71d6,0
5856,obj:bef76cad5361a3359ac9050bdf7c5cee53854424331f662b4b574fa404fa0515,4
5857,obj:bef76cad5361a3359ac9050bdf7c5cee53854424331f662b4b574fa404fa0515,4
5858,obj:4d4833b21210421e1a9a770fc9bf2b034109c5c9ac15c41111893c842f2b0f7f,4
5859,obj:4d4833b21210421e1a9a770fc9bf2b034109c5c9ac15c41111893c842f2b0f7f,4
5860,obj:e9cc3d490d363315cefc37ce41ab801d78255470a0e190415d4c96acd90bd4d1,4
5861,obj:e9cc3d490d363315cefc37ce41ab801d78255470a0e190415d4c96acd90bd4d1,4
5862,obj:e842a711eca6459f0d8854553f45bea83384cf41e08051a07ed3412e6b805576,1
5863,obj:e842a711eca6459f0d8854553f45bea83384cf41e08051a07ed3412e6b805576,1
5864,obj:4238bd3a0d5e65a27ad377bdb410c44d760ce7f7cc88fb8cf59d2e5b61074888,4
5865,obj:4238bd3a0d5e65a27ad377bdb410c44d760ce7f7cc88fb8cf59d2e5b61074888,4
5866,obj:8a7d63542131081842b3d74949f9526d3b40c8f6bcc95a325961423701b42c54,1
5867,obj:8a7d63542131081842b3d74949f9526d3b40c8f6bcc95a325961423701b42c54,1
5868,obj:c7588ab736da0cd0e738bd30526126dd5c97f420938d504b16d426a5c38a8f6d,2
5869,obj:c7588ab736da0cd0e738bd30526126dd5c97f420938d504b16d426a5c38a8f6d,2
5870,obj:3145caebd104b4a31f717f4514cd5826d28c49add0c1e6ec0db1670bce601ec5,3
5871,obj:3145caebd104b4a31f717f4514cd5826d28c49add0c1e6ec0db1670bce601ec5,3
5872,obj:1d90d617f213287363ecc5e6a62b81f943b8f80bff0f4730a74e4a0644ed9da6,2
5873,obj:1d90d617f213287363ecc5e6a62b81f943b8f80bff0f4730a74e4a0644ed9da6,2
5874,obj:6f42c582dd6e7b27eddd6730b11995ca503093dad0f4987c546821d807630805,4
5875,obj:6f42c582dd6e7b27eddd6730b11995ca503093dad0f4987c546821d807630805,4
5876,obj:b2e9543a4103bdedc6e4ff5df8a537f37448e573eece1a1d886358b6d6059d59,0
5877,obj:b2e9543a4103bdedc6e4ff5df8a537f37448e573eece1a1d886358b6d6059d59,0
5878,obj:e842a711eca6459f0d8854553f45bea83384cf41e08051a07ed3412e6b805576,1
5879,obj:e842a711eca6459f0d8854553f45bea83384cf41e08051a07ed3412e6b805576,1
5880,obj:abbea23366ec8d7b71ac9266ec9ece3746e668680219d5a874fd5bdb5181464c,0
5881,obj:abbea23366ec8d7b71ac9266ec9ece3746e668680219d5a874fd5bdb5181464c,0
5882,obj:1d0f038500cd370121c0237f583a86c26d1e30a95a644bb1fd1ba8144f4916dc,1
5883,obj:1d0f038500cd370121c0237f583a86c26d1e30a95a644bb1fd1ba8144f4916dc,1
5884,obj:33e3ce3338a960f0a82c8d8b91b870adc478925693b5903b55a425ae39377297,1
5885,obj:33e3ce3338a960f0a82c8d8b91b870adc478925693b5903b55a425ae39377297,1
5886,obj:19a0c81787c12c502c97448f830474bd913128c588a7e73c25e0a5a16b205c68,1
5887,obj:19a0c81787c12c502c97448f830474bd913128c588a7e73c25e0a5a16b205c68,1
5888,obj:c36567782deb4cad7e76b92dba89d233ed7fccf3afb26fdb4c6ee0e767d6ce5d,2
5889,obj:c36567782deb4cad7e76b92dba89d233ed7fccf3afb26fdb4c6ee0e767d6ce5d,2
5890,obj:327dbdab56a83001daece5fe35d8f78a4e249d4e7444dec1651d42b0de4ae0f5,1
5891,obj:327dbdab56a83001daece5fe35d8f78a4e249d4e7444dec1651d42b0de4ae0f5,1
5892,obj:9c9c2ac38c70afb45f8705b3ea0ec910bad3b95f99ddf95297b97a22cd9c3695,3
5893,obj:9c9c2ac38c70afb45f8705b3ea0ec910bad3b95f99ddf95297b97a22cd9c3695,3
5894,obj:d91da974f4197596a6686f617773fdc59019c1349dd73602698be99d3e51b802,3
5895,obj:d91da974f4197596a6686f617773fdc59019c1349dd73602698be99d3e51b802,3
5896,obj:c04761b95284a61fdb85dedafd136d0f4de40d448e2a0c10170e0c31a3c55ce1,0
5897,obj:c04761b95284a61fdb85dedafd136d0f4de40d448e2a0c10170e0c31a3c55ce1,0
5898,obj:4b7cc15b7aa72a212a8b415425cc5bc0a048d2aac84169e1206f9bec66343fcf,2
5899,obj:4b7cc15b7aa72a212a8b415425cc5bc0a048d2aac84169e1206f9bec66343fcf,2
5900,obj:1c1b5fdee8d426f91beef475aa24a86ccaabe53d68e6c4034d3151dcfcac1f71,4
5901,obj:1c1b5fdee8d426f91beef475aa24a86ccaabe53d68e6c4034d3151dcfcac1f71,4
5902,obj:29792c2174d286b39737f3902960b6284866d3518aaa8970e99b205df19ea02b,2
5903,obj:29792c2174d286b39737f3902960b6284866d3518aaa8970e99b205df19ea02b,2
5904,obj:1bd2027fe4f561a024a73efd715be0176a883148a072bd621c8cdc6f75b0c8c3,3
5905,obj:1bd2027fe4f561a024a73efd715be0176a883148a072bd621c8cdc6f75b0c8c3,3
5906,obj:5c83acccf968597080b7d1e424bb3953dfc6caf6b244980908beb2d25eb753c1,4
5907,obj:5c83acccf968597080b7d1e424bb3953dfc6caf6b244980908beb2d25eb753c1,4
5908,obj:2bdb6d687ee3ed3f766ee15b17bc8e4eec4837d40cad088cd2e55217e6806fa2,1
5909,obj:2bdb6d687ee3ed3f766ee15b17bc8e4eec4837d40cad088cd2e55217e6806fa2,1
5910,obj:4d9a2409355d41611cf4881bf884e438c0ef5c1317fd586ab77484465f79dc7c,2
5911,obj:4d9a2409355d41611cf4881bf884e438c0ef5c1317fd586ab77484465f79dc7c,2
5912,obj:836dcad5489a0c5b2c88eec6d610636a3d391fd2a1cb8eb0e577fc79db82fcb1,3
5913,obj:836dcad5489a0c5b2c88eec6d610636a3d391fd2a1cb8eb0e577fc79db82fcb1,3
5914,obj:466e3fc198c92e1164a446bd42c513a6ff99e17506484fa027611ac9de5462fb,3
5915,obj:466e3fc198c92e1164a446bd42c513a6ff99e17506484fa027611ac9de5462fb,3
5916,obj:7757c5bd86ec249b0b850329824738d782f3cf724862557b9d795e69a66f541d,1
5917,obj:7757c5bd86ec249b0b850329824738d782f3cf724862557b9d795e69a66f541d,1
5918,obj:c2db9ebe450596c39a491a569df4bad294b0db04df48ac35c30a5ca5b29d65e7,3
5919,obj:c2db9ebe450596c39a491a569df4bad294b0db04df48ac35c30a5ca5b29d65e7,3
5920,obj:b8cb3c2c097442da5594d4b3eeffceb3c884e07c8bb197de4a0890357d59359b,4
5921,obj:b8cb3c2c097442da5594d4b3eeffceb3c884e07c8bb197de4a0890357d59359b,4
5922,obj:42dd8e966f03d22ba1d54496728ba67cb27cb50a54c67aead9aabec96afd5988,0
5923,obj:42dd8e966f03d22ba1d54496728ba67cb27cb50a54c67aead9aabec96afd5988,0
5924,obj:307782ff255b08a63ac861f3eec017af9dce892ea7f0292d9bb64ddf9d176a0d,4
5925,obj:307782ff255b08a63ac861f3eec017af9dce892ea7f0292d9bb64ddf9d176a0d,4
5926,obj:19a0c81787c12c502c97448f830474bd913128c588a7e73c25e0a5a16b205c68,1
5927,obj:19a0c81787c12c502c97448f830474bd913128c588a7e73c25e0a5a16b205c68,1
5928,obj:46ef9be24d42cba6bb035e4521135f987d7a13f84a4baaaeac468ddc43636e39,2
5929,obj:46ef9be24d42cba6bb035e4521135f987d7a13f84a4baaaeac468ddc43636e39,2
5930,obj:b22b996fa01bce2e127a937b594a2adc4d0af05c7cf0337acd87a109d5b1548d,4
5931,obj:b22b996fa01bce2e127a937b594a2adc4d0af05c7cf0337acd87a109d5b1548d,4
5932,obj:2eac4c9090181a654e7f68840ce5359cd591de98fb78211ece7efdeabec70b6c,0
5933,obj:2eac4c9090181a654e7f68840ce5359cd591de98fb78211ece7efdeabec70b6c,0
5934,obj:f573491394c26568eaab343c3ac83723e28c13f3273394939683173dc1b3173f,0
5935,obj:f573491394c26568eaab343c3ac83723e28c13f3273394939683173dc1b3173f,0
5936,obj:73f5c21e7076394bc707d5f3d0514357e337b6374e45a3d0c57b93587a256668,2
5937,obj:73f5c21e7076394bc707d5f3d0514357e337b6374e45a3d0c57b93587a256668,2
5938,obj:8b386dab6e2181adb167c0af8fe96ee74c6a9f7c55db232baf59c85d3e89dd9f,4
5939,obj:8b386dab6e2181adb167c0af8fe96ee74c6a9f7c55db232baf59c85d3e89dd9f,4
5940,obj:1c76d80be72fad2f9f8e0b4108da7963157dcd8d67bc9724871d220ee35d4fb3,3
5941,obj:1c76d80be72fad2f9f8e0b4108da7963157dcd8d67bc9724871d220ee35d4fb3,3
5942,obj:d33e64f64a7f567baf370618e2b3cdd3b756ae665cef3a02fe2758fdf2f4a463,4
5943,obj:d33e64f64a7f567baf370618e2b3cdd3b756ae665cef3a02fe2758fdf2f4a463,4
5944,obj:a2d5bb1c231e1947a79ae93d2aa4f36df54ff1af6a969495731437447ff2dbfc,2
5945,obj:a2d5bb1c231e1947a79ae93d2aa4f36df54ff1af6a969495731437447ff2dbfc,2
5946,obj:a20436d46f41087773e9e58d3f79d6beceb0d7009119c842290c2a988acf7d26,1
5947,obj:a20436d46f41087773e9e58d3f79d6beceb0d7009119c842290c2a988acf7d26,1
5948,obj:6a42d4c7ab299f471ab52d3534d8fad29dddf68383d742623aa90332cbecee8b,2
5949,obj:6a42d4c7ab299f471ab52d3534d8fad29dddf68383d742623aa90332cbecee8b,2
5950,obj:3922eb4fe458b8c1b26f9a73402394701a16478311254ee33a5038712e011a83,0
5951,obj:3922eb4fe458b8c1b26f9a73402394701a16478311254ee33a5038712e011a83,0
5952,obj:d7f7393db54864f13ceef96fb9585c1e57b4c3ab161fa1099cf5b6138d2cf542,2
5953,obj:d7f7393db54864f13ceef96fb9585c1e57b4c3ab161fa1099cf5b6138d2cf542,2
5954,obj:c839f10d74aa14727f1f129bb9e822d92c5fe34acc3aef4b501f0ae67704b07c,1
5955,obj:c839f10d74aa14727f1f129bb9e822d92c5fe34acc3aef4b501f0ae67704b07c,1
5956,obj:2ac887ba02d5775b0bdbe04f2aadd6ee48d86de3403c798375835a375cb76cff,4
5957,obj:2ac887ba02d5775b0bdbe04f2aadd6ee48d86de3403c798375835a375cb76cff,4
5958,obj:a2a55f1c77aa989fdb7a4d73514ff4b1660dbf2df6ead65d9c571b92d13f1690,1
5959,obj:a2a55f1c77aa989fdb7a4d73514ff4b1660dbf2df6ead65d9c571b92d13f1690,1
5960,obj:8b57a48546c14b9e216f9aa13de7973c18f1dfe8dacc2c4d767b9bdf10a7acf6,2
5961,obj:8b57a48546c14b9e216f9aa13de7973c18f1dfe8dacc2c4d767b9bdf10a7acf6,2
5962,obj:9a1938caa238a816261253b1c47767029b8e0d310e565f89f83adfb4c30b7270,2
5963,obj:9a1938caa238a816261253b1c47767029b8e0d310e565f89f83adfb4c30b7270,2
5964,obj:19a0c81787c12c502c97448f830474bd913128c588a7e73c25e0a5a16b205c68,1
5965,obj:19a0c81787c12c502c97448f830474bd913128c588a7e73c25e0a5a16b205c68,1
5966,obj:cbfce3044d1a5f6ee5473f01458826757031eee2d6c43bd34e888ef316a66008,1
5967,obj:cbfce3044d1a5f6ee5473f01458826757031eee2d6c43bd34e888ef316a66008,1
5968,obj:e59fa8c212c674386b1a2429f8e14d900b0c3cec5e1c390e2543dade40243b2b,0
5969,obj:e59fa8c212c674386b1a2429f8e14d900b0c3cec5e1c390e2543dade40243b2b,0
5970,obj:a2cd0b30f7d8c5e6f15dc0f73266c5eb62e038460eda17a40f6a9bacd4c7cf56,4
5971,obj:a2cd0b30f7d8c5e6f15dc0f73266c5eb62e038460eda17a40f6a9bacd4c7cf56,4
5972,obj:e15696aff9010e71e94e78c9204d9879c7ac81a673e190ceea95023e1c558a1a,2
5973,obj:e15696aff9010e71e94e78c9204d9879c7ac81a673e190ceea95023e1c558a1a,2
5974,obj:db32c5e7a0131480487213adb8afead624c8c6a2a57736a4ac65556da0ac7112,4
5975,obj:db32c5e7a0131480487213adb8afead624c8c6a2a57736a4ac65556da0ac7112,4
5976,obj:96bb898b7cf904d30d59230b90b69f18a3a6fcba2dd2af4110a6556d988a8138,0
5977,obj:96bb898b7cf904d30d59230b90b69f18a3a6fcba2dd2af4110a6556d988a8138,0
5978,obj:45362a75000c084757cd08479e4fa728ab9eff667078384c98e1758239c63d54,3
5979,obj:45362a75000c084757cd08479e4fa728ab9eff667078384c98e1758239c63d54,3
5980,obj:a6c88faa6c285ac22c7ee6d5cb818ccbd568cc62b83df86250ff790d829791e5,0
5981,obj:a6c88faa6c285ac22c7ee6d5cb818ccbd568cc62b83df86250ff790d829791e5,0
5982,obj:fac4fc912130e6449fac46167820daa68dc17d866df32c70b9f7815b5fd74374,0
5983,obj:fac4fc912130e6449fac46167820daa68dc17d866df32c70b9f7815b5fd74374,0
5984,obj:9bce01fecd8647c599f6461120311ac450d6380d35eb2db37d4a15d1d8c2f31b,1
5985,obj:9bce01fecd8647c599f6461120311ac450d6380d35eb2db37d4a15d1d8c2f31b,1
5986,obj:cf31881f786ded1999c83b2ee637ff5a7adf0b3f5b9c896035f01726609e9ef1,3
5987,obj:cf31881f786ded1999c83b2ee637ff5a7adf0b3f5b9c896035f01726609e9ef1,3
5988,obj:1410ce0c3bc5fee887f03ed8bece80fa6552c44d6cd864b1e5bb7bef534f2734,0
5989,obj:1410ce0c3bc5fee887f03ed8bece80fa6552c44d6cd864b1e5bb7bef534f2734,0
5990,obj:de2f6772925e1900fe78c3c21940a756b3723e3a75b4dca0c701f562c38fe618,1
5991,obj:de2f6772925e1900fe78c3c21940a756b3723e3a75b4dca0c701f562c38fe618,1
5992,obj:199d05fef2bd2b59f25f45bb430a77402ed7d7a8caf26d05223847efd5d9ab0c,0
5993,obj:199d05fef2bd2b59f25f45bb430a77402ed7d7a8caf26d05223847efd5d9ab0c,0
5994,obj:3af7f8b308e65dbe045e5b9105a7bf15b5c8e1fb1950c29f048e9416d6b11eb5,3
5995,obj:3af7f8b308e65dbe045e5b9105a7bf15b5c8e1fb1950c29f048e9416d6b11eb5,3
5996,obj:4eac556b6718cbf83566d177c23b46c12c5e51ad4ec56012a21f3a5d5b5d7bd0,3
5997,obj:4eac556b6718cbf83566d177c23b46c12c5e51ad4ec56012a21f3a5d5b5d7bd0,3
5998,obj:26e3c0918ee7fa830369c42f436789723a41574bd0a76ade09f316c0e3453687,2
5999,obj:26e3c0918ee7fa830369c42f436789723a41574bd0a76ade09f316c0e3453687,2
6000,obj:c55608048b70caa66993842cb0629968de95c14d3c8c6dfbd115c8fa81ce2873,2
6001,obj:34412624ee154ab87e337844cd36ee98e681770e2cfccf77f4ade43e883e370a,0
6002,obj:04c79c7c415b86e5017fefcc9ab075b146c0365a06490125db71fec0b696c6e1,0
6003,obj:2b6b2a4482abce7bec5b9b8c3fe5a16b880a9876fa3beb4dc17c8d4029ef3e4b,1
6004,obj:e0bf84cd5cddb2def23c5f0278ff4c22d6f8adc843beb1c01ed7c0b516a98b27,4
6005,obj:8e467c1db4c002a81ef30f4911620fe709877434588eb2f7cfa2331df6e517db,1
6006,obj:03b41a008681e85447786e3795219a141a7daf35147f05f3daf297c2e45798db,3
6007,obj:864e202b3f9619e750988ab026a8c6e7bf78610a453c4f443427e49d0b85a72c,4
6008,obj:5d2727ebaab86cbc51eece674fc47a1aa712fc9978a1fcdb97a7a40872d26837,4
6009,obj:119568904906632859e5aca85087a5f8d5a0fa4b369a3a16bfb59526dce430a9,3
6010,obj:14a74bc17bff9673d0f8bc3a79838f9f7505bf66fcf49cf9f6aff715ffe25483,4
6011,obj:73f5c21e7076394bc707d5f3d0514357e337b6374e45a3d0c57b93587a256668,2
6012,obj:a546ffc670fefe1134bb54420bcbd7475435f0091590916c4f48ae44f2ec87ef,1
6013,obj:e68adfdff3c7db932511dc38230d0ad1e10f9de059ab6a215df5bae24b17a6c0,4
6014,obj:a0758ab2a908180dff98fd16e6495440183b176d2fc3c4be5a760d6609ecf564,2
6015,obj:abbea23366ec8d7b71ac9266ec9ece3746e668680219d5a874fd5bdb5181464c,0
6016,obj:1c3b2ca06ff71675aa99f3cfe373a6aac9c1f79975a0289ddc129dd8f519c244,0
6017,obj:0bf46e759345204aa33f445ab226fe131d0948b293b49190011bfca8e44322bd,4
6018,obj:36227d7110d33d601cbea70fdfabec4d495e37bc530c45a2b25a4a523ba64744,2
6019,obj:34c7f48391498258c43d8e1d5039c78a38e45a63f892e3c98b19d66f21c06808,1
6020,obj:e3dcd2e89f2663987860fe985f8492cb6f044371fdc02a211b60fec7eea44686,2
6021,obj:6f42c582dd6e7b27eddd6730b11995ca503093dad0f4987c546821d807630805,4
6022,obj:de1121917431fb3e0c56d552d4a42ca4dc1ab3afd1519595381b17528b9a2224,3
6023,obj:22992fc149ebce67934f712cb85267024ce19bf9c6b44a918047c86f3106d857,3
6024,obj:ad449ca3fec0fa0ba112876285290b85413f2f050b3ff2be61827f037221d512,2
6025,obj:0862b2aa6697cf4c458e48b37df110e0214acc6d280c28e6faaadba4b3ce1543,1
6026,obj:cd7f9e0227dc4ed8c06471be23bc8824f524b0cd99e895de45e1656671be168d,1
6027,obj:1fb86c5acb71ae2041fea2b72b2552ec78a99a20717291f6a6741230620dfd63,2
6028,obj:12e66cb72e3ad8ce62fb85b07b38fa045138344c196741a27dffc5cb33d7d41d,4
6029,obj:fb8cbafa19ec9dea64f01079852ae5d9f691cc833e6c76cf0c66eb39dca94f6d,3
6030,obj:ec24e37899439a269cbaba24f857eab788a1e8abfe394fed62046b331b8ed1a9,4
6031,obj:6fbb99011edb6e735cc9931c7021dfa018a3949f7b99afd0d373faa95010b3d8,0
6032,obj:7579748244e59aff3a316a1ee0113e4fbb77c271a5020b83a47aa95ebd5e6c9b,4
6033,obj:b2196409b235ec8e9acf976ab928c538df6a2363ebb02610d6d2e4430c2e9a95,0
6034,obj:31bfdfc339bb24ff85612f6692497aec074e74012bdbe2d6a3e88ae00128da25,4
6035,obj:894977fcd35201c7e78773060d7f2e200a076da264307a78328b6449bfe1fe25,2
6036,obj:76717d0f0b12b3e42c96401a42613533488fcf4f807424e1d33cc36eac981b1c,4
6037,obj:4a81dc3adaff0e4807d8873ee01d9089c252fe547236d5ef7640e73aee81eed5,3
6038,obj:ff8348b4aecd5ee9b5aa2047748b684d9ab868231f262f1ce0e9b6dd3eaffddb,2
6039,obj:c1a2ce5109ec053304f4bb9c38a08696c5c680463a371ce27454bf9e91e3142f,2
6040,obj:b9503395943dfdef87cb5c73a2fc36ca7c4693b601e715386f6373792b13be66,3
6041,obj:4b6957dad04ea1d86809bb75b08d7692a2047da322157e9ae6487cdb383e4037,1
6042,obj:61d2f917bd1ee7a1daec314702fe9fc16d30c625f60b9b4b5fd33d1cf6367563,0
6043,obj:f41f8f694efffe7106adb9002b3ef5920f971d34416c529566656d6bbc75a579,4
6044,obj:33caf8819dccb4b0ced9aa012219e1cf4e8617dcdf6de4d9d3f5dc344f654699,4
6045,obj:8656bf35c63df3a19815e40de76b30ee09640905f33ff7e8af4ddffde4ea2d3d,3
6046,obj:17f9eeb108b6b3a2180b38098be36f3a30899c2bd6f0868145371ddbcb5bfeae,4
6047,obj:24b00c1b9bbeb76482c456b502499f63d3648e3555f75c1ee7e4b9e70e27083a,0
6048,obj:bee540a0fc7b57a53a67e3891c580f4577f0a60008cb1b1ea1d1cbcc81ac8b41,1
6049,obj:a378edf97b115f1e8df454446c4dc22a32fafd74d6931f23b4481e6cebbe0daa,2
6050,obj:bef76cad5361a3359ac9050bdf7c5cee53854424331f662b4b574fa404fa0515,4
6051,obj:097f986970720b9a9cd77cb09a988daf65da5ef572fa602c2b7d2eb3c509059c,4
6052,obj:4fa6a3820af707102260ebf9dcc8422981bfbddbbcbce6f00176d524ee163a0b,4
6053,obj:2d305cf10fbb2031ebdcc22cc816a918c53a47df7a70eb307ecd6c9529c16648,4
6054,obj:0e3d2a7acd5b03c38dc9451efae23107010d445c87c718a58ae54f8a4ddce40a,1
6055,obj:54ab96039ebc8d9263d7dfba7c4185cd48b383a92d81f421e7c646d0fe7cd617,0
6056,obj:20bddb679a07b70b0023bc380bc7243f88809f66a694dd101d06f49ecb0a9de1,4
6057,obj:e8d58d76a4f74e6b2bffcde3eaa00365c20a71e42d740cd5dfd9d171499f2db4,1
6058,obj:8b386dab6e2181adb167c0af8fe96ee74c6a9f7c55db232baf59c85d3e89dd9f,4
6059,obj:b6bf4305214cf7fd1d810f0dc5c34266573f9814f981308ed4f0f7fd29477e74,1
6060,obj:2d5027171f3d4d378096ba6801ff483557ab88ff8e2fc46470e1731f2a54341f,2
6061,obj:2235fc68a2ce1f17e5fa81ab1784cf01a8041bb5380d4785b919f43320205e15,3
6062,obj:66f6a337acab0a3e7f75cad1006f08252420db043f864125838e1f34bbe5aba9,2
6063,obj:34bfa7eb5edd7982c03f3b90ac014126ca24971850ad61af20e3bf7fc0b1c359,0
6064,obj:17c264167b47eb44607ae9eee12f5d325d5c74ce37d0eb2ec73716c98019cb81,4
6065,obj:a546ffc670fefe1134bb54420bcbd7475435f0091590916c4f48ae44f2ec87ef,1
6066,obj:bd6f56980a82f7b4b50b03edb49b9441d986ae4a45968a29a2123f006df947fd,0
6067,obj:fafb50bcaf635db18b6b53500aecc085f01b2967554b930edc1882a15a1f333f,2
6068,obj:7cd82545b39c0eff91afdfa604793dbcce0245eb5f124a6e5890bd795e5aa1bc,1
6069,obj:a3ac430f69e5e3b491e85802c2e8b548395f8ff8dbb939f89950e0938ef3c870,4
6070,obj:a0758ab2a908180dff98fd16e6495440183b176d2fc3c4be5a760d6609ecf564,2
6071,obj:be20ee8c50deb1bd2a8aa43422356193428dd37a05d459496a6c6f4e8a956a44,2
6072,obj:1b45c5b68b3f5cf152fcf24404f9f19c1968dc7887286720daff04c65f55bfb3,3
6073,obj:22b5ac0c2635856faeacc7e8a65e9ce6852b16a563a60ef3ae230c6a74099d01,3
6074,obj:f573491394c26568eaab343c3ac83723e28c13f3273394939683173dc1b3173f,0
6075,obj:327dbdab56a83001daece5fe35d8f78a4e249d4e7444dec1651d42b0de4ae0f5,1
6076,obj:be15400a769d09cd5c82a5986b6794caf61e843283ed04159353d941a894f850,0
6077,obj:2e7ac5631369642b5a6c0c581b7ef06df72aa6ec8affb7e4c0d801006f3b4783,2
6078,obj:351f0de4205de388b89bd7e243a4b1ae866d3d12469dd40ced4273789c410408,0
6079,obj:327dbdab56a83001daece5fe35d8f78a4e249d4e7444dec1651d42b0de4ae0f5,1
6080,obj:2cf14aae6f8a94051cc5b786093162a0af4024d21bb76c725f41259e442eb91a,3
6081,obj:1c76d80be72fad2f9f8e0b4108da7963157dcd8d67bc9724871d220ee35d4fb3,3
6082,obj:327dbdab56a83001daece5fe35d8f78a4e249d4e7444dec1651d42b0de4ae0f5,1
6083,obj:55c49a17a53b9f95870ec87c1cb7dc0c08fcde9c866a652bfc008494c0902226,1
6084,obj:e43425a101ab6f8bb3df02064f38032e430bf03cf62b6df144911f86876e9535,3
6085,obj:4fa6a3820af707102260ebf9dcc8422981bfbddbbcbce6f00176d524ee163a0b,4
6086,obj:b9503395943dfdef87cb5c73a2fc36ca7c4693b601e715386f6373792b13be66,3
6087,obj:565a465b14d5afc16a4f31860f03fdce60902a3e051e83508bfb38724e6b2d1b,4
6088,obj:c55608048b70caa66993842cb0629968de95c14d3c8c6dfbd115c8fa81ce2873,2
6089,obj:ed6e8eb2a43e0863582d260cd508ed36835f51fe839906226a9077a6fa609342,4
6090,obj:b413e9e0ef7e5b9c7e15bc78c9315300d4c73f691eac6a114ae2e3ac4ad3c783,3
6091,obj:c1e673744c03a1e625f84e0bed6594ca50519528a5b631492145dd4f0c71823c,2
6092,obj:0bea36dfe869410e0a45d68171a865a602297d5aae75cab85e2342119017bcae,1
6093,obj:5064244127e7a6b489e8c08dd8e0fbda8d2ba32f3473493da12696d079be0388,2
6094,obj:5f81fb22bdde6ef12fc1f1fafa9483cdaddec7f3d2e8f12df7d66ae8e657a4de,2
6095,obj:1ecd829539ed8736d65487719a9493d596588d4a3e34ed6f7fce45190489a5b8,2
6096,obj:b09a240dc44f47b45aef6cb0bb374e0c51ec0638c9ba08ea0780185a6fc7c3fa,4
6097,obj:0449093a43546338714fbf0c7067bd88b1f34025b946d5ffff0e94c1855d71d6,0
6098,obj:8db2845cdb26f200f5a2c582918ce810ab4aadb3bcbb681db12e9aa216c94f5f,1
6099,obj:2cf14aae6f8a94051cc5b786093162a0af4024d21bb76c725f41259e442eb91a,3
6100,obj:24f2b59f6e49312bf9c0adec74b79be93c28c5baac5d04f93057c1c865fd4918,1
6101,obj:8a7d63542131081842b3d74949f9526d3b40c8f6bcc95a325961423701b42c54,1
6102,obj:6488aebe30e63e9b143d4cba3868dae254874b6327a81b73b66a18b230579780,0
6103,obj:c04761b95284a61fdb85dedafd136d0f4de40d448e2a0c10170e0c31a3c55ce1,0
6104,obj:b2e9543a4103bdedc6e4ff5df8a537f37448e573eece1a1d886358b6d6059d59,0
6105,obj:6b8d7e3e06816275dac10bb50795370bc9ca63ecbd58c557c829bce070c67745,3
6106,obj:65e6eef4eb2918f1b7c73042989e5f6c305339b1cc5c1a04782b25b7b6ec00fd,4
6107,obj:3141d76ea22d50fdd52d18dc11dd421c1e59a4e410c49677fe81381d0aeb1c19,0
6108,obj:42caf8981cd6b69af203209b66a1294e0f5fb657d7d17e3d6e9a36c2b16a3a3e,4
6109,obj:22b71aaf7febd3ecf1d26705b2a651de070cce606513fbd9b11941f763d18e33,1
6110,obj:307782ff255b08a63ac861f3eec017af9dce892ea7f0292d9bb64ddf9d176a0d,4
6111,obj:1b45c5b68b3f5cf152fcf24404f9f19c1968dc7887286720daff04c65f55bfb3,3
6112,obj:0449093a43546338714fbf0c7067bd88b1f34025b946d5ffff0e94c1855d71d6,0
6113,obj:fbd4530fbaf86f014ed153c99eb316a02fdf26cf754abf4028471d540e7834ed,0
6114,obj:13e203fd7ea53bae5771bf9cb581dbe9dcd86cdf2330e915c6a5648adea66e9a,0
6115,obj:febab1177df39bcf3691a417b3c07141a34f8c8235029788789f9ebae5054d09,0
6116,obj:3922eb4fe458b8c1b26f9a73402394701a16478311254ee33a5038712e011a83,0
6117,obj:5a89f39dbf18ed4870a52e63bd4259d12b4dc3a061dec933d558caee505a7aec,1
6118,obj:d474124803435660293182adeb3934d7d15dacde9414787242d6fc27c16229b0,3
6119,obj:55c49a17a53b9f95870ec87c1cb7dc0c08fcde9c866a652bfc008494c0902226,1
6120,obj:858345fb5907a092962c6dac1b2f3b9e3fc1918efccbf43e95866569075e275a,4
6121,obj:788609da04af2aefc046604ef076496d385b6f52b519c82b8c09204840c1f0a3,1
6122,obj:db3177b5ab15444273b3e2bbefb1394995eeba3804b0bdb759cbee6e18dd4597,4
6123,obj:0449093a43546338714fbf0c7067bd88b1f34025b946d5ffff0e94c1855d71d6,0
6124,obj:6ef0468a25ec9ba830573a3824d793e9527c0034938d9b6cc0d9b155f192c09c,2
6125,obj:e3dcd2e89f2663987860fe985f8492cb6f044371fdc02a211b60fec7eea44686,2
6126,obj:46d211cf79647a0e1fee960bfe9c0c0d252aa1c629c390ff84673d4145c94839,2
6127,obj:f74f2b6f0c388e28da791bfbd73434e571e6baa2cc839c8206d3d389496faed8,0
6128,obj:6f42c582dd6e7b27eddd6730b11995ca503093dad0f4987c546821d807630805,4
6129,obj:f6f0ff7bb013bb5e9a74ecd34674cf40bbc63efdf8f1e7d66317fe8868485300,3
6130,obj:fb3eb605f840706efd9424290d6eac2defa087daf4b33525ce79e6a036adc115,2
6131,obj:cb9414d0d86dfdfdc741d592fcc609e04f48bec41f4479aff3631ae3b5a8816a,3
6132,obj:55c49a17a53b9f95870ec87c1cb7dc0c08fcde9c866a652bfc008494c0902226,1
6133,obj:a2d5bb1c231e1947a79ae93d2aa4f36df54ff1af6a969495731437447ff2dbfc,2
6134,obj:4ef9061841e6ecff25d489e8608c8a3181d553b802731ce09c36e538f6fbe1c0,2
6135,obj:18d240799191100a42760c1c3df7f8dbbfc317d732340e9e2ab185cfd8bd62d6,0
6136,obj:da94a46c4d4251fcac3f49ca7a414823715721f6e6968cdd17b3cbc6a1500166,0
6137,obj:2dd3b9d06b72759e84a10a2c88fce23b07226ee7a5cf34377d39c1565dbef223,0
6138,obj:7d28f9a344a48f2accf1333b963c113a3601df780acb0a4802bb4246d5048ac3,1
6139,obj:28cbe74d60ca404771c92af75db010c6d1ad036b1422cc4f3a806e1fc9ca96bb,3
6140,obj:0b3b8ba9d5e8b42417ce7a8b7e94dd219663a4f2dc3dbc411139184db623ff26,0
6141,obj:466e3fc198c92e1164a446bd42c513a6ff99e17506484fa027611ac9de5462fb,3
6142,obj:467ed4dc5d7cffc486e70d85145bdd0a7decdcbaf527f8cf038b90e0d8a5ea62,4
6143,obj:6f42c582dd6e7b27eddd6730b11995ca503093dad0f4987c546821d807630805,4
6144,obj:0bf46e759345204aa33f445ab226fe131d0948b293b49190011bfca8e44322bd,4
6145,obj:6646a0f1c1e0bae7763c6c1b22c5fcd1e2122ff20496cbea22d0df51b2168d15,3
6146,obj:540e276c25d85760be8b2785a7cd0a3d3ba12e1fab6cda5d2d1a51a2179f8930,0
6147,obj:b413e9e0ef7e5b9c7e15bc78c9315300d4c73f691eac6a114ae2e3ac4ad3c783,3
6148,obj:6a92ed290e74758754fab096bd45d5caf16c7630c39d1cc410c4f8e94b5c8967,1
6149,obj:177bf68cd6ca4b400ff314bbea0679d4eeb866c72c72449bfe12677818afc84e,3
6150,obj:4ecc5929713ce4040ae7b4e80711ab5150fd32be59858e2bd6f70efe50c70d71,0
6151,obj:2da5610b222f2b5fbfc6168fa773fe4818386d387f99b953a47289f43872b72d,2
6152,obj:5c609aaf1f61d1744c5bcd2669dfebed66c692a4063d4901ce6dfb541d8fbae6,2
6153,obj:ee99e39745716833af2fb5a6d9e65423ffa45a813bcea067813f02516db3c0ea,0
6154,obj:d554d03a6a3079bf3a36059ac8295eb785528beaff64d22cabd4945714d4bdba,4
6155,obj:45362a75000c084757cd08479e4fa728ab9eff667078384c98e1758239c63d54,3
6156,obj:a9974f1de4e60c550662eb080bcdda27a65ee874416ba97003e3de96c28ca97e,1
6157,obj:c839f10d74aa14727f1f129bb9e822d92c5fe34acc3aef4b501f0ae67704b07c,1
6158,obj:5346b83c14e145aedeb4ce07fdc92ac3308782d301e8071dc5eb3328d0f50a87,4
6159,obj:3f8efbb0daec197ad26580bfe9492221030c0f0a9fa732ddb2513ff785fc0e27,1
6160,obj:7d76a8ac29a79914ddcda4ec2ee22a5902e164b0b8867ec83f62353e4cfc66e1,3
6161,obj:79397538155dfca0b813e0fbea4c4459bf58e4e86d3aaf4b8934028f07b4a7b1,0
6162,obj:8580043506596fbbeea946fd0f649f9afa77c4429e3016f37ce5dd7081cea674,2
6163,obj:1c76d80be72fad2f9f8e0b4108da7963157dcd8d67bc9724871d220ee35d4fb3,3
6164,obj:979b79fad9bba49556da2d384d5048e1105dfca35c0a5121cd75ac2446556a59,4
6165,obj:f6dfc7ad0a24a1574ccbd2262b70e278ce1e558575f6c0a7b21e434b0fcaae29,2
6166,obj:33caf8819dccb4b0ced9aa012219e1cf4e8617dcdf6de4d9d3f5dc344f654699,4
6167,obj:66f6a337acab0a3e7f75cad1006f08252420db043f864125838e1f34bbe5aba9,2
6168,obj:0862b2aa6697cf4c458e48b37df110e0214acc6d280c28e6faaadba4b3ce1543,1
6169,obj:19ead368fc8b8998ec8038d8e24c053f008a5aa0e114ff13f86cfc306b2337ec,4
6170,obj:89147eb6b25619902817eb01a60b21bdbd068463edce4e7951972f214f07cb80,4
6171,obj:6aa3df2e143e959e22067c8621c89928fa903f9375fe6a186c0e977f6becb067,0
6172,obj:44f8b3d76721e7b664b73c9edefbb31730a686f0cdd49dc8e4bae38e20237cf8,4
6173,obj:93d030de8c9d87c922d78e0f3e2226bfe972d86055cde224a8769140721d4803,0
6174,obj:d28db7faef2f1aaa192eacb146e7a0068ee3719585cf5bfca5ff41955cb3779a,1
6175,obj:e1063a6f23ab7aa8dd5f85c2f84df26d0895544647536155f2b5eb6632b82296,2
6176,obj:f6905264b8e4eae30055680ca8a6cdc6421a7df1662efa2eaaa051eced261535,1
6177,obj:f573491394c26568eaab343c3ac83723e28c13f3273394939683173dc1b3173f,0
6178,obj:a2d5bb1c231e1947a79ae93d2aa4f36df54ff1af6a969495731437447ff2dbfc,2
6179,obj:d083986a4bc075b2f6181cca97a22928208e6eb3c26e89d118b6558ef8a56977,4
6180,obj:4e7376609b64e009ca3daafc092362c63b87fafedbfd4e8db9e728801c030ccf,3
6181,obj:97f0f6ab1cc802c5729dad681328513cacb64bd81421985ac574e7adf93681eb,2
6182,obj:220ceb03a1062f2979ad54ad21f1829c1e6df00b5ea1348faac3ab56548976cb,1
6183,obj:dffde0cee54170f85ae0c7ff570869d75095dc0ae1c03c941ef4e77d304574b2,4
6184,obj:d33e64f64a7f567baf370618e2b3cdd3b756ae665cef3a02fe2758fdf2f4a463,4
6185,obj:96bb898b7cf904d30d59230b90b69f18a3a6fcba2dd2af4110a6556d988a8138,0
6186,obj:a673cd3c2040c459c67b2eb7c1bebe827daf72511c8516099b47974cb1c2540d,2
6187,obj:3a04313c6446c1d8c4ff251259828db9ee9278b36b23b5e68dfe08c1cbbec70f,4
6188,obj:e20744f897a86e229bb5a8c46fff4734122fcffa330e9ebd6c37ae489a2973ec,4
6189,obj:0449093a43546338714fbf0c7067bd88b1f34025b946d5ffff0e94c1855d71d6,0
6190,obj:d2e9b4f350624f1b27b212c9c9c7cac029fd660b6755d196dedaa32d7db765f8,1
6191,obj:378c7c45565f882393e5beefa8502e59338cd5937468ad9d1731e91885565f5f,1
6192,obj:8b57a48546c14b9e216f9aa13de7973c18f1dfe8dacc2c4d767b9bdf10a7acf6,2
6193,obj:c38d212a29ed4db3cc434b73e8ee0cc1e62aac5e7863811de8c19c08f13622b7,0
6194,obj:d8fc075243cd254c454aaecb918b5aed571b062a241daec8bb1a59746cb41aed,2
6195,obj:246f678a4aa623400fa4b690effc7409d63adda5c2ab4491298edb2b0e62baf9,1
6196,obj:b0d1a631d1fe870562d29ad21c4fa9d6160913df02a843c1568b125fbb4102ea,3
6197,obj:3af7f8b308e65dbe045e5b9105a7bf15b5c8e1fb1950c29f048e9416d6b11eb5,3
6198,obj:e185f3cb87dd6f96ecd6dcb725a2ef73b0afeac90bea1f6f6108eb004dcb9be4,4
6199,obj:41725c316da13d61afd55ee50c06b2d845b59de48909d6436497bdb429e39d24,1
6200,obj:f1f112835d133b5c6bd40eee13442616a80d2f420e23e9fd4de140570cc0652f,4
6201,obj:0862b2aa6697cf4c458e48b37df110e0214acc6d280c28e6faaadba4b3ce1543,1
6202,obj:c5b5a03d46ad632ee244d9f04d78b87507530255d8e079fbf2584a633dfd0574,3
6203,obj:0862b2aa6697cf4c458e48b37df110e0214acc6d280c28e6faaadba4b3ce1543,1
6204,obj:f63840b2444e30a21d6d0dcb0b96e5765c5263b6eab7d3c026b741c6edff8e13,3
6205,obj:753af42ddfcc91d56e808d88e8eafc1e46a613f6a1eb77547de242d395210cf5,2
6206,obj:de04bcc3bb81d6119751e1b7932f17502a6d1d1281be6760fbe1a331886ce15d,0
6207,obj:bc6827720102352d03916869435de0d38f4109b0adf30fcf9bbb62decfcbf96a,0
6208,obj:d372980c8396ea0b51b2d560464b07ca36ca1abae8eeed65ba6a5edcf4e16aff,3
6209,obj:e0bf84cd5cddb2def23c5f0278ff4c22d6f8adc843beb1c01ed7c0b516a98b27,4
6210,obj:546e215cf8b0d12d0847b678f1050e20ea2afef5fd3662dbcef57ad570a6f3c8,2
6211,obj:cdeed49d62cac011cadb700d4d7be691904ef2eb5b4726c80d311e4f901be57f,2
6212,obj:8b57a48546c14b9e216f9aa13de7973c18f1dfe8dacc2c4d767b9bdf10a7acf6,2
6213,obj:e31694afedf9f493eb28503f88d364876faeef04c258d17a1296928613b88702,1
6214,obj:406153420f6ff0d0d6275fe7996d2877d3e62f66e44e126cb3c3b45dbc088317,4
6215,obj:6f42c582dd6e7b27eddd6730b11995ca503093dad0f4987c546821d807630805,4
6216,obj:9b22916ac7ae269646af0ee1066f27c273a3802324759a60f861d8efe3014b66,4
6217,obj:5c83acccf968597080b7d1e424bb3953dfc6caf6b244980908beb2d25eb753c1,4
6218,obj:1271a8db07f8219749a21ecc106217358c5fe2f37e37348f5aff406de463fc39,2
6219,obj:42caf8981cd6b69af203209b66a1294e0f5fb657d7d17e3d6e9a36c2b16a3a3e,4
6220,obj:15419b8943f8926db86a9bf497d2cb32df6b17daeb1e013bb50b066482649dc4,4
6221,obj:0bf46e759345204aa33f445ab226fe131d0948b293b49190011bfca8e44322bd,4
6222,obj:327dbdab56a83001daece5fe35d8f78a4e249d4e7444dec1651d42b0de4ae0f5,1
6223,obj:55c49a17a53b9f95870ec87c1cb7dc0c08fcde9c866a652bfc008494c0902226,1
6224,obj:f573491394c26568eaab343c3ac83723e28c13f3273394939683173dc1b3173f,0
6225,obj:91b87ca334087c79c6d4e87b003f67751d20dea3ee777fcb7afba5bb906619fd,0
6226,obj:24703053e75b37c395b9be417fbb3ca131303940c3c5e398b5f887470d9ec591,2
6227,obj:babd21227561eede84d1f70d6ff5ea0dd19b88a6cb13f9c2db8aa6549f8307cf,1
6228,obj:a546ffc670fefe1134bb54420bcbd7475435f0091590916c4f48ae44f2ec87ef,1
6229,obj:24703053e75b37c395b9be417fbb3ca131303940c3c5e398b5f887470d9ec591,2
6230,obj:f573491394c26568eaab343c3ac83723e28c13f3273394939683173dc1b3173f,0
6231,obj:0449093a43546338714fbf0c7067bd88b1f34025b946d5ffff0e94c1855d71d6,0
6232,obj:96bb898b7cf904d30d59230b90b69f18a3a6fcba2dd2af4110a6556d988a8138,0
6233,obj:911e21dde8a04793e7fd5e76f54aaac077d38ffb895f6c78b715c9ac974ce86d,4
6234,obj:c257b906890a8b6a6ab96b44520309019797fb1d4830631627affe92a94a0226,0
6235,obj:5c712e777dbd67b102a6309b9761f912e83780cfb2e01b535cf284f0ecfd0d8e,1
6236,obj:e185f3cb87dd6f96ecd6dcb725a2ef73b0afeac90bea1f6f6108eb004dcb9be4,4
6237,obj:a9974f1de4e60c550662eb080bcdda27a65ee874416ba97003e3de96c28ca97e,1
6238,obj:04c79c7c415b86e5017fefcc9ab075b146c0365a06490125db71fec0b696c6e1,0
6239,obj:6488aebe30e63e9b143d4cba3868dae254874b6327a81b73b66a18b230579780,0
6240,obj:a2477681ca69b3021b373a0d83996a90d6346f2e1711d2f870118c33a20f3888,3
6241,obj:f378a014e208facf746208d4a4f9a39e6ed802658bc741310e771d612ed89b09,2
6242,obj:df522fc6e3925654743e3ffaf0265e3c67672260bfef48ca7e964258ec6e8628,3
6243,obj:e43425a101ab6f8bb3df02064f38032e430bf03cf62b6df144911f86876e9535,3
6244,obj:6488aebe30e63e9b143d4cba3868dae254874b6327a81b73b66a18b230579780,0
6245,obj:932d28b14da7dbb7ca0c050383db3726630ec3dd764a20a57ed84e23dee033bb,0
6246,obj:c55608048b70caa66993842cb0629968de95c14d3c8c6dfbd115c8fa81ce2873,2
6247,obj:efaf5c3f33bf2f0fd16d4a32784fcacd06f8b4ef334d33da7d44855ce2852ee2,4
6248,obj:2feb7b8a46dc95eb03d1897d40114c0ac4a479da6b942467d5dd0c5b44d6f0c2,0
6249,obj:d6a7db905403b0620bf5c6343015b5de7df9af636f6c76188712ef30b8c9f62f,4
6250,obj:09ceaad0d3428b4f1b7f9464af2ddfee5eabb1917287c930354c14d8a9b0b3cc,4
6251,obj:466e3fc198c92e1164a446bd42c513a6ff99e17506484fa027611ac9de5462fb,3
6252,obj:4f25dc37596f282d4e43d1e2ce9414be31c236e31e66c78deaf59b35817f2eb5,2
6253,obj:85956bf2c120c3bef145f7951c964509e719f29a0a0201f219ed468fc7c79de1,2
6254,obj:25a9d5ff3e46b4bea60468b977d935ba0401dd21a98829dfda9b49b0abd8644b,0
6255,obj:4eac556b6718cbf83566d177c23b46c12c5e51ad4ec56012a21f3a5d5b5d7bd0,3
6256,obj:a2d5bb1c231e1947a79ae93d2aa4f36df54ff1af6a969495731437447ff2dbfc,2
6257,obj:76717d0f0b12b3e42c96401a42613533488fcf4f807424e1d33cc36eac981b1c,4
6258,obj:4d0d8e75bbfd1122ca81c1802deab3c598bae0d0e6746ff6e7aff509e4a2deaf,1
6259,obj:558c517069e6b1447edc0a86845067f002962b9c9c0828ca69f7b839f53c40ca,2
6260,obj:6488aebe30e63e9b143d4cba3868dae254874b6327a81b73b66a18b230579780,0
6261,obj:92856b42f1a8f489563ac495fb37df921a90543fc779bb4d03f1bb443a6ce8cb,3
6262,obj:bef76cad5361a3359ac9050bdf7c5cee53854424331f662b4b574fa404fa0515,4
6263,obj:d3a96af3241de5fdb79dd6694f6d89876fc99bad6525011b6af7e11b81866a24,4
6264,obj:a97288eadac108cc9837ca449984b2eaeeea8c7074921c27a9ea95f79a39b246,0
6265,obj:dd9bf9ad4198e4f5bcd17a41dcd123283d83bf1f6e6935a6e221a4579fdce92f,3
6266,obj:a4130f7294f19243ba94701b73f16725b3d9dbe1405879ad2e64c6555633de5b,4
6267,obj:a2d5bb1c231e1947a79ae93d2aa4f36df54ff1af6a969495731437447ff2dbfc,2
6268,obj:932d28b14da7dbb7ca0c050383db3726630ec3dd764a20a57ed84e23dee033bb,0
6269,obj:3922eb4fe458b8c1b26f9a73402394701a16478311254ee33a5038712e011a83,0
6270,obj:5c83acccf968597080b7d1e424bb3953dfc6caf6b244980908beb2d25eb753c1,4
6271,obj:8a7d63542131081842b3d74949f9526d3b40c8f6bcc95a325961423701b42c54,1
6272,obj:f7e412a26d4bf99df7076b17caa9ce1e93eec7b6ba1ee9dd52a807032f807bb5,2
6273,obj:af2f413e7ebdfdee551ecab5797ea07c85ffbc4dbc044810c81da952296d61c7,2
6274,obj:f411357001808ced8e171743bf9045d9be7ae5e917132e1bc262e6e8f8e1a31b,1
6275,obj:0449093a43546338714fbf0c7067bd88b1f34025b946d5ffff0e94c1855d71d6,0
6276,obj:4a1c0b9f84812f6054e954ec5d41529450ea3134ec1e2edcdc587a86240e9fdd,1
6277,obj:5a2923515dc149b363e8729d18adc6bbb18718c496d97c5a8a32fb12e575ed95,0
6278,obj:6ad40eed9f6ba480aa72a99ecde93d0724ee84b048aa801c9c3dac88d69a81cf,4
6279,obj:3d5857b666dfeb7b9d3b1beb0ee2d6064cf0ac6b5ec9811fcae272c0fd2b1ec5,0
6280,obj:4d9a2409355d41611cf4881bf884e438c0ef5c1317fd586ab77484465f79dc7c,2
6281,obj:30d10ad0e5c6a72996f7e7ac189a92a6e1830fb07b535f8fd741e25eceda19ef,4
6282,obj:7a2f53a46240f38995e7b95e2f11795be25b73910da0fab71d30c4de04b33063,1
6283,obj:3d025a167605d9211e399c9e9205f9df5746195af170e1cc96d4b30ec162181b,3
6284,obj:71c9b63c7589f928dde668a2f52f42ad98beb1b63f0d9c49807e843634b542b9,0
6285,obj:2cf14aae6f8a94051cc5b786093162a0af4024d21bb76c725f41259e442eb91a,3
6286,obj:45362a75000c084757cd08479e4fa728ab9eff667078384c98e1758239c63d54,3
6287,obj:60c8dd16feaa1edc0265301d9f78763c415603bb293cbfa4e21b5b78becfbf81,1
6288,obj:ce196fc51f371cb5dd574c64f4525b3ce3d3a6146309fcec5dcd21912ee3b27e,4
6289,obj:1ea5e9c25b9faab09464b4a30d505ae345716c07819cba6964bf245e75ab3aae,3
6290,obj:6f42c582dd6e7b27eddd6730b11995ca503093dad0f4987c546821d807630805,4
6291,obj:d9d07dc4970dfc447de20d1d288403931044207d2203de5f83c1e4668c2de655,4
6292,obj:eccf608ab1311c270972b2bde1b11074b67e485d7b362f2b1b5dd693acc6a8d1,4
6293,obj:ed930973b452d86f68a35d06349c75ee27f18f15a791f89707e3f2ed827dd136,4
6294,obj:db32c5e7a0131480487213adb8afead624c8c6a2a57736a4ac65556da0ac7112,4
6295,obj:0bea36dfe869410e0a45d68171a865a602297d5aae75cab85e2342119017bcae,1
6296,obj:d8fc075243cd254c454aaecb918b5aed571b062a241daec8bb1a59746cb41aed,2
6297,obj:8b57a48546c14b9e216f9aa13de7973c18f1dfe8dacc2c4d767b9bdf10a7acf6,2
6298,obj:f6dfc7ad0a24a1574ccbd2262b70e278ce1e558575f6c0a7b21e434b0fcaae29,2
6299,obj:2555e4e4aa1f2f5ea33327eff2ff3ba6d5e0b04fc41cf6f648b1b53cf71c05b2,3
6300,obj:4709d21fa160f273f9f70b9c1a826005d13aafe6cf0c0bf836d2c73df91bb336,0
6301,obj:a9abf0a8984e8495c402041a98834265d7281d739f4617fed382319cd9817780,2
6302,obj:5d945e6d692d34476f1391ae6f22c7b00940e1dafd956b22356283dc02d48931,3
6303,obj:0862b2aa6697cf4c458e48b37df110e0214acc6d280c28e6faaadba4b3ce1543,1
6304,obj:d93e60b43594aecd2c6fae8c0497793de01ce27894b6ad91ca21f2de70df8ac6,1
6305,obj:8b57a48546c14b9e216f9aa13de7973c18f1dfe8dacc2c4d767b9bdf10a7acf6,2
6306,obj:a56641d87b7f0d1c47085db1372cc27b693014a0cd168804ba3d4af7774b0fb2,0
6307,obj:ab6c74296fc95bce147c19cea95cdff3e29c53d3446f93d25a998250fb0db594,2
6308,obj:4d4d680dfe2a9d0d8ab635aef183093c3e6355dd86754c43df5fdab5031d79a3,3
6309,obj:4d9a2409355d41611cf4881bf884e438c0ef5c1317fd586ab77484465f79dc7c,2
6310,obj:e842a711eca6459f0d8854553f45bea83384cf41e08051a07ed3412e6b805576,1
6311,obj:04c79c7c415b86e5017fefcc9ab075b146c0365a06490125db71fec0b696c6e1,0
6312,obj:dd9bf9ad4198e4f5bcd17a41dcd123283d83bf1f6e6935a6e221a4579fdce92f,3
6313,obj:0862b2aa6697cf4c458e48b37df110e0214acc6d280c28e6faaadba4b3ce1543,1
6314,obj:2da5610b222f2b5fbfc6168fa773fe4818386d387f99b953a47289f43872b72d,2
6315,obj:9092fea0ed1ffa5ffbbc1bcd4fe3015467de4bb65e045df11afca1a5a923b50a,0
6316,obj:bb260a46128964cfc49dcb14efc0e985b6058d702db3fd242a853654bc8eb1d4,1
6317,obj:77a2ab4ff377d148152a0b62a5a17d8a792b91cd0ed7cc2bd4eb7d39ca7f3a23,1
6318,obj:04c79c7c415b86e5017fefcc9ab075b146c0365a06490125db71fec0b696c6e1,0
6319,obj:c4a97e0974fa427f207ba1eb5236a61edc14a737caa5c6b234aeb3d23f57e6b0,1
6320,obj:7ff56871341ca6daaa57a77ba35b98234a6e5f0dd5bb7c08eb669d84ebdbf94c,0
6321,obj:260cc043245eb04a649b1c03bab4b527a4f1674d735ebfdb9ea033cb57aed6fb,2
6322,obj:1c7be23be4166a80c669ddac3b5b060eca4819ac373f12b9c7412dfc022639aa,4
6323,obj:bbc4a7785c9d389187a2dabd1f4bbba0a1f8397f0937d559bef4fdd7bba5153f,2
6324,obj:0b3b8ba9d5e8b42417ce7a8b7e94dd219663a4f2dc3dbc411139184db623ff26,0
6325,obj:34412624ee154ab87e337844cd36ee98e681770e2cfccf77f4ade43e883e370a,0
6326,obj:4b88629adbde222c133367932d2ae335c69e42d407f75f21749e7ed2315a62bc,3
6327,obj:a6c88faa6c285ac22c7ee6d5cb818ccbd568cc62b83df86250ff790d829791e5,0
6328,obj:81ff692a8b961e54294d453f49aa56d61e2c8376edf2e7aa47382db74472acfd,2
6329,obj:a2477681ca69b3021b373a0d83996a90d6346f2e1711d2f870118c33a20f3888,3
6330,obj:67e1d06256dcfd1f806230cdbdbbeecfae13b281553689a47db5b205bc60d571,4
6331,obj:3f8efbb0daec197ad26580bfe9492221030c0f0a9fa732ddb2513ff785fc0e27,1
6332,obj:4a81dc3adaff0e4807d8873ee01d9089c252fe547236d5ef7640e73aee81eed5,3
6333,obj:33caf8819dccb4b0ced9aa012219e1cf4e8617dcdf6de4d9d3f5dc344f654699,4
6334,obj:3ae4ad13083a344343a33dd2897dfe8d72f3df7a3a099575b196877e49fe4ab3,1
6335,obj:0862b2aa6697cf4c458e48b37df110e0214acc6d280c28e6faaadba4b3ce1543,1
6336,obj:a546ffc670fefe1134bb54420bcbd7475435f0091590916c4f48ae44f2ec87ef,1
6337,obj:7145159f6c4158f1129827e7d378ed7f843269e554582c5922d0baf0badc977e,2
6338,obj:098c047bab7e95b51dc0c58cacf1e2c3e1477b4fb0ed334c90c4ecc444ec477d,4
6339,obj:3f8efbb0daec197ad26580bfe9492221030c0f0a9fa732ddb2513ff785fc0e27,1
6340,obj:4d9a2409355d41611cf4881bf884e438c0ef5c1317fd586ab77484465f79dc7c,2
6341,obj:0ef87208148fea0c92879f08ed22c790b3a6dbf62c002422b1aa6348623676a4,0
6342,obj:99a91c6a5810debf0bce301c1f20a5b887026e59107acbedb794cc5eb5bb4b8b,2
6343,obj:a98343cbfe6190cae8841109e0bfb4f43701ab6bcd6da14d04fbd5b65be33335,1
6344,obj:7757c5bd86ec249b0b850329824738d782f3cf724862557b9d795e69a66f541d,1
6345,obj:161eb968ce099632488d62cb031c523a650f99d6544619334b805780a285c32a,3
6346,obj:d5cbcb79c62df6e99c74f8aa99ab0732a971597c237a83d33a228bf8d910d3c5,0
6347,obj:afdc8d9949897a8fff3ff422d3b6e39e9631f3349b50f4bce44d7ccf7721cf9f,1
6348,obj:6a42d4c7ab299f471ab52d3534d8fad29dddf68383d742623aa90332cbecee8b,2
6349,obj:3922eb4fe458b8c1b26f9a73402394701a16478311254ee33a5038712e011a83,0
6350,obj:0862b2aa6697cf4c458e48b37df110e0214acc6d280c28e6faaadba4b3ce1543,1
6351,obj:55c4737528167e0286f7255c6cf442004e8606fd248040d3554cbd1eba7c2cda,2
6352,obj:0862b2aa6697cf4c458e48b37df110e0214acc6d280c28e6faaadba4b3ce1543,1
6353,obj:988013ad7df09cf575cb27dd775d286762067b5e27df755807fd86bbb6b850a3,4
6354,obj:9793536cdc0950fdaa2dc6a0925441c961120a6022dce27fd0db35480e276b69,2
6355,obj:bc44cf4b68455bb975c3769025536441435a3eb4431b181ffdd89ee6f6f0119a,4
6356,obj:1b8924e93938f5020056f67e4118ceef6e13eda17aa97eaab239d874e0342dbb,2
6357,obj:101169ccb61b6c210573999fff6b833027f801424592626f00eedbbf57d99cd5,3
6358,obj:7e4fb54710c38b5884c65f17c0c11cabb9e828e1f2c6eaff382de0b63f8105c2,3
6359,obj:0ef87208148fea0c92879f08ed22c790b3a6dbf62c002422b1aa6348623676a4,0
6360,obj:466e3fc198c92e1164a446bd42c513a6ff99e17506484fa027611ac9de5462fb,3
6361,obj:6f42c582dd6e7b27eddd6730b11995ca503093dad0f4987c546821d807630805,4
6362,obj:c6df10b419d92b6b5bc70282e76dd06470d4f35e2bff29147ea3c859f4106ca5,0
6363,obj:47885cb3f63fab3665919d170b7b7e901030ee36104c2a66be1df5dbebabae19,1
6364,obj:e912b8d00177a673ac473b2521d8dcd93e81a34327ef8055900a038adfcc9fc9,1
6365,obj:558c517069e6b1447edc0a86845067f002962b9c9c0828ca69f7b839f53c40ca,2
6366,obj:33e3ce3338a960f0a82c8d8b91b870adc478925693b5903b55a425ae39377297,1
6367,obj:558c517069e6b1447edc0a86845067f002962b9c9c0828ca69f7b839f53c40ca,2
6368,obj:d0b99964bad52831322b2b753010679442facc3dead0b596542dba53c6f2d72a,3
6369,obj:6f42c582dd6e7b27eddd6730b11995ca503093dad0f4987c546821d807630805,4
6370,obj:71e8c4cc0db06ad3605750423cb3c87d8d717946dae806058a6e2d4ed02652a6,2
6371,obj:8fb96bcc1d37eb3fc9c7bef159d2a56310ec09b1c7bd887b56be48352d277814,3
6372,obj:4fc50c5c812546a9593b401129cd64f602c5603c388106a0c3bf0392c733dd66,4
6373,obj:6f42c582dd6e7b27eddd6730b11995ca503093dad0f4987c546821d807630805,4
6374,obj:0862b2aa6697cf4c458e48b37df110e0214acc6d280c28e6faaadba4b3ce1543,1
6375,obj:e8dc7c41144c485bc2f700479fb2d7d0479bfbe256dcdf8fb36c52136e64e185,0
6376,obj:6f42c582dd6e7b27eddd6730b11995ca503093dad0f4987c546821d807630805,4
6377,obj:101169ccb61b6c210573999fff6b833027f801424592626f00eedbbf57d99cd5,3
6378,obj:cf31881f786ded1999c83b2ee637ff5a7adf0b3f5b9c896035f01726609e9ef1,3
6379,obj:763cd20b279c4eefd991ad750702115360434551943902ad9b2e575d6f3f1f17,1
6380,obj:f90f7e21e775b08093260038a6502ea5b7e22cd9b7c24acad76a2c7e1ed4f9d0,3
6381,obj:33caf8819dccb4b0ced9aa012219e1cf4e8617dcdf6de4d9d3f5dc344f654699,4
6382,obj:96bb898b7cf904d30d59230b90b69f18a3a6fcba2dd2af4110a6556d988a8138,0
6383,obj:dde55e10ac7eebfb2b033fdd5282fdf288154b79421ce9d949abb11430704b1c,2
6384,obj:880283e00c343dfb5510c2e6e08581c80194b339b896e2cf201499b07586cb00,2
6385,obj:970cc6f15b464cc305d5d910f21c7aedfb5a9efdcb3aba361c0172fdb2d2dc7c,4
6386,obj:0862b2aa6697cf4c458e48b37df110e0214acc6d280c28e6faaadba4b3ce1543,1
6387,obj:d7f2f314bafef26bd461f2ff4617221e4cab99d08856608c1481ff466cf6b026,0
6388,obj:78e2c9bed3d865cbd2b518a4ba2bed7e4d41275ba4143a8e83652af839eb399f,2
6389,obj:3beaf20351309947f3d32b64709d7be9aa8f316c037640eaa967c4fa7a621d79,0
6390,obj:f6bc69be6bad4edf19a472070121c931d9eb05635908d2594cfd089549879459,2
6391,obj:9a1938caa238a816261253b1c47767029b8e0d310e565f89f83adfb4c30b7270,2
6392,obj:d5a6b4e8bea838fc7dce1020e78abd69013fca2cd0521744814055c3c38f6a07,2
6393,obj:4ed01982625a54d1c74910433c6dfda2a920b756e8feeb7bad9b53db7073f3e1,4
6394,obj:451bba163beee9250517e547f4e72bdccc28ba46f9aaff577cfd709089d149bb,0
6395,obj:cbc63221f137748a3b8fee24f07ab1319043c296f71a574ff4dc47b72e0adcca,2
6396,obj:a0758ab2a908180dff98fd16e6495440183b176d2fc3c4be5a760d6609ecf564,2
6397,obj:c9df4d2dca5e9ad38fc9925655fcc30c7642168936a2493aa4769e67b322b8bf,3
6398,obj:b8a7a44ac48bce4cf30ec1d913a9bd5dec57388574c01d6358fe299ef0190013,4
6399,obj:4d9a2409355d41611cf4881bf884e438c0ef5c1317fd586ab77484465f79dc7c,2
6400,obj:fc9c86d734ca67dd92baf7de3226e85a7e837fea68ccd31f0186dca671da4627,3
6401,obj:d33e64f64a7f567baf370618e2b3cdd3b756ae665cef3a02fe2758fdf2f4a463,4
6402,obj:f6b6c47730b7bda40a835130765d2818109d5003065cde4ac525b9d6d62ba65d,3
6403,obj:6c63aab3e145e700d4c44262937290ef89596bb949e9318bb562b4fdaaf7b08a,3
6404,obj:13e203fd7ea53bae5771bf9cb581dbe9dcd86cdf2330e915c6a5648adea66e9a,0
6405,obj:0bce5c19f33a48f32e4ec0899c403aeef98ab5985364afd20cfd4b4838c6b1e4,1
6406,obj:327dbdab56a83001daece5fe35d8f78a4e249d4e7444dec1651d42b0de4ae0f5,1
6407,obj:0862b2aa6697cf4c458e48b37df110e0214acc6d280c28e6faaadba4b3ce1543,1
6408,obj:e43425a101ab6f8bb3df02064f38032e430bf03cf62b6df144911f86876e9535,3
6409,obj:eaee23a3aeffa16a2c9810aa024cfa42b5860702df05109eb723a214b2608ec3,4
6410,obj:34c7f48391498258c43d8e1d5039c78a38e45a63f892e3c98b19d66f21c06808,1
6411,obj:5a2923515dc149b363e8729d18adc6bbb18718c496d97c5a8a32fb12e575ed95,0
6412,obj:3145caebd104b4a31f717f4514cd5826d28c49add0c1e6ec0db1670bce601ec5,3
6413,obj:751c488423133680fa2526984c68541f7972dbe3c0706c13bb519519e45a43bf,4
6414,obj:4d0d8e75bbfd1122ca81c1802deab3c598bae0d0e6746ff6e7aff509e4a2deaf,1
6415,obj:8067b9a5db4497f6b7b495a1af966b1f58c1d5a4d3652416ba6626bfde5ac025,0
6416,obj:6082f521e9bae94ac3283167a216b14bc01473f43a342fbb2d80cc8d599c6285,0
6417,obj:625c080a7ce43561fef4fb508c481d74ce50912d3774500308636f13dc4e4196,3
6418,obj:0eac4ce618b52b9d7484ea0f7767b4f5348ebd02f0ff667e3dec7e54d06b45a4,3
6419,obj:31574f799557cb42c0d1aa5dd9b8b97d984b52946396cf0da787be9d9bb97683,3
6420,obj:a7f6462c8de244005cff2d524c4fe84ff602c9ec089cd666132b351ada5aff8f,3
6421,obj:0cc0257467078723796b6e27f1212cefdbf73a10530b09fe672610979266abfa,3
6422,obj:0bb3d539963750da94eb952a87e140a3b862376294c82a843335d2dc7c21ce03,1
6423,obj:e78ba556aaff3fa7d6929880f690c54b061156cc7d3ee9c583e64bd041a4c51a,3
6424,obj:bbc4a7785c9d389187a2dabd1f4bbba0a1f8397f0937d559bef4fdd7bba5153f,2
6425,obj:7d136cf659f81d3dcfed9b6dd466f83de85ae8812fb2fa5fd59767c52268c8c1,1
6426,obj:0b3b8ba9d5e8b42417ce7a8b7e94dd219663a4f2dc3dbc411139184db623ff26,0
6427,obj:e185f3cb87dd6f96ecd6dcb725a2ef73b0afeac90bea1f6f6108eb004dcb9be4,4
6428,obj:6dc8b21de292a42c91d517b1445d2444f85d48f0528920bed5217f410d3d9fe4,2
6429,obj:f250a2e9e0be0d5dc751f1ee9256d83b7f28aa9d2593bac76bc176fcfe3b8252,4
6430,obj:dea95e105fe8d2b1a245c40f3ba64dc93e46de3a8926b93c6ed0ac675e3786fc,3
6431,obj:7af798ed2beb2c27d18760f1112044691321995ebe42704db0e399af7e4f2117,2
6432,obj:ca5f2c40a7087963d4a80145f606d776cb460c785a6ce1c7ee646d3fb63a1f90,1
6433,obj:5cbdec86a764309d5a9c4e7c6ed760ed9778fae9107efdb7d031951e70e4431b,4
6434,obj:f2b1c96900e59e6a2647f536d037e21e70e0ef7067f3ef492456093e94a373bf,2
6435,obj:0862b2aa6697cf4c458e48b37df110e0214acc6d280c28e6faaadba4b3ce1543,1
6436,obj:307782ff255b08a63ac861f3eec017af9dce892ea7f0292d9bb64ddf9d176a0d,4
6437,obj:a2d5bb1c231e1947a79ae93d2aa4f36df54ff1af6a969495731437447ff2dbfc,2
6438,obj:38d994c2834918ea9fe904e7d8bc18640f4e0c497b25d3f56c016e5313d24257,2
6439,obj:71345ee3e81500b3a2f59ff6888143d09c275fd8072dbd14d140071bbb325225,1
6440,obj:17f3eaf7ad54c1835acef2a30c5db280c0cdfc3cf3f35da11e7b7b08ba63526a,0
6441,obj:8fb2e828e6fc9e078ab22be04774591bd025d71fee1d0b23a580a73543251999,0
6442,obj:b09a240dc44f47b45aef6cb0bb374e0c51ec0638c9ba08ea0780185a6fc7c3fa,4
6443,obj:e3dcd2e89f2663987860fe985f8492cb6f044371fdc02a211b60fec7eea44686,2
6444,obj:acb4eb8a9d7225b58f4b73504db0e618a76edfdc901d4aa7dd1f38b2405c4bbb,1
6445,obj:3aaea61cf9dffc8b5eb9485f3b07f30c8280070ba686ad1b8d7efce0914c0405,0
6446,obj:53014aaa3db26ca3b3883bb6284336326059aa90da9662ad6d634221a0701bd1,2
6447,obj:bef76cad5361a3359ac9050bdf7c5cee53854424331f662b4b574fa404fa0515,4
6448,obj:4fa6a3820af707102260ebf9dcc8422981bfbddbbcbce6f00176d524ee163a0b,4
6449,obj:914ebf42919b26081e43547fbdc801cefb7a9a4f0e2bb4acaea74d36e8955ff5,2
6450,obj:34626ad89de84d603f3b298c3e684e4a51ae56eadf8b167964e2d4497f2e56e6,2
6451,obj:acd864ff5632d9f8f70e421a9da151ac0b7be91517c0eda65e8c0213d8a97082,2
6452,obj:aaccf55f980f2a76280a0b4df436acf2bb1c7cfd65d5ba4caec01106619d7da1,3
6453,obj:199d05fef2bd2b59f25f45bb430a77402ed7d7a8caf26d05223847efd5d9ab0c,0
6454,obj:2d4c1f92491e274815d580240b9e6fff224bdecd90fd9f78380c971329598727,1
6455,obj:c07ac102281d417c4e068e3ca6e8604f89f108c1f26873a1130e6e5ac93e4f24,1
6456,obj:14232e3ed027da037b75167f43dab2daa945aab669b6c361ea3f1302de2eba4b,0
6457,obj:2235fc68a2ce1f17e5fa81ab1784cf01a8041bb5380d4785b919f43320205e15,3
6458,obj:84eafe31584031935d142aff402d789b8f8f4d964a0a8da4934a29c57787ac9f,4
6459,obj:c95e3a759f948f6e015b7f5237183fd2253e43ea969f7eb93c726fa3ba7cfa84,0
6460,obj:fc9c86d734ca67dd92baf7de3226e85a7e837fea68ccd31f0186dca671da4627,3
6461,obj:63285cb5812ca916140206dc503664b0c669f6465120ea7dd27d8a2b764888b3,0
6462,obj:9092fea0ed1ffa5ffbbc1bcd4fe3015467de4bb65e045df11afca1a5a923b50a,0
6463,obj:b9ea8140fe909acbc9f9a62fdf037f14189b6bb0eeb6f3348a22cc1482b6f139,4
6464,obj:793eb06fe3bb7862265036c27d7eb0d20ce5995f28f732b8ba9261a84acb7e12,1
6465,obj:ba7e20da80cb127366aad458c854a1058847cc8a69ce5bbf41cec709049dc300,1
6466,obj:bbc4a7785c9d389187a2dabd1f4bbba0a1f8397f0937d559bef4fdd7bba5153f,2
6467,obj:a194713cc896217a1a67a23ac40e0acb92908a4f967344763a3c058864e0fc09,0
6468,obj:7c32bde39335a81d687f5932ea764d68748a672cadd915f42c06a8dbf7a52f9a,4
6469,obj:b755137cc8f094435dd7e550ae82473ae8a900ac69cf2a0bf98bdcd7d4e6e6aa,3
6470,obj:c7a7109f621f9188d7c54452cd487bae0552d3e8f9ced5ebc22e72ecb68781b1,2
6471,obj:ca79dcc3736dd080c642f4b77b9c3a39c2499890935390bda7a8b6d4909ca5ae,0
6472,obj:f3ba0da3a90bea25d8d404249935439afec1e8b070e9d3025673ecce63264cdd,0
6473,obj:0862b2aa6697cf4c458e48b37df110e0214acc6d280c28e6faaadba4b3ce1543,1
6474,obj:c7588ab736da0cd0e738bd30526126dd5c97f420938d504b16d426a5c38a8f6d,2
6475,obj:e0975fa536461324c6f0d5cf20a0f80ac0a30096e1b9803d61df3ab8cc4655fe,2
6476,obj:dc56aa77c2b56490cbfd2d0843e52a789c5141d245b7a54cec218bf44114824d,1
6477,obj:78e2c9bed3d865cbd2b518a4ba2bed7e4d41275ba4143a8e83652af839eb399f,2
6478,obj:d0ea0ca36f1fc6c9356b8d043c5d74310a800f9a01b470cbbaf2ab35f442d91d,3
6479,obj:5a2923515dc149b363e8729d18adc6bbb18718c496d97c5a8a32fb12e575ed95,0
6480,obj:bc455b4fd521fac6fdb486ef42bcd6b1f3f53e9bc7cbb1a58fd0be646ca6e631,3
6481,obj:840f6e7b0f677800588488796f4d6d57ab03a3dee9fa3a200bf89cc319e73465,3
6482,obj:abef6a929c18cce27a0e3d231489e6a61e47ec2c2ae2b899df4c90af3aff1068,1
6483,obj:d777982856075618b7b8fcffcf62b1f31709023adc486f5bf6cf1db7db7cdb3f,0
6484,obj:6ad40eed9f6ba480aa72a99ecde93d0724ee84b048aa801c9c3dac88d69a81cf,4
6485,obj:8b57a48546c14b9e216f9aa13de7973c18f1dfe8dacc2c4d767b9bdf10a7acf6,2
6486,obj:2c7628455d3cd8eb08c1ac422b9c8c803a4646d9660fd5c29198b821ad753854,0
6487,obj:530e396da03e41a256715f0fa8e3482bb3599f42950cb324abda58e54810e49c,3
6488,obj:f2187d1cdafb107119bb113902393b78d0beb0ee31c8d52309e3b85e16706640,3
6489,obj:6f42c582dd6e7b27eddd6730b11995ca503093dad0f4987c546821d807630805,4
6490,obj:24b00c1b9bbeb76482c456b502499f63d3648e3555f75c1ee7e4b9e70e27083a,0
6491,obj:c257b906890a8b6a6ab96b44520309019797fb1d4830631627affe92a94a0226,0
6492,obj:0bf46e759345204aa33f445ab226fe131d0948b293b49190011bfca8e44322bd,4
6493,obj:4d0d8e75bbfd1122ca81c1802deab3c598bae0d0e6746ff6e7aff509e4a2deaf,1
6494,obj:1b9de2e62f64d087e0a73d71b354d7b1771b8a5c5479fff7f93b08df70e83a78,3
6495,obj:ab6c74296fc95bce147c19cea95cdff3e29c53d3446f93d25a998250fb0db594,2
6496,obj:620473609929e22fd30fe70167c3f9b2a18f330e693de1f689dc6338608f7a8d,4
6497,obj:fad63565c5cd7cd2f2979aa153366b4df89da38ffb992115938dbf19c21e5ba2,1
6498,obj:137c0175d4ab5059d4a9223e65a123b8237b884f81b7c3a6442b09a8c6dd30a9,0
6499,obj:62f2b97315040ba922ab2c4aacc61b4f8184d6b2037c3cbec23f9b068c6c3eba,4
6500,obj:e1ef84b753b136891901095813e4a5230e54e39f7994f099129e9b8447b24544,0
6501,obj:34c7f48391498258c43d8e1d5039c78a38e45a63f892e3c98b19d66f21c06808,1
6502,obj:2555e4e4aa1f2f5ea33327eff2ff3ba6d5e0b04fc41cf6f648b1b53cf71c05b2,3
6503,obj:cde0a707ec953e1ddb25fd41154b4062ad704558fcaa07238d5da6a29667b6c3,3
6504,obj:34c7f48391498258c43d8e1d5039c78a38e45a63f892e3c98b19d66f21c06808,1
6505,obj:307782ff255b08a63ac861f3eec017af9dce892ea7f0292d9bb64ddf9d176a0d,4
6506,obj:8ed241e9e66f276f258064907cabeda0ba53afdb0234d6f7ecfc6b7640f12986,0
6507,obj:466e3fc198c92e1164a446bd42c513a6ff99e17506484fa027611ac9de5462fb,3
6508,obj:e0bf84cd5cddb2def23c5f0278ff4c22d6f8adc843beb1c01ed7c0b516a98b27,4
6509,obj:39fea455d7475c6bd7e9ec679e84d054ca1fac483d46136925448987d04f2450,1
6510,obj:d330b22af11d6aa5d2fb26ac72781fea4979e9a53a9a86af82664ded7f47c195,3
6511,obj:f84780a01b98309ccfdb2e19afddd60cfaf5efc829555f53493bcbd6cb4134f3,2
6512,obj:77907a1878563dc19bff4442f35870bbb091fc7228d81a349730c336c817169e,0
6513,obj:24b00c1b9bbeb76482c456b502499f63d3648e3555f75c1ee7e4b9e70e27083a,0
6514,obj:6488aebe30e63e9b143d4cba3868dae254874b6327a81b73b66a18b230579780,0
6515,obj:ec24e37899439a269cbaba24f857eab788a1e8abfe394fed62046b331b8ed1a9,4
6516,obj:9c2719cc566ce2f56e9060bd55bd9f501c65b5b55ce011279eef0eba94072f18,0
6517,obj:ab9702bcb813dc31d19e606c0cdb385db41e72801b3432ec155f7bf06a1a6e27,2
6518,obj:836ca241f02800127c76cb3c2e4866b081afca5b6ad670249a57f7f6136130be,1
6519,obj:d433386b08d4852969ae6693b8033b6f40bdf939c3e5fc81903f308317754219,3
6520,obj:0449093a43546338714fbf0c7067bd88b1f34025b946d5ffff0e94c1855d71d6,0
6521,obj:b693ef7d112c69b7323c5551b153e1753e01850a343f5e78868c3f1c2904869c,1
6522,obj:ec74b5aac6c7402f61f2fa9bce84c7b37722a3c8b5f053bbd55be0703ae1e6d3,4
6523,obj:89300876dd80dc5dbe061e16b72726717b0bf1dd4befaa258c25be4bdce6bfb5,1
6524,obj:10a7eb06f6404cd5bbc9cf5973c335fa32a5ca355cb1bcbce33b48a7b8de2b6c,4
6525,obj:54d422fa6330492754ec1ef84b87eadecb5235735d003b873802497599ce3d2e,0
6526,obj:2cf14aae6f8a94051cc5b786093162a0af4024d21bb76c725f41259e442eb91a,3
6527,obj:1b45c5b68b3f5cf152fcf24404f9f19c1968dc7887286720daff04c65f55bfb3,3
6528,obj:e7d57fdb3af7e9e6f33db28b32e842ca8d30e98418d92d9de15a18f5eec18c94,4
6529,obj:d8fc075243cd254c454aaecb918b5aed571b062a241daec8bb1a59746cb41aed,2
6530,obj:20293c89b25d8e86fd7a7ede13e8cfa4cea28ca8d5fd0b0c3943a92514828ca6,2
6531,obj:d03753f742119dbdfa11120a889f4ad50aaee4706638a43ae9c11b11ca098873,1
6532,obj:63ad70f0c1799ba9a2ac1a61ee6dcc554054d2efb1994541942858ac05c1a291,1
6533,obj:849360795422b7e6d75916e843e67a1dba24b70e83bac23bf852079371039049,3
6534,obj:43e372cfbfd5bd4d2bc5f8e13305da5395bf75c77ce2b7e60c65ebfcd0b873fe,0
6535,obj:6f42c582dd6e7b27eddd6730b11995ca503093dad0f4987c546821d807630805,4
6536,obj:0e3d2eb3fe774605a13cb93ed60b20278478cd282bde636d004fbcdb31857997,2
6537,obj:c837bd8433c803e28983b434a677c70b79c37e30d54830f4254c8e87586ac723,1
6538,obj:7d136cf659f81d3dcfed9b6dd466f83de85ae8812fb2fa5fd59767c52268c8c1,1
6539,obj:42dd8e966f03d22ba1d54496728ba67cb27cb50a54c67aead9aabec96afd5988,0
6540,obj:9c5e4dd1562656c23ce9f98b93b5782b6f63a5ea90446329e292875bcc6312b7,3
6541,obj:712d9c7f92f79e30bcc7d4e6028529015f55cd19cbf202a7065a4341834d719e,4
6542,obj:6baf44c4c85dd2165fe737981ee3de2ad47f149d6dc49176ff035338ab7f8541,3
6543,obj:9aa637bbc9fdada4dbb28ad1888fb737ccd1e498687abab7ef3ae6f14e2f4f7f,2
6544,obj:a8096e473e90e9e489c6572ac61ce3b2e9fec573e518ed87f7cdfb1cb9cb384e,1
6545,obj:2b6f102efa7853cc1cb939b9d8a2f5461c87a1388604b93d29eddb77e645a29e,1
6546,obj:1b45c5b68b3f5cf152fcf24404f9f19c1968dc7887286720daff04c65f55bfb3,3
6547,obj:e9878c4308d43a4bcab4c0b595df3d51b5b7e300600abbd46d0ec2a67a6e0406,1
6548,obj:bed3afdc00d99311b46704cd97fc8596cc266555a414291bd0e62621e2a34bc3,0
6549,obj:530e396da03e41a256715f0fa8e3482bb3599f42950cb324abda58e54810e49c,3
6550,obj:2bdb6d687ee3ed3f766ee15b17bc8e4eec4837d40cad088cd2e55217e6806fa2,1
6551,obj:94ed0bb4633b1bdff79b1145e6b32671b24b5b665d9cc59ea26db7fbf2420894,1
6552,obj:5a88d7868c8bf9fb4a75bb62d960eb5b590bcc2f3da61d95ee971296ef0b8e55,0
6553,obj:466e3fc198c92e1164a446bd42c513a6ff99e17506484fa027611ac9de5462fb,3
6554,obj:6f42c582dd6e7b27eddd6730b11995ca503093dad0f4987c546821d807630805,4
6555,obj:a2753640e6369d1a347dba803671410d6a6eebbde0df4fef3e58dfebdcce6cf3,4
6556,obj:bff3a4e80be54b3a6d7e14f23c7e6d735f2c89e9adcdf3c12db5bd860f8dcb5c,3
6557,obj:f26b524c6e06b772b68987443d126b90fb51fb735210522ac09679e4e4191f4e,1
6558,obj:c36567782deb4cad7e76b92dba89d233ed7fccf3afb26fdb4c6ee0e767d6ce5d,2
6559,obj:9d30498cdeaf8a8b422d932da2460e9d22e4c1ed76b6a93f83bb970f16b72bbc,4
6560,obj:b189c73e34b8e27dec46f0e65adb0b9a34868619da71a2a42b77dcf74eb1ff82,1
6561,obj:792097c1eda91c4ab47b707ea6913a1e1777cdea8c88822ad807abf274ef1c97,4
6562,obj:b09e61fe03cc52579c14c320ba5bba28a30355bcbc8b5527eaf708552979d102,4
6563,obj:32a737ad353a48c9409a342fb93bc4a04f13bbfd4b6f95768f7aef107ad4ded9,1
6564,obj:5a6db914e81a7071ac266dcb0b20a1a6d816b36805b8c48407f64a64b0837d67,0
6565,obj:fb586bd5303323f9bc1aca9373539d2a7b6b28ff0a5df1e367421a09d770198a,3
6566,obj:a6c88faa6c285ac22c7ee6d5cb818ccbd568cc62b83df86250ff790d829791e5,0
6567,obj:62a8bd32a4ff7edb5e7c623f550664760763dc0b58862bcdcaeac15b34e64339,4
6568,obj:a1cdc7932545ff75a866ffde92c5b40a7108e2555c67fe2cecbc6212b6382c9a,3
6569,obj:1d90d617f213287363ecc5e6a62b81f943b8f80bff0f4730a74e4a0644ed9da6,2
6570,obj:51808a0ff3b95b41b687034bdc3ea15a69ededa24dada69968ded34a726e5ce3,3
6571,obj:aa78fac011c9b709ae5b782151577346bf928fc438a6ae0d684526d35ed994e8,0
6572,obj:6f42c582dd6e7b27eddd6730b11995ca503093dad0f4987c546821d807630805,4
6573,obj:5c83acccf968597080b7d1e424bb3953dfc6caf6b244980908beb2d25eb753c1,4
6574,obj:d968627ed94aa345b799a76972c928b426fc8f269bfd8eb05dcfcc6f9219bcbe,1
6575,obj:a3cbfc4a0d3db8e888d5437bfeb68adf952927fcd6b5edc78135f759c26f53ae,4
6576,obj:aff3a5ee15c334964de04308b255f5c72642013be92bb6164990770bfa9acb8a,3
6577,obj:4f03e0f57fc30c7e8e6dea8a596fb97976404dd87a7cceb1e95adda9e31f77d3,2
6578,obj:f6d50a08a31fa84d72ee54a024daad746a035495d0e8c25956216a8efc82b109,0
6579,obj:d4076cfc000239a26e065e849135934b747e9baca11bd44395c0b93408181b13,2
6580,obj:0862b2aa6697cf4c458e48b37df110e0214acc6d280c28e6faaadba4b3ce1543,1
6581,obj:816b184b9beffadf165ecde005c34903e15e3ff271cd35fe8cd88d7766642051,2
6582,obj:f573491394c26568eaab343c3ac83723e28c13f3273394939683173dc1b3173f,0
6583,obj:39fea455d7475c6bd7e9ec679e84d054ca1fac483d46136925448987d04f2450,1
6584,obj:bf351c9491211ecbf753bf9f089b41128a59cd291a7e1142d5d2105bd3ce3e8f,4
6585,obj:d965847a0aefc3edb212418459bdc197799cd526c6a4a5f52fdebfca64c7010f,4
6586,obj:2235fc68a2ce1f17e5fa81ab1784cf01a8041bb5380d4785b919f43320205e15,3
6587,obj:c78a89f6231030e033f03e723c72d69dd85e04a34701db745f9c850103e0ffcc,0
6588,obj:ec24e37899439a269cbaba24f857eab788a1e8abfe394fed62046b331b8ed1a9,4
6589,obj:6d66e7a062bcf087210b4961619d1478e6cd09f76be55121458b089655edfac2,2
6590,obj:0bea36dfe869410e0a45d68171a865a602297d5aae75cab85e2342119017bcae,1
6591,obj:b77bdccdab67950d77eb23e54f5bc59b3c8690ba7f5f278d34b12573018d3610,2
6592,obj:e9878c4308d43a4bcab4c0b595df3d51b5b7e300600abbd46d0ec2a67a6e0406,1
6593,obj:53620214ccac5c93a81378c0cad2a9d10b8fb000b30ef1136cff49a619b43fc4,1
6594,obj:34bfa7eb5edd7982c03f3b90ac014126ca24971850ad61af20e3bf7fc0b1c359,0
6595,obj:ee65c8249240781e2a5fc37eb3962d5f3c0fb7849544dacd5d30208d0e2d802a,0
6596,obj:6035125e07657ba6c5247a36b8dbacb78d374da5d3cb6a7269403a68f527996e,2
6597,obj:f74f2b6f0c388e28da791bfbd73434e571e6baa2cc839c8206d3d389496faed8,0
6598,obj:d33e64f64a7f567baf370618e2b3cdd3b756ae665cef3a02fe2758fdf2f4a463,4
6599,obj:753feee3cf5a83f9a9b4d078988178dfcdb0228c3e47d0495d3871ce908b8525,0
6600,obj:0fd3a082fe6021c2a2cbdb1f1cf73d221a87897ebd88a6374c84babb7c417062,2
6601,obj:a2d5bb1c231e1947a79ae93d2aa4f36df54ff1af6a969495731437447ff2dbfc,2
6602,obj:e1ef84b753b136891901095813e4a5230e54e39f7994f099129e9b8447b24544,0
6603,obj:6ca90ce50d956221d5c50d29fbd03ff430cf5f092c57ab5084de6e2319f6fa51,0
6604,obj:2c0f34b8bf9d8e437546226233253b64334ab8fd0463a73b74d18d9874532949,2
6605,obj:ba775586b5e0ae50fa94520f76bea69e85d3eea424053ba9ff4e0891e9710bd8,2
6606,obj:9092fea0ed1ffa5ffbbc1bcd4fe3015467de4bb65e045df11afca1a5a923b50a,0
6607,obj:466e3fc198c92e1164a446bd42c513a6ff99e17506484fa027611ac9de5462fb,3
6608,obj:ab87d4687f4fa134f9851596ffe30ddfd88da645ca66c0afbdaba8be3960dbe7,3
6609,obj:64c4e7d9438e23b0d40f53bee7626fa4381c2a7312fe81ecf3e0729920191cb0,2
6610,obj:97f0f6ab1cc802c5729dad681328513cacb64bd81421985ac574e7adf93681eb,2
6611,obj:3fb48baf0775a25734b07e4c3849ddd89523ad1ae2a1a6c68e39611397f23072,2
6612,obj:cd9aba50fe5c5d288c1d5cd28355e2346e9f3ce6e37c2f670221ab10cfed5826,3
6613,obj:56fa22a5695ff56ee9de032e13adaaa127b2689771c83d8c9ed6aa0d202643e8,2
6614,obj:9ece77573f59c9555a36aa439322adf24d7b6d2d4e279d14bb3088259cfc9beb,1
6615,obj:d50993a169dda4485a1823f517012392522c0c3ac0a746797c1b30811f383995,1
6616,obj:d53f36bceaa51fe9d855d1df74eccb3b03cdc3c20cf6ad9892dfa4e6ea43048a,3
6617,obj:0449093a43546338714fbf0c7067bd88b1f34025b946d5ffff0e94c1855d71d6,0
6618,obj:699efb15b08c178b48e7dfc56d8d37d5271d72c36f065b86c14979e972f38b34,0
6619,obj:96bb898b7cf904d30d59230b90b69f18a3a6fcba2dd2af4110a6556d988a8138,0
6620,obj:6f42c582dd6e7b27eddd6730b11995ca503093dad0f4987c546821d807630805,4
6621,obj:bacfa64c2c23dfcfc0b166ae85f56a1bdc9a5811f9558ee354a8a97e942df7b9,2
6622,obj:b6a998c7f021d4ac78f15e53023c0277ec9dde7141cd87efdf37b10565724b4e,1
6623,obj:a2d5bb1c231e1947a79ae93d2aa4f36df54ff1af6a969495731437447ff2dbfc,2
6624,obj:cb6ae23bd20e3d5fa051a48a74bee31f81e535ec6e5600883d56e0f4792715de,3
6625,obj:21214f6a5d7efbd5de64ec685a4b7d6869a6c584f9dc44dcdcea9d7369c28a08,1
6626,obj:6488aebe30e63e9b143d4cba3868dae254874b6327a81b73b66a18b230579780,0
6627,obj:bbc4a7785c9d389187a2dabd1f4bbba0a1f8397f0937d559bef4fdd7bba5153f,2
6628,obj:0f7dc3896d1108875ee0689571b036d47ce0a4273ff8221aec147b040da6ab2b,0
6629,obj:8089276dcde547ece8f862bfe67e38844b2949a6b57e1dbd660c70cbf5b7e4f6,1
6630,obj:0449093a43546338714fbf0c7067bd88b1f34025b946d5ffff0e94c1855d71d6,0
6631,obj:8c33101c7a50faa393bfb0cd60af27eba82b891d665b68466f5a0c80be4b92d9,2
6632,obj:6488aebe30e63e9b143d4cba3868dae254874b6327a81b73b66a18b230579780,0
6633,obj:731c047c8709d9215af82ca9775be1461675de9c3d727f58ffbd691693a96968,1
6634,obj:0862b2aa6697cf4c458e48b37df110e0214acc6d280c28e6faaadba4b3ce1543,1
6635,obj:0cdcc6e1ab4f53f70d904df6017d2bf8d0b546a7e0110675888cecd7838471aa,4
6636,obj:42caf8981cd6b69af203209b66a1294e0f5fb657d7d17e3d6e9a36c2b16a3a3e,4
6637,obj:e32beb778d6d22b48ab0e15799222251788e76aa7d6b01049e98753dcc65f203,4
6638,obj:41dcb9359010d4e67a9d8bae5c8597ede22d31937d44c2a1921a51dfcf00b721,0
6639,obj:a30eccfd4d2af54d018182a70c4fd8b0dea3e833a53e40f54f4a60c847693c25,4
6640,obj:14fd0f06b2402cae2269e62bc366ad76d82ad13d017ecd4994ea0b883a2c18b9,1
6641,obj:c185eec15b697746612602ea3ab0b1d3c274decb4a988bc84acba29f1619592a,2
6642,obj:afdc8d9949897a8fff3ff422d3b6e39e9631f3349b50f4bce44d7ccf7721cf9f,1
6643,obj:a546ffc670fefe1134bb54420bcbd7475435f0091590916c4f48ae44f2ec87ef,1
6644,obj:acd864ff5632d9f8f70e421a9da151ac0b7be91517c0eda65e8c0213d8a97082,2
6645,obj:c850aab75bb523bc5130c2a31eb9dd7e5409790307a0b06fb8bd464bf993a18e,0
6646,obj:1282afede21fff401cfeb4b85ce301bdd4e520f1b703a6b302da73de854488a5,4
6647,obj:5c83acccf968597080b7d1e424bb3953dfc6caf6b244980908beb2d25eb753c1,4
6648,obj:3423fdd7e4b1ae0c988e0fbd1df425855ac1cbf13f2c9bac9ad02a7cc3bf6a04,0
6649,obj:5c83acccf968597080b7d1e424bb3953dfc6caf6b244980908beb2d25eb753c1,4
6650,obj:cb88ec6dfd8f8a26699cf6f789fbb0219faabad88bcaf70dcffd20babcb9fa7f,3
6651,obj:d08eac3e7d64e15a4cdf2068082932e6f4e974bd63c96f52b5af10fd90cf21e4,0
6652,obj:e0975fa536461324c6f0d5cf20a0f80ac0a30096e1b9803d61df3ab8cc4655fe,2
6653,obj:4e1480d78646f85bc1c83ac2433511e6077aef71aa4cd546bc0bb3ec9710f239,3
6654,obj:13d033cb39f0de1d72e96a29fff6f6c87326d2ec31f912b1af8ea2a6d99a92f2,0
6655,obj:f0b7b3b85b945ae454704876881f21c9c43a035762a2a91e7c32dfdb8cc56d6c,0
6656,obj:73f5c21e7076394bc707d5f3d0514357e337b6374e45a3d0c57b93587a256668,2
6657,obj:97f0f6ab1cc802c5729dad681328513cacb64bd81421985ac574e7adf93681eb,2
6658,obj:0862b2aa6697cf4c458e48b37df110e0214acc6d280c28e6faaadba4b3ce1543,1
6659,obj:27f57f43030c47bdda37b34488cae255dee77fcf73bece56a0ab191c52410c84,3
6660,obj:165b388fc8233c52a19dfc5e3e8dd00950fcf2c805b1079c2eecf98bd2bfe690,2
6661,obj:e185f3cb87dd6f96ecd6dcb725a2ef73b0afeac90bea1f6f6108eb004dcb9be4,4
6662,obj:395be80a4edffc02f71f98c414e793db90a42614893a896899aedfaca6d3bfa8,4
6663,obj:a0a5e4ee0b6aa9e1946dcb9c08008d1c776aaf23204c0bf3eaa4ac220ba3e1d7,3
6664,obj:2c7628455d3cd8eb08c1ac422b9c8c803a4646d9660fd5c29198b821ad753854,0
6665,obj:9e12fbca757b80d59f7445e16809bfc4d45a6677bced5ad33ce76788043fe56c,2
6666,obj:816b184b9beffadf165ecde005c34903e15e3ff271cd35fe8cd88d7766642051,2
6667,obj:a6c88faa6c285ac22c7ee6d5cb818ccbd568cc62b83df86250ff790d829791e5,0
6668,obj:84eafe31584031935d142aff402d789b8f8f4d964a0a8da4934a29c57787ac9f,4
6669,obj:2c00cc78173851cf0067baaf61e77ade5f07a8e8a81af1517f4716b03489e201,2
6670,obj:b34c5fa068eb8545d456883f299f9d88c07bc434aabd6e8a6ab89a0c98526df4,2
6671,obj:60c0452dc428c416d2c5875d5bbf2853bb4a133b40fa6afe64a8789739cadcdb,4
6672,obj:abf99b43746bafa82f0bc698000dec3c1ce8a24928f24fbe639fed8197e9900b,2
6673,obj:9092fea0ed1ffa5ffbbc1bcd4fe3015467de4bb65e045df11afca1a5a923b50a,0
6674,obj:e37dbf9eaa622fb68a55edd32d1216240ab6566b4c5d039c09531e088e048c36,1
6675,obj:e5330e7c56d22654db5874daee8c0aea8c6aec31b45047bbca5fc42b6c8da8b7,2
6676,obj:5336c654ce1cf12977949ad83eef49187ef003644d63049e61cae1763c117571,3
6677,obj:0449093a43546338714fbf0c7067bd88b1f34025b946d5ffff0e94c1855d71d6,0
6678,obj:37e0f5c8123034180d27a8ee4673be0fddb08869d973f77c477681d15fe6f948,2
6679,obj:f7e412a26d4bf99df7076b17caa9ce1e93eec7b6ba1ee9dd52a807032f807bb5,2
6680,obj:7145159f6c4158f1129827e7d378ed7f843269e554582c5922d0baf0badc977e,2
6681,obj:f573491394c26568eaab343c3ac83723e28c13f3273394939683173dc1b3173f,0
6682,obj:9ff4c08549d9717ff437b9fe3605b31cfcc1c2b78e019d80d25acd626ef6b196,1
6683,obj:ca01007187b8e8c2a62e1ede01b379e285fe674abf2459e6b8a56226b27f4ef0,1
6684,obj:3adb5aa26e4cfc9bf349e487ecb56d9e3017f1543e8d92904d600b2fa0870233,0
6685,obj:08f9204cb03a3618930eea0568e5372bd717e545135e4f86dc5bdf6fed66f069,2
6686,obj:91b5b880d8d3cb6f4cba5e52c810f7e1bdc12a10e35fcdef123077674fe4cb9f,1
6687,obj:6f42c582dd6e7b27eddd6730b11995ca503093dad0f4987c546821d807630805,4
6688,obj:b5e35a327d511f29d35b4a9853f9092d792100b361119869c7560979303763d3,3
6689,obj:0bea36dfe869410e0a45d68171a865a602297d5aae75cab85e2342119017bcae,1
6690,obj:0862b2aa6697cf4c458e48b37df110e0214acc6d280c28e6faaadba4b3ce1543,1
6691,obj:3922eb4fe458b8c1b26f9a73402394701a16478311254ee33a5038712e011a83,0
6692,obj:9092fea0ed1ffa5ffbbc1bcd4fe3015467de4bb65e045df11afca1a5a923b50a,0
6693,obj:c26f6e9d2265c04befd1a9d8f2df88d5991697820c2f83191af2b8375627de59,2
6694,obj:94ed0bb4633b1bdff79b1145e6b32671b24b5b665d9cc59ea26db7fbf2420894,1
6695,obj:fafb50bcaf635db18b6b53500aecc085f01b2967554b930edc1882a15a1f333f,2
6696,obj:0449093a43546338714fbf0c7067bd88b1f34025b946d5ffff0e94c1855d71d6,0
6697,obj:2bd473c37a5e3539d1dfaedbee2b8d42bfbf5a73b9b30557135a702879578a21,4
6698,obj:0449093a43546338714fbf0c7067bd88b1f34025b946d5ffff0e94c1855d71d6,0
6699,obj:83d6e6f2f9be1c690ba871e3cf084f1e89ecffa816f69508deadd80d7e7800a3,1
6700,obj:f0b7b3b85b945ae454704876881f21c9c43a035762a2a91e7c32dfdb8cc56d6c,0
6701,obj:a0758ab2a908180dff98fd16e6495440183b176d2fc3c4be5a760d6609ecf564,2
6702,obj:a8ba2fdeafd7fe00d16c0eca4d4e202c5e64a327977f9c6328f44afdcebe4a0a,0
6703,obj:95f5c4eed926ef6a3484bd3aa88fc644822bed694d6364ab4c68e0ed64a76bd6,0
6704,obj:a2d5bb1c231e1947a79ae93d2aa4f36df54ff1af6a969495731437447ff2dbfc,2
6705,obj:ea5f9795d8b94fe8cbbda26ffb4ef619e17c611e185e9cce49a193d38398a614,2
6706,obj:ab753ac216a87de3b3e82ec518f599cf73a5b414036c289c8032bb9e5d9262b9,4
6707,obj:0862b2aa6697cf4c458e48b37df110e0214acc6d280c28e6faaadba4b3ce1543,1
6708,obj:e8d58d76a4f74e6b2bffcde3eaa00365c20a71e42d740cd5dfd9d171499f2db4,1
6709,obj:4a81dc3adaff0e4807d8873ee01d9089c252fe547236d5ef7640e73aee81eed5,3
6710,obj:da1ab166954061ebfc0c564f831227aa3d9fdfa76af5f8ac72ce570342126d07,4
6711,obj:eaee23a3aeffa16a2c9810aa024cfa42b5860702df05109eb723a214b2608ec3,4
6712,obj:b52ccaa227e6977c1a80aa551d86cae709b91f08371c0dc26f9e9ec66523fe03,2
6713,obj:22ed551173c36985be9fca3d79e84657e2d3536d8289bd041aa369b55aaacb25,2
6714,obj:46ef9be24d42cba6bb035e4521135f987d7a13f84a4baaaeac468ddc43636e39,2
6715,obj:91b87ca334087c79c6d4e87b003f67751d20dea3ee777fcb7afba5bb906619fd,0
6716,obj:2c0f34b8bf9d8e437546226233253b64334ab8fd0463a73b74d18d9874532949,2
6717,obj:76717d0f0b12b3e42c96401a42613533488fcf4f807424e1d33cc36eac981b1c,4
6718,obj:a546ffc670fefe1134bb54420bcbd7475435f0091590916c4f48ae44f2ec87ef,1
6719,obj:f3a6fab35ff6c7b0098a83dd686199b67250b848cf0374938e00aa5a33ed5ca4,2
6720,obj:097f986970720b9a9cd77cb09a988daf65da5ef572fa602c2b7d2eb3c509059c,4
6721,obj:29eece8688757872f4e16f89fa29c7ada0d21e23ffa0aca5c9059196fe854c99,0
6722,obj:f41f8f694efffe7106adb9002b3ef5920f971d34416c529566656d6bbc75a579,4
6723,obj:1132f873d3c78723a89d9bf4b0b7a70bb542437a0667f6387db51299388598e7,1
6724,obj:f3a9550bc22e4e6dcde73dda744cd809cbd662146b00da6b0a7ae078411a6920,4
6725,obj:ada0c529e4fbfc88ed0a17d3adae4e82f52734bb52c674fbd5e39a2d1ba2f25e,3
6726,obj:6488aebe30e63e9b143d4cba3868dae254874b6327a81b73b66a18b230579780,0
6727,obj:78e2c9bed3d865cbd2b518a4ba2bed7e4d41275ba4143a8e83652af839eb399f,2
6728,obj:f41f8f694efffe7106adb9002b3ef5920f971d34416c529566656d6bbc75a579,4
6729,obj:71c9b63c7589f928dde668a2f52f42ad98beb1b63f0d9c49807e843634b542b9,0
6730,obj:d91da974f4197596a6686f617773fdc59019c1349dd73602698be99d3e51b802,3
6731,obj:d2e9b4f350624f1b27b212c9c9c7cac029fd660b6755d196dedaa32d7db765f8,1
6732,obj:0bea36dfe869410e0a45d68171a865a602297d5aae75cab85e2342119017bcae,1
6733,obj:55c49a17a53b9f95870ec87c1cb7dc0c08fcde9c866a652bfc008494c0902226,1
6734,obj:6d66e7a062bcf087210b4961619d1478e6cd09f76be55121458b089655edfac2,2
6735,obj:acbbd7aec28c19a54b2dfc089a03a3b647d18549357f74207bb977063d64818f,0
6736,obj:0bf46e759345204aa33f445ab226fe131d0948b293b49190011bfca8e44322bd,4
6737,obj:fbb7f3961270c91e7cc7d12c0bfab5cd8772cd97212453ce2042070fee96697f,1
6738,obj:6b334b965bbdb08dcb2acff8955acc17d2736b67ee4486a3202fdea8f88a1f24,0
6739,obj:e81993e1c588efc689bafdb157b29bbfd2bde4afc09dad8f0b4991b915bd8402,4
6740,obj:6488aebe30e63e9b143d4cba3868dae254874b6327a81b73b66a18b230579780,0
6741,obj:96bb898b7cf904d30d59230b90b69f18a3a6fcba2dd2af4110a6556d988a8138,0
6742,obj:0862b2aa6697cf4c458e48b37df110e0214acc6d280c28e6faaadba4b3ce1543,1
6743,obj:acbbd7aec28c19a54b2dfc089a03a3b647d18549357f74207bb977063d64818f,0
6744,obj:296e8e1452c5ff9d3931084390dcf9d4c8bdd956c7f03effa10eec906f76b9ba,0
6745,obj:0449093a43546338714fbf0c7067bd88b1f34025b946d5ffff0e94c1855d71d6,0
6746,obj:5c83acccf968597080b7d1e424bb3953dfc6caf6b244980908beb2d25eb753c1,4
6747,obj:4fe56abec7b3b415d68e1a41b2d2e110700c769d39134a73067ff25176cc91d6,0
6748,obj:15167ce7fe7bbe92c9908db84328cb891afc692a062ae8baf14bfb3d68faffcc,1
6749,obj:7788b676a3445367e42fc11d6f972c0a0d56486e6c27208d5b175173eb15f0eb,2
6750,obj:792dbd7793c7588351e85b04a8d75dfc6600b1aed2d468d65b2d046110f2a751,3
6751,obj:f378a014e208facf746208d4a4f9a39e6ed802658bc741310e771d612ed89b09,2
6752,obj:97f0f6ab1cc802c5729dad681328513cacb64bd81421985ac574e7adf93681eb,2
6753,obj:77907a1878563dc19bff4442f35870bbb091fc7228d81a349730c336c817169e,0
6754,obj:5c83acccf968597080b7d1e424bb3953dfc6caf6b244980908beb2d25eb753c1,4
6755,obj:5ada209b67efbb3df290b61b75caa3e61f0255a506ba9cba07e1e7ab824ebfc7,4
6756,obj:e3f710dcb9304c44337e7f646704bd49a3f97c98c26cedc65b743c30214614c8,2
6757,obj:7a2f53a46240f38995e7b95e2f11795be25b73910da0fab71d30c4de04b33063,1
6758,obj:1630dd3985901480124944834aa007d1a2e8f192e689ddde8a6d5f41066d824f,1
6759,obj:a2d5bb1c231e1947a79ae93d2aa4f36df54ff1af6a969495731437447ff2dbfc,2
6760,obj:e1063a6f23ab7aa8dd5f85c2f84df26d0895544647536155f2b5eb6632b82296,2
6761,obj:8ed241e9e66f276f258064907cabeda0ba53afdb0234d6f7ecfc6b7640f12986,0
6762,obj:cd590cded55d94480e6310dca774e0f0290aa967ef819f828622bf923fc56ff0,4
6763,obj:0bea36dfe869410e0a45d68171a865a602297d5aae75cab85e2342119017bcae,1
6764,obj:a546ffc670fefe1134bb54420bcbd7475435f0091590916c4f48ae44f2ec87ef,1
6765,obj:0a07f1896ade0e2c3ca219526da56c4e090296401aab56f29bcdd16fa9c5c0e3,1
6766,obj:d37a3c1b981d3e1be6512416c0c5f3dd15b212f0dc0a0c108f2fe03071c3e2f9,0
6767,obj:4b1cbe4598f937efb9ce2165673c4d974122008fc50b16960b371b2a23845dec,2
6768,obj:a56641d87b7f0d1c47085db1372cc27b693014a0cd168804ba3d4af7774b0fb2,0
6769,obj:bb4bde7c8c84bd01b1c3435d4d36edf7d2b1df0123b28af8fd024585bf47e373,3
6770,obj:dd800cadb77067c0e881d10dcf9cf70b56c88b4a82611b4f71679b184d4a34c1,3
6771,obj:34626ad89de84d603f3b298c3e684e4a51ae56eadf8b167964e2d4497f2e56e6,2
6772,obj:e73ab9e1b59547a7d30dace66d521f0a81a80237990d243310df7106ce32e575,1
6773,obj:56bf287a2d154b7ce49345757eff726fa1d72f8344c2114094bbf27369f0611b,0
6774,obj:e9878c4308d43a4bcab4c0b595df3d51b5b7e300600abbd46d0ec2a67a6e0406,1
6775,obj:71c9b63c7589f928dde668a2f52f42ad98beb1b63f0d9c49807e843634b542b9,0
6776,obj:34c7f48391498258c43d8e1d5039c78a38e45a63f892e3c98b19d66f21c06808,1
6777,obj:9770c3b2a987f74981758f0dc972f3e9c99aab820cb510500e0b583c321eaaa2,1
6778,obj:0862b2aa6697cf4c458e48b37df110e0214acc6d280c28e6faaadba4b3ce1543,1
6779,obj:b4a9e5a5d3d453d9a2d86d6f2676fbc363381514b40bc43c95db5428dc3d749f,2
6780,obj:0862b2aa6697cf4c458e48b37df110e0214acc6d280c28e6faaadba4b3ce1543,1
6781,obj:c5b2607b6e5ff042e217afa6bef72a5881a05da64fcd5080494b83ec7a4dc47f,4
6782,obj:6fe8810f732265a067c10baaa27d41c6dce0dc1dea843bd793a68237bf5bb026,2
6783,obj:fd476c6d4a62d355fdbedcbe67d95157677a37a0f271cd02c0f2e8befc1e7a21,0
6784,obj:c7588ab736da0cd0e738bd30526126dd5c97f420938d504b16d426a5c38a8f6d,2
6785,obj:4994bde2d7d9e98d7626d59e937a1934c6e0ca8cd769cb1c0fe907edb563dbe1,0
6786,obj:56edb5b1da97edf81f36ee3729d0a1eac4511a4e9ac61ee6ac86c3045381a5d9,2
6787,obj:6f42c582dd6e7b27eddd6730b11995ca503093dad0f4987c546821d807630805,4
6788,obj:22b5ac0c2635856faeacc7e8a65e9ce6852b16a563a60ef3ae230c6a74099d01,3
6789,obj:3808c722868b4ca6d19ee11fc0a757938d8c6abce0d02eda045ffffa8629f74c,4
6790,obj:b60466cc4c3d4634dbc0f7848425842afeaaca6397b37092df169a92e248810d,1
6791,obj:a546ffc670fefe1134bb54420bcbd7475435f0091590916c4f48ae44f2ec87ef,1
6792,obj:0bc9d4786f4ba225618e8159de5f19b97940a456c3fd37e935771d38fa510204,1
6793,obj:5c83acccf968597080b7d1e424bb3953dfc6caf6b244980908beb2d25eb753c1,4
6794,obj:26e3d41796cafa4fde5cd3fea57ebc57e5cac23960b5f47e45e67f727b991e4d,2
6795,obj:a0758ab2a908180dff98fd16e6495440183b176d2fc3c4be5a760d6609ecf564,2
6796,obj:0862b2aa6697cf4c458e48b37df110e0214acc6d280c28e6faaadba4b3ce1543,1
6797,obj:097f986970720b9a9cd77cb09a988daf65da5ef572fa602c2b7d2eb3c509059c,4
6798,obj:ba63725407ee48ac690fd2548cc7b772846ef70b8fe0b77855e61010a50fba30,4
6799,obj:a765eca01b3d1b5a502734755f9cad6d84f8a6eb2c7539a419eb21e796b932a2,2
6800,obj:6f42c582dd6e7b27eddd6730b11995ca503093dad0f4987c546821d807630805,4
6801,obj:824882a6a11127b5f8ca50b76b652cf7e17c8e54fd5e077b73f7cfc245707feb,4
6802,obj:a97288eadac108cc9837ca449984b2eaeeea8c7074921c27a9ea95f79a39b246,0
6803,obj:0449093a43546338714fbf0c7067bd88b1f34025b946d5ffff0e94c1855d71d6,0
6804,obj:56bf287a2d154b7ce49345757eff726fa1d72f8344c2114094bbf27369f0611b,0
6805,obj:baf01b6f65fe14a81388d8c580fd58194339de53d6e8a4e4cb5fd7b30af50157,0
6806,obj:cbc63221f137748a3b8fee24f07ab1319043c296f71a574ff4dc47b72e0adcca,2
6807,obj:49b6f3c6d1f2161b0a1147c15dbf9f6557ded10f7755db26087325a5aab1eb2b,2
6808,obj:2b6b2a4482abce7bec5b9b8c3fe5a16b880a9876fa3beb4dc17c8d4029ef3e4b,1
6809,obj:2e8d1dab2d71fb094fd103b3feeb3374769803057182218bbc74389c143c9188,3
6810,obj:a3cbfc4a0d3db8e888d5437bfeb68adf952927fcd6b5edc78135f759c26f53ae,4
6811,obj:751c488423133680fa2526984c68541f7972dbe3c0706c13bb519519e45a43bf,4
6812,obj:5f53b9cec40fccdcf9edd27565952df902b1d55ebbe0e19e9a4f391345886065,3
6813,obj:c8b78f3e10699e4aebd1c459a2a2946e406438aaeb68ff443f3d30936fcb1893,2
6814,obj:c7588ab736da0cd0e738bd30526126dd5c97f420938d504b16d426a5c38a8f6d,2
6815,obj:0449093a43546338714fbf0c7067bd88b1f34025b946d5ffff0e94c1855d71d6,0
6816,obj:9ece77573f59c9555a36aa439322adf24d7b6d2d4e279d14bb3088259cfc9beb,1
6817,obj:d0ea0ca36f1fc6c9356b8d043c5d74310a800f9a01b470cbbaf2ab35f442d91d,3
6818,obj:32e11b7a53a5f5655ddd881108da2b38980dbbfc67c3cb1122031a82526aeb9e,3
6819,obj:ba2c128cdd2a277e4098e62ff8060679dac2caee9211313f3a7a068e5da6ef32,3
6820,obj:91b87ca334087c79c6d4e87b003f67751d20dea3ee777fcb7afba5bb906619fd,0
6821,obj:6f42c582dd6e7b27eddd6730b11995ca503093dad0f4987c546821d807630805,4
6822,obj:e3bfc045724c2cf9f923515d59a29e0f1c0a5e79d0f594f27e3fb781ee77584a,3
6823,obj:eef6378ef50a0ba7cdf6024a462937c61f2e8fb6d5985e895348d3b819086d0c,3
6824,obj:7d233730421745a4878a97314267554297ec3f82fa39dac2b7735ad0038f86dd,3
6825,obj:932d28b14da7dbb7ca0c050383db3726630ec3dd764a20a57ed84e23dee033bb,0
6826,obj:9edf84d631d1e7443b4361d511f629540d80db6ff1c7aba5317f1767a6d28450,3
6827,obj:5064244127e7a6b489e8c08dd8e0fbda8d2ba32f3473493da12696d079be0388,2
6828,obj:f555241b6794769bb8f550b4c9850e5e2b01ec06699646686b6e49c3e15b2932,0
6829,obj:7cd82545b39c0eff91afdfa604793dbcce0245eb5f124a6e5890bd795e5aa1bc,1
6830,obj:27f57f43030c47bdda37b34488cae255dee77fcf73bece56a0ab191c52410c84,3
6831,obj:e3e12daf8b7afed0ba28011a35bae8a7709d8087af200acd90600162201c932e,2
6832,obj:afdc8d9949897a8fff3ff422d3b6e39e9631f3349b50f4bce44d7ccf7721cf9f,1
6833,obj:6a42d4c7ab299f471ab52d3534d8fad29dddf68383d742623aa90332cbecee8b,2
6834,obj:5ba6779d0ffd3fa4eda4ea7211849f1966bf7b8530f67e31dbfd61a3215406f2,0
6835,obj:cdeed49d62cac011cadb700d4d7be691904ef2eb5b4726c80d311e4f901be57f,2
6836,obj:34bfa7eb5edd7982c03f3b90ac014126ca24971850ad61af20e3bf7fc0b1c359,0
6837,obj:98c64cae70afa6080ac6babd023d93e4bb8c8b350565d7e7feef5531d0169703,0
6838,obj:5eee9f369c9bd0fd8fb234538d8c9f46888de15bd98a67e6dc7ca2012ccd2fc1,2
6839,obj:0449093a43546338714fbf0c7067bd88b1f34025b946d5ffff0e94c1855d71d6,0
6840,obj:2555e4e4aa1f2f5ea33327eff2ff3ba6d5e0b04fc41cf6f648b1b53cf71c05b2,3
6841,obj:2c00cc78173851cf0067baaf61e77ade5f07a8e8a81af1517f4716b03489e201,2
6842,obj:6f42c582dd6e7b27eddd6730b11995ca503093dad0f4987c546821d807630805,4
6843,obj:b0b9b4912b2860e4128147daeec01197a6ed296a353a279e8b444eea6777020d,1
6844,obj:d2e9b4f350624f1b27b212c9c9c7cac029fd660b6755d196dedaa32d7db765f8,1
6845,obj:d89ffde8c86a22935f3f8bac06498f6a551bd613e14d4e9415f908bc04e33a7c,1
6846,obj:a2d5bb1c231e1947a79ae93d2aa4f36df54ff1af6a969495731437447ff2dbfc,2
6847,obj:eafe24273cbc15d8dd19c6d4ff44a26fc4c90f89ad6fce74b5ca9fd036acb54d,3
6848,obj:0862b2aa6697cf4c458e48b37df110e0214acc6d280c28e6faaadba4b3ce1543,1
6849,obj:fe4a38829530f26165f72c66989dda82aa6d5ab79b6ed22c27c6abcdd0e6d0b9,4
6850,obj:0449093a43546338714fbf0c7067bd88b1f34025b946d5ffff0e94c1855d71d6,0
6851,obj:16faac6466e61674a88f2c3ef7c4ebf970a63c0898d7fa2148f89854a18bde70,4
6852,obj:dd9bf9ad4198e4f5bcd17a41dcd123283d83bf1f6e6935a6e221a4579fdce92f,3
6853,obj:ff053c1f0485ffa4c7c06f1bf3e620ab5a6bdaf8bee269558003b5958ee0bc6b,1
6854,obj:2cf14aae6f8a94051cc5b786093162a0af4024d21bb76c725f41259e442eb91a,3
6855,obj:9e0a22aa57cdf51f13e154d2062a6a743ad719245e83528697984a74f19747f0,1
6856,obj:15419b8943f8926db86a9bf497d2cb32df6b17daeb1e013bb50b066482649dc4,4
6857,obj:c11e696f0d6213a35662fae1703493130fdc3a3afec9add1e2d649f014e977c9,1
6858,obj:9bce01fecd8647c599f6461120311ac450d6380d35eb2db37d4a15d1d8c2f31b,1
6859,obj:4f25dc37596f282d4e43d1e2ce9414be31c236e31e66c78deaf59b35817f2eb5,2
6860,obj:9dce942c67531949c5f61ec658ce73c12bf195f6e0ff6177d6b15a1d9a4ee480,2
6861,obj:55c49a17a53b9f95870ec87c1cb7dc0c08fcde9c866a652bfc008494c0902226,1
6862,obj:4be7588178ae00cab729670be3b04a0ef5d4ac05ddebfca65e4d7cf19e3a7d0c,2
6863,obj:d3a8278811dc674a4940c5bdb146b6f27c00ccdbb50d23b65d194c8456796fb5,1
6864,obj:2b81e9fd4a894603881527c13b3c0617b32f3811bc043ea20f2899c9bbcf6e79,3
6865,obj:2235fc68a2ce1f17e5fa81ab1784cf01a8041bb5380d4785b919f43320205e15,3
6866,obj:1ea5e9c25b9faab09464b4a30d505ae345716c07819cba6964bf245e75ab3aae,3
6867,obj:7dae8bfabd18f0d05468e304adcf66bf0e08c948ed5c6edf2a4e862336a9d50c,0
6868,obj:6a258f1479a65a88daad37655f09f2c276b6947e2abf4d0f8ae206cdf2ff6822,0
6869,obj:f7e412a26d4bf99df7076b17caa9ce1e93eec7b6ba1ee9dd52a807032f807bb5,2
6870,obj:cbc63221f137748a3b8fee24f07ab1319043c296f71a574ff4dc47b72e0adcca,2
6871,obj:a3f14e30a784d987b2536f32c6fde220f9db291b41b7e67d4ca0d01facaae77a,4
6872,obj:91b87ca334087c79c6d4e87b003f67751d20dea3ee777fcb7afba5bb906619fd,0
6873,obj:45362a75000c084757cd08479e4fa728ab9eff667078384c98e1758239c63d54,3
6874,obj:76717d0f0b12b3e42c96401a42613533488fcf4f807424e1d33cc36eac981b1c,4
6875,obj:431704bafc10800c5b83d54ab14a8e9008882b5e92bffd5c306dfb356396bf47,3
6876,obj:62a8bd32a4ff7edb5e7c623f550664760763dc0b58862bcdcaeac15b34e64339,4
6877,obj:ab2268181fac229995f14cfc7698e8352425f6e045047d0efdef0f16ffec7480,1
6878,obj:bdc4e859742a25b7a47fc65ae75659104dbce19f68d62360da104fac67c1c117,1
6879,obj:2053a67a0c353db7da60df6b9cabf165f5753848e668a3d3d8db5b8d93853ab1,0
6880,obj:b27d72544d7b625ce1076e3787a305ea66f9637e23ba020bdaefca6441fc885f,0
6881,obj:6488aebe30e63e9b143d4cba3868dae254874b6327a81b73b66a18b230579780,0
6882,obj:327dbdab56a83001daece5fe35d8f78a4e249d4e7444dec1651d42b0de4ae0f5,1
6883,obj:a2d5bb1c231e1947a79ae93d2aa4f36df54ff1af6a969495731437447ff2dbfc,2
6884,obj:1ea5e9c25b9faab09464b4a30d505ae345716c07819cba6964bf245e75ab3aae,3
6885,obj:a28c3d6e3cefbf5ba88441bfdd5b2f78873abd347e87b45b2a31d0fca41106d0,2
6886,obj:5c32936fdbe3188edd3311196bf423844575991c458ffaddc773d2eff591ae10,3
6887,obj:a2d5bb1c231e1947a79ae93d2aa4f36df54ff1af6a969495731437447ff2dbfc,2
6888,obj:822ce48f062b5aa7baf7d16ecb2be37fa8ddffa46136175f2ee3b072a891084a,4
6889,obj:46d211cf79647a0e1fee960bfe9c0c0d252aa1c629c390ff84673d4145c94839,2
6890,obj:67124acbd9400365a07cbe256fb8180d92d7e2f2befb5181cc54a4e58383717b,4
6891,obj:c4a49cef4a1cfbad151f4baba4560433f2b5a76add96c11f8d847b943f65c2ad,1
6892,obj:4deb9c52af4c1d94bd067f7838d7c0de72640f791cdaf6b71419ab27c84c8662,0
6893,obj:6488aebe30e63e9b143d4cba3868dae254874b6327a81b73b66a18b230579780,0
6894,obj:c04761b95284a61fdb85dedafd136d0f4de40d448e2a0c10170e0c31a3c55ce1,0
6895,obj:6f42c582dd6e7b27eddd6730b11995ca503093dad0f4987c546821d807630805,4
6896,obj:0449093a43546338714fbf0c7067bd88b1f34025b946d5ffff0e94c1855d71d6,0
6897,obj:e4f457e7a688f9035e51d2436debb7f673fcaacd90f5985e37f3741959faa530,2
6898,obj:c11e696f0d6213a35662fae1703493130fdc3a3afec9add1e2d649f014e977c9,1
6899,obj:327dbdab56a83001daece5fe35d8f78a4e249d4e7444dec1651d42b0de4ae0f5,1
6900,obj:0862b2aa6697cf4c458e48b37df110e0214acc6d280c28e6faaadba4b3ce1543,1
6901,obj:00f3c1488c80feabec670daffc9afb6fbf4fb2d2df9a3f369c242be95c69a50e,3
6902,obj:6baf44c4c85dd2165fe737981ee3de2ad47f149d6dc49176ff035338ab7f8541,3
6903,obj:4e21bf335ca163091cc86db41277a7f8ec1d30eefa268afcc545d0df4f520ae9,0
6904,obj:46d211cf79647a0e1fee960bfe9c0c0d252aa1c629c390ff84673d4145c94839,2
6905,obj:f1e58c4560059976cfec789d7c9a8a45c419ebfdaba55c4f7b9c28ed40838c31,1
6906,obj:a68e4097b305bfe7e57538d873c583bf6cd560ed253aa42482136013c8a0b896,3
6907,obj:7b584d6453428aaabca6ccb9fa23d8e9c4ce910be9ba49219c7063af4dbde77f,4
6908,obj:0449093a43546338714fbf0c7067bd88b1f34025b946d5ffff0e94c1855d71d6,0
6909,obj:3922eb4fe458b8c1b26f9a73402394701a16478311254ee33a5038712e011a83,0
6910,obj:a2753640e6369d1a347dba803671410d6a6eebbde0df4fef3e58dfebdcce6cf3,4
6911,obj:b27d72544d7b625ce1076e3787a305ea66f9637e23ba020bdaefca6441fc885f,0
6912,obj:e508b546292457a6800dc2c157ccb1bfc0dad5ed05d6aebf153a8b6fcc1eeaf0,2
6913,obj:a2d5bb1c231e1947a79ae93d2aa4f36df54ff1af6a969495731437447ff2dbfc,2
6914,obj:1264636c93d28f739f988c17231b1a55261f89cc34d78c71e0fcea512a42b132,1
6915,obj:2cf14aae6f8a94051cc5b786093162a0af4024d21bb76c725f41259e442eb91a,3
6916,obj:9a8b0edadf86b3fdb1be202bd7b544f4513ea708edbf89c2f09221a1b86c5997,3
6917,obj:bff3a4e80be54b3a6d7e14f23c7e6d735f2c89e9adcdf3c12db5bd860f8dcb5c,3
6918,obj:55c4737528167e0286f7255c6cf442004e8606fd248040d3554cbd1eba7c2cda,2
6919,obj:19a0c81787c12c502c97448f830474bd913128c588a7e73c25e0a5a16b205c68,1
6920,obj:6fc4e3db08e35a1bc6c9d2cb87104c05bd3ffa117f598d3a10e14e960a331a5c,2
6921,obj:3423fdd7e4b1ae0c988e0fbd1df425855ac1cbf13f2c9bac9ad02a7cc3bf6a04,0
6922,obj:bb3d6bcc2719b289cdc81d5090e4be6d3688a524b8a37c46c65f35755cbf2c4d,4
6923,obj:3b1d955e80541bf563d7a51b7036564fccd619bec016d5ff9f9c2db519dd73fa,3
6924,obj:30c270354474a112ae0d95bd69c0a04dd6d4ad414da068d4a27ba146e556050e,0
6925,obj:17f3eaf7ad54c1835acef2a30c5db280c0cdfc3cf3f35da11e7b7b08ba63526a,0
6926,obj:e9878c4308d43a4bcab4c0b595df3d51b5b7e300600abbd46d0ec2a67a6e0406,1
6927,obj:2c7628455d3cd8eb08c1ac422b9c8c803a4646d9660fd5c29198b821ad753854,0
6928,obj:fe390e41b612716c2fc24baa6045fce5bfff8ff4bd1b1a12bf49e9d486e97aa1,1
6929,obj:5312635fbd65ed4d9fcf61237d71efc5169d8b0c9144e16c96764adca4792e9f,1
6930,obj:a7f2c554292cd3482f10260e7f368d8d2c5da6cd0fbd1b047f46afef34bde1fa,4
6931,obj:db32c5e7a0131480487213adb8afead624c8c6a2a57736a4ac65556da0ac7112,4
6932,obj:d3f567d73e38ad654f7753b2377e5759631806a3a84db053ba8dff630515f616,4
6933,obj:34412624ee154ab87e337844cd36ee98e681770e2cfccf77f4ade43e883e370a,0
6934,obj:3beaf20351309947f3d32b64709d7be9aa8f316c037640eaa967c4fa7a621d79,0
6935,obj:25109d56e55f2663c25205967782d668190aa40622b6d8a9e86ead6628c64182,2
6936,obj:e43425a101ab6f8bb3df02064f38032e430bf03cf62b6df144911f86876e9535,3
6937,obj:2f973163aa37a0aff4afb7025c0569820e52c2addbbd909a6dcaaba0bd1a6544,3
6938,obj:4601cef0cdf3b6c79e4eeccb1c5f09c5bf76279305cdc35933585d5208d21bb3,0
6939,obj:03b41a008681e85447786e3795219a141a7daf35147f05f3daf297c2e45798db,3
6940,obj:ccf9a78038f529b39a875caea5754d7d62f44c6a31a0a21bc4d5b12cd38450bf,1
6941,obj:f52049cc533718cbe180d1aac1124ed8d8f8637e2217d789708f37a7dd284419,4
6942,obj:5ada209b67efbb3df290b61b75caa3e61f0255a506ba9cba07e1e7ab824ebfc7,4
6943,obj:30f1d40b43a7fd3b0a5eeec40ca974842aab3269cc84a0045afe371541e9b499,2
6944,obj:675b9fb38b32dde550ca07c70e5d3c9097ddb7340167bb4f5a6b6278dff49110,2
6945,obj:1f3bc73f1d3a88dd404a86254983f57cf71597c36909822a038699e3ab8ba82f,1
6946,obj:8fc38e45d353c83ff7d9bd54a74c96b617824dfb9d6e91ee10ae0dcbfafad4f8,2
6947,obj:0c66bd8c620766f86a1a906ab6eafc5183cb9f5249de15183d370af9029d28e1,1
6948,obj:c8b78f3e10699e4aebd1c459a2a2946e406438aaeb68ff443f3d30936fcb1893,2
6949,obj:558c517069e6b1447edc0a86845067f002962b9c9c0828ca69f7b839f53c40ca,2
6950,obj:45362a75000c084757cd08479e4fa728ab9eff667078384c98e1758239c63d54,3
6951,obj:6f42c582dd6e7b27eddd6730b11995ca503093dad0f4987c546821d807630805,4
6952,obj:898ef0f10200a37acf613f0709c5065900a996ec1fc44620e88fe98d561b027c,2
6953,obj:6fe8810f732265a067c10baaa27d41c6dce0dc1dea843bd793a68237bf5bb026,2
6954,obj:ac4adef31f1705260202673423c94529878da043e328bff6cf0df19541261322,0
6955,obj:63959ee726e1e39ae2e6afdc3a52389ef6074a7e68f50d4558af7aff66f6351e,2
6956,obj:34bfa7eb5edd7982c03f3b90ac014126ca24971850ad61af20e3bf7fc0b1c359,0
6957,obj:fac4fc912130e6449fac46167820daa68dc17d866df32c70b9f7815b5fd74374,0
6958,obj:a20436d46f41087773e9e58d3f79d6beceb0d7009119c842290c2a988acf7d26,1
6959,obj:097f986970720b9a9cd77cb09a988daf65da5ef572fa602c2b7d2eb3c509059c,4
6960,obj:1c1240b76ac7c9f7df5fbe9917564951deb1b0ab1954275f185c834dbe0e2cab,3
6961,obj:3bd9e03e90fdaa942b0cf149e6696cc1f5f8c76f77fae84f0dce7c02264336fe,2
6962,obj:1c7be23be4166a80c669ddac3b5b060eca4819ac373f12b9c7412dfc022639aa,4
6963,obj:0c7fe52da9d42ef917848c12570e915250471a00ca6e9e46c75a7b2a8a405c93,0
6964,obj:c839f10d74aa14727f1f129bb9e822d92c5fe34acc3aef4b501f0ae67704b07c,1
6965,obj:7cd82545b39c0eff91afdfa604793dbcce0245eb5f124a6e5890bd795e5aa1bc,1
6966,obj:b791c1039bd062c099ad747965cf907245645c2b01610d0f90676c2f902e14c7,4
6967,obj:327dbdab56a83001daece5fe35d8f78a4e249d4e7444dec1651d42b0de4ae0f5,1
6968,obj:2235fc68a2ce1f17e5fa81ab1784cf01a8041bb5380d4785b919f43320205e15,3
6969,obj:e3dcd2e89f2663987860fe985f8492cb6f044371fdc02a211b60fec7eea44686,2
6970,obj:960a0fcdda5e5e5db03728b38e34381150fe620a9d8788effb7752fc47c69b7d,4
6971,obj:f573491394c26568eaab343c3ac83723e28c13f3273394939683173dc1b3173f,0
6972,obj:d917f10b4feff79d0b1ea951d4a6c904d3f08cbe571b248270c85017b7417399,4
6973,obj:2c0f34b8bf9d8e437546226233253b64334ab8fd0463a73b74d18d9874532949,2
6974,obj:14a74bc17bff9673d0f8bc3a79838f9f7505bf66fcf49cf9f6aff715ffe25483,4
6975,obj:d93e60b43594aecd2c6fae8c0497793de01ce27894b6ad91ca21f2de70df8ac6,1
6976,obj:4d4833b21210421e1a9a770fc9bf2b034109c5c9ac15c41111893c842f2b0f7f,4
6977,obj:cbc63221f137748a3b8fee24f07ab1319043c296f71a574ff4dc47b72e0adcca,2
6978,obj:e1d093141143b614799b20ed86936f4c93034e87b178f9fe46cf72191b7c01c0,4
6979,obj:f573491394c26568eaab343c3ac83723e28c13f3273394939683173dc1b3173f,0
6980,obj:c0edec3b1f6eb42e4c99422856793649fb95c128160053aed4d23dc87e15876a,1
6981,obj:18c3b75906c9e53ffac9188d28a2ea7039bff0ced87f43f799829ece3050ea35,0
6982,obj:f9df4526037b524c9c955da008556aeb84cb8ba08fb8bf40c356220c96ca3d5d,3
6983,obj:bc44cf4b68455bb975c3769025536441435a3eb4431b181ffdd89ee6f6f0119a,4
6984,obj:c5455fc42acd6e368b17e5cadf5d189803be1705ed0ed40ab00ba66dd986d644,2
6985,obj:f555241b6794769bb8f550b4c9850e5e2b01ec06699646686b6e49c3e15b2932,0
6986,obj:9092fea0ed1ffa5ffbbc1bcd4fe3015467de4bb65e045df11afca1a5a923b50a,0
6987,obj:fb2098782d7c8dec50648336e82e352d286e4782cbeeb2ab2999c48136522536,0
6988,obj:5a5ef9baab39508bc8d5bc8f85b14df679e6e994707009f918b23e1d5d1b4c34,4
6989,obj:327dbdab56a83001daece5fe35d8f78a4e249d4e7444dec1651d42b0de4ae0f5,1
6990,obj:6f42c582dd6e7b27eddd6730b11995ca503093dad0f4987c546821d807630805,4
6991,obj:45362a75000c084757cd08479e4fa728ab9eff667078384c98e1758239c63d54,3
6992,obj:38c2e6f801f18b5fcc38bdba80cb1e4996f4a96c081d72e551a18831a1def593,0
6993,obj:22545cbb6659ca1fb1729a007057df66c60eda008592ac5d6ba3ec422807e939,0
6994,obj:2894bd4e8c8da1814064edf66b8e8c497d6c233368dc278a54c3287a68e8dc25,3
6995,obj:c30267263715515af4e13477e0ce970a105417f63bdad4f24996bf29ce699d13,4
6996,obj:6f42c582dd6e7b27eddd6730b11995ca503093dad0f4987c546821d807630805,4
6997,obj:4deb9c52af4c1d94bd067f7838d7c0de72640f791cdaf6b71419ab27c84c8662,0
6998,obj:4e21bf335ca163091cc86db41277a7f8ec1d30eefa268afcc545d0df4f520ae9,0
6999,obj:0ef87208148fea0c92879f08ed22c790b3a6dbf62c002422b1aa6348623676a4,0
7000,obj:0ddb5d8cc2148abda5134b21774bb9266e363d12d35639225e0fd40f388a192c,0
7001,obj:84cad8e4b72672293dc4b54ed83881b3e93acd49c97fcd866f42f46a1294b8b5,0
7002,obj:e26f36332a39ccba62094a4e0f972ea49aedb794f4b4e47166e2000e90c79b00,4
7003,obj:3446f6088c82cd5aa81c9ec99cb833322543d107e334f25af2ae9b42eb59eaee,4
7004,obj:3b4082db23430a62b0d67ace4142b9df53081d95e825dedaa62c0a20b2c70a82,2
7005,obj:6f42c582dd6e7b27eddd6730b11995ca503093dad0f4987c546821d807630805,4
7006,obj:29ee6ad8a6f7993feb2fdb37f0aeaece5959fdffe8523db743e8bf622a80cb89,2
7007,obj:4d9a2409355d41611cf4881bf884e438c0ef5c1317fd586ab77484465f79dc7c,2
7008,obj:c280a2e6b3e40c56ec29fb3702992d8c79f5a1ccbd58adce13cd523bb0e72f8a,4
7009,obj:bc44cf4b68455bb975c3769025536441435a3eb4431b181ffdd89ee6f6f0119a,4
7010,obj:45362a75000c084757cd08479e4fa728ab9eff667078384c98e1758239c63d54,3
7011,obj:7d76a8ac29a79914ddcda4ec2ee22a5902e164b0b8867ec83f62353e4cfc66e1,3
7012,obj:d4032b0e54be039b4f27f9bcb189cccab83d9d5f34afb02d9a0c38af38bce6bf,0
7013,obj:91b87ca334087c79c6d4e87b003f67751d20dea3ee777fcb7afba5bb906619fd,0
7014,obj:52359b20369b36b165240268ef711d681f908a4dfd255e7feff09e3f464b56ce,1
7015,obj:adf60958aa40e92d92c49058be5714e0f4b810d2c30589e9402c8f5195eb3a18,1
7016,obj:17c264167b47eb44607ae9eee12f5d325d5c74ce37d0eb2ec73716c98019cb81,4
7017,obj:5cb075bc6f202a4a4e7f7bab31fc7e1e5578fd847ca3c0b36f9754a43a5fcf33,3
7018,obj:728f54db179984c77d28948265700062285b9df56c8944442592f3482d796fd4,4
7019,obj:1810d4049982848241a3e377d8c88bf5920e4ed4ee447468e663b2d0604f84d1,2
7020,obj:37e0f5c8123034180d27a8ee4673be0fddb08869d973f77c477681d15fe6f948,2
7021,obj:56edb5b1da97edf81f36ee3729d0a1eac4511a4e9ac61ee6ac86c3045381a5d9,2
7022,obj:106770cb7a7fc11ebf90d812ee969cf37133e45f34430c9407e16b241a959844,1
7023,obj:7cd82545b39c0eff91afdfa604793dbcce0245eb5f124a6e5890bd795e5aa1bc,1
7024,obj:b2e9543a4103bdedc6e4ff5df8a537f37448e573eece1a1d886358b6d6059d59,0
7025,obj:20aa8ad19bf24b88cea24ff6d03c0782e73451c27fdac32adbe6d093c09568a6,3
7026,obj:e677aac3cceafcb38b9ba6ab7f96c93082c360b3caf755cb5fbea169dc52ca19,3
7027,obj:4a81dc3adaff0e4807d8873ee01d9089c252fe547236d5ef7640e73aee81eed5,3
7028,obj:a9974f1de4e60c550662eb080bcdda27a65ee874416ba97003e3de96c28ca97e,1
7029,obj:bc73e48c3d090bb2653ad6f772fb5dc1eb2441c78d966cb0660b917dec2ba11f,4
7030,obj:65550a8ff06787c9093bd33522a47c88cdae7a4803919b88575768fc1ac13982,0
7031,obj:0449093a43546338714fbf0c7067bd88b1f34025b946d5ffff0e94c1855d71d6,0
7032,obj:6f42c582dd6e7b27eddd6730b11995ca503093dad0f4987c546821d807630805,4
7033,obj:6f42c582dd6e7b27eddd6730b11995ca503093dad0f4987c546821d807630805,4
7034,obj:34412624ee154ab87e337844cd36ee98e681770e2cfccf77f4ade43e883e370a,0
7035,obj:3922eb4fe458b8c1b26f9a73402394701a16478311254ee33a5038712e011a83,0
7036,obj:2b6b2a4482abce7bec5b9b8c3fe5a16b880a9876fa3beb4dc17c8d4029ef3e4b,1
7037,obj:b9503395943dfdef87cb5c73a2fc36ca7c4693b601e715386f6373792b13be66,3
7038,obj:53778b970a72f2de5f4951ff5e9bfff8714568809385df86f4328ccc52ec1d82,4
7039,obj:3145caebd104b4a31f717f4514cd5826d28c49add0c1e6ec0db1670bce601ec5,3
7040,obj:7ce64d732314f06e6c04420d62a0df727a3dded81bd9bb69e923c0de77696e01,0
7041,obj:0cc0257467078723796b6e27f1212cefdbf73a10530b09fe672610979266abfa,3
7042,obj:a9974f1de4e60c550662eb080bcdda27a65ee874416ba97003e3de96c28ca97e,1
7043,obj:c850aab75bb523bc5130c2a31eb9dd7e5409790307a0b06fb8bd464bf993a18e,0
7044,obj:bb3d6bcc2719b289cdc81d5090e4be6d3688a524b8a37c46c65f35755cbf2c4d,4
7045,obj:1a8d77fe8ab8ff03900e1a375c229f8f91e837b3f69414154084503aaaa2b13c,3
7046,obj:0bf46e759345204aa33f445ab226fe131d0948b293b49190011bfca8e44322bd,4
7047,obj:b791c1039bd062c099ad747965cf907245645c2b01610d0f90676c2f902e14c7,4
7048,obj:ca79dcc3736dd080c642f4b77b9c3a39c2499890935390bda7a8b6d4909ca5ae,0
7049,obj:f6f0ff7bb013bb5e9a74ecd34674cf40bbc63efdf8f1e7d66317fe8868485300,3
7050,obj:efcf4b257cebeb9a959d109a5308de7697b4458dbb953cfc42dede1276cdd678,4
7051,obj:4e1480d78646f85bc1c83ac2433511e6077aef71aa4cd546bc0bb3ec9710f239,3
7052,obj:6482b4b60eb8820095cd6c899701148d618b3e2ee45d2bf938f446877b2ec632,4
7053,obj:02b7ce3906d9a0b87e03ae451532245dca643aa23ff0fe05842e5a8b861704f1,1
7054,obj:abf99b43746bafa82f0bc698000dec3c1ce8a24928f24fbe639fed8197e9900b,2
7055,obj:64a0c5cab668c12958732684626d4e12529fa36fbe676dde96ef267ac7b88c80,3
7056,obj:e185f3cb87dd6f96ecd6dcb725a2ef73b0afeac90bea1f6f6108eb004dcb9be4,4
7057,obj:9d5230570fe8ad91a9ab092396a21dc4853274e2eef11e3700740f331ad569d7,0
7058,obj:4e7376609b64e009ca3daafc092362c63b87fafedbfd4e8db9e728801c030ccf,3
7059,obj:ebbbb347ca4c1db9b448f9429c6ebccbb6ffe49f9b29e1b1498ec9ced1b77492,1
7060,obj:c07ac102281d417c4e068e3ca6e8604f89f108c1f26873a1130e6e5ac93e4f24,1
7061,obj:1410ce0c3bc5fee887f03ed8bece80fa6552c44d6cd864b1e5bb7bef534f2734,0
7062,obj:c496241ace05a5f8457fc81a04cdd5ed90c3a67d9ec84b164a1493a7ea2adb11,3
7063,obj:2cf14aae6f8a94051cc5b786093162a0af4024d21bb76c725f41259e442eb91a,3
7064,obj:e0bf84cd5cddb2def23c5f0278ff4c22d6f8adc843beb1c01ed7c0b516a98b27,4
7065,obj:e9878c4308d43a4bcab4c0b595df3d51b5b7e300600abbd46d0ec2a67a6e0406,1
7066,obj:2aca95e037b397a580d5593c9fa8f8e63b83c7254b3a54129d09672ea81ed12a,0
7067,obj:fb3eb605f840706efd9424290d6eac2defa087daf4b33525ce79e6a036adc115,2
7068,obj:a546ffc670fefe1134bb54420bcbd7475435f0091590916c4f48ae44f2ec87ef,1
7069,obj:04c79c7c415b86e5017fefcc9ab075b146c0365a06490125db71fec0b696c6e1,0
7070,obj:4a1c0b9f84812f6054e954ec5d41529450ea3134ec1e2edcdc587a86240e9fdd,1
7071,obj:8f9d7d85ca51d82996a0fd0c55f98e52660a61b25261b533cf20f84ddd1c72b5,1
7072,obj:e185f3cb87dd6f96ecd6dcb725a2ef73b0afeac90bea1f6f6108eb004dcb9be4,4
7073,obj:46d211cf79647a0e1fee960bfe9c0c0d252aa1c629c390ff84673d4145c94839,2
7074,obj:466e3fc198c92e1164a446bd42c513a6ff99e17506484fa027611ac9de5462fb,3
7075,obj:3d289a47c6e656b213139a0d2b9cd3013ebe8d365565815b4d8787d414d0fef7,2
7076,obj:911e21dde8a04793e7fd5e76f54aaac077d38ffb895f6c78b715c9ac974ce86d,4
7077,obj:1b45c5b68b3f5cf152fcf24404f9f19c1968dc7887286720daff04c65f55bfb3,3
7078,obj:17c264167b47eb44607ae9eee12f5d325d5c74ce37d0eb2ec73716c98019cb81,4
7079,obj:e665d56c17041a4fcd7332200e36783a6f3941b52f687d94c1b1d0c30fc2a9bf,0
7080,obj:97f0f6ab1cc802c5729dad681328513cacb64bd81421985ac574e7adf93681eb,2
7081,obj:e73ab9e1b59547a7d30dace66d521f0a81a80237990d243310df7106ce32e575,1
7082,obj:abbea23366ec8d7b71ac9266ec9ece3746e668680219d5a874fd5bdb5181464c,0
7083,obj:970a1322389157f731094f2468b2525cf65cc453937b3bb6f5c379b7fa6674c3,1
7084,obj:67e1d06256dcfd1f806230cdbdbbeecfae13b281553689a47db5b205bc60d571,4
7085,obj:757494096edb2b520f2d91bd130715c6fca02251ba4fa0bdc523d7ac1b092391,3
7086,obj:327dbdab56a83001daece5fe35d8f78a4e249d4e7444dec1651d42b0de4ae0f5,1
7087,obj:344069bcc964fdedc1917a44a5f0558cc330a17e17a0fbdd454d857a0a4f9170,3
7088,obj:836ca241f02800127c76cb3c2e4866b081afca5b6ad670249a57f7f6136130be,1
7089,obj:04c79c7c415b86e5017fefcc9ab075b146c0365a06490125db71fec0b696c6e1,0
7090,obj:932d28b14da7dbb7ca0c050383db3726630ec3dd764a20a57ed84e23dee033bb,0
7091,obj:0a892b2d3bebf016d90c859efc0bd9c7e16d8cd00412e93cd7592c4c0d1b1a31,4
7092,obj:9cc7773f0b3f88c8983bac7400be28e4ad27de08c1e852c64352ef43a2621fc4,4
7093,obj:0862b2aa6697cf4c458e48b37df110e0214acc6d280c28e6faaadba4b3ce1543,1
7094,obj:327dbdab56a83001daece5fe35d8f78a4e249d4e7444dec1651d42b0de4ae0f5,1
7095,obj:9ab073f4c5a6aa8429c0ab8844b88244dd9713f6a12b416565afcc4548318194,0
7096,obj:61d2f917bd1ee7a1daec314702fe9fc16d30c625f60b9b4b5fd33d1cf6367563,0
7097,obj:ee65c8249240781e2a5fc37eb3962d5f3c0fb7849544dacd5d30208d0e2d802a,0
7098,obj:567475c1054656b0925bc19e54796047816fbca9eda35b5969cdf9afc1aff5a6,1
7099,obj:6488aebe30e63e9b143d4cba3868dae254874b6327a81b73b66a18b230579780,0
7100,obj:101169ccb61b6c210573999fff6b833027f801424592626f00eedbbf57d99cd5,3
7101,obj:ba2c128cdd2a277e4098e62ff8060679dac2caee9211313f3a7a068e5da6ef32,3
7102,obj:5eee9f369c9bd0fd8fb234538d8c9f46888de15bd98a67e6dc7ca2012ccd2fc1,2
7103,obj:b0b9b4912b2860e4128147daeec01197a6ed296a353a279e8b444eea6777020d,1
7104,obj:5a2923515dc149b363e8729d18adc6bbb18718c496d97c5a8a32fb12e575ed95,0
7105,obj:f7e412a26d4bf99df7076b17caa9ce1e93eec7b6ba1ee9dd52a807032f807bb5,2
7106,obj:45362a75000c084757cd08479e4fa728ab9eff667078384c98e1758239c63d54,3
7107,obj:0862b2aa6697cf4c458e48b37df110e0214acc6d280c28e6faaadba4b3ce1543,1
7108,obj:43e6d8863fd341956614d7c881dc8a8490bd31acf5da5dd330ee0cc2a03129cd,4
7109,obj:4b6957dad04ea1d86809bb75b08d7692a2047da322157e9ae6487cdb383e4037,1
7110,obj:34412624ee154ab87e337844cd36ee98e681770e2cfccf77f4ade43e883e370a,0
7111,obj:591b3d575401c3435b3c155d5ab4be39c2f28bdd7212e539699a82fd4276ecc1,3
7112,obj:c6731ef5011b38c3a1669472c9b6d44bba3136c6a452abce5a955b4268505922,4
7113,obj:e1ec3709a3e263cc46f4ebab812dc2bd8355249dddfc7210ed7125d7301c0af8,2
7114,obj:0862b2aa6697cf4c458e48b37df110e0214acc6d280c28e6faaadba4b3ce1543,1
7115,obj:55c49a17a53b9f95870ec87c1cb7dc0c08fcde9c866a652bfc008494c0902226,1
7116,obj:b5197f2b03c360615e321932b3574987356913bc01c561dd08fb7513c1aeccd8,0
7117,obj:38d994c2834918ea9fe904e7d8bc18640f4e0c497b25d3f56c016e5313d24257,2
7118,obj:6488aebe30e63e9b143d4cba3868dae254874b6327a81b73b66a18b230579780,0
7119,obj:afdc8d9949897a8fff3ff422d3b6e39e9631f3349b50f4bce44d7ccf7721cf9f,1
7120,obj:35b036f2b23d675828599a09939cffdae8af6e844c6f830d05f3941aa9e3bed7,3
7121,obj:7145159f6c4158f1129827e7d378ed7f843269e554582c5922d0baf0badc977e,2
7122,obj:a0758ab2a908180dff98fd16e6495440183b176d2fc3c4be5a760d6609ecf564,2
7123,obj:bc44cf4b68455bb975c3769025536441435a3eb4431b181ffdd89ee6f6f0119a,4
7124,obj:30703453034ce9db3985426864b279dfee6c87089f196573ea1a0744bce97c35,3
7125,obj:0862b2aa6697cf4c458e48b37df110e0214acc6d280c28e6faaadba4b3ce1543,1
7126,obj:4a5af2a04add40541d8bc11902dfe3a9ac3d79878efd46a7257c097f822c767f,2
7127,obj:8cd5be41a30f19700f44fcdd88eeca4ca2311973ac73494b013d84b7b36390c0,1
7128,obj:aaa33d2a19973be299b6c110fa8dc33f9b22b1b9e5e945c683f06b17e417328c,4
7129,obj:a2d5bb1c231e1947a79ae93d2aa4f36df54ff1af6a969495731437447ff2dbfc,2
7130,obj:8aca21bfd3893d1af38ff6f87c7d1afa2bd018d6ba10a116700974d91c05b710,3
7131,obj:c8b78f3e10699e4aebd1c459a2a2946e406438aaeb68ff443f3d30936fcb1893,2
7132,obj:af2d686a678510acc06e50b67c34a89af5fae55047f135c050a58320ef42544a,4
7133,obj:40e4645ca3d2f0c21aed985204b405bafac187671c4b7713a359254fe1c5b151,1
7134,obj:bacfa64c2c23dfcfc0b166ae85f56a1bdc9a5811f9558ee354a8a97e942df7b9,2
7135,obj:ae165816b90c9fb0653089246f8cfc09a5e4bda42e46cc30c80c39fd8c7e9a85,3
7136,obj:5a85b13517361d12e32bb4754e4a0d5bd7025581b13fda5a9fee6941bfcddd0d,3
7137,obj:78aa44601abc82cc17e390e1bb85f2eb2f794acf9ed88c9dea8ccc605a3b802d,4
7138,obj:65e6eef4eb2918f1b7c73042989e5f6c305339b1cc5c1a04782b25b7b6ec00fd,4
7139,obj:45362a75000c084757cd08479e4fa728ab9eff667078384c98e1758239c63d54,3
7140,obj:220ceb03a1062f2979ad54ad21f1829c1e6df00b5ea1348faac3ab56548976cb,1
7141,obj:c6cbe41a88dbb33c3f7c5d90bf025d0e73f7a94b98368d84884baf3c072d9a5d,3
7142,obj:73f5c21e7076394bc707d5f3d0514357e337b6374e45a3d0c57b93587a256668,2
7143,obj:aff74ee8943e44123501c677e289ea0b8dae895b7e70ac9a769b59ce2fa15798,1
7144,obj:91ae71c00f3b5ff98039e73dcbce9ed7454fe773e79583bef308f07eedbf9dcd,4
7145,obj:970a1322389157f731094f2468b2525cf65cc453937b3bb6f5c379b7fa6674c3,1
7146,obj:f9835710120cb346170727d2f87d10a22fd44ef389681df056634d0e70093c93,3
7147,obj:0449093a43546338714fbf0c7067bd88b1f34025b946d5ffff0e94c1855d71d6,0
7148,obj:467ed4dc5d7cffc486e70d85145bdd0a7decdcbaf527f8cf038b90e0d8a5ea62,4
7149,obj:ba06ba3e17656b9563368a1e9ab4b83c3905802728ee88cdef2d5678bb906612,0
7150,obj:7788b676a3445367e42fc11d6f972c0a0d56486e6c27208d5b175173eb15f0eb,2
7151,obj:0bf46e759345204aa33f445ab226fe131d0948b293b49190011bfca8e44322bd,4
7152,obj:6b2854602a96089c15f1078f6e4a395f0598a46f1cd00ef68f210abb19b9d0e6,4
7153,obj:24b00c1b9bbeb76482c456b502499f63d3648e3555f75c1ee7e4b9e70e27083a,0
7154,obj:307782ff255b08a63ac861f3eec017af9dce892ea7f0292d9bb64ddf9d176a0d,4
7155,obj:0449093a43546338714fbf0c7067bd88b1f34025b946d5ffff0e94c1855d71d6,0
7156,obj:fade343b2148491b5e615629d1fe4d43b8dc176cd7e805f14c500cde57941a56,1
7157,obj:4ed01982625a54d1c74910433c6dfda2a920b756e8feeb7bad9b53db7073f3e1,4
7158,obj:9741c4afd644821e42cad55727997b0001621b68506a77a80ad02a24c8619bb9,3
7159,obj:0862b2aa6697cf4c458e48b37df110e0214acc6d280c28e6faaadba4b3ce1543,1
7160,obj:96fb6190fad520a8cfdf5d3a33eb3bb3242a4c195c00bbe973c9af4378a86139,1
7161,obj:49b6f3c6d1f2161b0a1147c15dbf9f6557ded10f7755db26087325a5aab1eb2b,2
7162,obj:4a81dc3adaff0e4807d8873ee01d9089c252fe547236d5ef7640e73aee81eed5,3
7163,obj:3d1a74cc806dc8b2867a26377e0cf0cf03307d698bf767706f39f4040aecd4f8,1
7164,obj:51b17fdaefa959d6818fe44aba4c852596603fba8321c4678bc60aa19eaff07e,4
7165,obj:1c7be23be4166a80c669ddac3b5b060eca4819ac373f12b9c7412dfc022639aa,4
7166,obj:678068bc111df93e9cfb5b8775ce1e57e216ef87123563c6c95f464dae63045a,4
7167,obj:7d136cf659f81d3dcfed9b6dd466f83de85ae8812fb2fa5fd59767c52268c8c1,1
7168,obj:5a2923515dc149b363e8729d18adc6bbb18718c496d97c5a8a32fb12e575ed95,0
7169,obj:14a74bc17bff9673d0f8bc3a79838f9f7505bf66fcf49cf9f6aff715ffe25483,4
7170,obj:bdc5183159b49fc21d363226c43828f37e305abcd24f72708ec9e47699904f37,2
7171,obj:e154392bec46edac142ac8c8a7fc8cfc11f58ed0b142a23e3f5dec5f09d07638,3
7172,obj:592adf9e24f5f4f80e64e238385eed597522a75e71e321cc0e87c1c6e983b653,3
7173,obj:a0d14c6c9da1c0758bca1fb947ad658f2afe9ae32a2888a0763762212ae1f5c5,1
7174,obj:bef76cad5361a3359ac9050bdf7c5cee53854424331f662b4b574fa404fa0515,4
7175,obj:d8fc075243cd254c454aaecb918b5aed571b062a241daec8bb1a59746cb41aed,2
7176,obj:9364c77195f0f2fed3024d80e1a0b60daa47fadee9a51cf5ef1f82716e5f0240,2
7177,obj:38687646b11777608f305fd8d52f6901662091b52d9e6b67040f33db035e9420,0
7178,obj:8db15c70faffc6cbbf2402e3864b886473d13eb1539a55360ceaab4e9c098d48,0
7179,obj:0862b2aa6697cf4c458e48b37df110e0214acc6d280c28e6faaadba4b3ce1543,1
7180,obj:775ff5b67e4aef0e187b24ded62f9a0f9eefeef571ad482f7320782e4e2cb892,4
7181,obj:7c9b5768c790531634834be337a6a2790e82577fa49c6a7646512df3219ba4bc,4
7182,obj:327dbdab56a83001daece5fe35d8f78a4e249d4e7444dec1651d42b0de4ae0f5,1
7183,obj:a4c9b025fa75623221ae0b0738c0080663fe19272996caff4fb569b70b0401d0,4
7184,obj:dde01b537f494c091a4804c39328f1dfdba06206b66d40085f205132f557a6f2,1
7185,obj:cd590cded55d94480e6310dca774e0f0290aa967ef819f828622bf923fc56ff0,4
7186,obj:abbea23366ec8d7b71ac9266ec9ece3746e668680219d5a874fd5bdb5181464c,0
7187,obj:9dce942c67531949c5f61ec658ce73c12bf195f6e0ff6177d6b15a1d9a4ee480,2
7188,obj:d53f36bceaa51fe9d855d1df74eccb3b03cdc3c20cf6ad9892dfa4e6ea43048a,3
7189,obj:b9503395943dfdef87cb5c73a2fc36ca7c4693b601e715386f6373792b13be66,3
7190,obj:7cd82545b39c0eff91afdfa604793dbcce0245eb5f124a6e5890bd795e5aa1bc,1
7191,obj:13e203fd7ea53bae5771bf9cb581dbe9dcd86cdf2330e915c6a5648adea66e9a,0
7192,obj:678068bc111df93e9cfb5b8775ce1e57e216ef87123563c6c95f464dae63045a,4
7193,obj:ca13c3afa78cb5cdf1c0ec1e68742b29a1cfab2225d0453fd8eb58ffdbc4d967,4
7194,obj:4894c29120ad609eb56c0aebf32b31391df7eb820af99dac4402bb17d7da0bfb,4
7195,obj:338d0657ce39782b649c262141719b644224aa9555be28e86f3100c82b535f12,1
7196,obj:dd9bf9ad4198e4f5bcd17a41dcd123283d83bf1f6e6935a6e221a4579fdce92f,3
7197,obj:8ed241e9e66f276f258064907cabeda0ba53afdb0234d6f7ecfc6b7640f12986,0
7198,obj:a2c5b0c78f2031aa9fa1c6b68bed3c99f793cfa9ed2d32986265331af3f60539,0
7199,obj:217b55c6bbd8fd347b94701dd2eab77489ae0fb7bf29d1de4fd0ba78eaa45b65,2
7200,obj:e43425a101ab6f8bb3df02064f38032e430bf03cf62b6df144911f86876e9535,3
7201,obj:5bbdb6e72cf93408aabec30156c9946dc350b3eb61b86de7eacea0d1b8569874,1
7202,obj:f6f9ab4397fc5e19187bbf9596b818a5abadb4ee63b4e9bdbd84df362d96361f,1
7203,obj:4d9a2409355d41611cf4881bf884e438c0ef5c1317fd586ab77484465f79dc7c,2
7204,obj:0862b2aa6697cf4c458e48b37df110e0214acc6d280c28e6faaadba4b3ce1543,1
7205,obj:246f678a4aa623400fa4b690effc7409d63adda5c2ab4491298edb2b0e62baf9,1
7206,obj:3c23596f0c98bfaf1fd934c97807ecfa4d4de26c2706a819020e9f14bc7d9a98,4
7207,obj:08980e33ee04807b95d6e6e8ed442651bd3b9a5cf597ce4a4fa29bf51587ce48,4
7208,obj:2b6b2a4482abce7bec5b9b8c3fe5a16b880a9876fa3beb4dc17c8d4029ef3e4b,1
7209,obj:6f42c582dd6e7b27eddd6730b11995ca503093dad0f4987c546821d807630805,4
7210,obj:ef4064def90a5f48b74a1bbfaeea03d1414962fe44ca512baf238ca19bfa5c5f,4
7211,obj:8b386dab6e2181adb167c0af8fe96ee74c6a9f7c55db232baf59c85d3e89dd9f,4
7212,obj:4e1480d78646f85bc1c83ac2433511e6077aef71aa4cd546bc0bb3ec9710f239,3
7213,obj:dbdb03bb7b9f781c10a2199dd091fdc2315e0e44c31812ea3e0cc288acfbcd54,1
7214,obj:a09e4f0ba3bf37912e8a270018f5d1cd3ed43d3dcc3af2718a9300a27f5ea3fc,1
7215,obj:04c79c7c415b86e5017fefcc9ab075b146c0365a06490125db71fec0b696c6e1,0
7216,obj:46ef9be24d42cba6bb035e4521135f987d7a13f84a4baaaeac468ddc43636e39,2
7217,obj:6fe8810f732265a067c10baaa27d41c6dce0dc1dea843bd793a68237bf5bb026,2
7218,obj:d9212fb81858647b35a51ab9a23470a42773a4099a8e51a01949ce0b7363313c,4
7219,obj:fd618d39804507547e44de0fb477ad862143102d7ea3aafcd50bf85cd1a7e9ee,0
7220,obj:af3a11915eff4be86e23fa28a1be1738c62aebf839e95309019ee7bdbd54926c,0
7221,obj:26e3d41796cafa4fde5cd3fea57ebc57e5cac23960b5f47e45e67f727b991e4d,2
7222,obj:04c79c7c415b86e5017fefcc9ab075b146c0365a06490125db71fec0b696c6e1,0
7223,obj:6fe8810f732265a067c10baaa27d41c6dce0dc1dea843bd793a68237bf5bb026,2
7224,obj:a878e486460d2af67977807cb155958b6bf6de4ddb8b638911f5782c91cf73e0,2
7225,obj:ea4304309d7234af32d453363e4b3202bcc851eed86846660d29e194e2f3caa9,1
7226,obj:a546ffc670fefe1134bb54420bcbd7475435f0091590916c4f48ae44f2ec87ef,1
7227,obj:ff053c1f0485ffa4c7c06f1bf3e620ab5a6bdaf8bee269558003b5958ee0bc6b,1
7228,obj:2b6b2a4482abce7bec5b9b8c3fe5a16b880a9876fa3beb4dc17c8d4029ef3e4b,1
7229,obj:5e4129e2e76489dac33cfde664a3d7d86deff04d1227b7b89447c381f62d84d1,3
7230,obj:fc3905928cb5de99b57f4e58d48626b6ba3b27830d2e51682ac9df4e5dac54da,3
7231,obj:2c0f34b8bf9d8e437546226233253b64334ab8fd0463a73b74d18d9874532949,2
7232,obj:914ebf42919b26081e43547fbdc801cefb7a9a4f0e2bb4acaea74d36e8955ff5,2
7233,obj:dac28f0c41e4587630ede6b889c68994a53fe45b0cef2e8ad2db0c9c41c64ea7,0
7234,obj:c04761b95284a61fdb85dedafd136d0f4de40d448e2a0c10170e0c31a3c55ce1,0
7235,obj:7af798ed2beb2c27d18760f1112044691321995ebe42704db0e399af7e4f2117,2
7236,obj:f41bf91f34c180e10812e1a798511bc94b7cc3b803560946c69885292fb4c80e,1
7237,obj:ec24e37899439a269cbaba24f857eab788a1e8abfe394fed62046b331b8ed1a9,4
7238,obj:9092fea0ed1ffa5ffbbc1bcd4fe3015467de4bb65e045df11afca1a5a923b50a,0
7239,obj:b4a9e5a5d3d453d9a2d86d6f2676fbc363381514b40bc43c95db5428dc3d749f,2
7240,obj:0ef87208148fea0c92879f08ed22c790b3a6dbf62c002422b1aa6348623676a4,0
7241,obj:8f9d7d85ca51d82996a0fd0c55f98e52660a61b25261b533cf20f84ddd1c72b5,1
7242,obj:e842a711eca6459f0d8854553f45bea83384cf41e08051a07ed3412e6b805576,1
7243,obj:0862b2aa6697cf4c458e48b37df110e0214acc6d280c28e6faaadba4b3ce1543,1
7244,obj:c839f10d74aa14727f1f129bb9e822d92c5fe34acc3aef4b501f0ae67704b07c,1
7245,obj:7c7c0e5a228cf4de47ced4d05cb90693037402c2aeba61f571f5342d34a0bfaf,0
7246,obj:932d28b14da7dbb7ca0c050383db3726630ec3dd764a20a57ed84e23dee033bb,0
7247,obj:a403787a19a38bcb296106192ddd9c745082244a6ddf1f303f5f2fda798dfa57,1
7248,obj:0862b2aa6697cf4c458e48b37df110e0214acc6d280c28e6faaadba4b3ce1543,1
7249,obj:530e396da03e41a256715f0fa8e3482bb3599f42950cb324abda58e54810e49c,3
7250,obj:894977fcd35201c7e78773060d7f2e200a076da264307a78328b6449bfe1fe25,2
7251,obj:ad873bf3b0554a5a62c344935a4bc63d895df992870f878e0a32a411ab006a5e,2
7252,obj:a546ffc670fefe1134bb54420bcbd7475435f0091590916c4f48ae44f2ec87ef,1
7253,obj:3e09c85be4054fbb7498b33d0602ad88d036f2508f7919d300a58bc0c841ac1c,2
7254,obj:4a81dc3adaff0e4807d8873ee01d9089c252fe547236d5ef7640e73aee81eed5,3
7255,obj:0862b2aa6697cf4c458e48b37df110e0214acc6d280c28e6faaadba4b3ce1543,1
7256,obj:9d4b36f786eed7a2488893163f9bf759bce4023c921d8a8801c4fddc39b2fb4d,1
7257,obj:16d0b67538c53541c801916ba8b4bf083e93a856e783451e6ccb0e570f0ef15a,3
7258,obj:ff57bec0332c2c1b775772e05cafe7a2d4ff2b05297297aeb1eac4af909b906f,2
7259,obj:faec03a1bf046a8bba127afe3a9d6f7ce00405e8b68345dca79e09745302ec40,0
7260,obj:cb42e3e4fc80ea7cd648d72411b7cd6ebdcf37c6c04cbea59cbef8da5b3d4fa7,0
7261,obj:b8cb3c2c097442da5594d4b3eeffceb3c884e07c8bb197de4a0890357d59359b,4
7262,obj:327dbdab56a83001daece5fe35d8f78a4e249d4e7444dec1651d42b0de4ae0f5,1
7263,obj:bee540a0fc7b57a53a67e3891c580f4577f0a60008cb1b1ea1d1cbcc81ac8b41,1
7264,obj:f6905264b8e4eae30055680ca8a6cdc6421a7df1662efa2eaaa051eced261535,1
7265,obj:94ed0bb4633b1bdff79b1145e6b32671b24b5b665d9cc59ea26db7fbf2420894,1
7266,obj:e0f81817d077d1954f98b08f1341ce24d23fee7131c5081be0dfd041fcef940a,3
7267,obj:2053a67a0c353db7da60df6b9cabf165f5753848e668a3d3d8db5b8d93853ab1,0
7268,obj:718ed53c6cb089ec92034b95cd75d5ed4efed8683c3793738add57b3992d0f08,1
7269,obj:0074038198cc552e628079641275559385242991f73b8a31f761adef057e854b,0
7270,obj:649e214a31bd9978c26686ba57c5d3efddd838376cc562c3b0367576fbdccd3f,0
7271,obj:0710d3514ae03454a8c225c524b15304010394c5bf581f12a7f01bc808435341,2
7272,obj:c837bd8433c803e28983b434a677c70b79c37e30d54830f4254c8e87586ac723,1
7273,obj:79e7defd41dc3f5b3a8943c22d845e77e1032b9eafbaa2916fcf133efd4e7e77,1
7274,obj:bbc4a7785c9d389187a2dabd1f4bbba0a1f8397f0937d559bef4fdd7bba5153f,2
7275,obj:0862b2aa6697cf4c458e48b37df110e0214acc6d280c28e6faaadba4b3ce1543,1
7276,obj:6306ede477197fb9e973e3c263493fe916d6c1a142ff350f2fa57aec8a7eb0c3,1
7277,obj:14a74bc17bff9673d0f8bc3a79838f9f7505bf66fcf49cf9f6aff715ffe25483,4
7278,obj:4a81dc3adaff0e4807d8873ee01d9089c252fe547236d5ef7640e73aee81eed5,3
7279,obj:4709d21fa160f273f9f70b9c1a826005d13aafe6cf0c0bf836d2c73df91bb336,0
7280,obj:bbc4a7785c9d389187a2dabd1f4bbba0a1f8397f0937d559bef4fdd7bba5153f,2
7281,obj:c99899ce517a97c8a1c2c7fc01118956318c73f7415c97f07f5b2291be9e9f81,4
7282,obj:8e467c1db4c002a81ef30f4911620fe709877434588eb2f7cfa2331df6e517db,1
7283,obj:c42c859ff304589c59adcab1be6d18742d0d96c84c9d71ac7e61cb459dd575d8,3
7284,obj:eccf608ab1311c270972b2bde1b11074b67e485d7b362f2b1b5dd693acc6a8d1,4
7285,obj:3b8bf6271621b83e6ddbae8f0f6f7fc948771b3bdd70374a1481737e7dfb6d3b,1
7286,obj:5a2923515dc149b363e8729d18adc6bbb18718c496d97c5a8a32fb12e575ed95,0
7287,obj:6f42c582dd6e7b27eddd6730b11995ca503093dad0f4987c546821d807630805,4
7288,obj:c7be15e3d783e59f80ba5de96318767bb9d56f9bbed761234a896df7b6c22aac,4
7289,obj:dd800cadb77067c0e881d10dcf9cf70b56c88b4a82611b4f71679b184d4a34c1,3
7290,obj:b0166209217d4adbd7926f141c7e600daeb46b28fc8e428e8dd703f0159982f5,3
7291,obj:d83935825b9bdda0c119e4dd2bbdd0b8a95611ab4bf346d9c77ea6c44ce2fb0a,0
7292,obj:0862b2aa6697cf4c458e48b37df110e0214acc6d280c28e6faaadba4b3ce1543,1
7293,obj:f573491394c26568eaab343c3ac83723e28c13f3273394939683173dc1b3173f,0
7294,obj:843d8180933b4e1633557a57c679ad6139b99fe5a254b00bdd6b121a72b9ede1,0
7295,obj:8ad5fad3b8ac7a0d611000bb71d15ce8b1aeed8a01259139768d4ec1aac47eb9,2
7296,obj:47dd85296647b41c4189a4354aca1f243c7feb70970ed9fa1c661b9f59afea54,4
7297,obj:bee540a0fc7b57a53a67e3891c580f4577f0a60008cb1b1ea1d1cbcc81ac8b41,1
7298,obj:a2a55f1c77aa989fdb7a4d73514ff4b1660dbf2df6ead65d9c571b92d13f1690,1
7299,obj:927d551c6337ccc2889218e4e5d3427681433f73b4a18bbb6b2a052c769c0a5a,1
7300,obj:a1cdc7932545ff75a866ffde92c5b40a7108e2555c67fe2cecbc6212b6382c9a,3
7301,obj:d8fc075243cd254c454aaecb918b5aed571b062a241daec8bb1a59746cb41aed,2
7302,obj:c850aab75bb523bc5130c2a31eb9dd7e5409790307a0b06fb8bd464bf993a18e,0
7303,obj:ba775586b5e0ae50fa94520f76bea69e85d3eea424053ba9ff4e0891e9710bd8,2
7304,obj:a3ac430f69e5e3b491e85802c2e8b548395f8ff8dbb939f89950e0938ef3c870,4
7305,obj:76565eaa0a77e5d06606941188791e1bf4e4e71659d7abd702cf5e2d9f946dd9,1
7306,obj:a3c9e1bd0d7657765219874060ac6abde9fde3d28a705bd42cf61b9a77ce5c9b,4
7307,obj:546e215cf8b0d12d0847b678f1050e20ea2afef5fd3662dbcef57ad570a6f3c8,2
7308,obj:5ada209b67efbb3df290b61b75caa3e61f0255a506ba9cba07e1e7ab824ebfc7,4
7309,obj:0bea36dfe869410e0a45d68171a865a602297d5aae75cab85e2342119017bcae,1
7310,obj:d91da974f4197596a6686f617773fdc59019c1349dd73602698be99d3e51b802,3
7311,obj:0862b2aa6697cf4c458e48b37df110e0214acc6d280c28e6faaadba4b3ce1543,1
7312,obj:96bb898b7cf904d30d59230b90b69f18a3a6fcba2dd2af4110a6556d988a8138,0
7313,obj:0862b2aa6697cf4c458e48b37df110e0214acc6d280c28e6faaadba4b3ce1543,1
7314,obj:260cc043245eb04a649b1c03bab4b527a4f1674d735ebfdb9ea033cb57aed6fb,2
7315,obj:2894bd4e8c8da1814064edf66b8e8c497d6c233368dc278a54c3287a68e8dc25,3
7316,obj:a3ac430f69e5e3b491e85802c2e8b548395f8ff8dbb939f89950e0938ef3c870,4
7317,obj:bee540a0fc7b57a53a67e3891c580f4577f0a60008cb1b1ea1d1cbcc81ac8b41,1
7318,obj:33caf8819dccb4b0ced9aa012219e1cf4e8617dcdf6de4d9d3f5dc344f654699,4
7319,obj:5c11aea06a5c5de10e41fa7626cdf2e8fcd2e40b82e79475c94c7d5fe48d0154,1
7320,obj:21214f6a5d7efbd5de64ec685a4b7d6869a6c584f9dc44dcdcea9d7369c28a08,1
7321,obj:f8ce0736c505bae3509e4c52ca9f75857ced518d2c14f19fd1070fa6342fe38c,1
7322,obj:f0517901c69968550318ee0dc055dfca76d79c2820cf0cb4945aa719a5f35278,3
7323,obj:97f0f6ab1cc802c5729dad681328513cacb64bd81421985ac574e7adf93681eb,2
7324,obj:2b81e9fd4a894603881527c13b3c0617b32f3811bc043ea20f2899c9bbcf6e79,3
7325,obj:a5328471db3e0518999ecf2a39f687ea67720b9fc321f206509effe9fc5ac77d,4
7326,obj:0862b2aa6697cf4c458e48b37df110e0214acc6d280c28e6faaadba4b3ce1543,1
7327,obj:2cf14aae6f8a94051cc5b786093162a0af4024d21bb76c725f41259e442eb91a,3
7328,obj:96bb898b7cf904d30d59230b90b69f18a3a6fcba2dd2af4110a6556d988a8138,0
7329,obj:2b6b2a4482abce7bec5b9b8c3fe5a16b880a9876fa3beb4dc17c8d4029ef3e4b,1
7330,obj:f6b6c47730b7bda40a835130765d2818109d5003065cde4ac525b9d6d62ba65d,3
7331,obj:f403c046117f0e697e95e25c2749af8c703849d12e166df01bf0e80e930bbcc9,0
7332,obj:6f42c582dd6e7b27eddd6730b11995ca503093dad0f4987c546821d807630805,4
7333,obj:4e21bf335ca163091cc86db41277a7f8ec1d30eefa268afcc545d0df4f520ae9,0
7334,obj:e185f3cb87dd6f96ecd6dcb725a2ef73b0afeac90bea1f6f6108eb004dcb9be4,4
7335,obj:8945ebb1da975968e97a25e15c6245e1d5eb356d740afc1fb4f23cb10989e905,3
7336,obj:4f03e0f57fc30c7e8e6dea8a596fb97976404dd87a7cceb1e95adda9e31f77d3,2
7337,obj:0449093a43546338714fbf0c7067bd88b1f34025b946d5ffff0e94c1855d71d6,0
7338,obj:6114633746403b581e5b5fc9d5c484ccc419c8db999b7d641b1b98178df31d76,0
7339,obj:2f95229729c3f3563ad93fa55d4806aba28f6d841267c59bc3125b7374b508b1,2
7340,obj:466e3fc198c92e1164a446bd42c513a6ff99e17506484fa027611ac9de5462fb,3
7341,obj:99d6cbb44d5aafaf1609d1e6b8abd59fef30864fe18e99da8b51c821715787f8,2
7342,obj:6fc4e3db08e35a1bc6c9d2cb87104c05bd3ffa117f598d3a10e14e960a331a5c,2
7343,obj:0862b2aa6697cf4c458e48b37df110e0214acc6d280c28e6faaadba4b3ce1543,1
7344,obj:34c7f48391498258c43d8e1d5039c78a38e45a63f892e3c98b19d66f21c06808,1
7345,obj:34c7f48391498258c43d8e1d5039c78a38e45a63f892e3c98b19d66f21c06808,1
7346,obj:592adf9e24f5f4f80e64e238385eed597522a75e71e321cc0e87c1c6e983b653,3
7347,obj:6f42c582dd6e7b27eddd6730b11995ca503093dad0f4987c546821d807630805,4
7348,obj:45362a75000c084757cd08479e4fa728ab9eff667078384c98e1758239c63d54,3
7349,obj:14232e3ed027da037b75167f43dab2daa945aab669b6c361ea3f1302de2eba4b,0
7350,obj:098c047bab7e95b51dc0c58cacf1e2c3e1477b4fb0ed334c90c4ecc444ec477d,4
7351,obj:6d66e7a062bcf087210b4961619d1478e6cd09f76be55121458b089655edfac2,2
7352,obj:0b14443bab6a775b66e6c0b6dd1e5bd1f329c3141b33b67f31e4c9de6834cde3,4
7353,obj:68863cec42029127bb6faf5a7e8c6e666afeff5fd80a025171f16fd2ac103491,2
7354,obj:6c63aab3e145e700d4c44262937290ef89596bb949e9318bb562b4fdaaf7b08a,3
7355,obj:d93e60b43594aecd2c6fae8c0497793de01ce27894b6ad91ca21f2de70df8ac6,1
7356,obj:e0bf84cd5cddb2def23c5f0278ff4c22d6f8adc843beb1c01ed7c0b516a98b27,4
7357,obj:b3f11b1b8cb8b81731118f3dce3095415e0f2ef1a2b62c59bf47e757f58a1a53,1
7358,obj:8b57a48546c14b9e216f9aa13de7973c18f1dfe8dacc2c4d767b9bdf10a7acf6,2
7359,obj:0449093a43546338714fbf0c7067bd88b1f34025b946d5ffff0e94c1855d71d6,0
7360,obj:f9b890876c80340643e01d8729a725264ea255431da5ff3183836422909c42da,1
7361,obj:a6c88faa6c285ac22c7ee6d5cb818ccbd568cc62b83df86250ff790d829791e5,0
7362,obj:e43425a101ab6f8bb3df02064f38032e430bf03cf62b6df144911f86876e9535,3
7363,obj:594ec3f62ef970e68e07bb1b21c64da628352b5bdb643c7938afb663b5960742,3
7364,obj:d33e64f64a7f567baf370618e2b3cdd3b756ae665cef3a02fe2758fdf2f4a463,4
7365,obj:f1e58c4560059976cfec789d7c9a8a45c419ebfdaba55c4f7b9c28ed40838c31,1
7366,obj:57510ee0dc793f6d579f4480fb7f238176800bb41ab471bfe157f6ba8c13b367,1
7367,obj:a546ffc670fefe1134bb54420bcbd7475435f0091590916c4f48ae44f2ec87ef,1
7368,obj:24f2b59f6e49312bf9c0adec74b79be93c28c5baac5d04f93057c1c865fd4918,1
7369,obj:4e8f46346a81c7879eaf35a20958ed8252c59c8392a6d41453263791950cf4a6,3
7370,obj:6cf08e26567c8a4981c2e8ee74cd3f03c7ac9da4bfdfab060538e87f75fc289a,4
7371,obj:0862b2aa6697cf4c458e48b37df110e0214acc6d280c28e6faaadba4b3ce1543,1
7372,obj:ea5f9795d8b94fe8cbbda26ffb4ef619e17c611e185e9cce49a193d38398a614,2
7373,obj:c55608048b70caa66993842cb0629968de95c14d3c8c6dfbd115c8fa81ce2873,2
7374,obj:06aa8c66d2929d272921cab1354d68a206ac38e1a0e178effe83c30b3565a4fe,0
7375,obj:d330b22af11d6aa5d2fb26ac72781fea4979e9a53a9a86af82664ded7f47c195,3
7376,obj:932d28b14da7dbb7ca0c050383db3726630ec3dd764a20a57ed84e23dee033bb,0
7377,obj:2c0f34b8bf9d8e437546226233253b64334ab8fd0463a73b74d18d9874532949,2
7378,obj:c0d37f3003a90e874733ecdb27be1986416ff55517c330420cd6e5d9ac359ece,1
7379,obj:96bb898b7cf904d30d59230b90b69f18a3a6fcba2dd2af4110a6556d988a8138,0
7380,obj:0bf46e759345204aa33f445ab226fe131d0948b293b49190011bfca8e44322bd,4
7381,obj:0bf46e759345204aa33f445ab226fe131d0948b293b49190011bfca8e44322bd,4
7382,obj:e7d57fdb3af7e9e6f33db28b32e842ca8d30e98418d92d9de15a18f5eec18c94,4
7383,obj:a546ffc670fefe1134bb54420bcbd7475435f0091590916c4f48ae44f2ec87ef,1
7384,obj:0862b2aa6697cf4c458e48b37df110e0214acc6d280c28e6faaadba4b3ce1543,1
7385,obj:0ef87208148fea0c92879f08ed22c790b3a6dbf62c002422b1aa6348623676a4,0
7386,obj:101169ccb61b6c210573999fff6b833027f801424592626f00eedbbf57d99cd5,3
7387,obj:eaee23a3aeffa16a2c9810aa024cfa42b5860702df05109eb723a214b2608ec3,4
7388,obj:0bf46e759345204aa33f445ab226fe131d0948b293b49190011bfca8e44322bd,4
7389,obj:728f54db179984c77d28948265700062285b9df56c8944442592f3482d796fd4,4
7390,obj:816b184b9beffadf165ecde005c34903e15e3ff271cd35fe8cd88d7766642051,2
7391,obj:8fb2e828e6fc9e078ab22be04774591bd025d71fee1d0b23a580a73543251999,0
7392,obj:558c517069e6b1447edc0a86845067f002962b9c9c0828ca69f7b839f53c40ca,2
7393,obj:2c75158f5c459a847bd31cc7b76a1c0182c053e5f7eef90e7afcfe99139515a8,2
7394,obj:a2d5bb1c231e1947a79ae93d2aa4f36df54ff1af6a969495731437447ff2dbfc,2
7395,obj:1ecd829539ed8736d65487719a9493d596588d4a3e34ed6f7fce45190489a5b8,2
7396,obj:b755137cc8f094435dd7e550ae82473ae8a900ac69cf2a0bf98bdcd7d4e6e6aa,3
7397,obj:b22b996fa01bce2e127a937b594a2adc4d0af05c7cf0337acd87a109d5b1548d,4
7398,obj:2053a67a0c353db7da60df6b9cabf165f5753848e668a3d3d8db5b8d93853ab1,0
7399,obj:5d378b1e16ba7278c200b8d22ccadc5dfa6530c3806147e782e96d84f5597c6c,2
7400,obj:8f9d7d85ca51d82996a0fd0c55f98e52660a61b25261b533cf20f84ddd1c72b5,1
7401,obj:ff053c1f0485ffa4c7c06f1bf3e620ab5a6bdaf8bee269558003b5958ee0bc6b,1
7402,obj:0862b2aa6697cf4c458e48b37df110e0214acc6d280c28e6faaadba4b3ce1543,1
7403,obj:6f42c582dd6e7b27eddd6730b11995ca503093dad0f4987c546821d807630805,4
7404,obj:3cd3eebd16e1e16eb514a8f24c9ad88e5bc2ce5e5c642c0ec0a198c5a51d0fb4,2
7405,obj:ce196fc51f371cb5dd574c64f4525b3ce3d3a6146309fcec5dcd21912ee3b27e,4
7406,obj:336085823e7c86a91c314bbcce5bd287ec3f6e26bad58f669fc31969871a3787,3
7407,obj:acbbd7aec28c19a54b2dfc089a03a3b647d18549357f74207bb977063d64818f,0
7408,obj:467ed4dc5d7cffc486e70d85145bdd0a7decdcbaf527f8cf038b90e0d8a5ea62,4
7409,obj:1bd2027fe4f561a024a73efd715be0176a883148a072bd621c8cdc6f75b0c8c3,3
7410,obj:3beaf20351309947f3d32b64709d7be9aa8f316c037640eaa967c4fa7a621d79,0
7411,obj:1c76d80be72fad2f9f8e0b4108da7963157dcd8d67bc9724871d220ee35d4fb3,3
7412,obj:87fafa426c23d9e4f3ef1fe19e39417907fbb9bcd225ef341cd373ef4e9646e2,4
7413,obj:6f42c582dd6e7b27eddd6730b11995ca503093dad0f4987c546821d807630805,4
7414,obj:6b2854602a96089c15f1078f6e4a395f0598a46f1cd00ef68f210abb19b9d0e6,4
7415,obj:9e0a22aa57cdf51f13e154d2062a6a743ad719245e83528697984a74f19747f0,1
7416,obj:8f9d7d85ca51d82996a0fd0c55f98e52660a61b25261b533cf20f84ddd1c72b5,1
7417,obj:1c7be23be4166a80c669ddac3b5b060eca4819ac373f12b9c7412dfc022639aa,4
7418,obj:77058e56dae30a1431ecd23cbcb887a603dac19fe78e398118d4fc24d3941341,3
7419,obj:91b87ca334087c79c6d4e87b003f67751d20dea3ee777fcb7afba5bb906619fd,0
7420,obj:1f3bc73f1d3a88dd404a86254983f57cf71597c36909822a038699e3ab8ba82f,1
7421,obj:4994774694a9ef7a4e6c651c692f7339893a3e22fea05ee3aa2ca185d3ed62dd,4
7422,obj:2bdb6d687ee3ed3f766ee15b17bc8e4eec4837d40cad088cd2e55217e6806fa2,1
7423,obj:101169ccb61b6c210573999fff6b833027f801424592626f00eedbbf57d99cd5,3
7424,obj:e7d57fdb3af7e9e6f33db28b32e842ca8d30e98418d92d9de15a18f5eec18c94,4
7425,obj:64c4e7d9438e23b0d40f53bee7626fa4381c2a7312fe81ecf3e0729920191cb0,2
7426,obj:91af96d9f39c460c48ae9067791417bf2596a292184a0b66a293d0913f948795,0
7427,obj:b71e3f7ffb97fc76df47f2fd857605c391bba52cd570718fa85e6e0c6b5a81b4,3
7428,obj:20293c89b25d8e86fd7a7ede13e8cfa4cea28ca8d5fd0b0c3943a92514828ca6,2
7429,obj:df47fede2cfa918085b747b580d081ce93e1fe3e5f4eb1df18efa36ab8c483cd,1
7430,obj:327dbdab56a83001daece5fe35d8f78a4e249d4e7444dec1651d42b0de4ae0f5,1
7431,obj:ec24e37899439a269cbaba24f857eab788a1e8abfe394fed62046b331b8ed1a9,4
7432,obj:4be16c2e662ea8ced036683a364dd84b07d30ebde1a0eb95cad900ce55ff3d89,1
7433,obj:c839f10d74aa14727f1f129bb9e822d92c5fe34acc3aef4b501f0ae67704b07c,1
7434,obj:062a4a0d3474dce14bd574f045682858172d1b45c7d9a594ca4aeb38e1497c3e,4
7435,obj:2a702a0f63fcdb4edffb683aad89cdb43a487ef7a31c178ed3776e88d4e4992d,0
7436,obj:2d97e5fbd5db8c3e0f808592e5c86ccfe53838e3d020873e22631292e13258fc,1
7437,obj:d2e9b4f350624f1b27b212c9c9c7cac029fd660b6755d196dedaa32d7db765f8,1
7438,obj:34c7f48391498258c43d8e1d5039c78a38e45a63f892e3c98b19d66f21c06808,1
7439,obj:0862b2aa6697cf4c458e48b37df110e0214acc6d280c28e6faaadba4b3ce1543,1
7440,obj:c95e3a759f948f6e015b7f5237183fd2253e43ea969f7eb93c726fa3ba7cfa84,0
7441,obj:3be59382c9a0e657583075fd5656356eeb5c01d62d5f8217c9de1275c698c053,3
7442,obj:84eafe31584031935d142aff402d789b8f8f4d964a0a8da4934a29c57787ac9f,4
7443,obj:327dbdab56a83001daece5fe35d8f78a4e249d4e7444dec1651d42b0de4ae0f5,1
7444,obj:c850aab75bb523bc5130c2a31eb9dd7e5409790307a0b06fb8bd464bf993a18e,0
7445,obj:a0758ab2a908180dff98fd16e6495440183b176d2fc3c4be5a760d6609ecf564,2
7446,obj:0862b2aa6697cf4c458e48b37df110e0214acc6d280c28e6faaadba4b3ce1543,1
7447,obj:5a2923515dc149b363e8729d18adc6bbb18718c496d97c5a8a32fb12e575ed95,0
7448,obj:de1121917431fb3e0c56d552d4a42ca4dc1ab3afd1519595381b17528b9a2224,3
7449,obj:a97288eadac108cc9837ca449984b2eaeeea8c7074921c27a9ea95f79a39b246,0
7450,obj:74e0fe7e0bb5268ea1b0cb7eca69c6a17b55edfe56a111cf3e8ec15b9b241a60,4
7451,obj:2a957923a88b65c673d93b44ed513aaadd4ff0fbd55f54ad35fe305af984d053,3
7452,obj:47885cb3f63fab3665919d170b7b7e901030ee36104c2a66be1df5dbebabae19,1
7453,obj:a9974f1de4e60c550662eb080bcdda27a65ee874416ba97003e3de96c28ca97e,1
7454,obj:3141d76ea22d50fdd52d18dc11dd421c1e59a4e410c49677fe81381d0aeb1c19,0
7455,obj:c1d5368d08c9f76ed7addf8473a549547a226a717cd0c369b2130451a05a4f8e,0
7456,obj:c11b378539ce6491a4449d2c5ca067a636242895c767d1874edef30621a071ba,3
7457,obj:2cf14aae6f8a94051cc5b786093162a0af4024d21bb76c725f41259e442eb91a,3
7458,obj:d10f9ccd7ee5e6371ac66f46c03de5f2bf124b8aab081ff8e5c1987153152280,0
7459,obj:c1d5368d08c9f76ed7addf8473a549547a226a717cd0c369b2130451a05a4f8e,0
7460,obj:04c79c7c415b86e5017fefcc9ab075b146c0365a06490125db71fec0b696c6e1,0
7461,obj:125a17fe8b8b72fbd4ffb2edcc527fe9ad68914990156b4bbdc649cbf1a10f89,3
7462,obj:ab87d4687f4fa134f9851596ffe30ddfd88da645ca66c0afbdaba8be3960dbe7,3
7463,obj:9f855026eea9cfcc7ceb5d98b9a76d39794b75c853dcb2796329f6e1e50008f6,3
7464,obj:718ed53c6cb089ec92034b95cd75d5ed4efed8683c3793738add57b3992d0f08,1
7465,obj:92856b42f1a8f489563ac495fb37df921a90543fc779bb4d03f1bb443a6ce8cb,3
7466,obj:1c93dd642bf790e0bc4da24bf24a4c0d32c35020cc83e0bda54ec807c9b177de,1
7467,obj:6488aebe30e63e9b143d4cba3868dae254874b6327a81b73b66a18b230579780,0
7468,obj:836ca241f02800127c76cb3c2e4866b081afca5b6ad670249a57f7f6136130be,1
7469,obj:facd5a9b566d4f05286630d0dec805c32cd28373ceb121fa537169541c54652c,4
7470,obj:f573491394c26568eaab343c3ac83723e28c13f3273394939683173dc1b3173f,0
7471,obj:4f1b4c55eb8756520024804259a4ea19a9cf7b62d3f5b52f2776569c96a43fcb,0
7472,obj:5d2727ebaab86cbc51eece674fc47a1aa712fc9978a1fcdb97a7a40872d26837,4
7473,obj:34412624ee154ab87e337844cd36ee98e681770e2cfccf77f4ade43e883e370a,0
7474,obj:47885cb3f63fab3665919d170b7b7e901030ee36104c2a66be1df5dbebabae19,1
7475,obj:bee540a0fc7b57a53a67e3891c580f4577f0a60008cb1b1ea1d1cbcc81ac8b41,1
7476,obj:14e99dbea355a8bf053c89ace707f6d5c99f73c22f83349c25c29f4416d0692f,0
7477,obj:ccf44e16517ec071eb772530ca1790933c43b31c483a481c51f50e6238e1b2a0,0
7478,obj:6fe8810f732265a067c10baaa27d41c6dce0dc1dea843bd793a68237bf5bb026,2
7479,obj:121e6978b3f47df3d8b60b456ba0c0e2ba361f2664406b77d7ff16afe8d20d8c,0
7480,obj:bef76cad5361a3359ac9050bdf7c5cee53854424331f662b4b574fa404fa0515,4
7481,obj:d91da974f4197596a6686f617773fdc59019c1349dd73602698be99d3e51b802,3
7482,obj:8a7d63542131081842b3d74949f9526d3b40c8f6bcc95a325961423701b42c54,1
7483,obj:591b3d575401c3435b3c155d5ab4be39c2f28bdd7212e539699a82fd4276ecc1,3
7484,obj:6488aebe30e63e9b143d4cba3868dae254874b6327a81b73b66a18b230579780,0
7485,obj:b4361322096d508b60bf909d022ffc00f1b7bcbe433750e8bdcb009c789a2aa2,0
7486,obj:08980e33ee04807b95d6e6e8ed442651bd3b9a5cf597ce4a4fa29bf51587ce48,4
7487,obj:bc44cf4b68455bb975c3769025536441435a3eb4431b181ffdd89ee6f6f0119a,4
7488,obj:6baf44c4c85dd2165fe737981ee3de2ad47f149d6dc49176ff035338ab7f8541,3
7489,obj:732bb63599bc847ed56987300781e8a98636ae13d8a20131adfc1ceeb7608d58,0
7490,obj:c7588ab736da0cd0e738bd30526126dd5c97f420938d504b16d426a5c38a8f6d,2
7491,obj:4e1480d78646f85bc1c83ac2433511e6077aef71aa4cd546bc0bb3ec9710f239,3
7492,obj:0862b2aa6697cf4c458e48b37df110e0214acc6d280c28e6faaadba4b3ce1543,1
7493,obj:69ec067ed62591c6954415b92818cc2e392ab98d32249891a6a29c0c0db77345,2
7494,obj:d968627ed94aa345b799a76972c928b426fc8f269bfd8eb05dcfcc6f9219bcbe,1
7495,obj:a3cbfc4a0d3db8e888d5437bfeb68adf952927fcd6b5edc78135f759c26f53ae,4
7496,obj:a09e4f0ba3bf37912e8a270018f5d1cd3ed43d3dcc3af2718a9300a27f5ea3fc,1
7497,obj:8b57a48546c14b9e216f9aa13de7973c18f1dfe8dacc2c4d767b9bdf10a7acf6,2
7498,obj:52316373ff4e767f1fc2c74db7236b18969dfc6a2fa21e1997de73ff33fbe539,3
7499,obj:1c1240b76ac7c9f7df5fbe9917564951deb1b0ab1954275f185c834dbe0e2cab,3
7500,obj:42dd8e966f03d22ba1d54496728ba67cb27cb50a54c67aead9aabec96afd5988,0
7501,obj:71c9b63c7589f928dde668a2f52f42ad98beb1b63f0d9c49807e843634b542b9,0
7502,obj:a2cd0b30f7d8c5e6f15dc0f73266c5eb62e038460eda17a40f6a9bacd4c7cf56,4
7503,obj:63959ee726e1e39ae2e6afdc3a52389ef6074a7e68f50d4558af7aff66f6351e,2
7504,obj:e35e11b69e06d1585fbd444ce51f0223187dd7d451906cd7ae4cacb5495c9841,4
7505,obj:f7e412a26d4bf99df7076b17caa9ce1e93eec7b6ba1ee9dd52a807032f807bb5,2
7506,obj:2235fc68a2ce1f17e5fa81ab1784cf01a8041bb5380d4785b919f43320205e15,3
7507,obj:b2b455ffd3d73acc6aea9cbf853d83e6a254809d50a26f9ab4accfadecc42746,3
7508,obj:5aa8d41ded0834c0e1482ee7abd24fbf15806596e0fa0cc5bb0a72d1f02ebe24,0
7509,obj:5c609aaf1f61d1744c5bcd2669dfebed66c692a4063d4901ce6dfb541d8fbae6,2
7510,obj:4709d21fa160f273f9f70b9c1a826005d13aafe6cf0c0bf836d2c73df91bb336,0
7511,obj:5c83acccf968597080b7d1e424bb3953dfc6caf6b244980908beb2d25eb753c1,4
7512,obj:00266803d61bb3bf4155df83ad139ac911ff542aa00d8bb65cba2de6cf22152e,4
7513,obj:ee65c8249240781e2a5fc37eb3962d5f3c0fb7849544dacd5d30208d0e2d802a,0
7514,obj:0862b2aa6697cf4c458e48b37df110e0214acc6d280c28e6faaadba4b3ce1543,1
7515,obj:af3a11915eff4be86e23fa28a1be1738c62aebf839e95309019ee7bdbd54926c,0
7516,obj:cde0a707ec953e1ddb25fd41154b4062ad704558fcaa07238d5da6a29667b6c3,3
7517,obj:46aaa4b2b789a4119b09341f48856a33dcab9480091c5c28d4860d43dba30e1f,1
7518,obj:7cd82545b39c0eff91afdfa604793dbcce0245eb5f124a6e5890bd795e5aa1bc,1
7519,obj:ca01007187b8e8c2a62e1ede01b379e285fe674abf2459e6b8a56226b27f4ef0,1
7520,obj:87554a1849b5048ab4589378b1e4086a15bfd868e0fbbbdc0a78b32aee1217cf,2
7521,obj:e3bfc045724c2cf9f923515d59a29e0f1c0a5e79d0f594f27e3fb781ee77584a,3
7522,obj:4e7376609b64e009ca3daafc092362c63b87fafedbfd4e8db9e728801c030ccf,3
7523,obj:5064244127e7a6b489e8c08dd8e0fbda8d2ba32f3473493da12696d079be0388,2
7524,obj:0bf46e759345204aa33f445ab226fe131d0948b293b49190011bfca8e44322bd,4
7525,obj:177f406188d4de4f1832fe61ef52b60b37c3b8f9140ad82a3eb7d7399ee8a588,2
7526,obj:d91da974f4197596a6686f617773fdc59019c1349dd73602698be99d3e51b802,3
7527,obj:db32c5e7a0131480487213adb8afead624c8c6a2a57736a4ac65556da0ac7112,4
7528,obj:a2d5bb1c231e1947a79ae93d2aa4f36df54ff1af6a969495731437447ff2dbfc,2
7529,obj:0a07f1896ade0e2c3ca219526da56c4e090296401aab56f29bcdd16fa9c5c0e3,1
7530,obj:a2477681ca69b3021b373a0d83996a90d6346f2e1711d2f870118c33a20f3888,3
7531,obj:f77cb5836966937f471f75bd914a6dbfba92396aac5555ca620eb08deafde456,1
7532,obj:b2b455ffd3d73acc6aea9cbf853d83e6a254809d50a26f9ab4accfadecc42746,3
7533,obj:b50824b35a1569f2f47f0617cb22bdfc13f9fa2c57d97a205c26700de0c7858c,0
7534,obj:de2f6772925e1900fe78c3c21940a756b3723e3a75b4dca0c701f562c38fe618,1
7535,obj:3922eb4fe458b8c1b26f9a73402394701a16478311254ee33a5038712e011a83,0
7536,obj:25a5d277ed024c53f9644ffa8e720d57c56c94a033f38ddb6c29c83a97d73032,3
7537,obj:84eafe31584031935d142aff402d789b8f8f4d964a0a8da4934a29c57787ac9f,4
7538,obj:eadcde34ac4bda032dce6ec4d70c46eb49a677e92b619fadfb324115c394a070,2
7539,obj:1b45c5b68b3f5cf152fcf24404f9f19c1968dc7887286720daff04c65f55bfb3,3
7540,obj:7af798ed2beb2c27d18760f1112044691321995ebe42704db0e399af7e4f2117,2
7541,obj:9c9c2ac38c70afb45f8705b3ea0ec910bad3b95f99ddf95297b97a22cd9c3695,3
7542,obj:63ad70f0c1799ba9a2ac1a61ee6dcc554054d2efb1994541942858ac05c1a291,1
7543,obj:ccf44e16517ec071eb772530ca1790933c43b31c483a481c51f50e6238e1b2a0,0
7544,obj:793eb06fe3bb7862265036c27d7eb0d20ce5995f28f732b8ba9261a84acb7e12,1
7545,obj:e43425a101ab6f8bb3df02064f38032e430bf03cf62b6df144911f86876e9535,3
7546,obj:8fb2e828e6fc9e078ab22be04774591bd025d71fee1d0b23a580a73543251999,0
7547,obj:0862b2aa6697cf4c458e48b37df110e0214acc6d280c28e6faaadba4b3ce1543,1
7548,obj:c7588ab736da0cd0e738bd30526126dd5c97f420938d504b16d426a5c38a8f6d,2
7549,obj:6f42c582dd6e7b27eddd6730b11995ca503093dad0f4987c546821d807630805,4
7550,obj:83f9cd9d05b3031bc51a231a78eeff12515a77f2e219464a7da1cffe26c78944,1
7551,obj:0862b2aa6697cf4c458e48b37df110e0214acc6d280c28e6faaadba4b3ce1543,1
7552,obj:f16c39bd8d1c22ed80be051df9e576ba67afcc6e87bc8d540932fd3e9a2987a3,1
7553,obj:229dc5ba066c27063908db71e9b8d5ddbf9ba39a6b13d3fd80ea83bb297175a7,4
7554,obj:1ecd829539ed8736d65487719a9493d596588d4a3e34ed6f7fce45190489a5b8,2
7555,obj:f16f01a32da8a4f400a4a0ebd52c2d505872b7bec7c3d6170868c3df8f7bdad3,3
7556,obj:0449093a43546338714fbf0c7067bd88b1f34025b946d5ffff0e94c1855d71d6,0
7557,obj:b875041dfe37fc4fbc698702d333efcd57986de64e92eaa38b1c1988cf8fba93,2
7558,obj:cae6717f821ba94e6577355c09c4d1550fc528a9d7ca7764036d083ba86ee0fc,2
7559,obj:febab1177df39bcf3691a417b3c07141a34f8c8235029788789f9ebae5054d09,0
7560,obj:29eece8688757872f4e16f89fa29c7ada0d21e23ffa0aca5c9059196fe854c99,0
7561,obj:29a46786fc421793974ac4ffe3d53b50b1e5482dc820a77f949471d10acddc49,1
7562,obj:67124acbd9400365a07cbe256fb8180d92d7e2f2befb5181cc54a4e58383717b,4
7563,obj:6f42c582dd6e7b27eddd6730b11995ca503093dad0f4987c546821d807630805,4
7564,obj:17c264167b47eb44607ae9eee12f5d325d5c74ce37d0eb2ec73716c98019cb81,4
7565,obj:5fadb84dc3af009377c5f257ffb6a9bbd480411aaf228436acd9f963b408e037,0
7566,obj:41651bb7280465b1e6ea7bfaf678f9cfb10ba5c6acde20e346951c14440a76d3,0
7567,obj:f2b1c96900e59e6a2647f536d037e21e70e0ef7067f3ef492456093e94a373bf,2
7568,obj:ea5f9795d8b94fe8cbbda26ffb4ef619e17c611e185e9cce49a193d38398a614,2
7569,obj:b6bf4305214cf7fd1d810f0dc5c34266573f9814f981308ed4f0f7fd29477e74,1
7570,obj:64d68c4ce039f71783057d0fbc96b6634d4380c39639534ec84fd1446e3a7606,3
7571,obj:4709d21fa160f273f9f70b9c1a826005d13aafe6cf0c0bf836d2c73df91bb336,0
7572,obj:f0ef4f4c901508912fd59c81ce5d0360e2f3e56839f61e2ee776146634ca5198,2
7573,obj:0862b2aa6697cf4c458e48b37df110e0214acc6d280c28e6faaadba4b3ce1543,1
7574,obj:30c270354474a112ae0d95bd69c0a04dd6d4ad414da068d4a27ba146e556050e,0
7575,obj:76717d0f0b12b3e42c96401a42613533488fcf4f807424e1d33cc36eac981b1c,4
7576,obj:61d2f917bd1ee7a1daec314702fe9fc16d30c625f60b9b4b5fd33d1cf6367563,0
7577,obj:6c63aab3e145e700d4c44262937290ef89596bb949e9318bb562b4fdaaf7b08a,3
7578,obj:220ceb03a1062f2979ad54ad21f1829c1e6df00b5ea1348faac3ab56548976cb,1
7579,obj:14232e3ed027da037b75167f43dab2daa945aab669b6c361ea3f1302de2eba4b,0
7580,obj:a98343cbfe6190cae8841109e0bfb4f43701ab6bcd6da14d04fbd5b65be33335,1
7581,obj:c7588ab736da0cd0e738bd30526126dd5c97f420938d504b16d426a5c38a8f6d,2
7582,obj:6f42c582dd6e7b27eddd6730b11995ca503093dad0f4987c546821d807630805,4
7583,obj:56edb5b1da97edf81f36ee3729d0a1eac4511a4e9ac61ee6ac86c3045381a5d9,2
7584,obj:109b72b3cc4daba95d7d79d91e8b28fc0f22ecbbf48f49f54bcdc18cdd657f0e,1
7585,obj:a4c9b025fa75623221ae0b0738c0080663fe19272996caff4fb569b70b0401d0,4
7586,obj:8a7d63542131081842b3d74949f9526d3b40c8f6bcc95a325961423701b42c54,1
7587,obj:792097c1eda91c4ab47b707ea6913a1e1777cdea8c88822ad807abf274ef1c97,4
7588,obj:e1d093141143b614799b20ed86936f4c93034e87b178f9fe46cf72191b7c01c0,4
7589,obj:5d2727ebaab86cbc51eece674fc47a1aa712fc9978a1fcdb97a7a40872d26837,4
7590,obj:bd23ca94d9002ce2555fcf4fe990c5204fdc3c6c44a7382293b7bb93e33ce169,3
7591,obj:b9f4a7f98b06383754072a85e1408d123307fe9d2e525d4f200383ce054fccfb,4
7592,obj:4fa6a3820af707102260ebf9dcc8422981bfbddbbcbce6f00176d524ee163a0b,4
7593,obj:2567ec531e9f94de463d3b40a65b10208699b3c542a0158fd269fd6832a40896,1
7594,obj:039b3e8f7702b8ca6e07eb336cd8e359f3207c5333bcbfa5cdb106427c3f9c04,1
7595,obj:2d8eddc51b0d9de10baf8f25c71e113a42f5d82693dd9272ac5fb72db8f87dbd,3
7596,obj:fdce5be68953c73cafd9ab5db3b88f126fc8780e26c702c42da8a2975566a22e,0
7597,obj:3a270f220e9f7d1f03d8fa06f74d18310900b9ea838e4941b168964a6e714dc6,4
7598,obj:1410ce0c3bc5fee887f03ed8bece80fa6552c44d6cd864b1e5bb7bef534f2734,0
7599,obj:49b6f3c6d1f2161b0a1147c15dbf9f6557ded10f7755db26087325a5aab1eb2b,2
7600,obj:0862b2aa6697cf4c458e48b37df110e0214acc6d280c28e6faaadba4b3ce1543,1
7601,obj:5d2727ebaab86cbc51eece674fc47a1aa712fc9978a1fcdb97a7a40872d26837,4
7602,obj:ca13c3afa78cb5cdf1c0ec1e68742b29a1cfab2225d0453fd8eb58ffdbc4d967,4
7603,obj:8fe05c4870fb4abbaec93e49bad02ed89835e7a9271af45bb0be9caa41641cce,1
7604,obj:0862b2aa6697cf4c458e48b37df110e0214acc6d280c28e6faaadba4b3ce1543,1
7605,obj:fd0f1b05a7fdfc5c4cbb8e982264bf564101707863ab7cce5b4a720f5420c27a,2
7606,obj:8c8342eadd5f2c8e958d77dd931c394cd1567386c2744bd020caa0c2884e429b,0
7607,obj:31bfdfc339bb24ff85612f6692497aec074e74012bdbe2d6a3e88ae00128da25,4
7608,obj:bc627d3deef24761b2185194bc2a3b1bd4103cf7ac646c65a0e63158016e05cd,4
7609,obj:fe881d2e6b74b0470935630ed44430debbcd9b70c10a0c28a8608ad23953181f,1
7610,obj:5c17e3f068ba158efa0c193e34af00d739829e1500f3482f464f517cd60c4676,2
7611,obj:1fb86c5acb71ae2041fea2b72b2552ec78a99a20717291f6a6741230620dfd63,2
7612,obj:ded352acfdaea686ec4c65d7c504f4d4355766b8291cefaa2d7af656472d5420,4
7613,obj:558c517069e6b1447edc0a86845067f002962b9c9c0828ca69f7b839f53c40ca,2
7614,obj:56fa22a5695ff56ee9de032e13adaaa127b2689771c83d8c9ed6aa0d202643e8,2
7615,obj:55c4737528167e0286f7255c6cf442004e8606fd248040d3554cbd1eba7c2cda,2
7616,obj:0862b2aa6697cf4c458e48b37df110e0214acc6d280c28e6faaadba4b3ce1543,1
7617,obj:f7e412a26d4bf99df7076b17caa9ce1e93eec7b6ba1ee9dd52a807032f807bb5,2
7618,obj:d145de16abb7fdfdaba1e0dbee6fe880bca6f5bb49f2acd4742b5d2abae95fc8,1
7619,obj:5370a3e5f165f7d5d3bc88576339e09c8b89ae0f7ee094133fbc7bf8a488c605,3
7620,obj:0449093a43546338714fbf0c7067bd88b1f34025b946d5ffff0e94c1855d71d6,0
7621,obj:31bfdfc339bb24ff85612f6692497aec074e74012bdbe2d6a3e88ae00128da25,4
7622,obj:fe390e41b612716c2fc24baa6045fce5bfff8ff4bd1b1a12bf49e9d486e97aa1,1
7623,obj:cbc63221f137748a3b8fee24f07ab1319043c296f71a574ff4dc47b72e0adcca,2
7624,obj:af3a11915eff4be86e23fa28a1be1738c62aebf839e95309019ee7bdbd54926c,0
7625,obj:f9df4526037b524c9c955da008556aeb84cb8ba08fb8bf40c356220c96ca3d5d,3
7626,obj:abbea23366ec8d7b71ac9266ec9ece3746e668680219d5a874fd5bdb5181464c,0
7627,obj:771a5aceca77a8a4ce276bc29397181ee8078c5c7b31d4ae1d3837285559064d,4
7628,obj:970a1322389157f731094f2468b2525cf65cc453937b3bb6f5c379b7fa6674c3,1
7629,obj:84bc1eccdb5acf5db9df04e6da694b0f8037f7c30753707df6181545844aaaf3,2
7630,obj:278d0a6fe4aec0dfcbddbea591bac120c44fb96cf111697be6765f68dddc2405,1
7631,obj:baf01b6f65fe14a81388d8c580fd58194339de53d6e8a4e4cb5fd7b30af50157,0
7632,obj:06d85e0770c8705079d10451b2443d80029ed7e58dd9d6f58ca09b4659ac2c10,2
7633,obj:adc0505d7de2e57f77e0492937897052d72c057c3b264d3be4d60880c713a28f,3
7634,obj:d2e9b4f350624f1b27b212c9c9c7cac029fd660b6755d196dedaa32d7db765f8,1
7635,obj:04c79c7c415b86e5017fefcc9ab075b146c0365a06490125db71fec0b696c6e1,0
7636,obj:de1121917431fb3e0c56d552d4a42ca4dc1ab3afd1519595381b17528b9a2224,3
7637,obj:0449093a43546338714fbf0c7067bd88b1f34025b946d5ffff0e94c1855d71d6,0
7638,obj:4d4833b21210421e1a9a770fc9bf2b034109c5c9ac15c41111893c842f2b0f7f,4
7639,obj:78e2c9bed3d865cbd2b518a4ba2bed7e4d41275ba4143a8e83652af839eb399f,2
7640,obj:13c44daa4ae36abd2e7528b8e4027680513186a41b89fd23b6a4cbc9bd67f0c7,3
7641,obj:64d68c4ce039f71783057d0fbc96b6634d4380c39639534ec84fd1446e3a7606,3
7642,obj:e43425a101ab6f8bb3df02064f38032e430bf03cf62b6df144911f86876e9535,3
7643,obj:4f03e0f57fc30c7e8e6dea8a596fb97976404dd87a7cceb1e95adda9e31f77d3,2
7644,obj:f7e412a26d4bf99df7076b17caa9ce1e93eec7b6ba1ee9dd52a807032f807bb5,2
7645,obj:f378a014e208facf746208d4a4f9a39e6ed802658bc741310e771d612ed89b09,2
7646,obj:76717d0f0b12b3e42c96401a42613533488fcf4f807424e1d33cc36eac981b1c,4
7647,obj:cdd06e90f6a1c59ac8d6cab403dcd650a262879bea6b4d71fa9b2186444c995a,1
7648,obj:c7a7109f621f9188d7c54452cd487bae0552d3e8f9ced5ebc22e72ecb68781b1,2
7649,obj:84cad8e4b72672293dc4b54ed83881b3e93acd49c97fcd866f42f46a1294b8b5,0
7650,obj:4d9a2409355d41611cf4881bf884e438c0ef5c1317fd586ab77484465f79dc7c,2
7651,obj:58e3cab8abafb25fdd836aab6be90b702271859d34fb44e2ed3f89200627eaea,1
7652,obj:f250a2e9e0be0d5dc751f1ee9256d83b7f28aa9d2593bac76bc176fcfe3b8252,4
7653,obj:34412624ee154ab87e337844cd36ee98e681770e2cfccf77f4ade43e883e370a,0
7654,obj:e73ab9e1b59547a7d30dace66d521f0a81a80237990d243310df7106ce32e575,1
7655,obj:6d66e7a062bcf087210b4961619d1478e6cd09f76be55121458b089655edfac2,2
7656,obj:6a42d4c7ab299f471ab52d3534d8fad29dddf68383d742623aa90332cbecee8b,2
7657,obj:a6c88faa6c285ac22c7ee6d5cb818ccbd568cc62b83df86250ff790d829791e5,0
7658,obj:91ae71c00f3b5ff98039e73dcbce9ed7454fe773e79583bef308f07eedbf9dcd,4
7659,obj:4d1408604310bb6abcf56cce62e3259ddd5f9a6939c933995adb70aff008a935,4
7660,obj:d18a7d05bbde39fcbbdc9ceab862cbe7e50d8db70a5a417b3c6850ae5c5b28da,2
7661,obj:22b71aaf7febd3ecf1d26705b2a651de070cce606513fbd9b11941f763d18e33,1
7662,obj:e70afe7fc02cad8d4749ac02b594245f83d5b137562158ec6f6d9ffbd8d8e5eb,0
7663,obj:bbc4a7785c9d389187a2dabd1f4bbba0a1f8397f0937d559bef4fdd7bba5153f,2
7664,obj:a10c88a27a34bb28886f29412e09eb6e501c528fb367edcd90893f9c9b5382be,4
7665,obj:64d68c4ce039f71783057d0fbc96b6634d4380c39639534ec84fd1446e3a7606,3
7666,obj:7d136cf659f81d3dcfed9b6dd466f83de85ae8812fb2fa5fd59767c52268c8c1,1
7667,obj:eaad3ec91ca03dd80c5a89b853231666bbe3343d0fcd6340f35c45c04d3e81dc,0
7668,obj:e6e69e367c51d5f3bceb7c141589f1b7ed129ca488bf7eb0acb5fa34547d87e3,0
7669,obj:932d28b14da7dbb7ca0c050383db3726630ec3dd764a20a57ed84e23dee033bb,0
7670,obj:327dbdab56a83001daece5fe35d8f78a4e249d4e7444dec1651d42b0de4ae0f5,1
7671,obj:f555241b6794769bb8f550b4c9850e5e2b01ec06699646686b6e49c3e15b2932,0
7672,obj:a9974f1de4e60c550662eb080bcdda27a65ee874416ba97003e3de96c28ca97e,1
7673,obj:ec24e37899439a269cbaba24f857eab788a1e8abfe394fed62046b331b8ed1a9,4
7674,obj:a546ffc670fefe1134bb54420bcbd7475435f0091590916c4f48ae44f2ec87ef,1
7675,obj:0f12865a2ecc2f57c74ae90d63681540ea8f931abdd34e743033c59190687743,3
7676,obj:ea2a4af2d1429f35478b1f390047c395025a69ee6334ad24999936761562f360,0
7677,obj:2bd473c37a5e3539d1dfaedbee2b8d42bfbf5a73b9b30557135a702879578a21,4
7678,obj:246f678a4aa623400fa4b690effc7409d63adda5c2ab4491298edb2b0e62baf9,1
7679,obj:6f42c582dd6e7b27eddd6730b11995ca503093dad0f4987c546821d807630805,4
7680,obj:d083986a4bc075b2f6181cca97a22928208e6eb3c26e89d118b6558ef8a56977,4
7681,obj:a9974f1de4e60c550662eb080bcdda27a65ee874416ba97003e3de96c28ca97e,1
7682,obj:e32beb778d6d22b48ab0e15799222251788e76aa7d6b01049e98753dcc65f203,4
7683,obj:b2e3a989dc2b85d62d3e60c9157953fc479db21484221ac06affa1f92eb4723d,4
7684,obj:66d64c1575a3dd5b9e4847dd8345dce40dd7e47fdd426c4e0e295f1ee162989f,1
7685,obj:9922da705d8d55ae47367e588b2e6fc41b6ab868ac3fb3b903f569d844d4fedd,0
7686,obj:ea5f9795d8b94fe8cbbda26ffb4ef619e17c611e185e9cce49a193d38398a614,2
7687,obj:5c83acccf968597080b7d1e424bb3953dfc6caf6b244980908beb2d25eb753c1,4
7688,obj:e185f3cb87dd6f96ecd6dcb725a2ef73b0afeac90bea1f6f6108eb004dcb9be4,4
7689,obj:0fb44ed202c1ae568647800299997b5a855ef072c23601faf32a416a8a23e5dc,0
7690,obj:adf60958aa40e92d92c49058be5714e0f4b810d2c30589e9402c8f5195eb3a18,1
7691,obj:d53f36bceaa51fe9d855d1df74eccb3b03cdc3c20cf6ad9892dfa4e6ea43048a,3
7692,obj:9a8b0edadf86b3fdb1be202bd7b544f4513ea708edbf89c2f09221a1b86c5997,3
7693,obj:e73ab9e1b59547a7d30dace66d521f0a81a80237990d243310df7106ce32e575,1
7694,obj:466e3fc198c92e1164a446bd42c513a6ff99e17506484fa027611ac9de5462fb,3
7695,obj:e9878c4308d43a4bcab4c0b595df3d51b5b7e300600abbd46d0ec2a67a6e0406,1
7696,obj:4aa1a7ad638905ff4c619282068105918fefeef863e7c242a84212c3b789ec33,2
7697,obj:0862b2aa6697cf4c458e48b37df110e0214acc6d280c28e6faaadba4b3ce1543,1
7698,obj:a1c654fd5aadad234e59cb5016b3d7e7d0919adfd72f380084b60fdbe778ca24,3
7699,obj:15167ce7fe7bbe92c9908db84328cb891afc692a062ae8baf14bfb3d68faffcc,1
7700,obj:5c83acccf968597080b7d1e424bb3953dfc6caf6b244980908beb2d25eb753c1,4
7701,obj:4e8f46346a81c7879eaf35a20958ed8252c59c8392a6d41453263791950cf4a6,3
7702,obj:e0018e30fccd292e672f37111b8016b8f3616196c7d17919696f9eb149a742e5,2
7703,obj:659ec6cef266c7d90b2e96175f6692f30303e642a6dbc6230213f246329df7e0,0
7704,obj:5c83acccf968597080b7d1e424bb3953dfc6caf6b244980908beb2d25eb753c1,4
7705,obj:c752e8286dbfb5d266328d029edd4cbef50a7d0e92d9e541ea058318b50ff570,4
7706,obj:a546ffc670fefe1134bb54420bcbd7475435f0091590916c4f48ae44f2ec87ef,1
7707,obj:ff89ef3b8766ce96afe76e5429b9d770f242e71cc6a3b73d8ebbf321856a90b5,3
7708,obj:0c66bd8c620766f86a1a906ab6eafc5183cb9f5249de15183d370af9029d28e1,1
7709,obj:0862b2aa6697cf4c458e48b37df110e0214acc6d280c28e6faaadba4b3ce1543,1
7710,obj:cdd06e90f6a1c59ac8d6cab403dcd650a262879bea6b4d71fa9b2186444c995a,1
7711,obj:c839f10d74aa14727f1f129bb9e822d92c5fe34acc3aef4b501f0ae67704b07c,1
7712,obj:4d9a2409355d41611cf4881bf884e438c0ef5c1317fd586ab77484465f79dc7c,2
7713,obj:8ed241e9e66f276f258064907cabeda0ba53afdb0234d6f7ecfc6b7640f12986,0
7714,obj:0862b2aa6697cf4c458e48b37df110e0214acc6d280c28e6faaadba4b3ce1543,1
7715,obj:e185f3cb87dd6f96ecd6dcb725a2ef73b0afeac90bea1f6f6108eb004dcb9be4,4
7716,obj:d3f567d73e38ad654f7753b2377e5759631806a3a84db053ba8dff630515f616,4
7717,obj:976b2d200b50fbf62f11a6b8cc34c79dd076ac2ede3edf94bef88f50ffd9307f,2
7718,obj:6f42c582dd6e7b27eddd6730b11995ca503093dad0f4987c546821d807630805,4
7719,obj:7950c968858e4bcf73efad4111dee848db20875f628d04e25ee7cf82e2c9e3be,4
7720,obj:8945ebb1da975968e97a25e15c6245e1d5eb356d740afc1fb4f23cb10989e905,3
7721,obj:327dbdab56a83001daece5fe35d8f78a4e249d4e7444dec1651d42b0de4ae0f5,1
7722,obj:5f864f7d499a2e7dfb8eaa13ec1c2a16026a6ae5f70c2a5cee0a9862e4b947db,2
7723,obj:4b2207295f3634c146902e02d8da48feb066ba1dbb7e29589b6f4a9ab5d2989e,2
7724,obj:ce196fc51f371cb5dd574c64f4525b3ce3d3a6146309fcec5dcd21912ee3b27e,4
7725,obj:ec24e37899439a269cbaba24f857eab788a1e8abfe394fed62046b331b8ed1a9,4
7726,obj:5c83acccf968597080b7d1e424bb3953dfc6caf6b244980908beb2d25eb753c1,4
7727,obj:f47586811ef550734d620846f5b89244dcf9d6ace2e74a4f119b3a61573d19f3,4
7728,obj:558c517069e6b1447edc0a86845067f002962b9c9c0828ca69f7b839f53c40ca,2
7729,obj:0449093a43546338714fbf0c7067bd88b1f34025b946d5ffff0e94c1855d71d6,0
7730,obj:467ed4dc5d7cffc486e70d85145bdd0a7decdcbaf527f8cf038b90e0d8a5ea62,4
7731,obj:6f42c582dd6e7b27eddd6730b11995ca503093dad0f4987c546821d807630805,4
7732,obj:5c83acccf968597080b7d1e424bb3953dfc6caf6b244980908beb2d25eb753c1,4
7733,obj:6c5f0ec6ee73b713e5bd1f011c89de62bd11cabda986f9ad27479bc1214cabb8,2
7734,obj:49b6f3c6d1f2161b0a1147c15dbf9f6557ded10f7755db26087325a5aab1eb2b,2
7735,obj:6acedb6d72d3f1906eff134d02242f42f245fa33e1ece9f133926e90b655781a,1
7736,obj:f6905264b8e4eae30055680ca8a6cdc6421a7df1662efa2eaaa051eced261535,1
7737,obj:4d9a2409355d41611cf4881bf884e438c0ef5c1317fd586ab77484465f79dc7c,2
7738,obj:20293c89b25d8e86fd7a7ede13e8cfa4cea28ca8d5fd0b0c3943a92514828ca6,2
7739,obj:55c49a17a53b9f95870ec87c1cb7dc0c08fcde9c866a652bfc008494c0902226,1
7740,obj:bdc4e859742a25b7a47fc65ae75659104dbce19f68d62360da104fac67c1c117,1
7741,obj:71c9b63c7589f928dde668a2f52f42ad98beb1b63f0d9c49807e843634b542b9,0
7742,obj:f9bba289c851e77ce64b27b7a17cd8a2346e3e54c65b5746f237090f17cf7d90,4
7743,obj:bef76cad5361a3359ac9050bdf7c5cee53854424331f662b4b574fa404fa0515,4
7744,obj:8a7d63542131081842b3d74949f9526d3b40c8f6bcc95a325961423701b42c54,1
7745,obj:6f42c582dd6e7b27eddd6730b11995ca503093dad0f4987c546821d807630805,4
7746,obj:285ade2299e80f2588e4d2da9f34cbe562f8f855fb3e54337104e40e026a87a0,0
7747,obj:45362a75000c084757cd08479e4fa728ab9eff667078384c98e1758239c63d54,3
7748,obj:fafb50bcaf635db18b6b53500aecc085f01b2967554b930edc1882a15a1f333f,2
7749,obj:c36567782deb4cad7e76b92dba89d233ed7fccf3afb26fdb4c6ee0e767d6ce5d,2
7750,obj:bd6f56980a82f7b4b50b03edb49b9441d986ae4a45968a29a2123f006df947fd,0
7751,obj:56edb5b1da97edf81f36ee3729d0a1eac4511a4e9ac61ee6ac86c3045381a5d9,2
7752,obj:8099b3e51c5d65de59d23c3e333911d93a6f0de44c5c4f32bc538f03054abd4f,2
7753,obj:abbea23366ec8d7b71ac9266ec9ece3746e668680219d5a874fd5bdb5181464c,0
7754,obj:a10ec9e24e23fae16203af43d4ed074abde7233ab826ba4e87348516dcaf1976,2
7755,obj:d83935825b9bdda0c119e4dd2bbdd0b8a95611ab4bf346d9c77ea6c44ce2fb0a,0
7756,obj:71c9b63c7589f928dde668a2f52f42ad98beb1b63f0d9c49807e843634b542b9,0
7757,obj:34626ad89de84d603f3b298c3e684e4a51ae56eadf8b167964e2d4497f2e56e6,2
7758,obj:3a947454f18dc19a145e37aa3df5bdf1f9cdf8af4c727588614bf961797e11cf,1
7759,obj:d53f36bceaa51fe9d855d1df74eccb3b03cdc3c20cf6ad9892dfa4e6ea43048a,3
7760,obj:bc44cf4b68455bb975c3769025536441435a3eb4431b181ffdd89ee6f6f0119a,4
7761,obj:1e67f1fb734953bc90faa831c7366f03698efadb19311ed6852c52ed59c9ddfa,3
7762,obj:6488aebe30e63e9b143d4cba3868dae254874b6327a81b73b66a18b230579780,0
7763,obj:2e8d1dab2d71fb094fd103b3feeb3374769803057182218bbc74389c143c9188,3
7764,obj:404d1cafd5be0647f201883895ffbdf87cdd9f3e0fcdb5e9e726d148c6d77ebb,4
7765,obj:2cde93d1eae973402b8ee0ec00ecf921f09fbbd13f02fac733abb7b7d8bdebd2,3
7766,obj:e9878c4308d43a4bcab4c0b595df3d51b5b7e300600abbd46d0ec2a67a6e0406,1
7767,obj:7d233730421745a4878a97314267554297ec3f82fa39dac2b7735ad0038f86dd,3
7768,obj:e9878c4308d43a4bcab4c0b595df3d51b5b7e300600abbd46d0ec2a67a6e0406,1
7769,obj:4ecc5929713ce4040ae7b4e80711ab5150fd32be59858e2bd6f70efe50c70d71,0
7770,obj:73f5c21e7076394bc707d5f3d0514357e337b6374e45a3d0c57b93587a256668,2
7771,obj:2cf14aae6f8a94051cc5b786093162a0af4024d21bb76c725f41259e442eb91a,3
7772,obj:50501cc3d559bcd1f96039d94d7853f066920138f3107f1342195e099fc6aa81,0
7773,obj:be15400a769d09cd5c82a5986b6794caf61e843283ed04159353d941a894f850,0
7774,obj:8deabe35535331247a97e79ea6a6443151237943b04e43fe184520e7cac541f4,2
7775,obj:d6d685bd1d2035db10c9e6c8c71172d6037c6eea7eac718cdd7e6bec84bbd46f,1
7776,obj:793eb06fe3bb7862265036c27d7eb0d20ce5995f28f732b8ba9261a84acb7e12,1
7777,obj:a2d5bb1c231e1947a79ae93d2aa4f36df54ff1af6a969495731437447ff2dbfc,2
7778,obj:bcca171af3cb391ea18a5812ffd09548ab8ccd99cf6e4ff7e3b87fc87213e488,0
7779,obj:4832455486ac0e6241b9797b16053e9c346f4af5b93fe0215e58966881bd10a8,3
7780,obj:1c7be23be4166a80c669ddac3b5b060eca4819ac373f12b9c7412dfc022639aa,4
7781,obj:6f42c582dd6e7b27eddd6730b11995ca503093dad0f4987c546821d807630805,4
7782,obj:73f5c21e7076394bc707d5f3d0514357e337b6374e45a3d0c57b93587a256668,2
7783,obj:e185f3cb87dd6f96ecd6dcb725a2ef73b0afeac90bea1f6f6108eb004dcb9be4,4
7784,obj:0710d3514ae03454a8c225c524b15304010394c5bf581f12a7f01bc808435341,2
7785,obj:84eafe31584031935d142aff402d789b8f8f4d964a0a8da4934a29c57787ac9f,4
7786,obj:6f42c582dd6e7b27eddd6730b11995ca503093dad0f4987c546821d807630805,4
7787,obj:6f42c582dd6e7b27eddd6730b11995ca503093dad0f4987c546821d807630805,4
7788,obj:4601cef0cdf3b6c79e4eeccb1c5f09c5bf76279305cdc35933585d5208d21bb3,0
7789,obj:f90f7e21e775b08093260038a6502ea5b7e22cd9b7c24acad76a2c7e1ed4f9d0,3
7790,obj:cbc63221f137748a3b8fee24f07ab1319043c296f71a574ff4dc47b72e0adcca,2
7791,obj:5c83acccf968597080b7d1e424bb3953dfc6caf6b244980908beb2d25eb753c1,4
7792,obj:0862b2aa6697cf4c458e48b37df110e0214acc6d280c28e6faaadba4b3ce1543,1
7793,obj:a09e4f0ba3bf37912e8a270018f5d1cd3ed43d3dcc3af2718a9300a27f5ea3fc,1
7794,obj:6f42c582dd6e7b27eddd6730b11995ca503093dad0f4987c546821d807630805,4
7795,obj:84eafe31584031935d142aff402d789b8f8f4d964a0a8da4934a29c57787ac9f,4
7796,obj:e17078e0665fd6ffb511db2b73fbc54bc6e590a83398c3f868aa29cafd9d461a,0
7797,obj:0862b2aa6697cf4c458e48b37df110e0214acc6d280c28e6faaadba4b3ce1543,1
7798,obj:1f3bc73f1d3a88dd404a86254983f57cf71597c36909822a038699e3ab8ba82f,1
7799,obj:bc627d3deef24761b2185194bc2a3b1bd4103cf7ac646c65a0e63158016e05cd,4
7800,obj:023d2e3a83cfdc7766c941d25c841ff10fc045ff023bacba673ab187ce7de07a,4
7801,obj:0a07f1896ade0e2c3ca219526da56c4e090296401aab56f29bcdd16fa9c5c0e3,1
7802,obj:378c7c45565f882393e5beefa8502e59338cd5937468ad9d1731e91885565f5f,1
7803,obj:220ceb03a1062f2979ad54ad21f1829c1e6df00b5ea1348faac3ab56548976cb,1
7804,obj:1b45c5b68b3f5cf152fcf24404f9f19c1968dc7887286720daff04c65f55bfb3,3
7805,obj:6f42c582dd6e7b27eddd6730b11995ca503093dad0f4987c546821d807630805,4
7806,obj:ecbd3a9658c47462272816cef68f82bf478272ed82a62505221a57108c440644,3
7807,obj:1bd2027fe4f561a024a73efd715be0176a883148a072bd621c8cdc6f75b0c8c3,3
7808,obj:34c7f48391498258c43d8e1d5039c78a38e45a63f892e3c98b19d66f21c06808,1
7809,obj:56904d94e88c62b056eafec45c7bdae46334553485d751e6be10dee83aa4512b,0
7810,obj:bbabe616e3525cc281f3303a88cfcf0e94db77af9f8f5fb80215f2be7c028fd3,2
7811,obj:55c49a17a53b9f95870ec87c1cb7dc0c08fcde9c866a652bfc008494c0902226,1
7812,obj:1c76d80be72fad2f9f8e0b4108da7963157dcd8d67bc9724871d220ee35d4fb3,3
7813,obj:9c2719cc566ce2f56e9060bd55bd9f501c65b5b55ce011279eef0eba94072f18,0
7814,obj:34bfa7eb5edd7982c03f3b90ac014126ca24971850ad61af20e3bf7fc0b1c359,0
7815,obj:d8686bd8bc44506dbededa44c908a83292684622930a27714d9452568df8b0ea,0
7816,obj:e185f3cb87dd6f96ecd6dcb725a2ef73b0afeac90bea1f6f6108eb004dcb9be4,4
7817,obj:4fa6a3820af707102260ebf9dcc8422981bfbddbbcbce6f00176d524ee163a0b,4
7818,obj:71c9b63c7589f928dde668a2f52f42ad98beb1b63f0d9c49807e843634b542b9,0
7819,obj:8aca21bfd3893d1af38ff6f87c7d1afa2bd018d6ba10a116700974d91c05b710,3
7820,obj:45362a75000c084757cd08479e4fa728ab9eff667078384c98e1758239c63d54,3
7821,obj:6488aebe30e63e9b143d4cba3868dae254874b6327a81b73b66a18b230579780,0
7822,obj:91b87ca334087c79c6d4e87b003f67751d20dea3ee777fcb7afba5bb906619fd,0
7823,obj:788609da04af2aefc046604ef076496d385b6f52b519c82b8c09204840c1f0a3,1
7824,obj:fafb50bcaf635db18b6b53500aecc085f01b2967554b930edc1882a15a1f333f,2
7825,obj:d6d194c654fa662e500f150919ac9e46c4c1561c2e274207cac5418dcedbe4e7,0
7826,obj:0cc0257467078723796b6e27f1212cefdbf73a10530b09fe672610979266abfa,3
7827,obj:bc09b174f8801b7d33e2b234b626baa66eb11cbba9da611e488f70dbfa69ca29,0
7828,obj:5a2923515dc149b363e8729d18adc6bbb18718c496d97c5a8a32fb12e575ed95,0
7829,obj:56904d94e88c62b056eafec45c7bdae46334553485d751e6be10dee83aa4512b,0
7830,obj:5a1fdf60522243e54683facb4fde42f3ecd9fc7003e132b433e8df51864a9daa,2
7831,obj:d2e9b4f350624f1b27b212c9c9c7cac029fd660b6755d196dedaa32d7db765f8,1
7832,obj:3b8bf6271621b83e6ddbae8f0f6f7fc948771b3bdd70374a1481737e7dfb6d3b,1
7833,obj:f26d96ce908ab4f60b2e093c0b84479a9a188f0d5b5b0fe8a35ff98fce6b2b71,2
7834,obj:2235fc68a2ce1f17e5fa81ab1784cf01a8041bb5380d4785b919f43320205e15,3
7835,obj:558c517069e6b1447edc0a86845067f002962b9c9c0828ca69f7b839f53c40ca,2
7836,obj:4be7588178ae00cab729670be3b04a0ef5d4ac05ddebfca65e4d7cf19e3a7d0c,2
7837,obj:cbc63221f137748a3b8fee24f07ab1319043c296f71a574ff4dc47b72e0adcca,2
7838,obj:df25e54a679f1bafa58f6797c810fdcccc09d79a6f7124a52461eef5e208bd6c,1
7839,obj:3922eb4fe458b8c1b26f9a73402394701a16478311254ee33a5038712e011a83,0
7840,obj:a3cbfc4a0d3db8e888d5437bfeb68adf952927fcd6b5edc78135f759c26f53ae,4
7841,obj:793eb06fe3bb7862265036c27d7eb0d20ce5995f28f732b8ba9261a84acb7e12,1
7842,obj:ab9702bcb813dc31d19e606c0cdb385db41e72801b3432ec155f7bf06a1a6e27,2
7843,obj:e17078e0665fd6ffb511db2b73fbc54bc6e590a83398c3f868aa29cafd9d461a,0
7844,obj:db32c5e7a0131480487213adb8afead624c8c6a2a57736a4ac65556da0ac7112,4
7845,obj:a878e486460d2af67977807cb155958b6bf6de4ddb8b638911f5782c91cf73e0,2
7846,obj:8945ebb1da975968e97a25e15c6245e1d5eb356d740afc1fb4f23cb10989e905,3
7847,obj:a546ffc670fefe1134bb54420bcbd7475435f0091590916c4f48ae44f2ec87ef,1
7848,obj:abf99b43746bafa82f0bc698000dec3c1ce8a24928f24fbe639fed8197e9900b,2
7849,obj:41725c316da13d61afd55ee50c06b2d845b59de48909d6436497bdb429e39d24,1
7850,obj:d06be30876d567302d141483ad0a0c669d736af9b70c6fbc891aeeeffa675b47,1
7851,obj:e185f3cb87dd6f96ecd6dcb725a2ef73b0afeac90bea1f6f6108eb004dcb9be4,4
7852,obj:f555241b6794769bb8f550b4c9850e5e2b01ec06699646686b6e49c3e15b2932,0
7853,obj:f0163aa7a79fc3a41d00ea71f888f25434c4edeeac87a88a149c01b77e17a2be,1
7854,obj:edcc6b333932accddbf8d80e042363ec8c04c835ce818d9d2acc6d03698dfa6b,3
7855,obj:4f03e0f57fc30c7e8e6dea8a596fb97976404dd87a7cceb1e95adda9e31f77d3,2
7856,obj:bac0368039394c569b87eb27fe856f751a93bd4d2d04bba3829fa9467234319d,4
7857,obj:6306ede477197fb9e973e3c263493fe916d6c1a142ff350f2fa57aec8a7eb0c3,1
7858,obj:5049c5c9639c486da745a943997555537f31a1aa38743d402ed99282f9d51e6f,1
7859,obj:932d28b14da7dbb7ca0c050383db3726630ec3dd764a20a57ed84e23dee033bb,0
7860,obj:296e8e1452c5ff9d3931084390dcf9d4c8bdd956c7f03effa10eec906f76b9ba,0
7861,obj:64d68c4ce039f71783057d0fbc96b6634d4380c39639534ec84fd1446e3a7606,3
7862,obj:fd618d39804507547e44de0fb477ad862143102d7ea3aafcd50bf85cd1a7e9ee,0
7863,obj:60c0452dc428c416d2c5875d5bbf2853bb4a133b40fa6afe64a8789739cadcdb,4
7864,obj:1c76d80be72fad2f9f8e0b4108da7963157dcd8d67bc9724871d220ee35d4fb3,3
7865,obj:4d4833b21210421e1a9a770fc9bf2b034109c5c9ac15c41111893c842f2b0f7f,4
7866,obj:52316373ff4e767f1fc2c74db7236b18969dfc6a2fa21e1997de73ff33fbe539,3
7867,obj:84f7b045f98e39ca3c242129349c0f7de10bb8d09c553fa8c49642000e6ef642,3
7868,obj:76827cd47c75645b69ce3391ab5482a36ecd4b90971a67f488f17e5ad8bafdbb,0
7869,obj:a09e4f0ba3bf37912e8a270018f5d1cd3ed43d3dcc3af2718a9300a27f5ea3fc,1
7870,obj:3b8bf6271621b83e6ddbae8f0f6f7fc948771b3bdd70374a1481737e7dfb6d3b,1
7871,obj:0862b2aa6697cf4c458e48b37df110e0214acc6d280c28e6faaadba4b3ce1543,1
7872,obj:28b3a717f4d5c1c5d3f1cd537dd65d2cac774526528a2ee4c37681e59301e4a6,4
7873,obj:76827cd47c75645b69ce3391ab5482a36ecd4b90971a67f488f17e5ad8bafdbb,0
7874,obj:66d64c1575a3dd5b9e4847dd8345dce40dd7e47fdd426c4e0e295f1ee162989f,1
7875,obj:166ba7642448615f13cbf220df452290ddce0aee714e2a227a414ab964322dec,1
7876,obj:8bfc3697d09d27a3a7e5f865482a5fad553622b551716790e7e8040344f875d1,3
7877,obj:d78f86b4ebcb95417594f5ebd71d4b5c64bc215a93a5d56a92507c798e04b24b,1
7878,obj:5c83acccf968597080b7d1e424bb3953dfc6caf6b244980908beb2d25eb753c1,4
7879,obj:f25be64652f08e6c54bc9210e7b9c1c776fa53a86a394fd48a799818b7eafb63,0
7880,obj:0862b2aa6697cf4c458e48b37df110e0214acc6d280c28e6faaadba4b3ce1543,1
7881,obj:76717d0f0b12b3e42c96401a42613533488fcf4f807424e1d33cc36eac981b1c,4
7882,obj:0862b2aa6697cf4c458e48b37df110e0214acc6d280c28e6faaadba4b3ce1543,1
7883,obj:26e20fd7eed5a95bab845617cdc8269ef38851ab6fcd7607957d429e14b252ec,3
7884,obj:65550a8ff06787c9093bd33522a47c88cdae7a4803919b88575768fc1ac13982,0
7885,obj:406153420f6ff0d0d6275fe7996d2877d3e62f66e44e126cb3c3b45dbc088317,4
7886,obj:6488aebe30e63e9b143d4cba3868dae254874b6327a81b73b66a18b230579780,0
7887,obj:a2d5bb1c231e1947a79ae93d2aa4f36df54ff1af6a969495731437447ff2dbfc,2
7888,obj:a6c88faa6c285ac22c7ee6d5cb818ccbd568cc62b83df86250ff790d829791e5,0
7889,obj:3145caebd104b4a31f717f4514cd5826d28c49add0c1e6ec0db1670bce601ec5,3
7890,obj:6f42c582dd6e7b27eddd6730b11995ca503093dad0f4987c546821d807630805,4
7891,obj:763cd20b279c4eefd991ad750702115360434551943902ad9b2e575d6f3f1f17,1
7892,obj:590297843ee2d5b578df852cc6be0730cdd910a51a83a5bf2b66b81431f53f84,2
7893,obj:84eafe31584031935d142aff402d789b8f8f4d964a0a8da4934a29c57787ac9f,4
7894,obj:eaad3ec91ca03dd80c5a89b853231666bbe3343d0fcd6340f35c45c04d3e81dc,0
7895,obj:712d9c7f92f79e30bcc7d4e6028529015f55cd19cbf202a7065a4341834d719e,4
7896,obj:65e6eef4eb2918f1b7c73042989e5f6c305339b1cc5c1a04782b25b7b6ec00fd,4
7897,obj:12e727ded497751d37a957cacf2c84c135cf65f590fc8bf93202ea4dde469f98,1
7898,obj:6d66e7a062bcf087210b4961619d1478e6cd09f76be55121458b089655edfac2,2
7899,obj:7af798ed2beb2c27d18760f1112044691321995ebe42704db0e399af7e4f2117,2
7900,obj:8fb96bcc1d37eb3fc9c7bef159d2a56310ec09b1c7bd887b56be48352d277814,3
7901,obj:d91da974f4197596a6686f617773fdc59019c1349dd73602698be99d3e51b802,3
7902,obj:64a0c5cab668c12958732684626d4e12529fa36fbe676dde96ef267ac7b88c80,3
7903,obj:7d76a8ac29a79914ddcda4ec2ee22a5902e164b0b8867ec83f62353e4cfc66e1,3
7904,obj:6488aebe30e63e9b143d4cba3868dae254874b6327a81b73b66a18b230579780,0
7905,obj:e43425a101ab6f8bb3df02064f38032e430bf03cf62b6df144911f86876e9535,3
7906,obj:f7dfc46aaa2eb21f90fc395f9e25614eb51704a4c9c53cb84c9ad7102d424078,4
7907,obj:b22c4372143e92409f42ff3ead2742d64582f1d2d1cd83cc7ffe67504405fe4c,4
7908,obj:0a07f1896ade0e2c3ca219526da56c4e090296401aab56f29bcdd16fa9c5c0e3,1
7909,obj:5336c654ce1cf12977949ad83eef49187ef003644d63049e61cae1763c117571,3
7910,obj:0862b2aa6697cf4c458e48b37df110e0214acc6d280c28e6faaadba4b3ce1543,1
7911,obj:894977fcd35201c7e78773060d7f2e200a076da264307a78328b6449bfe1fe25,2
7912,obj:fcc2c20ffb8c3b178bdcf2aeaf277d5664ab63e53490850b171386265b39d1c9,2
7913,obj:d3a8278811dc674a4940c5bdb146b6f27c00ccdbb50d23b65d194c8456796fb5,1
7914,obj:6488aebe30e63e9b143d4cba3868dae254874b6327a81b73b66a18b230579780,0
7915,obj:2cf14aae6f8a94051cc5b786093162a0af4024d21bb76c725f41259e442eb91a,3
7916,obj:c4299f813e04c251c2256ba7e851185d6f5efe915bad855fc06da74bc88a80f8,4
7917,obj:15d734f8b949d283c214aba2798e54f3dee8cc2449a7af070ea2721c2e2eb614,0
7918,obj:466e3fc198c92e1164a446bd42c513a6ff99e17506484fa027611ac9de5462fb,3
7919,obj:bbc4a7785c9d389187a2dabd1f4bbba0a1f8397f0937d559bef4fdd7bba5153f,2
7920,obj:7cd82545b39c0eff91afdfa604793dbcce0245eb5f124a6e5890bd795e5aa1bc,1
7921,obj:9741c4afd644821e42cad55727997b0001621b68506a77a80ad02a24c8619bb9,3
7922,obj:d556753fae78b329444083cb62edc645f8706768a1515881fec2b1bc0bd66ea6,4
7923,obj:cd590cded55d94480e6310dca774e0f0290aa967ef819f828622bf923fc56ff0,4
7924,obj:e1d093141143b614799b20ed86936f4c93034e87b178f9fe46cf72191b7c01c0,4
7925,obj:34c7f48391498258c43d8e1d5039c78a38e45a63f892e3c98b19d66f21c06808,1
7926,obj:eb6ebcb4a467fa631675bc081f39feb01f3860fe37d8fbf44e383f9c13e0cdbf,2
7927,obj:f90f7e21e775b08093260038a6502ea5b7e22cd9b7c24acad76a2c7e1ed4f9d0,3
7928,obj:f7e412a26d4bf99df7076b17caa9ce1e93eec7b6ba1ee9dd52a807032f807bb5,2
7929,obj:5c83acccf968597080b7d1e424bb3953dfc6caf6b244980908beb2d25eb753c1,4
7930,obj:bed3afdc00d99311b46704cd97fc8596cc266555a414291bd0e62621e2a34bc3,0
7931,obj:a10c88a27a34bb28886f29412e09eb6e501c528fb367edcd90893f9c9b5382be,4
7932,obj:34c7f48391498258c43d8e1d5039c78a38e45a63f892e3c98b19d66f21c06808,1
7933,obj:40aedd7d91ed710dd5787f01ff3b9290529cc5fe0ca50aaf4bbadf22b91793f5,0
7934,obj:0cc0257467078723796b6e27f1212cefdbf73a10530b09fe672610979266abfa,3
7935,obj:e1ec3709a3e263cc46f4ebab812dc2bd8355249dddfc7210ed7125d7301c0af8,2
7936,obj:00fec33bd44230aec8a5cc37ddd69d3ff4a9fa8207192597ffcf3cba61e97a0a,3
7937,obj:6f42c582dd6e7b27eddd6730b11995ca503093dad0f4987c546821d807630805,4
7938,obj:ac741486f0e7c87575ab4c2cced85be60f605f7a8ec11265c305d7b9a5959bfc,0
7939,obj:749795238cff5fe475100d4dd3806c6b0167922142a2583181daed00461e5d99,3
7940,obj:0862b2aa6697cf4c458e48b37df110e0214acc6d280c28e6faaadba4b3ce1543,1
7941,obj:67e1d06256dcfd1f806230cdbdbbeecfae13b281553689a47db5b205bc60d571,4
7942,obj:db99973850f1ad3b91836a1a088eb2abbe0121595d95b371726126f108813dfe,2
7943,obj:f2c5e2dbc8fb09acec7af0eb85bf21897efa6bbe87de68da31f582cc6f4ee5bb,3
7944,obj:dcf09987021d668a2fb1afe6349c22173b30956cd1b5c58a9109f79b7fa9ac11,2
7945,obj:91b87ca334087c79c6d4e87b003f67751d20dea3ee777fcb7afba5bb906619fd,0
7946,obj:6488aebe30e63e9b143d4cba3868dae254874b6327a81b73b66a18b230579780,0
7947,obj:7aca1a7ac74f714a0c91843f1258cf372e396148278ae99125b317ae321083ee,3
7948,obj:a2d5bb1c231e1947a79ae93d2aa4f36df54ff1af6a969495731437447ff2dbfc,2
7949,obj:4fa6a3820af707102260ebf9dcc8422981bfbddbbcbce6f00176d524ee163a0b,4
7950,obj:6488aebe30e63e9b143d4cba3868dae254874b6327a81b73b66a18b230579780,0
7951,obj:a2753640e6369d1a347dba803671410d6a6eebbde0df4fef3e58dfebdcce6cf3,4
7952,obj:1f68cb35225b7518189cd4b3aa590344332934b34fe2bd703c6f577cb5dfd8fa,3
7953,obj:34626ad89de84d603f3b298c3e684e4a51ae56eadf8b167964e2d4497f2e56e6,2
7954,obj:bc6827720102352d03916869435de0d38f4109b0adf30fcf9bbb62decfcbf96a,0
7955,obj:bef76cad5361a3359ac9050bdf7c5cee53854424331f662b4b574fa404fa0515,4
7956,obj:bf002e443418c4eaedb4735e113809191bd7cb3b1c0d6b1ab2946741c434566c,4
7957,obj:9f71c1fd8850b0bfe6cf7d1d5fc39981907953ca6c969c555107304eb727c396,0
7958,obj:3922eb4fe458b8c1b26f9a73402394701a16478311254ee33a5038712e011a83,0
7959,obj:19a0c81787c12c502c97448f830474bd913128c588a7e73c25e0a5a16b205c68,1
7960,obj:f475e972da3e5c3298af72bfb1260fb9383678cacd4af454b3d24b7b38171175,4
7961,obj:71c9b63c7589f928dde668a2f52f42ad98beb1b63f0d9c49807e843634b542b9,0
7962,obj:980185a37fa5e954b1a431e54d2d3d65da58b563d51ad91d9bf74f95ed195c00,0
7963,obj:327dbdab56a83001daece5fe35d8f78a4e249d4e7444dec1651d42b0de4ae0f5,1
7964,obj:c11e696f0d6213a35662fae1703493130fdc3a3afec9add1e2d649f014e977c9,1
7965,obj:c839f10d74aa14727f1f129bb9e822d92c5fe34acc3aef4b501f0ae67704b07c,1
7966,obj:f41f8f694efffe7106adb9002b3ef5920f971d34416c529566656d6bbc75a579,4
7967,obj:fbd4530fbaf86f014ed153c99eb316a02fdf26cf754abf4028471d540e7834ed,0
7968,obj:6f42c582dd6e7b27eddd6730b11995ca503093dad0f4987c546821d807630805,4
7969,obj:4e21bf335ca163091cc86db41277a7f8ec1d30eefa268afcc545d0df4f520ae9,0
7970,obj:c04761b95284a61fdb85dedafd136d0f4de40d448e2a0c10170e0c31a3c55ce1,0
7971,obj:e3dcd2e89f2663987860fe985f8492cb6f044371fdc02a211b60fec7eea44686,2
7972,obj:bb891f48a06a07ae05418056ea1dd41bd8ca228f26d1bce4dae0d3bde28ba94b,0
7973,obj:6d66e7a062bcf087210b4961619d1478e6cd09f76be55121458b089655edfac2,2
7974,obj:2c031289adcb0a88c0dc9d5a81858aa3f57b94913b758fd8946b613c7bbda3a4,1
7975,obj:08980e33ee04807b95d6e6e8ed442651bd3b9a5cf597ce4a4fa29bf51587ce48,4
7976,obj:dea95e105fe8d2b1a245c40f3ba64dc93e46de3a8926b93c6ed0ac675e3786fc,3
7977,obj:1b45c5b68b3f5cf152fcf24404f9f19c1968dc7887286720daff04c65f55bfb3,3
7978,obj:e172e6dc44c22c9adb78cd379beb3c0d7c635e6c920ce75666c0d183610e0930,4
7979,obj:a2d5bb1c231e1947a79ae93d2aa4f36df54ff1af6a969495731437447ff2dbfc,2
7980,obj:e0018e30fccd292e672f37111b8016b8f3616196c7d17919696f9eb149a742e5,2
7981,obj:5336c654ce1cf12977949ad83eef49187ef003644d63049e61cae1763c117571,3
7982,obj:9092fea0ed1ffa5ffbbc1bcd4fe3015467de4bb65e045df11afca1a5a923b50a,0
7983,obj:0862b2aa6697cf4c458e48b37df110e0214acc6d280c28e6faaadba4b3ce1543,1
7984,obj:6488aebe30e63e9b143d4cba3868dae254874b6327a81b73b66a18b230579780,0
7985,obj:79e7defd41dc3f5b3a8943c22d845e77e1032b9eafbaa2916fcf133efd4e7e77,1
7986,obj:b6a839105556a5785a5c6f3dda6a72ebc2bd1b009298c9786c78cae922c3e1c9,0
7987,obj:097f986970720b9a9cd77cb09a988daf65da5ef572fa602c2b7d2eb3c509059c,4
7988,obj:fb4ef98a2a469698f320a5288e3b6b45632534c34837edb74769b7cc30bed008,3
7989,obj:af3a11915eff4be86e23fa28a1be1738c62aebf839e95309019ee7bdbd54926c,0
7990,obj:ec24e37899439a269cbaba24f857eab788a1e8abfe394fed62046b331b8ed1a9,4
7991,obj:a7b5edfcf2dc5bc563401106f9702a99d1b65ee815e95485c87eddeb21ec33a1,2
7992,obj:bf82bf1b095db4c44647a0db2fc0922f3aebdb62dc1dc6d044d74175fcefc581,3
7993,obj:e8c9c6d733b8c25fc94f9af77f66787bf68ab907767d8860b7ba171a7df005ee,2
7994,obj:33caf8819dccb4b0ced9aa012219e1cf4e8617dcdf6de4d9d3f5dc344f654699,4
7995,obj:6f42c582dd6e7b27eddd6730b11995ca503093dad0f4987c546821d807630805,4
7996,obj:34bfa7eb5edd7982c03f3b90ac014126ca24971850ad61af20e3bf7fc0b1c359,0
7997,obj:5c83acccf968597080b7d1e424bb3953dfc6caf6b244980908beb2d25eb753c1,4
7998,obj:97f0f6ab1cc802c5729dad681328513cacb64bd81421985ac574e7adf93681eb,2
7999,obj:0cdcc6e1ab4f53f70d904df6017d2bf8d0b546a7e0110675888cecd7838471aa,4
8000,obj:919aa22b9e623f3ff86057739a6e10113ee87d9b8bed693300035b0993858810,2
8001,obj:919aa22b9e623f3ff86057739a6e10113ee87d9b8bed693300035b0993858810,2
8002,obj:6f42c582dd6e7b27eddd6730b11995ca503093dad0f4987c546821d807630805,4
8003,obj:6f42c582dd6e7b27eddd6730b11995ca503093dad0f4987c546821d807630805,4
8004,obj:e43425a101ab6f8bb3df02064f38032e430bf03cf62b6df144911f86876e9535,3
8005,obj:e43425a101ab6f8bb3df02064f38032e430bf03cf62b6df144911f86876e9535,3
8006,obj:fe4a38829530f26165f72c66989dda82aa6d5ab79b6ed22c27c6abcdd0e6d0b9,4
8007,obj:fe4a38829530f26165f72c66989dda82aa6d5ab79b6ed22c27c6abcdd0e6d0b9,4
8008,obj:f573491394c26568eaab343c3ac83723e28c13f3273394939683173dc1b3173f,0
8009,obj:f573491394c26568eaab343c3ac83723e28c13f3273394939683173dc1b3173f,0
8010,obj:1a8c8ceb745beb08557f41bcd7c74321e3c969ada6113146a0fd4fc83cc2def3,2
8011,obj:1a8c8ceb745beb08557f41bcd7c74321e3c969ada6113146a0fd4fc83cc2def3,2
8012,obj:0862b2aa6697cf4c458e48b37df110e0214acc6d280c28e6faaadba4b3ce1543,1
8013,obj:0862b2aa6697cf4c458e48b37df110e0214acc6d280c28e6faaadba4b3ce1543,1
8014,obj:01c1e6dbb4ff5ff0c726b473ea51830862c9d9a1f739df6e59f1731f2427280f,2
8015,obj:01c1e6dbb4ff5ff0c726b473ea51830862c9d9a1f739df6e59f1731f2427280f,2
8016,obj:cefbb2e7ddbd5f3a81366fe1d3326cfdc7ca7947d2259a3d670688537ddd4a8f,3
8017,obj:cefbb2e7ddbd5f3a81366fe1d3326cfdc7ca7947d2259a3d670688537ddd4a8f,3
8018,obj:8f9d7d85ca51d82996a0fd0c55f98e52660a61b25261b533cf20f84ddd1c72b5,1
8019,obj:8f9d7d85ca51d82996a0fd0c55f98e52660a61b25261b533cf20f84ddd1c72b5,1
8020,obj:d6a7db905403b0620bf5c6343015b5de7df9af636f6c76188712ef30b8c9f62f,4
8021,obj:d6a7db905403b0620bf5c6343015b5de7df9af636f6c76188712ef30b8c9f62f,4
8022,obj:a9bb9f17401c32ceaf049ff3ecff485b199ba66be9c8c09dd0b0500fd0871217,2
8023,obj:a9bb9f17401c32ceaf049ff3ecff485b199ba66be9c8c09dd0b0500fd0871217,2
8024,obj:79397538155dfca0b813e0fbea4c4459bf58e4e86d3aaf4b8934028f07b4a7b1,0
8025,obj:79397538155dfca0b813e0fbea4c4459bf58e4e86d3aaf4b8934028f07b4a7b1,0
8026,obj:467ed4dc5d7cffc486e70d85145bdd0a7decdcbaf527f8cf038b90e0d8a5ea62,4
8027,obj:467ed4dc5d7cffc486e70d85145bdd0a7decdcbaf527f8cf038b90e0d8a5ea62,4
8028,obj:9092fea0ed1ffa5ffbbc1bcd4fe3015467de4bb65e045df11afca1a5a923b50a,0
8029,obj:9092fea0ed1ffa5ffbbc1bcd4fe3015467de4bb65e045df11afca1a5a923b50a,0
8030,obj:932d28b14da7dbb7ca0c050383db3726630ec3dd764a20a57ed84e23dee033bb,0
8031,obj:932d28b14da7dbb7ca0c050383db3726630ec3dd764a20a57ed84e23dee033bb,0
8032,obj:b3f11b1b8cb8b81731118f3dce3095415e0f2ef1a2b62c59bf47e757f58a1a53,1
8033,obj:b3f11b1b8cb8b81731118f3dce3095415e0f2ef1a2b62c59bf47e757f58a1a53,1
8034,obj:0d5a1fbdf0306d6d2efb4d6540c5b503872e68f742171158d449bca782898046,3
8035,obj:0d5a1fbdf0306d6d2efb4d6540c5b503872e68f742171158d449bca782898046,3
8036,obj:0449093a43546338714fbf0c7067bd88b1f34025b946d5ffff0e94c1855d71d6,0
8037,obj:0449093a43546338714fbf0c7067bd88b1f34025b946d5ffff0e94c1855d71d6,0
8038,obj:ccf44e16517ec071eb772530ca1790933c43b31c483a481c51f50e6238e1b2a0,0
8039,obj:ccf44e16517ec071eb772530ca1790933c43b31c483a481c51f50e6238e1b2a0,0
8040,obj:0449093a43546338714fbf0c7067bd88b1f34025b946d5ffff0e94c1855d71d6,0
8041,obj:0449093a43546338714fbf0c7067bd88b1f34025b946d5ffff0e94c1855d71d6,0
8042,obj:cb8284e543b5b73068b3974fc8f2bdb32a2a448e8108415eb1e8abea563ee724,2
8043,obj:cb8284e543b5b73068b3974fc8f2bdb32a2a448e8108415eb1e8abea563ee724,2
8044,obj:531863ccf1a720157439beaa082a078b49228db1dd4fabf2dbcade6f550b2017,1
8045,obj:531863ccf1a720157439beaa082a078b49228db1dd4fabf2dbcade6f550b2017,1
8046,obj:0862b2aa6697cf4c458e48b37df110e0214acc6d280c28e6faaadba4b3ce1543,1
8047,obj:0862b2aa6697cf4c458e48b37df110e0214acc6d280c28e6faaadba4b3ce1543,1
8048,obj:2f3f5438a56c72aee42a8cd9b66557dc70e099254db6632d34a307c48a4c4ba8,3
8049,obj:2f3f5438a56c72aee42a8cd9b66557dc70e099254db6632d34a307c48a4c4ba8,3
8050,obj:1410ce0c3bc5fee887f03ed8bece80fa6552c44d6cd864b1e5bb7bef534f2734,0
8051,obj:1410ce0c3bc5fee887f03ed8bece80fa6552c44d6cd864b1e5bb7bef534f2734,0
8052,obj:98cf30c849d03dcfadb79f0976694bf8de666739f02d4232fbf746a91b62facc,0
8053,obj:98cf30c849d03dcfadb79f0976694bf8de666739f02d4232fbf746a91b62facc,0
8054,obj:ec24e37899439a269cbaba24f857eab788a1e8abfe394fed62046b331b8ed1a9,4
8055,obj:ec24e37899439a269cbaba24f857eab788a1e8abfe394fed62046b331b8ed1a9,4
8056,obj:84eafe31584031935d142aff402d789b8f8f4d964a0a8da4934a29c57787ac9f,4
8057,obj:84eafe31584031935d142aff402d789b8f8f4d964a0a8da4934a29c57787ac9f,4
8058,obj:757494096edb2b520f2d91bd130715c6fca02251ba4fa0bdc523d7ac1b092391,3
8059,obj:757494096edb2b520f2d91bd130715c6fca02251ba4fa0bdc523d7ac1b092391,3
8060,obj:65550a8ff06787c9093bd33522a47c88cdae7a4803919b88575768fc1ac13982,0
8061,obj:65550a8ff06787c9093bd33522a47c88cdae7a4803919b88575768fc1ac13982,0
8062,obj:a194713cc896217a1a67a23ac40e0acb92908a4f967344763a3c058864e0fc09,0
8063,obj:a194713cc896217a1a67a23ac40e0acb92908a4f967344763a3c058864e0fc09,0
8064,obj:5844f78117a84ba1ef8374ea422526bf2aaeec18669a51aa678adbe4edce7092,1
8065,obj:5844f78117a84ba1ef8374ea422526bf2aaeec18669a51aa678adbe4edce7092,1
8066,obj:a5024b8312869646fd7f7d49edca7f47d8b0bff9dfe7200660eb19ee3c16dae8,2
8067,obj:a5024b8312869646fd7f7d49edca7f47d8b0bff9dfe7200660eb19ee3c16dae8,2
8068,obj:91b87ca334087c79c6d4e87b003f67751d20dea3ee777fcb7afba5bb906619fd,0
8069,obj:91b87ca334087c79c6d4e87b003f67751d20dea3ee777fcb7afba5bb906619fd,0
8070,obj:245f8fe1c1b26204d082397b37f4fb3cd1c318602762c19cce5b2283c52b6ce1,0
8071,obj:245f8fe1c1b26204d082397b37f4fb3cd1c318602762c19cce5b2283c52b6ce1,0
8072,obj:d4a1470e7e57a262daef20ad2f378d934ef6af5c63a7949e8a983da712c1d5c2,4
8073,obj:d4a1470e7e57a262daef20ad2f378d934ef6af5c63a7949e8a983da712c1d5c2,4
8074,obj:a2ab267874106a40885707ceddae05f1feec30888f39d8751628c6fdfebf8b1b,1
8075,obj:a2ab267874106a40885707ceddae05f1feec30888f39d8751628c6fdfebf8b1b,1
8076,obj:ff053c1f0485ffa4c7c06f1bf3e620ab5a6bdaf8bee269558003b5958ee0bc6b,1
8077,obj:ff053c1f0485ffa4c7c06f1bf3e620ab5a6bdaf8bee269558003b5958ee0bc6b,1
8078,obj:f573491394c26568eaab343c3ac83723e28c13f3273394939683173dc1b3173f,0
8079,obj:f573491394c26568eaab343c3ac83723e28c13f3273394939683173dc1b3173f,0
8080,obj:3c275c4521586f78b1e0150d5e0c95f052ddca1f7c5c819cd30d7cd79cc81a9b,1
8081,obj:3c275c4521586f78b1e0150d5e0c95f052ddca1f7c5c819cd30d7cd79cc81a9b,1
8082,obj:13e203fd7ea53bae5771bf9cb581dbe9dcd86cdf2330e915c6a5648adea66e9a,0
8083,obj:13e203fd7ea53bae5771bf9cb581dbe9dcd86cdf2330e915c6a5648adea66e9a,0
8084,obj:eccf608ab1311c270972b2bde1b11074b67e485d7b362f2b1b5dd693acc6a8d1,4
8085,obj:eccf608ab1311c270972b2bde1b11074b67e485d7b362f2b1b5dd693acc6a8d1,4
8086,obj:558c517069e6b1447edc0a86845067f002962b9c9c0828ca69f7b839f53c40ca,2
8087,obj:558c517069e6b1447edc0a86845067f002962b9c9c0828ca69f7b839f53c40ca,2
8088,obj:5d2727ebaab86cbc51eece674fc47a1aa712fc9978a1fcdb97a7a40872d26837,4
8089,obj:5d2727ebaab86cbc51eece674fc47a1aa712fc9978a1fcdb97a7a40872d26837,4
8090,obj:d0d1911ff5d86d30d7e09d258c71acf4f0715e8ddc121368839627460a5d8920,0
8091,obj:d0d1911ff5d86d30d7e09d258c71acf4f0715e8ddc121368839627460a5d8920,0
8092,obj:2da5610b222f2b5fbfc6168fa773fe4818386d387f99b953a47289f43872b72d,2
8093,obj:2da5610b222f2b5fbfc6168fa773fe4818386d387f99b953a47289f43872b72d,2
8094,obj:bb16ffc8c6957b9e2aa8ad1854ae47f88abada3f8eb7d7d8e1fe2d5b639991b0,1
8095,obj:bb16ffc8c6957b9e2aa8ad1854ae47f88abada3f8eb7d7d8e1fe2d5b639991b0,1
8096,obj:a3ac430f69e5e3b491e85802c2e8b548395f8ff8dbb939f89950e0938ef3c870,4
8097,obj:a3ac430f69e5e3b491e85802c2e8b548395f8ff8dbb939f89950e0938ef3c870,4
8098,obj:098c047bab7e95b51dc0c58cacf1e2c3e1477b4fb0ed334c90c4ecc444ec477d,4
8099,obj:098c047bab7e95b51dc0c58cacf1e2c3e1477b4fb0ed334c90c4ecc444ec477d,4
8100,obj:43e3df387efbd1975f029a2164acfc508260e8b1ef887a15ccaadbfcc5bfc003,1
8101,obj:43e3df387efbd1975f029a2164acfc508260e8b1ef887a15ccaadbfcc5bfc003,1
8102,obj:abf99b43746bafa82f0bc698000dec3c1ce8a24928f24fbe639fed8197e9900b,2
8103,obj:abf99b43746bafa82f0bc698000dec3c1ce8a24928f24fbe639fed8197e9900b,2
8104,obj:0a07f1896ade0e2c3ca219526da56c4e090296401aab56f29bcdd16fa9c5c0e3,1
8105,obj:0a07f1896ade0e2c3ca219526da56c4e090296401aab56f29bcdd16fa9c5c0e3,1
8106,obj:afdc8d9949897a8fff3ff422d3b6e39e9631f3349b50f4bce44d7ccf7721cf9f,1
8107,obj:afdc8d9949897a8fff3ff422d3b6e39e9631f3349b50f4bce44d7ccf7721cf9f,1
8108,obj:23cb261fe8145607ff274faedb2a4e8698c62f4d7251b7083f5ac8e9a1e6f873,1
8109,obj:23cb261fe8145607ff274faedb2a4e8698c62f4d7251b7083f5ac8e9a1e6f873,1
8110,obj:ea2a4af2d1429f35478b1f390047c395025a69ee6334ad24999936761562f360,0
8111,obj:ea2a4af2d1429f35478b1f390047c395025a69ee6334ad24999936761562f360,0
8112,obj:327dbdab56a83001daece5fe35d8f78a4e249d4e7444dec1651d42b0de4ae0f5,1
8113,obj:327dbdab56a83001daece5fe35d8f78a4e249d4e7444dec1651d42b0de4ae0f5,1
8114,obj:52e9df07835e1a233767078d3af3f2465112755dc31d63e98ca50008ee397b05,3
8115,obj:52e9df07835e1a233767078d3af3f2465112755dc31d63e98ca50008ee397b05,3
8116,obj:5c83acccf968597080b7d1e424bb3953dfc6caf6b244980908beb2d25eb753c1,4
8117,obj:5c83acccf968597080b7d1e424bb3953dfc6caf6b244980908beb2d25eb753c1,4
8118,obj:56bf287a2d154b7ce49345757eff726fa1d72f8344c2114094bbf27369f0611b,0
8119,obj:56bf287a2d154b7ce49345757eff726fa1d72f8344c2114094bbf27369f0611b,0
8120,obj:46d211cf79647a0e1fee960bfe9c0c0d252aa1c629c390ff84673d4145c94839,2
8121,obj:46d211cf79647a0e1fee960bfe9c0c0d252aa1c629c390ff84673d4145c94839,2
8122,obj:b4a9e5a5d3d453d9a2d86d6f2676fbc363381514b40bc43c95db5428dc3d749f,2
8123,obj:b4a9e5a5d3d453d9a2d86d6f2676fbc363381514b40bc43c95db5428dc3d749f,2
8124,obj:2555e4e4aa1f2f5ea33327eff2ff3ba6d5e0b04fc41cf6f648b1b53cf71c05b2,3
8125,obj:2555e4e4aa1f2f5ea33327eff2ff3ba6d5e0b04fc41cf6f648b1b53cf71c05b2,3
8126,obj:9c4f6b0d860504a11b0c5bef3ba65b459c48655d6daa1e216dfe80df7e335aec,0
8127,obj:9c4f6b0d860504a11b0c5bef3ba65b459c48655d6daa1e216dfe80df7e335aec,0
8128,obj:c839f10d74aa14727f1f129bb9e822d92c5fe34acc3aef4b501f0ae67704b07c,1
8129,obj:c839f10d74aa14727f1f129bb9e822d92c5fe34acc3aef4b501f0ae67704b07c,1
8130,obj:72eb3ea0c1dbd994549423ef68df0657c8e666b4cfc4364e9d866a99e83712f4,0
8131,obj:72eb3ea0c1dbd994549423ef68df0657c8e666b4cfc4364e9d866a99e83712f4,0
8132,obj:1c76d80be72fad2f9f8e0b4108da7963157dcd8d67bc9724871d220ee35d4fb3,3
8133,obj:1c76d80be72fad2f9f8e0b4108da7963157dcd8d67bc9724871d220ee35d4fb3,3
8134,obj:84eafe31584031935d142aff402d789b8f8f4d964a0a8da4934a29c57787ac9f,4
8135,obj:84eafe31584031935d142aff402d789b8f8f4d964a0a8da4934a29c57787ac9f,4
8136,obj:5a2923515dc149b363e8729d18adc6bbb18718c496d97c5a8a32fb12e575ed95,0
8137,obj:5a2923515dc149b363e8729d18adc6bbb18718c496d97c5a8a32fb12e575ed95,0
8138,obj:0862b2aa6697cf4c458e48b37df110e0214acc6d280c28e6faaadba4b3ce1543,1
8139,obj:0862b2aa6697cf4c458e48b37df110e0214acc6d280c28e6faaadba4b3ce1543,1
8140,obj:d5cbcb79c62df6e99c74f8aa99ab0732a971597c237a83d33a228bf8d910d3c5,0
8141,obj:d5cbcb79c62df6e99c74f8aa99ab0732a971597c237a83d33a228bf8d910d3c5,0
8142,obj:9741c4afd644821e42cad55727997b0001621b68506a77a80ad02a24c8619bb9,3
8143,obj:9741c4afd644821e42cad55727997b0001621b68506a77a80ad02a24c8619bb9,3
8144,obj:d6a7db905403b0620bf5c6343015b5de7df9af636f6c76188712ef30b8c9f62f,4
8145,obj:d6a7db905403b0620bf5c6343015b5de7df9af636f6c76188712ef30b8c9f62f,4
8146,obj:2053a67a0c353db7da60df6b9cabf165f5753848e668a3d3d8db5b8d93853ab1,0
8147,obj:2053a67a0c353db7da60df6b9cabf165f5753848e668a3d3d8db5b8d93853ab1,0
8148,obj:1f71ff850fb19d301a606393aae143168377922aac1aafde0908bb1412c26740,2
8149,obj:1f71ff850fb19d301a606393aae143168377922aac1aafde0908bb1412c26740,2
8150,obj:467ed4dc5d7cffc486e70d85145bdd0a7decdcbaf527f8cf038b90e0d8a5ea62,4
8151,obj:467ed4dc5d7cffc486e70d85145bdd0a7decdcbaf527f8cf038b90e0d8a5ea62,4
8152,obj:327dbdab56a83001daece5fe35d8f78a4e249d4e7444dec1651d42b0de4ae0f5,1
8153,obj:327dbdab56a83001daece5fe35d8f78a4e249d4e7444dec1651d42b0de4ae0f5,1
8154,obj:9e43b7a5dcee6987fdae8af6ff48e9ac2286a1ad31fa593551de24450e991bc7,0
8155,obj:9e43b7a5dcee6987fdae8af6ff48e9ac2286a1ad31fa593551de24450e991bc7,0
8156,obj:96fb6190fad520a8cfdf5d3a33eb3bb3242a4c195c00bbe973c9af4378a86139,1
8157,obj:96fb6190fad520a8cfdf5d3a33eb3bb3242a4c195c00bbe973c9af4378a86139,1
8158,obj:8cd5be41a30f19700f44fcdd88eeca4ca2311973ac73494b013d84b7b36390c0,1
8159,obj:8cd5be41a30f19700f44fcdd88eeca4ca2311973ac73494b013d84b7b36390c0,1
8160,obj:db32c5e7a0131480487213adb8afead624c8c6a2a57736a4ac65556da0ac7112,4
8161,obj:db32c5e7a0131480487213adb8afead624c8c6a2a57736a4ac65556da0ac7112,4
8162,obj:83a15781f07fddf79660d8f2f7fdf591b7b616cb5111a7aa72e69d4d32d10dcf,4
8163,obj:83a15781f07fddf79660d8f2f7fdf591b7b616cb5111a7aa72e69d4d32d10dcf,4
8164,obj:e9878c4308d43a4bcab4c0b595df3d51b5b7e300600abbd46d0ec2a67a6e0406,1
8165,obj:e9878c4308d43a4bcab4c0b595df3d51b5b7e300600abbd46d0ec2a67a6e0406,1
8166,obj:8dd9e678afd0555b015e891604dea2c4694bc7364d1a471b017c931635b3fb87,1
8167,obj:8dd9e678afd0555b015e891604dea2c4694bc7364d1a471b017c931635b3fb87,1
8168,obj:69660c37e7147392d06862de07661a956a6b3ced19241b8cfe044467cb57d4d0,4
8169,obj:69660c37e7147392d06862de07661a956a6b3ced19241b8cfe044467cb57d4d0,4
8170,obj:a1cdc7932545ff75a866ffde92c5b40a7108e2555c67fe2cecbc6212b6382c9a,3
8171,obj:a1cdc7932545ff75a866ffde92c5b40a7108e2555c67fe2cecbc6212b6382c9a,3
8172,obj:0862b2aa6697cf4c458e48b37df110e0214acc6d280c28e6faaadba4b3ce1543,1
8173,obj:0862b2aa6697cf4c458e48b37df110e0214acc6d280c28e6faaadba4b3ce1543,1
8174,obj:c25389ea4ad1df417713503934c0b34d42635bc72219149133702b3e24e9426f,3
8175,obj:c25389ea4ad1df417713503934c0b34d42635bc72219149133702b3e24e9426f,3
8176,obj:260cc043245eb04a649b1c03bab4b527a4f1674d735ebfdb9ea033cb57aed6fb,2
8177,obj:260cc043245eb04a649b1c03bab4b527a4f1674d735ebfdb9ea033cb57aed6fb,2
8178,obj:eccf608ab1311c270972b2bde1b11074b67e485d7b362f2b1b5dd693acc6a8d1,4
8179,obj:eccf608ab1311c270972b2bde1b11074b67e485d7b362f2b1b5dd693acc6a8d1,4
8180,obj:fbe4b05b367fe1afc7c33900c86f23fd1a1a4f25a54bf3c7ff04c8065152a7af,4
8181,obj:fbe4b05b367fe1afc7c33900c86f23fd1a1a4f25a54bf3c7ff04c8065152a7af,4
8182,obj:66f6a337acab0a3e7f75cad1006f08252420db043f864125838e1f34bbe5aba9,2
8183,obj:66f6a337acab0a3e7f75cad1006f08252420db043f864125838e1f34bbe5aba9,2
8184,obj:bc8f89137cf9cb2be8e0d5feb99d5aadf5f6ead4e01cdc52f73e512881418c6a,0
8185,obj:bc8f89137cf9cb2be8e0d5feb99d5aadf5f6ead4e01cdc52f73e512881418c6a,0
8186,obj:894977fcd35201c7e78773060d7f2e200a076da264307a78328b6449bfe1fe25,2
8187,obj:894977fcd35201c7e78773060d7f2e200a076da264307a78328b6449bfe1fe25,2
8188,obj:e5cdc153985380b27b9a2a8045a88d851c7f51925e746f30b095c5571d2fa451,1
8189,obj:e5cdc153985380b27b9a2a8045a88d851c7f51925e746f30b095c5571d2fa451,1
8190,obj:e9be7d36de8f1f50fc4382d5e7bb71920cb104c25bb18bf20e697c5a408a0b84,2
8191,obj:e9be7d36de8f1f50fc4382d5e7bb71920cb104c25bb18bf20e697c5a408a0b84,2
8192,obj:fafb50bcaf635db18b6b53500aecc085f01b2967554b930edc1882a15a1f333f,2
8193,obj:fafb50bcaf635db18b6b53500aecc085f01b2967554b930edc1882a15a1f333f,2
8194,obj:a2b72c121ea6f188f1efab2012f5d74672a835b100d7bb908e936caa96a57c49,3
8195,obj:a2b72c121ea6f188f1efab2012f5d74672a835b100d7bb908e936caa96a57c49,3
8196,obj:296e8e1452c5ff9d3931084390dcf9d4c8bdd956c7f03effa10eec906f76b9ba,0
8197,obj:296e8e1452c5ff9d3931084390dcf9d4c8bdd956c7f03effa10eec906f76b9ba,0
8198,obj:cf31881f786ded1999c83b2ee637ff5a7adf0b3f5b9c896035f01726609e9ef1,3
8199,obj:cf31881f786ded1999c83b2ee637ff5a7adf0b3f5b9c896035f01726609e9ef1,3
8200,obj:bed3afdc00d99311b46704cd97fc8596cc266555a414291bd0e62621e2a34bc3,0
8201,obj:bed3afdc00d99311b46704cd97fc8596cc266555a414291bd0e62621e2a34bc3,0
8202,obj:04c79c7c415b86e5017fefcc9ab075b146c0365a06490125db71fec0b696c6e1,0
8203,obj:04c79c7c415b86e5017fefcc9ab075b146c0365a06490125db71fec0b696c6e1,0
8204,obj:21610ea2ece68a37588d50b6e3b67cff3134e5ceea3fa61c2068f80db62b4b70,0
8205,obj:21610ea2ece68a37588d50b6e3b67cff3134e5ceea3fa61c2068f80db62b4b70,0
8206,obj:f9bba289c851e77ce64b27b7a17cd8a2346e3e54c65b5746f237090f17cf7d90,4
8207,obj:f9bba289c851e77ce64b27b7a17cd8a2346e3e54c65b5746f237090f17cf7d90,4
8208,obj:8948fb3613276b4fa86fc211bb432960e0eb25f113d409a0af8d6967905bba13,0
8209,obj:8948fb3613276b4fa86fc211bb432960e0eb25f113d409a0af8d6967905bba13,0
8210,obj:0a07f1896ade0e2c3ca219526da56c4e090296401aab56f29bcdd16fa9c5c0e3,1
8211,obj:0a07f1896ade0e2c3ca219526da56c4e090296401aab56f29bcdd16fa9c5c0e3,1
8212,obj:34412624ee154ab87e337844cd36ee98e681770e2cfccf77f4ade43e883e370a,0
8213,obj:34412624ee154ab87e337844cd36ee98e681770e2cfccf77f4ade43e883e370a,0
8214,obj:0ef87208148fea0c92879f08ed22c790b3a6dbf62c002422b1aa6348623676a4,0
8215,obj:0ef87208148fea0c92879f08ed22c790b3a6dbf62c002422b1aa6348623676a4,0
8216,obj:afdc8d9949897a8fff3ff422d3b6e39e9631f3349b50f4bce44d7ccf7721cf9f,1
8217,obj:afdc8d9949897a8fff3ff422d3b6e39e9631f3349b50f4bce44d7ccf7721cf9f,1
8218,obj:14232e3ed027da037b75167f43dab2daa945aab669b6c361ea3f1302de2eba4b,0
8219,obj:14232e3ed027da037b75167f43dab2daa945aab669b6c361ea3f1302de2eba4b,0
8220,obj:ec24e37899439a269cbaba24f857eab788a1e8abfe394fed62046b331b8ed1a9,4
8221,obj:ec24e37899439a269cbaba24f857eab788a1e8abfe394fed62046b331b8ed1a9,4
8222,obj:13d033cb39f0de1d72e96a29fff6f6c87326d2ec31f912b1af8ea2a6d99a92f2,0
8223,obj:13d033cb39f0de1d72e96a29fff6f6c87326d2ec31f912b1af8ea2a6d99a92f2,0
8224,obj:eaad3ec91ca03dd80c5a89b853231666bbe3343d0fcd6340f35c45c04d3e81dc,0
8225,obj:eaad3ec91ca03dd80c5a89b853231666bbe3343d0fcd6340f35c45c04d3e81dc,0
8226,obj:e419705611ce8479f134191c32eda27e7770205909ec232e93e1e2dd2cace88b,1
8227,obj:e419705611ce8479f134191c32eda27e7770205909ec232e93e1e2dd2cace88b,1
8228,obj:f555241b6794769bb8f550b4c9850e5e2b01ec06699646686b6e49c3e15b2932,0
8229,obj:f555241b6794769bb8f550b4c9850e5e2b01ec06699646686b6e49c3e15b2932,0
8230,obj:146cb6117b93604dd4b1bf7ca9a4d5248974325f279a87764fdeea4e870721b6,1
8231,obj:146cb6117b93604dd4b1bf7ca9a4d5248974325f279a87764fdeea4e870721b6,1
8232,obj:8bc151b36b82dd5d550517f9b39f21060936d57b104b21f7b87452e49e3e3bfe,3
8233,obj:8bc151b36b82dd5d550517f9b39f21060936d57b104b21f7b87452e49e3e3bfe,3
8234,obj:0449093a43546338714fbf0c7067bd88b1f34025b946d5ffff0e94c1855d71d6,0
8235,obj:0449093a43546338714fbf0c7067bd88b1f34025b946d5ffff0e94c1855d71d6,0
8236,obj:0862b2aa6697cf4c458e48b37df110e0214acc6d280c28e6faaadba4b3ce1543,1
8237,obj:0862b2aa6697cf4c458e48b37df110e0214acc6d280c28e6faaadba4b3ce1543,1
8238,obj:f0517901c69968550318ee0dc055dfca76d79c2820cf0cb4945aa719a5f35278,3
8239,obj:f0517901c69968550318ee0dc055dfca76d79c2820cf0cb4945aa719a5f35278,3
8240,obj:c57c6bef896e05cb88a57c3bb773781f7228265c16598bd9171f5c47c3e4bb45,4
8241,obj:c57c6bef896e05cb88a57c3bb773781f7228265c16598bd9171f5c47c3e4bb45,4
8242,obj:e1ef84b753b136891901095813e4a5230e54e39f7994f099129e9b8447b24544,0
8243,obj:e1ef84b753b136891901095813e4a5230e54e39f7994f099129e9b8447b24544,0
8244,obj:853e31aae9ccbd809a3f5dfc69c63d9d87feee6906381b55e2ed1687040d5b52,4
8245,obj:853e31aae9ccbd809a3f5dfc69c63d9d87feee6906381b55e2ed1687040d5b52,4
8246,obj:0bea36dfe869410e0a45d68171a865a602297d5aae75cab85e2342119017bcae,1
8247,obj:0bea36dfe869410e0a45d68171a865a602297d5aae75cab85e2342119017bcae,1
8248,obj:67124acbd9400365a07cbe256fb8180d92d7e2f2befb5181cc54a4e58383717b,4
8249,obj:67124acbd9400365a07cbe256fb8180d92d7e2f2befb5181cc54a4e58383717b,4
8250,obj:f4418447682eab7de906e0b6421de0bc7a60632d7a66d46bd8faa1baeb2dc6ac,4
8251,obj:f4418447682eab7de906e0b6421de0bc7a60632d7a66d46bd8faa1baeb2dc6ac,4
8252,obj:a1cdc7932545ff75a866ffde92c5b40a7108e2555c67fe2cecbc6212b6382c9a,3
8253,obj:a1cdc7932545ff75a866ffde92c5b40a7108e2555c67fe2cecbc6212b6382c9a,3
8254,obj:6f42c582dd6e7b27eddd6730b11995ca503093dad0f4987c546821d807630805,4
8255,obj:6f42c582dd6e7b27eddd6730b11995ca503093dad0f4987c546821d807630805,4
8256,obj:79397538155dfca0b813e0fbea4c4459bf58e4e86d3aaf4b8934028f07b4a7b1,0
8257,obj:79397538155dfca0b813e0fbea4c4459bf58e4e86d3aaf4b8934028f07b4a7b1,0
8258,obj:177f406188d4de4f1832fe61ef52b60b37c3b8f9140ad82a3eb7d7399ee8a588,2
8259,obj:177f406188d4de4f1832fe61ef52b60b37c3b8f9140ad82a3eb7d7399ee8a588,2
8260,obj:67e1d06256dcfd1f806230cdbdbbeecfae13b281553689a47db5b205bc60d571,4
8261,obj:67e1d06256dcfd1f806230cdbdbbeecfae13b281553689a47db5b205bc60d571,4
8262,obj:c52266768022308f095e750ee74fe380da20c2d5f4525e5b4ce4aeb6c019ecdb,4
8263,obj:c52266768022308f095e750ee74fe380da20c2d5f4525e5b4ce4aeb6c019ecdb,4
8264,obj:a2d5bb1c231e1947a79ae93d2aa4f36df54ff1af6a969495731437447ff2dbfc,2
8265,obj:a2d5bb1c231e1947a79ae93d2aa4f36df54ff1af6a969495731437447ff2dbfc,2
8266,obj:6488aebe30e63e9b143d4cba3868dae254874b6327a81b73b66a18b230579780,0
8267,obj:6488aebe30e63e9b143d4cba3868dae254874b6327a81b73b66a18b230579780,0
8268,obj:b22b996fa01bce2e127a937b594a2adc4d0af05c7cf0337acd87a109d5b1548d,4
8269,obj:b22b996fa01bce2e127a937b594a2adc4d0af05c7cf0337acd87a109d5b1548d,4
8270,obj:de1121917431fb3e0c56d552d4a42ca4dc1ab3afd1519595381b17528b9a2224,3
8271,obj:de1121917431fb3e0c56d552d4a42ca4dc1ab3afd1519595381b17528b9a2224,3
8272,obj:aa1258c0a6af6f98c4cd7d8ac87e19b9c69a242aba7dcbbd99c1a6b48cb27073,3
8273,obj:aa1258c0a6af6f98c4cd7d8ac87e19b9c69a242aba7dcbbd99c1a6b48cb27073,3
8274,obj:e1063a6f23ab7aa8dd5f85c2f84df26d0895544647536155f2b5eb6632b82296,2
8275,obj:e1063a6f23ab7aa8dd5f85c2f84df26d0895544647536155f2b5eb6632b82296,2
8276,obj:c32a6c8b752fde2930450bd48cf9ea94173f95685c62912a5bf6b890bc9132f1,0
8277,obj:c32a6c8b752fde2930450bd48cf9ea94173f95685c62912a5bf6b890bc9132f1,0
8278,obj:eadcde34ac4bda032dce6ec4d70c46eb49a677e92b619fadfb324115c394a070,2
8279,obj:eadcde34ac4bda032dce6ec4d70c46eb49a677e92b619fadfb324115c394a070,2
8280,obj:cdfc3f951d70734458cbdf989f49f04d5afd9ac7273eb5d98a748a136f27f245,3
8281,obj:cdfc3f951d70734458cbdf989f49f04d5afd9ac7273eb5d98a748a136f27f245,3
8282,obj:6fedf079eb6cbd9c4f9d58b4e040e8a1c8d7b6e16d82f77392fda0941ea1f5fb,2
8283,obj:6fedf079eb6cbd9c4f9d58b4e040e8a1c8d7b6e16d82f77392fda0941ea1f5fb,2
8284,obj:1c76d80be72fad2f9f8e0b4108da7963157dcd8d67bc9724871d220ee35d4fb3,3
8285,obj:1c76d80be72fad2f9f8e0b4108da7963157dcd8d67bc9724871d220ee35d4fb3,3
8286,obj:327dbdab56a83001daece5fe35d8f78a4e249d4e7444dec1651d42b0de4ae0f5,1
8287,obj:327dbdab56a83001daece5fe35d8f78a4e249d4e7444dec1651d42b0de4ae0f5,1
8288,obj:19a0c81787c12c502c97448f830474bd913128c588a7e73c25e0a5a16b205c68,1
8289,obj:19a0c81787c12c502c97448f830474bd913128c588a7e73c25e0a5a16b205c68,1
8290,obj:a546ffc670fefe1134bb54420bcbd7475435f0091590916c4f48ae44f2ec87ef,1
8291,obj:a546ffc670fefe1134bb54420bcbd7475435f0091590916c4f48ae44f2ec87ef,1
8292,obj:2f444e8c2046aa84cacf0f36b4df4cffaa445fc6e830fc30cb344c7ee505dc5f,3
8293,obj:2f444e8c2046aa84cacf0f36b4df4cffaa445fc6e830fc30cb344c7ee505dc5f,3
8294,obj:5c83acccf968597080b7d1e424bb3953dfc6caf6b244980908beb2d25eb753c1,4
8295,obj:5c83acccf968597080b7d1e424bb3953dfc6caf6b244980908beb2d25eb753c1,4
8296,obj:ac741486f0e7c87575ab4c2cced85be60f605f7a8ec11265c305d7b9a5959bfc,0
8297,obj:ac741486f0e7c87575ab4c2cced85be60f605f7a8ec11265c305d7b9a5959bfc,0
8298,obj:7d136cf659f81d3dcfed9b6dd466f83de85ae8812fb2fa5fd59767c52268c8c1,1
8299,obj:7d136cf659f81d3dcfed9b6dd466f83de85ae8812fb2fa5fd59767c52268c8c1,1
8300,obj:8a7d63542131081842b3d74949f9526d3b40c8f6bcc95a325961423701b42c54,1
8301,obj:8a7d63542131081842b3d74949f9526d3b40c8f6bcc95a325961423701b42c54,1
8302,obj:a2d5bb1c231e1947a79ae93d2aa4f36df54ff1af6a969495731437447ff2dbfc,2
8303,obj:a2d5bb1c231e1947a79ae93d2aa4f36df54ff1af6a969495731437447ff2dbfc,2
8304,obj:2235fc68a2ce1f17e5fa81ab1784cf01a8041bb5380d4785b919f43320205e15,3
8305,obj:2235fc68a2ce1f17e5fa81ab1784cf01a8041bb5380d4785b919f43320205e15,3
8306,obj:3a9fe073386d5f2f347e0b94bc2e002ad32ecdb82a50d41a9f2e53d505318c02,0
8307,obj:3a9fe073386d5f2f347e0b94bc2e002ad32ecdb82a50d41a9f2e53d505318c02,0
8308,obj:c185eec15b697746612602ea3ab0b1d3c274decb4a988bc84acba29f1619592a,2
8309,obj:c185eec15b697746612602ea3ab0b1d3c274decb4a988bc84acba29f1619592a,2
8310,obj:64d68c4ce039f71783057d0fbc96b6634d4380c39639534ec84fd1446e3a7606,3
8311,obj:64d68c4ce039f71783057d0fbc96b6634d4380c39639534ec84fd1446e3a7606,3
8312,obj:4f1b17190cdd07f0aa6fcd38da87bbc2bf0f0bc5a3fd615c3a0d968837badcad,4
8313,obj:4f1b17190cdd07f0aa6fcd38da87bbc2bf0f0bc5a3fd615c3a0d968837badcad,4
8314,obj:5c83acccf968597080b7d1e424bb3953dfc6caf6b244980908beb2d25eb753c1,4
8315,obj:5c83acccf968597080b7d1e424bb3953dfc6caf6b244980908beb2d25eb753c1,4
8316,obj:97f0f6ab1cc802c5729dad681328513cacb64bd81421985ac574e7adf93681eb,2
8317,obj:97f0f6ab1cc802c5729dad681328513cacb64bd81421985ac574e7adf93681eb,2
8318,obj:a546ffc670fefe1134bb54420bcbd7475435f0091590916c4f48ae44f2ec87ef,1
8319,obj:a546ffc670fefe1134bb54420bcbd7475435f0091590916c4f48ae44f2ec87ef,1
8320,obj:a546ffc670fefe1134bb54420bcbd7475435f0091590916c4f48ae44f2ec87ef,1
8321,obj:a546ffc670fefe1134bb54420bcbd7475435f0091590916c4f48ae44f2ec87ef,1
8322,obj:db7fa11ffaa369106bc5c496a4d4dd419d0910c87e736d233c58beb194e47b2d,4
8323,obj:db7fa11ffaa369106bc5c496a4d4dd419d0910c87e736d233c58beb194e47b2d,4
8324,obj:4a81dc3adaff0e4807d8873ee01d9089c252fe547236d5ef7640e73aee81eed5,3
8325,obj:4a81dc3adaff0e4807d8873ee01d9089c252fe547236d5ef7640e73aee81eed5,3
8326,obj:0e3d2a7acd5b03c38dc9451efae23107010d445c87c718a58ae54f8a4ddce40a,1
8327,obj:0e3d2a7acd5b03c38dc9451efae23107010d445c87c718a58ae54f8a4ddce40a,1
8328,obj:3141d76ea22d50fdd52d18dc11dd421c1e59a4e410c49677fe81381d0aeb1c19,0
8329,obj:3141d76ea22d50fdd52d18dc11dd421c1e59a4e410c49677fe81381d0aeb1c19,0
8330,obj:2235fc68a2ce1f17e5fa81ab1784cf01a8041bb5380d4785b919f43320205e15,3
8331,obj:2235fc68a2ce1f17e5fa81ab1784cf01a8041bb5380d4785b919f43320205e15,3
8332,obj:2aca95e037b397a580d5593c9fa8f8e63b83c7254b3a54129d09672ea81ed12a,0
8333,obj:2aca95e037b397a580d5593c9fa8f8e63b83c7254b3a54129d09672ea81ed12a,0
8334,obj:911e21dde8a04793e7fd5e76f54aaac077d38ffb895f6c78b715c9ac974ce86d,4
8335,obj:911e21dde8a04793e7fd5e76f54aaac077d38ffb895f6c78b715c9ac974ce86d,4
8336,obj:a56d873ef0e08ffc9439db9c08c98041328a58695eef23a638ef9c6d08c5b8ef,3
8337,obj:a56d873ef0e08ffc9439db9c08c98041328a58695eef23a638ef9c6d08c5b8ef,3
8338,obj:f41f8f694efffe7106adb9002b3ef5920f971d34416c529566656d6bbc75a579,4
8339,obj:f41f8f694efffe7106adb9002b3ef5920f971d34416c529566656d6bbc75a579,4
8340,obj:530e396da03e41a256715f0fa8e3482bb3599f42950cb324abda58e54810e49c,3
8341,obj:530e396da03e41a256715f0fa8e3482bb3599f42950cb324abda58e54810e49c,3
8342,obj:2235fc68a2ce1f17e5fa81ab1784cf01a8041bb5380d4785b919f43320205e15,3
8343,obj:2235fc68a2ce1f17e5fa81ab1784cf01a8041bb5380d4785b919f43320205e15,3
8344,obj:906cd71964cf98d18613afd0abfbac42c5ae0d1cad7ec407b3981cf20f2af1a5,2
8345,obj:906cd71964cf98d18613afd0abfbac42c5ae0d1cad7ec407b3981cf20f2af1a5,2
8346,obj:ebbbb347ca4c1db9b448f9429c6ebccbb6ffe49f9b29e1b1498ec9ced1b77492,1
8347,obj:ebbbb347ca4c1db9b448f9429c6ebccbb6ffe49f9b29e1b1498ec9ced1b77492,1
8348,obj:ec24e37899439a269cbaba24f857eab788a1e8abfe394fed62046b331b8ed1a9,4
8349,obj:ec24e37899439a269cbaba24f857eab788a1e8abfe394fed62046b331b8ed1a9,4
8350,obj:94df90155d3d0952e988f3e483f5e07e4525d0b9d8e02d9d892934080b096ee4,2
8351,obj:94df90155d3d0952e988f3e483f5e07e4525d0b9d8e02d9d892934080b096ee4,2
8352,obj:a2d5bb1c231e1947a79ae93d2aa4f36df54ff1af6a969495731437447ff2dbfc,2
8353,obj:a2d5bb1c231e1947a79ae93d2aa4f36df54ff1af6a969495731437447ff2dbfc,2
8354,obj:cd590cded55d94480e6310dca774e0f0290aa967ef819f828622bf923fc56ff0,4
8355,obj:cd590cded55d94480e6310dca774e0f0290aa967ef819f828622bf923fc56ff0,4
8356,obj:eebca32582d0264da3acb437c0bf456fd7722ee9fd34edeee7451372fafdb97d,4
8357,obj:eebca32582d0264da3acb437c0bf456fd7722ee9fd34edeee7451372fafdb97d,4
8358,obj:4a81dc3adaff0e4807d8873ee01d9089c252fe547236d5ef7640e73aee81eed5,3
8359,obj:4a81dc3adaff0e4807d8873ee01d9089c252fe547236d5ef7640e73aee81eed5,3
8360,obj:a9974f1de4e60c550662eb080bcdda27a65ee874416ba97003e3de96c28ca97e,1
8361,obj:a9974f1de4e60c550662eb080bcdda27a65ee874416ba97003e3de96c28ca97e,1
8362,obj:6a59d5ed4aa20f5b9f38d51012377949affd093456ab06dc10a02b897bf55d22,2
8363,obj:6a59d5ed4aa20f5b9f38d51012377949affd093456ab06dc10a02b897bf55d22,2
8364,obj:fa976ac4b7fb62a049c73e1e632c901c1d40cffca91a2ff1ae44ce8fb7462727,1
8365,obj:fa976ac4b7fb62a049c73e1e632c901c1d40cffca91a2ff1ae44ce8fb7462727,1
8366,obj:757494096edb2b520f2d91bd130715c6fca02251ba4fa0bdc523d7ac1b092391,3
8367,obj:757494096edb2b520f2d91bd130715c6fca02251ba4fa0bdc523d7ac1b092391,3
8368,obj:2235fc68a2ce1f17e5fa81ab1784cf01a8041bb5380d4785b919f43320205e15,3
8369,obj:2235fc68a2ce1f17e5fa81ab1784cf01a8041bb5380d4785b919f43320205e15,3
8370,obj:83176588e175fbb9010f323dd35fc0f0e743dc1b6cc70a1ad22fee594676e7ec,4
8371,obj:83176588e175fbb9010f323dd35fc0f0e743dc1b6cc70a1ad22fee594676e7ec,4
8372,obj:0bf46e759345204aa33f445ab226fe131d0948b293b49190011bfca8e44322bd,4
8373,obj:0bf46e759345204aa33f445ab226fe131d0948b293b49190011bfca8e44322bd,4
8374,obj:5c83acccf968597080b7d1e424bb3953dfc6caf6b244980908beb2d25eb753c1,4
8375,obj:5c83acccf968597080b7d1e424bb3953dfc6caf6b244980908beb2d25eb753c1,4
8376,obj:acbbd7aec28c19a54b2dfc089a03a3b647d18549357f74207bb977063d64818f,0
8377,obj:acbbd7aec28c19a54b2dfc089a03a3b647d18549357f74207bb977063d64818f,0
8378,obj:0862b2aa6697cf4c458e48b37df110e0214acc6d280c28e6faaadba4b3ce1543,1
8379,obj:0862b2aa6697cf4c458e48b37df110e0214acc6d280c28e6faaadba4b3ce1543,1
8380,obj:84f7b045f98e39ca3c242129349c0f7de10bb8d09c553fa8c49642000e6ef642,3
8381,obj:84f7b045f98e39ca3c242129349c0f7de10bb8d09c553fa8c49642000e6ef642,3
8382,obj:5a5ef9baab39508bc8d5bc8f85b14df679e6e994707009f918b23e1d5d1b4c34,4
8383,obj:5a5ef9baab39508bc8d5bc8f85b14df679e6e994707009f918b23e1d5d1b4c34,4
8384,obj:14a74bc17bff9673d0f8bc3a79838f9f7505bf66fcf49cf9f6aff715ffe25483,4
8385,obj:14a74bc17bff9673d0f8bc3a79838f9f7505bf66fcf49cf9f6aff715ffe25483,4
8386,obj:0862b2aa6697cf4c458e48b37df110e0214acc6d280c28e6faaadba4b3ce1543,1
8387,obj:0862b2aa6697cf4c458e48b37df110e0214acc6d280c28e6faaadba4b3ce1543,1
8388,obj:94ed0bb4633b1bdff79b1145e6b32671b24b5b665d9cc59ea26db7fbf2420894,1
8389,obj:94ed0bb4633b1bdff79b1145e6b32671b24b5b665d9cc59ea26db7fbf2420894,1
8390,obj:b9503395943dfdef87cb5c73a2fc36ca7c4693b601e715386f6373792b13be66,3
8391,obj:b9503395943dfdef87cb5c73a2fc36ca7c4693b601e715386f6373792b13be66,3
8392,obj:14a74bc17bff9673d0f8bc3a79838f9f7505bf66fcf49cf9f6aff715ffe25483,4
8393,obj:14a74bc17bff9673d0f8bc3a79838f9f7505bf66fcf49cf9f6aff715ffe25483,4
8394,obj:a2753640e6369d1a347dba803671410d6a6eebbde0df4fef3e58dfebdcce6cf3,4
8395,obj:a2753640e6369d1a347dba803671410d6a6eebbde0df4fef3e58dfebdcce6cf3,4
8396,obj:8f9d7d85ca51d82996a0fd0c55f98e52660a61b25261b533cf20f84ddd1c72b5,1
8397,obj:8f9d7d85ca51d82996a0fd0c55f98e52660a61b25261b533cf20f84ddd1c72b5,1
8398,obj:0449093a43546338714fbf0c7067bd88b1f34025b946d5ffff0e94c1855d71d6,0
8399,obj:0449093a43546338714fbf0c7067bd88b1f34025b946d5ffff0e94c1855d71d6,0
8400,obj:1b45c5b68b3f5cf152fcf24404f9f19c1968dc7887286720daff04c65f55bfb3,3
8401,obj:1b45c5b68b3f5cf152fcf24404f9f19c1968dc7887286720daff04c65f55bfb3,3
8402,obj:c1d5368d08c9f76ed7addf8473a549547a226a717cd0c369b2130451a05a4f8e,0
8403,obj:c1d5368d08c9f76ed7addf8473a549547a226a717cd0c369b2130451a05a4f8e,0
8404,obj:d91da974f4197596a6686f617773fdc59019c1349dd73602698be99d3e51b802,3
8405,obj:d91da974f4197596a6686f617773fdc59019c1349dd73602698be99d3e51b802,3
8406,obj:7cd82545b39c0eff91afdfa604793dbcce0245eb5f124a6e5890bd795e5aa1bc,1
8407,obj:7cd82545b39c0eff91afdfa604793dbcce0245eb5f124a6e5890bd795e5aa1bc,1
8408,obj:72849fa2a728e2467eb0dc1e61365733e4b7758f63ea3b112078383cfca3c07a,3
8409,obj:72849fa2a728e2467eb0dc1e61365733e4b7758f63ea3b112078383cfca3c07a,3
8410,obj:96fb6190fad520a8cfdf5d3a33eb3bb3242a4c195c00bbe973c9af4378a86139,1
8411,obj:96fb6190fad520a8cfdf5d3a33eb3bb3242a4c195c00bbe973c9af4378a86139,1
8412,obj:abef6a929c18cce27a0e3d231489e6a61e47ec2c2ae2b899df4c90af3aff1068,1
8413,obj:abef6a929c18cce27a0e3d231489e6a61e47ec2c2ae2b899df4c90af3aff1068,1
8414,obj:ee65c8249240781e2a5fc37eb3962d5f3c0fb7849544dacd5d30208d0e2d802a,0
8415,obj:ee65c8249240781e2a5fc37eb3962d5f3c0fb7849544dacd5d30208d0e2d802a,0
8416,obj:e1ef84b753b136891901095813e4a5230e54e39f7994f099129e9b8447b24544,0
8417,obj:e1ef84b753b136891901095813e4a5230e54e39f7994f099129e9b8447b24544,0
8418,obj:5844f78117a84ba1ef8374ea422526bf2aaeec18669a51aa678adbe4edce7092,1
8419,obj:5844f78117a84ba1ef8374ea422526bf2aaeec18669a51aa678adbe4edce7092,1
8420,obj:92829012e37e450ef68f5e2336114e83d82a8656475689c8ead6788853fc3ae2,2
8421,obj:92829012e37e450ef68f5e2336114e83d82a8656475689c8ead6788853fc3ae2,2
8422,obj:161eb968ce099632488d62cb031c523a650f99d6544619334b805780a285c32a,3
8423,obj:161eb968ce099632488d62cb031c523a650f99d6544619334b805780a285c32a,3
8424,obj:46aaa4b2b789a4119b09341f48856a33dcab9480091c5c28d4860d43dba30e1f,1
8425,obj:46aaa4b2b789a4119b09341f48856a33dcab9480091c5c28d4860d43dba30e1f,1
8426,obj:a546ffc670fefe1134bb54420bcbd7475435f0091590916c4f48ae44f2ec87ef,1
8427,obj:a546ffc670fefe1134bb54420bcbd7475435f0091590916c4f48ae44f2ec87ef,1
8428,obj:3636394e112165f738bf26f754f162ea312d47ef46e8f93523a7b91066c924cd,2
8429,obj:3636394e112165f738bf26f754f162ea312d47ef46e8f93523a7b91066c924cd,2
8430,obj:9092fea0ed1ffa5ffbbc1bcd4fe3015467de4bb65e045df11afca1a5a923b50a,0
8431,obj:9092fea0ed1ffa5ffbbc1bcd4fe3015467de4bb65e045df11afca1a5a923b50a,0
8432,obj:5757d671fa12af155dd67dd777f6138329687bc368758655667045c156e42df4,2
8433,obj:5757d671fa12af155dd67dd777f6138329687bc368758655667045c156e42df4,2
8434,obj:d0d6721934e2a1b27644794fbab9984e5ed0000e4cdecfd35c4bdb509c18d4cb,3
8435,obj:d0d6721934e2a1b27644794fbab9984e5ed0000e4cdecfd35c4bdb509c18d4cb,3
8436,obj:c7fa721b6777f8fb2af843b1b03e8c01cbfbb0960104ffaceb05d2a609e39d63,1
8437,obj:c7fa721b6777f8fb2af843b1b03e8c01cbfbb0960104ffaceb05d2a609e39d63,1
8438,obj:c0d7e24c787ee4ad9b315ce045767da21fd8d2b2b36b54807e81350f262baaf7,4
8439,obj:c0d7e24c787ee4ad9b315ce045767da21fd8d2b2b36b54807e81350f262baaf7,4
8440,obj:a6c88faa6c285ac22c7ee6d5cb818ccbd568cc62b83df86250ff790d829791e5,0
8441,obj:a6c88faa6c285ac22c7ee6d5cb818ccbd568cc62b83df86250ff790d829791e5,0
8442,obj:8deabe35535331247a97e79ea6a6443151237943b04e43fe184520e7cac541f4,2
8443,obj:8deabe35535331247a97e79ea6a6443151237943b04e43fe184520e7cac541f4,2
8444,obj:bc627d3deef24761b2185194bc2a3b1bd4103cf7ac646c65a0e63158016e05cd,4
8445,obj:bc627d3deef24761b2185194bc2a3b1bd4103cf7ac646c65a0e63158016e05cd,4
8446,obj:dfccb34e7bd33673a14bd46f96b603050df75fec194361249d10f4691fdce68d,2
8447,obj:dfccb34e7bd33673a14bd46f96b603050df75fec194361249d10f4691fdce68d,2
8448,obj:6f42c582dd6e7b27eddd6730b11995ca503093dad0f4987c546821d807630805,4
8449,obj:6f42c582dd6e7b27eddd6730b11995ca503093dad0f4987c546821d807630805,4
8450,obj:8a155b247ea1fb560c5d4a7c3aa74470da0846395fa9a3772bc1090f35132c0f,4
8451,obj:8a155b247ea1fb560c5d4a7c3aa74470da0846395fa9a3772bc1090f35132c0f,4
8452,obj:55c49a17a53b9f95870ec87c1cb7dc0c08fcde9c866a652bfc008494c0902226,1
8453,obj:55c49a17a53b9f95870ec87c1cb7dc0c08fcde9c866a652bfc008494c0902226,1
8454,obj:0862b2aa6697cf4c458e48b37df110e0214acc6d280c28e6faaadba4b3ce1543,1
8455,obj:0862b2aa6697cf4c458e48b37df110e0214acc6d280c28e6faaadba4b3ce1543,1
8456,obj:a546ffc670fefe1134bb54420bcbd7475435f0091590916c4f48ae44f2ec87ef,1
8457,obj:a546ffc670fefe1134bb54420bcbd7475435f0091590916c4f48ae44f2ec87ef,1
8458,obj:b22b996fa01bce2e127a937b594a2adc4d0af05c7cf0337acd87a109d5b1548d,4
8459,obj:b22b996fa01bce2e127a937b594a2adc4d0af05c7cf0337acd87a109d5b1548d,4
8460,obj:f2e7abbcc3c48c4a172fb6488d321da2678c00ae26b3272f16dedae8ec83639f,0
8461,obj:f2e7abbcc3c48c4a172fb6488d321da2678c00ae26b3272f16dedae8ec83639f,0
8462,obj:558c517069e6b1447edc0a86845067f002962b9c9c0828ca69f7b839f53c40ca,2
8463,obj:558c517069e6b1447edc0a86845067f002962b9c9c0828ca69f7b839f53c40ca,2
8464,obj:8db2a53e42f2d325af598e7451c2de6206af6b333e7edc979bf309397b886a99,2
8465,obj:8db2a53e42f2d325af598e7451c2de6206af6b333e7edc979bf309397b886a99,2
8466,obj:97685090a47b8134ca4804b9054d9626b836c81fa515447b8ab082c726ea709a,4
8467,obj:97685090a47b8134ca4804b9054d9626b836c81fa515447b8ab082c726ea709a,4
8468,obj:a97288eadac108cc9837ca449984b2eaeeea8c7074921c27a9ea95f79a39b246,0
8469,obj:a97288eadac108cc9837ca449984b2eaeeea8c7074921c27a9ea95f79a39b246,0
8470,obj:2053a67a0c353db7da60df6b9cabf165f5753848e668a3d3d8db5b8d93853ab1,0
8471,obj:2053a67a0c353db7da60df6b9cabf165f5753848e668a3d3d8db5b8d93853ab1,0
8472,obj:71c9b63c7589f928dde668a2f52f42ad98beb1b63f0d9c49807e843634b542b9,0
8473,obj:71c9b63c7589f928dde668a2f52f42ad98beb1b63f0d9c49807e843634b542b9,0
8474,obj:ec24e37899439a269cbaba24f857eab788a1e8abfe394fed62046b331b8ed1a9,4
8475,obj:ec24e37899439a269cbaba24f857eab788a1e8abfe394fed62046b331b8ed1a9,4
8476,obj:ce196fc51f371cb5dd574c64f4525b3ce3d3a6146309fcec5dcd21912ee3b27e,4
8477,obj:ce196fc51f371cb5dd574c64f4525b3ce3d3a6146309fcec5dcd21912ee3b27e,4
8478,obj:d372980c8396ea0b51b2d560464b07ca36ca1abae8eeed65ba6a5edcf4e16aff,3
8479,obj:d372980c8396ea0b51b2d560464b07ca36ca1abae8eeed65ba6a5edcf4e16aff,3
8480,obj:7d136cf659f81d3dcfed9b6dd466f83de85ae8812fb2fa5fd59767c52268c8c1,1
8481,obj:7d136cf659f81d3dcfed9b6dd466f83de85ae8812fb2fa5fd59767c52268c8c1,1
8482,obj:8ed241e9e66f276f258064907cabeda0ba53afdb0234d6f7ecfc6b7640f12986,0
8483,obj:8ed241e9e66f276f258064907cabeda0ba53afdb0234d6f7ecfc6b7640f12986,0
8484,obj:aff3a5ee15c334964de04308b255f5c72642013be92bb6164990770bfa9acb8a,3
8485,obj:aff3a5ee15c334964de04308b255f5c72642013be92bb6164990770bfa9acb8a,3
8486,obj:e3dcd2e89f2663987860fe985f8492cb6f044371fdc02a211b60fec7eea44686,2
8487,obj:e3dcd2e89f2663987860fe985f8492cb6f044371fdc02a211b60fec7eea44686,2
8488,obj:ec74b5aac6c7402f61f2fa9bce84c7b37722a3c8b5f053bbd55be0703ae1e6d3,4
8489,obj:ec74b5aac6c7402f61f2fa9bce84c7b37722a3c8b5f053bbd55be0703ae1e6d3,4
8490,obj:ba2c128cdd2a277e4098e62ff8060679dac2caee9211313f3a7a068e5da6ef32,3
8491,obj:ba2c128cdd2a277e4098e62ff8060679dac2caee9211313f3a7a068e5da6ef32,3
8492,obj:161eb968ce099632488d62cb031c523a650f99d6544619334b805780a285c32a,3
8493,obj:161eb968ce099632488d62cb031c523a650f99d6544619334b805780a285c32a,3
8494,obj:e8d58d76a4f74e6b2bffcde3eaa00365c20a71e42d740cd5dfd9d171499f2db4,1
8495,obj:e8d58d76a4f74e6b2bffcde3eaa00365c20a71e42d740cd5dfd9d171499f2db4,1
8496,obj:336085823e7c86a91c314bbcce5bd287ec3f6e26bad58f669fc31969871a3787,3
8497,obj:336085823e7c86a91c314bbcce5bd287ec3f6e26bad58f669fc31969871a3787,3
8498,obj:fddccca118312a983beae25d288f98f34e9de7a0e4cd11424a81a6af8edc8ef3,3
8499,obj:fddccca118312a983beae25d288f98f34e9de7a0e4cd11424a81a6af8edc8ef3,3
8500,obj:00266803d61bb3bf4155df83ad139ac911ff542aa00d8bb65cba2de6cf22152e,4
8501,obj:00266803d61bb3bf4155df83ad139ac911ff542aa00d8bb65cba2de6cf22152e,4
8502,obj:5c83acccf968597080b7d1e424bb3953dfc6caf6b244980908beb2d25eb753c1,4
8503,obj:5c83acccf968597080b7d1e424bb3953dfc6caf6b244980908beb2d25eb753c1,4
8504,obj:ab9702bcb813dc31d19e606c0cdb385db41e72801b3432ec155f7bf06a1a6e27,2
8505,obj:ab9702bcb813dc31d19e606c0cdb385db41e72801b3432ec155f7bf06a1a6e27,2
8506,obj:3adb5aa26e4cfc9bf349e487ecb56d9e3017f1543e8d92904d600b2fa0870233,0
8507,obj:3adb5aa26e4cfc9bf349e487ecb56d9e3017f1543e8d92904d600b2fa0870233,0
8508,obj:7af798ed2beb2c27d18760f1112044691321995ebe42704db0e399af7e4f2117,2
8509,obj:7af798ed2beb2c27d18760f1112044691321995ebe42704db0e399af7e4f2117,2
8510,obj:dcfd9f2f623bbc45e35285bf5baf64d0d55f29044f64701c582842e47f0446f5,2
8511,obj:dcfd9f2f623bbc45e35285bf5baf64d0d55f29044f64701c582842e47f0446f5,2
8512,obj:d433386b08d4852969ae6693b8033b6f40bdf939c3e5fc81903f308317754219,3
8513,obj:d433386b08d4852969ae6693b8033b6f40bdf939c3e5fc81903f308317754219,3
8514,obj:7bf89b3fa50a3e5663fa23ecde1b823a9e43ce54ee70af1a97a4b408217aaf15,2
8515,obj:7bf89b3fa50a3e5663fa23ecde1b823a9e43ce54ee70af1a97a4b408217aaf15,2
8516,obj:20cb57c95ab2ded075e8bb1ed47d9fc40b5110fa5f2593814f4e7d5dfff09cf6,4
8517,obj:20cb57c95ab2ded075e8bb1ed47d9fc40b5110fa5f2593814f4e7d5dfff09cf6,4
8518,obj:0dde9032a9fc564b304e233dcd377f272afbc8c3e3b58a8cd7e791e6bd080d61,0
8519,obj:0dde9032a9fc564b304e233dcd377f272afbc8c3e3b58a8cd7e791e6bd080d61,0
8520,obj:2235fc68a2ce1f17e5fa81ab1784cf01a8041bb5380d4785b919f43320205e15,3
8521,obj:2235fc68a2ce1f17e5fa81ab1784cf01a8041bb5380d4785b919f43320205e15,3
8522,obj:a194713cc896217a1a67a23ac40e0acb92908a4f967344763a3c058864e0fc09,0
8523,obj:a194713cc896217a1a67a23ac40e0acb92908a4f967344763a3c058864e0fc09,0
8524,obj:1ecd829539ed8736d65487719a9493d596588d4a3e34ed6f7fce45190489a5b8,2
8525,obj:1ecd829539ed8736d65487719a9493d596588d4a3e34ed6f7fce45190489a5b8,2
8526,obj:00f3c1488c80feabec670daffc9afb6fbf4fb2d2df9a3f369c242be95c69a50e,3
8527,obj:00f3c1488c80feabec670daffc9afb6fbf4fb2d2df9a3f369c242be95c69a50e,3
8528,obj:a546ffc670fefe1134bb54420bcbd7475435f0091590916c4f48ae44f2ec87ef,1
8529,obj:a546ffc670fefe1134bb54420bcbd7475435f0091590916c4f48ae44f2ec87ef,1
8530,obj:2da5610b222f2b5fbfc6168fa773fe4818386d387f99b953a47289f43872b72d,2
8531,obj:2da5610b222f2b5fbfc6168fa773fe4818386d387f99b953a47289f43872b72d,2
8532,obj:f5273aa4bc5d4c9380316eb4434caccb8914d48ac9d68cc79a780673290712de,1
8533,obj:f5273aa4bc5d4c9380316eb4434caccb8914d48ac9d68cc79a780673290712de,1
8534,obj:177f406188d4de4f1832fe61ef52b60b37c3b8f9140ad82a3eb7d7399ee8a588,2
8535,obj:177f406188d4de4f1832fe61ef52b60b37c3b8f9140ad82a3eb7d7399ee8a588,2
8536,obj:49b6f3c6d1f2161b0a1147c15dbf9f6557ded10f7755db26087325a5aab1eb2b,2
8537,obj:49b6f3c6d1f2161b0a1147c15dbf9f6557ded10f7755db26087325a5aab1eb2b,2
8538,obj:47885cb3f63fab3665919d170b7b7e901030ee36104c2a66be1df5dbebabae19,1
8539,obj:47885cb3f63fab3665919d170b7b7e901030ee36104c2a66be1df5dbebabae19,1
8540,obj:9b18cb017a930d17e5ea5db7ed2430c37069a0d0bfc35d9314b81ffc427c55ea,3
8541,obj:9b18cb017a930d17e5ea5db7ed2430c37069a0d0bfc35d9314b81ffc427c55ea,3
8542,obj:406153420f6ff0d0d6275fe7996d2877d3e62f66e44e126cb3c3b45dbc088317,4
8543,obj:406153420f6ff0d0d6275fe7996d2877d3e62f66e44e126cb3c3b45dbc088317,4
8544,obj:7e112e6e7f8a1b8e23f7dbd83f5e7bc711a3debe015632b9c3724c89e0d0d06f,3
8545,obj:7e112e6e7f8a1b8e23f7dbd83f5e7bc711a3debe015632b9c3724c89e0d0d06f,3
8546,obj:5c83acccf968597080b7d1e424bb3953dfc6caf6b244980908beb2d25eb753c1,4
8547,obj:5c83acccf968597080b7d1e424bb3953dfc6caf6b244980908beb2d25eb753c1,4
8548,obj:1c76d80be72fad2f9f8e0b4108da7963157dcd8d67bc9724871d220ee35d4fb3,3
8549,obj:1c76d80be72fad2f9f8e0b4108da7963157dcd8d67bc9724871d220ee35d4fb3,3
8550,obj:13c44daa4ae36abd2e7528b8e4027680513186a41b89fd23b6a4cbc9bd67f0c7,3
8551,obj:13c44daa4ae36abd2e7528b8e4027680513186a41b89fd23b6a4cbc9bd67f0c7,3
8552,obj:0449093a43546338714fbf0c7067bd88b1f34025b946d5ffff0e94c1855d71d6,0
8553,obj:0449093a43546338714fbf0c7067bd88b1f34025b946d5ffff0e94c1855d71d6,0
8554,obj:a0fad3968ff52872d05b2d29472aa9cb7d035241a9dc7b6bc24a7733a9e8bb4d,4
8555,obj:a0fad3968ff52872d05b2d29472aa9cb7d035241a9dc7b6bc24a7733a9e8bb4d,4
8556,obj:19a0c81787c12c502c97448f830474bd913128c588a7e73c25e0a5a16b205c68,1
8557,obj:19a0c81787c12c502c97448f830474bd913128c588a7e73c25e0a5a16b205c68,1
8558,obj:e1ec3709a3e263cc46f4ebab812dc2bd8355249dddfc7210ed7125d7301c0af8,2
8559,obj:e1ec3709a3e263cc46f4ebab812dc2bd8355249dddfc7210ed7125d7301c0af8,2
8560,obj:5c83acccf968597080b7d1e424bb3953dfc6caf6b244980908beb2d25eb753c1,4
8561,obj:5c83acccf968597080b7d1e424bb3953dfc6caf6b244980908beb2d25eb753c1,4
8562,obj:382a060015689194f0c2d77b47233ddedc1f090365a27592780b4e8ed39b10f9,0
8563,obj:382a060015689194f0c2d77b47233ddedc1f090365a27592780b4e8ed39b10f9,0
8564,obj:b791c1039bd062c099ad747965cf907245645c2b01610d0f90676c2f902e14c7,4
8565,obj:b791c1039bd062c099ad747965cf907245645c2b01610d0f90676c2f902e14c7,4
8566,obj:d372980c8396ea0b51b2d560464b07ca36ca1abae8eeed65ba6a5edcf4e16aff,3
8567,obj:d372980c8396ea0b51b2d560464b07ca36ca1abae8eeed65ba6a5edcf4e16aff,3
8568,obj:9e0a22aa57cdf51f13e154d2062a6a743ad719245e83528697984a74f19747f0,1
8569,obj:9e0a22aa57cdf51f13e154d2062a6a743ad719245e83528697984a74f19747f0,1
8570,obj:1020b8755094772a8a0f2ba40f7e962a422e7f4b6a9fe7ab0908e1f707851870,1
8571,obj:1020b8755094772a8a0f2ba40f7e962a422e7f4b6a9fe7ab0908e1f707851870,1
8572,obj:0862b2aa6697cf4c458e48b37df110e0214acc6d280c28e6faaadba4b3ce1543,1
8573,obj:0862b2aa6697cf4c458e48b37df110e0214acc6d280c28e6faaadba4b3ce1543,1
8574,obj:11eefba1040ff3555dd3b70e69eab32ed312bcab3c875b5819377c8ac7ee68ec,1
8575,obj:11eefba1040ff3555dd3b70e69eab32ed312bcab3c875b5819377c8ac7ee68ec,1
8576,obj:6f42c582dd6e7b27eddd6730b11995ca503093dad0f4987c546821d807630805,4
8577,obj:6f42c582dd6e7b27eddd6730b11995ca503093dad0f4987c546821d807630805,4
8578,obj:1d90d617f213287363ecc5e6a62b81f943b8f80bff0f4730a74e4a0644ed9da6,2
8579,obj:1d90d617f213287363ecc5e6a62b81f943b8f80bff0f4730a74e4a0644ed9da6,2
8580,obj:58e3cab8abafb25fdd836aab6be90b702271859d34fb44e2ed3f89200627eaea,1
8581,obj:58e3cab8abafb25fdd836aab6be90b702271859d34fb44e2ed3f89200627eaea,1
8582,obj:6e91f3f7521907b4439548e1638846d3203b23886bff8471aee9e928d1ea013d,4
8583,obj:6e91f3f7521907b4439548e1638846d3203b23886bff8471aee9e928d1ea013d,4
8584,obj:101169ccb61b6c210573999fff6b833027f801424592626f00eedbbf57d99cd5,3
8585,obj:101169ccb61b6c210573999fff6b833027f801424592626f00eedbbf57d99cd5,3
8586,obj:0862b2aa6697cf4c458e48b37df110e0214acc6d280c28e6faaadba4b3ce1543,1
8587,obj:0862b2aa6697cf4c458e48b37df110e0214acc6d280c28e6faaadba4b3ce1543,1
8588,obj:0dde9032a9fc564b304e233dcd377f272afbc8c3e3b58a8cd7e791e6bd080d61,0
8589,obj:0dde9032a9fc564b304e233dcd377f272afbc8c3e3b58a8cd7e791e6bd080d61,0
8590,obj:466e3fc198c92e1164a446bd42c513a6ff99e17506484fa027611ac9de5462fb,3
8591,obj:466e3fc198c92e1164a446bd42c513a6ff99e17506484fa027611ac9de5462fb,3
8592,obj:565a465b14d5afc16a4f31860f03fdce60902a3e051e83508bfb38724e6b2d1b,4
8593,obj:565a465b14d5afc16a4f31860f03fdce60902a3e051e83508bfb38724e6b2d1b,4
8594,obj:b3f11b1b8cb8b81731118f3dce3095415e0f2ef1a2b62c59bf47e757f58a1a53,1
8595,obj:b3f11b1b8cb8b81731118f3dce3095415e0f2ef1a2b62c59bf47e757f58a1a53,1
8596,obj:c3c880bce2c8dd3ca6bb2080412cc3ec35b56179f66ac38d7a0612806591e3aa,3
8597,obj:c3c880bce2c8dd3ca6bb2080412cc3ec35b56179f66ac38d7a0612806591e3aa,3
8598,obj:c6689c445a27b6bc6328871c7ad4b2a3c51db0488cd01c580136e25910d12bd3,2
8599,obj:c6689c445a27b6bc6328871c7ad4b2a3c51db0488cd01c580136e25910d12bd3,2
8600,obj:6a42d4c7ab299f471ab52d3534d8fad29dddf68383d742623aa90332cbecee8b,2
8601,obj:6a42d4c7ab299f471ab52d3534d8fad29dddf68383d742623aa90332cbecee8b,2
8602,obj:0862b2aa6697cf4c458e48b37df110e0214acc6d280c28e6faaadba4b3ce1543,1
8603,obj:0862b2aa6697cf4c458e48b37df110e0214acc6d280c28e6faaadba4b3ce1543,1
8604,obj:bc09b174f8801b7d33e2b234b626baa66eb11cbba9da611e488f70dbfa69ca29,0
8605,obj:bc09b174f8801b7d33e2b234b626baa66eb11cbba9da611e488f70dbfa69ca29,0
8606,obj:c79cd01128fe490aa94844d03157c358429276855c2ee091817136deda2ede6e,1
8607,obj:c79cd01128fe490aa94844d03157c358429276855c2ee091817136deda2ede6e,1
8608,obj:0ef87208148fea0c92879f08ed22c790b3a6dbf62c002422b1aa6348623676a4,0
8609,obj:0ef87208148fea0c92879f08ed22c790b3a6dbf62c002422b1aa6348623676a4,0
8610,obj:3f8efbb0daec197ad26580bfe9492221030c0f0a9fa732ddb2513ff785fc0e27,1
8611,obj:3f8efbb0daec197ad26580bfe9492221030c0f0a9fa732ddb2513ff785fc0e27,1
8612,obj:fafb50bcaf635db18b6b53500aecc085f01b2967554b930edc1882a15a1f333f,2
8613,obj:fafb50bcaf635db18b6b53500aecc085f01b2967554b930edc1882a15a1f333f,2
8614,obj:d53f36bceaa51fe9d855d1df74eccb3b03cdc3c20cf6ad9892dfa4e6ea43048a,3
8615,obj:d53f36bceaa51fe9d855d1df74eccb3b03cdc3c20cf6ad9892dfa4e6ea43048a,3
8616,obj:12e727ded497751d37a957cacf2c84c135cf65f590fc8bf93202ea4dde469f98,1
8617,obj:12e727ded497751d37a957cacf2c84c135cf65f590fc8bf93202ea4dde469f98,1
8618,obj:49b6f3c6d1f2161b0a1147c15dbf9f6557ded10f7755db26087325a5aab1eb2b,2
8619,obj:49b6f3c6d1f2161b0a1147c15dbf9f6557ded10f7755db26087325a5aab1eb2b,2
8620,obj:f573491394c26568eaab343c3ac83723e28c13f3273394939683173dc1b3173f,0
8621,obj:f573491394c26568eaab343c3ac83723e28c13f3273394939683173dc1b3173f,0
8622,obj:babd21227561eede84d1f70d6ff5ea0dd19b88a6cb13f9c2db8aa6549f8307cf,1
8623,obj:babd21227561eede84d1f70d6ff5ea0dd19b88a6cb13f9c2db8aa6549f8307cf,1
8624,obj:13e203fd7ea53bae5771bf9cb581dbe9dcd86cdf2330e915c6a5648adea66e9a,0
8625,obj:13e203fd7ea53bae5771bf9cb581dbe9dcd86cdf2330e915c6a5648adea66e9a,0
8626,obj:f031f2802f34466a42e92f5d1f956d92308d57eec0db8f8fe96cf74f222dc680,2
8627,obj:f031f2802f34466a42e92f5d1f956d92308d57eec0db8f8fe96cf74f222dc680,2
8628,obj:66d0dab363b89ea40fa0d80c1f702e5894905a642714229dc5de718fc78c37d3,2
8629,obj:66d0dab363b89ea40fa0d80c1f702e5894905a642714229dc5de718fc78c37d3,2
8630,obj:16d0b67538c53541c801916ba8b4bf083e93a856e783451e6ccb0e570f0ef15a,3
8631,obj:16d0b67538c53541c801916ba8b4bf083e93a856e783451e6ccb0e570f0ef15a,3
8632,obj:466e3fc198c92e1164a446bd42c513a6ff99e17506484fa027611ac9de5462fb,3
8633,obj:466e3fc198c92e1164a446bd42c513a6ff99e17506484fa027611ac9de5462fb,3
8634,obj:73252531f4d9aa39d10e99c601a5588def271b7f601d8053594fd970ca5473c2,0
8635,obj:73252531f4d9aa39d10e99c601a5588def271b7f601d8053594fd970ca5473c2,0
8636,obj:0418bbaf08fa8d71a0843f04faa372e34375fbb4741de735c67e6de12075965e,3
8637,obj:0418bbaf08fa8d71a0843f04faa372e34375fbb4741de735c67e6de12075965e,3
8638,obj:c257b906890a8b6a6ab96b44520309019797fb1d4830631627affe92a94a0226,0
8639,obj:c257b906890a8b6a6ab96b44520309019797fb1d4830631627affe92a94a0226,0
8640,obj:9e0a22aa57cdf51f13e154d2062a6a743ad719245e83528697984a74f19747f0,1
8641,obj:9e0a22aa57cdf51f13e154d2062a6a743ad719245e83528697984a74f19747f0,1
8642,obj:eaad3ec91ca03dd80c5a89b853231666bbe3343d0fcd6340f35c45c04d3e81dc,0
8643,obj:eaad3ec91ca03dd80c5a89b853231666bbe3343d0fcd6340f35c45c04d3e81dc,0
8644,obj:cd590cded55d94480e6310dca774e0f0290aa967ef819f828622bf923fc56ff0,4
8645,obj:cd590cded55d94480e6310dca774e0f0290aa967ef819f828622bf923fc56ff0,4
8646,obj:5be2e61610631495c97a6e4059402bdce5398c4ac4ef679cf8bd2a1bae64e883,0
8647,obj:5be2e61610631495c97a6e4059402bdce5398c4ac4ef679cf8bd2a1bae64e883,0
8648,obj:07c588fdee75ca758d5673842f39147498c96688c21dff8d2f91a1dad1edee99,0
8649,obj:07c588fdee75ca758d5673842f39147498c96688c21dff8d2f91a1dad1edee99,0
8650,obj:671ab9af731de34ec4cef4f2170b6e18b4a5b1c9aee71b17906637cbf30afe7f,2
8651,obj:671ab9af731de34ec4cef4f2170b6e18b4a5b1c9aee71b17906637cbf30afe7f,2
8652,obj:6a42d4c7ab299f471ab52d3534d8fad29dddf68383d742623aa90332cbecee8b,2
8653,obj:6a42d4c7ab299f471ab52d3534d8fad29dddf68383d742623aa90332cbecee8b,2
8654,obj:04c79c7c415b86e5017fefcc9ab075b146c0365a06490125db71fec0b696c6e1,0
8655,obj:04c79c7c415b86e5017fefcc9ab075b146c0365a06490125db71fec0b696c6e1,0
8656,obj:4d11961e5f807ad9f6df0ae8e299dc67c12fbd203a306c3ddef1dbbad7417e9e,4
8657,obj:4d11961e5f807ad9f6df0ae8e299dc67c12fbd203a306c3ddef1dbbad7417e9e,4
8658,obj:98974623dcadd5567f15330ef57614577c1e99691522a6e1062eee84e7f9ddfc,2
8659,obj:98974623dcadd5567f15330ef57614577c1e99691522a6e1062eee84e7f9ddfc,2
8660,obj:eb242dface90ea6ba9912df8eb32c9699cc4329d93df788e48645b2182f65425,0
8661,obj:eb242dface90ea6ba9912df8eb32c9699cc4329d93df788e48645b2182f65425,0
8662,obj:5c83acccf968597080b7d1e424bb3953dfc6caf6b244980908beb2d25eb753c1,4
8663,obj:5c83acccf968597080b7d1e424bb3953dfc6caf6b244980908beb2d25eb753c1,4
8664,obj:919aa22b9e623f3ff86057739a6e10113ee87d9b8bed693300035b0993858810,2
8665,obj:919aa22b9e623f3ff86057739a6e10113ee87d9b8bed693300035b0993858810,2
8666,obj:ec24e37899439a269cbaba24f857eab788a1e8abfe394fed62046b331b8ed1a9,4
8667,obj:ec24e37899439a269cbaba24f857eab788a1e8abfe394fed62046b331b8ed1a9,4
8668,obj:097f986970720b9a9cd77cb09a988daf65da5ef572fa602c2b7d2eb3c509059c,4
8669,obj:097f986970720b9a9cd77cb09a988daf65da5ef572fa602c2b7d2eb3c509059c,4
8670,obj:1132f873d3c78723a89d9bf4b0b7a70bb542437a0667f6387db51299388598e7,1
8671,obj:1132f873d3c78723a89d9bf4b0b7a70bb542437a0667f6387db51299388598e7,1
8672,obj:bef76cad5361a3359ac9050bdf7c5cee53854424331f662b4b574fa404fa0515,4
8673,obj:bef76cad5361a3359ac9050bdf7c5cee53854424331f662b4b574fa404fa0515,4
8674,obj:73f5c21e7076394bc707d5f3d0514357e337b6374e45a3d0c57b93587a256668,2
8675,obj:73f5c21e7076394bc707d5f3d0514357e337b6374e45a3d0c57b93587a256668,2
8676,obj:968fc8e0488784f9fe80ac9440838e7bca8a4685052976603c256574f94025e1,1
8677,obj:968fc8e0488784f9fe80ac9440838e7bca8a4685052976603c256574f94025e1,1
8678,obj:6f42c582dd6e7b27eddd6730b11995ca503093dad0f4987c546821d807630805,4
8679,obj:6f42c582dd6e7b27eddd6730b11995ca503093dad0f4987c546821d807630805,4
8680,obj:4d9a2409355d41611cf4881bf884e438c0ef5c1317fd586ab77484465f79dc7c,2
8681,obj:4d9a2409355d41611cf4881bf884e438c0ef5c1317fd586ab77484465f79dc7c,2
8682,obj:33bca0d8b73cff2366ef90a706a726162f742f831d29392eb9b76b7564820290,3
8683,obj:33bca0d8b73cff2366ef90a706a726162f742f831d29392eb9b76b7564820290,3
8684,obj:54ab96039ebc8d9263d7dfba7c4185cd48b383a92d81f421e7c646d0fe7cd617,0
8685,obj:54ab96039ebc8d9263d7dfba7c4185cd48b383a92d81f421e7c646d0fe7cd617,0
8686,obj:dd800cadb77067c0e881d10dcf9cf70b56c88b4a82611b4f71679b184d4a34c1,3
8687,obj:dd800cadb77067c0e881d10dcf9cf70b56c88b4a82611b4f71679b184d4a34c1,3
8688,obj:fd618d39804507547e44de0fb477ad862143102d7ea3aafcd50bf85cd1a7e9ee,0
8689,obj:fd618d39804507547e44de0fb477ad862143102d7ea3aafcd50bf85cd1a7e9ee,0
8690,obj:2d305cf10fbb2031ebdcc22cc816a918c53a47df7a70eb307ecd6c9529c16648,4
8691,obj:2d305cf10fbb2031ebdcc22cc816a918c53a47df7a70eb307ecd6c9529c16648,4
8692,obj:625c080a7ce43561fef4fb508c481d74ce50912d3774500308636f13dc4e4196,3
8693,obj:625c080a7ce43561fef4fb508c481d74ce50912d3774500308636f13dc4e4196,3
8694,obj:0862b2aa6697cf4c458e48b37df110e0214acc6d280c28e6faaadba4b3ce1543,1
8695,obj:0862b2aa6697cf4c458e48b37df110e0214acc6d280c28e6faaadba4b3ce1543,1
8696,obj:0862b2aa6697cf4c458e48b37df110e0214acc6d280c28e6faaadba4b3ce1543,1
8697,obj:0862b2aa6697cf4c458e48b37df110e0214acc6d280c28e6faaadba4b3ce1543,1
8698,obj:34412624ee154ab87e337844cd36ee98e681770e2cfccf77f4ade43e883e370a,0
8699,obj:34412624ee154ab87e337844cd36ee98e681770e2cfccf77f4ade43e883e370a,0
8700,obj:17c264167b47eb44607ae9eee12f5d325d5c74ce37d0eb2ec73716c98019cb81,4
8701,obj:17c264167b47eb44607ae9eee12f5d325d5c74ce37d0eb2ec73716c98019cb81,4
8702,obj:0f37bb9f27489e268121a15fab9ec7a753c97efee9529ead9906807db502174c,0
8703,obj:0f37bb9f27489e268121a15fab9ec7a753c97efee9529ead9906807db502174c,0
8704,obj:e17078e0665fd6ffb511db2b73fbc54bc6e590a83398c3f868aa29cafd9d461a,0
8705,obj:e17078e0665fd6ffb511db2b73fbc54bc6e590a83398c3f868aa29cafd9d461a,0
8706,obj:a673cd3c2040c459c67b2eb7c1bebe827daf72511c8516099b47974cb1c2540d,2
8707,obj:a673cd3c2040c459c67b2eb7c1bebe827daf72511c8516099b47974cb1c2540d,2
8708,obj:fb4be0135e90bddf21ad83809c77f699cf0afb7bc46ecf40dce1d57ea41fd5b3,4
8709,obj:fb4be0135e90bddf21ad83809c77f699cf0afb7bc46ecf40dce1d57ea41fd5b3,4
8710,obj:e5e14271697de7515876916d14014c58710957ad9e6fc5d53fdd10c78e64211b,0
8711,obj:e5e14271697de7515876916d14014c58710957ad9e6fc5d53fdd10c78e64211b,0
8712,obj:5cb075bc6f202a4a4e7f7bab31fc7e1e5578fd847ca3c0b36f9754a43a5fcf33,3
8713,obj:5cb075bc6f202a4a4e7f7bab31fc7e1e5578fd847ca3c0b36f9754a43a5fcf33,3
8714,obj:73f5c21e7076394bc707d5f3d0514357e337b6374e45a3d0c57b93587a256668,2
8715,obj:73f5c21e7076394bc707d5f3d0514357e337b6374e45a3d0c57b93587a256668,2
8716,obj:ac8f35f3d228ff7ee148c1f008f103caff1fe9e0ed0eab64d0b5fd8fff656c75,4
8717,obj:ac8f35f3d228ff7ee148c1f008f103caff1fe9e0ed0eab64d0b5fd8fff656c75,4
8718,obj:ca5f2c40a7087963d4a80145f606d776cb460c785a6ce1c7ee646d3fb63a1f90,1
8719,obj:ca5f2c40a7087963d4a80145f606d776cb460c785a6ce1c7ee646d3fb63a1f90,1
8720,obj:f7e412a26d4bf99df7076b17caa9ce1e93eec7b6ba1ee9dd52a807032f807bb5,2
8721,obj:f7e412a26d4bf99df7076b17caa9ce1e93eec7b6ba1ee9dd52a807032f807bb5,2
8722,obj:3c23596f0c98bfaf1fd934c97807ecfa4d4de26c2706a819020e9f14bc7d9a98,4
8723,obj:3c23596f0c98bfaf1fd934c97807ecfa4d4de26c2706a819020e9f14bc7d9a98,4
8724,obj:49b6f3c6d1f2161b0a1147c15dbf9f6557ded10f7755db26087325a5aab1eb2b,2
8725,obj:49b6f3c6d1f2161b0a1147c15dbf9f6557ded10f7755db26087325a5aab1eb2b,2
8726,obj:c8ef8d8b421c78b5baaf5b3fb8bdc32e2251b88e852b47fb92949c4806b2cf67,4
8727,obj:c8ef8d8b421c78b5baaf5b3fb8bdc32e2251b88e852b47fb92949c4806b2cf67,4
8728,obj:5c83acccf968597080b7d1e424bb3953dfc6caf6b244980908beb2d25eb753c1,4
8729,obj:5c83acccf968597080b7d1e424bb3953dfc6caf6b244980908beb2d25eb753c1,4
8730,obj:3af7f8b308e65dbe045e5b9105a7bf15b5c8e1fb1950c29f048e9416d6b11eb5,3
8731,obj:3af7f8b308e65dbe045e5b9105a7bf15b5c8e1fb1950c29f048e9416d6b11eb5,3
8732,obj:0862b2aa6697cf4c458e48b37df110e0214acc6d280c28e6faaadba4b3ce1543,1
8733,obj:0862b2aa6697cf4c458e48b37df110e0214acc6d280c28e6faaadba4b3ce1543,1
8734,obj:6f42c582dd6e7b27eddd6730b11995ca503093dad0f4987c546821d807630805,4
8735,obj:6f42c582dd6e7b27eddd6730b11995ca503093dad0f4987c546821d807630805,4
8736,obj:fac4fc912130e6449fac46167820daa68dc17d866df32c70b9f7815b5fd74374,0
8737,obj:fac4fc912130e6449fac46167820daa68dc17d866df32c70b9f7815b5fd74374,0
8738,obj:8fb2e828e6fc9e078ab22be04774591bd025d71fee1d0b23a580a73543251999,0
8739,obj:8fb2e828e6fc9e078ab22be04774591bd025d71fee1d0b23a580a73543251999,0
8740,obj:42dd8e966f03d22ba1d54496728ba67cb27cb50a54c67aead9aabec96afd5988,0
8741,obj:42dd8e966f03d22ba1d54496728ba67cb27cb50a54c67aead9aabec96afd5988,0
8742,obj:6d66e7a062bcf087210b4961619d1478e6cd09f76be55121458b089655edfac2,2
8743,obj:6d66e7a062bcf087210b4961619d1478e6cd09f76be55121458b089655edfac2,2
8744,obj:5bbdb6e72cf93408aabec30156c9946dc350b3eb61b86de7eacea0d1b8569874,1
8745,obj:5bbdb6e72cf93408aabec30156c9946dc350b3eb61b86de7eacea0d1b8569874,1
8746,obj:0862b2aa6697cf4c458e48b37df110e0214acc6d280c28e6faaadba4b3ce1543,1
8747,obj:0862b2aa6697cf4c458e48b37df110e0214acc6d280c28e6faaadba4b3ce1543,1
8748,obj:5a2923515dc149b363e8729d18adc6bbb18718c496d97c5a8a32fb12e575ed95,0
8749,obj:5a2923515dc149b363e8729d18adc6bbb18718c496d97c5a8a32fb12e575ed95,0
8750,obj:263f5c43f36ffc4e786f5627337686236126eafa36020c5887b1efbc85180732,4
8751,obj:263f5c43f36ffc4e786f5627337686236126eafa36020c5887b1efbc85180732,4
8752,obj:161eb968ce099632488d62cb031c523a650f99d6544619334b805780a285c32a,3
8753,obj:161eb968ce099632488d62cb031c523a650f99d6544619334b805780a285c32a,3
8754,obj:1c76d80be72fad2f9f8e0b4108da7963157dcd8d67bc9724871d220ee35d4fb3,3
8755,obj:1c76d80be72fad2f9f8e0b4108da7963157dcd8d67bc9724871d220ee35d4fb3,3
8756,obj:a2d5bb1c231e1947a79ae93d2aa4f36df54ff1af6a969495731437447ff2dbfc,2
8757,obj:a2d5bb1c231e1947a79ae93d2aa4f36df54ff1af6a969495731437447ff2dbfc,2
8758,obj:5a2923515dc149b363e8729d18adc6bbb18718c496d97c5a8a32fb12e575ed95,0
8759,obj:5a2923515dc149b363e8729d18adc6bbb18718c496d97c5a8a32fb12e575ed95,0
8760,obj:6488aebe30e63e9b143d4cba3868dae254874b6327a81b73b66a18b230579780,0
8761,obj:6488aebe30e63e9b143d4cba3868dae254874b6327a81b73b66a18b230579780,0
8762,obj:40207aea37350cea9cba4990944952c8c70ef2de9eedd1b9fb015943346001b3,2
8763,obj:40207aea37350cea9cba4990944952c8c70ef2de9eedd1b9fb015943346001b3,2
8764,obj:6f42c582dd6e7b27eddd6730b11995ca503093dad0f4987c546821d807630805,4
8765,obj:6f42c582dd6e7b27eddd6730b11995ca503093dad0f4987c546821d807630805,4
8766,obj:598fc6152460ca16a8c8578e1b987cb0173f3d43d1c64875608efd8890a6437a,0
8767,obj:598fc6152460ca16a8c8578e1b987cb0173f3d43d1c64875608efd8890a6437a,0
8768,obj:4f25dc37596f282d4e43d1e2ce9414be31c236e31e66c78deaf59b35817f2eb5,2
8769,obj:4f25dc37596f282d4e43d1e2ce9414be31c236e31e66c78deaf59b35817f2eb5,2
8770,obj:34412624ee154ab87e337844cd36ee98e681770e2cfccf77f4ade43e883e370a,0
8771,obj:34412624ee154ab87e337844cd36ee98e681770e2cfccf77f4ade43e883e370a,0
8772,obj:6fe8810f732265a067c10baaa27d41c6dce0dc1dea843bd793a68237bf5bb026,2
8773,obj:6fe8810f732265a067c10baaa27d41c6dce0dc1dea843bd793a68237bf5bb026,2
8774,obj:753feee3cf5a83f9a9b4d078988178dfcdb0228c3e47d0495d3871ce908b8525,0
8775,obj:753feee3cf5a83f9a9b4d078988178dfcdb0228c3e47d0495d3871ce908b8525,0
8776,obj:45362a75000c084757cd08479e4fa728ab9eff667078384c98e1758239c63d54,3
8777,obj:45362a75000c084757cd08479e4fa728ab9eff667078384c98e1758239c63d54,3
8778,obj:00f3c1488c80feabec670daffc9afb6fbf4fb2d2df9a3f369c242be95c69a50e,3
8779,obj:00f3c1488c80feabec670daffc9afb6fbf4fb2d2df9a3f369c242be95c69a50e,3
8780,obj:baf01b6f65fe14a81388d8c580fd58194339de53d6e8a4e4cb5fd7b30af50157,0
8781,obj:baf01b6f65fe14a81388d8c580fd58194339de53d6e8a4e4cb5fd7b30af50157,0
8782,obj:6f42c582dd6e7b27eddd6730b11995ca503093dad0f4987c546821d807630805,4
8783,obj:6f42c582dd6e7b27eddd6730b11995ca503093dad0f4987c546821d807630805,4
8784,obj:8fb2e828e6fc9e078ab22be04774591bd025d71fee1d0b23a580a73543251999,0
8785,obj:8fb2e828e6fc9e078ab22be04774591bd025d71fee1d0b23a580a73543251999,0
8786,obj:570179bc50778ee2d945033dcf825cba69d16820737f76bfaaf6240987edfcf7,0
8787,obj:570179bc50778ee2d945033dcf825cba69d16820737f76bfaaf6240987edfcf7,0
8788,obj:431704bafc10800c5b83d54ab14a8e9008882b5e92bffd5c306dfb356396bf47,3
8789,obj:431704bafc10800c5b83d54ab14a8e9008882b5e92bffd5c306dfb356396bf47,3
8790,obj:a2d5bb1c231e1947a79ae93d2aa4f36df54ff1af6a969495731437447ff2dbfc,2
8791,obj:a2d5bb1c231e1947a79ae93d2aa4f36df54ff1af6a969495731437447ff2dbfc,2
8792,obj:466e3fc198c92e1164a446bd42c513a6ff99e17506484fa027611ac9de5462fb,3
8793,obj:466e3fc198c92e1164a446bd42c513a6ff99e17506484fa027611ac9de5462fb,3
8794,obj:9e70939ccd8860db6f9f1bb78dfe087557a2f7acebe648357b621e1e7d15bbff,1
8795,obj:9e70939ccd8860db6f9f1bb78dfe087557a2f7acebe648357b621e1e7d15bbff,1
8796,obj:bbc4a7785c9d389187a2dabd1f4bbba0a1f8397f0937d559bef4fdd7bba5153f,2
8797,obj:bbc4a7785c9d389187a2dabd1f4bbba0a1f8397f0937d559bef4fdd7bba5153f,2
8798,obj:5a517e5570bc9201007feffa295b6d92437fae963b4d32b07cf82de6edcd1f2d,1
8799,obj:5a517e5570bc9201007feffa295b6d92437fae963b4d32b07cf82de6edcd1f2d,1
8800,obj:34bfa7eb5edd7982c03f3b90ac014126ca24971850ad61af20e3bf7fc0b1c359,0
8801,obj:34bfa7eb5edd7982c03f3b90ac014126ca24971850ad61af20e3bf7fc0b1c359,0
8802,obj:55c49a17a53b9f95870ec87c1cb7dc0c08fcde9c866a652bfc008494c0902226,1
8803,obj:55c49a17a53b9f95870ec87c1cb7dc0c08fcde9c866a652bfc008494c0902226,1
8804,obj:466e3fc198c92e1164a446bd42c513a6ff99e17506484fa027611ac9de5462fb,3
8805,obj:466e3fc198c92e1164a446bd42c513a6ff99e17506484fa027611ac9de5462fb,3
8806,obj:ec16472f5592f58b72bb324140f5353d3fc5a9f8e84e5144753b65629b1d2c6e,1
8807,obj:ec16472f5592f58b72bb324140f5353d3fc5a9f8e84e5144753b65629b1d2c6e,1
8808,obj:e31694afedf9f493eb28503f88d364876faeef04c258d17a1296928613b88702,1
8809,obj:e31694afedf9f493eb28503f88d364876faeef04c258d17a1296928613b88702,1
8810,obj:e1ec3709a3e263cc46f4ebab812dc2bd8355249dddfc7210ed7125d7301c0af8,2
8811,obj:e1ec3709a3e263cc46f4ebab812dc2bd8355249dddfc7210ed7125d7301c0af8,2
8812,obj:d2e9b4f350624f1b27b212c9c9c7cac029fd660b6755d196dedaa32d7db765f8,1
8813,obj:d2e9b4f350624f1b27b212c9c9c7cac029fd660b6755d196dedaa32d7db765f8,1
8814,obj:4f03e0f57fc30c7e8e6dea8a596fb97976404dd87a7cceb1e95adda9e31f77d3,2
8815,obj:4f03e0f57fc30c7e8e6dea8a596fb97976404dd87a7cceb1e95adda9e31f77d3,2
8816,obj:21610ea2ece68a37588d50b6e3b67cff3134e5ceea3fa61c2068f80db62b4b70,0
8817,obj:21610ea2ece68a37588d50b6e3b67cff3134e5ceea3fa61c2068f80db62b4b70,0
8818,obj:b0b43b945568a7994c00a328948758299a269e7f880b0d4be545dc85d7e773c9,1
8819,obj:b0b43b945568a7994c00a328948758299a269e7f880b0d4be545dc85d7e773c9,1
8820,obj:4f48f51a90fa82c53f4e6d4c0e1aadc8f7b3dcb35aa5435422d92054abaae5ca,2
8821,obj:4f48f51a90fa82c53f4e6d4c0e1aadc8f7b3dcb35aa5435422d92054abaae5ca,2
8822,obj:a20436d46f41087773e9e58d3f79d6beceb0d7009119c842290c2a988acf7d26,1
8823,obj:a20436d46f41087773e9e58d3f79d6beceb0d7009119c842290c2a988acf7d26,1
8824,obj:2c0f34b8bf9d8e437546226233253b64334ab8fd0463a73b74d18d9874532949,2
8825,obj:2c0f34b8bf9d8e437546226233253b64334ab8fd0463a73b74d18d9874532949,2
8826,obj:0710d3514ae03454a8c225c524b15304010394c5bf581f12a7f01bc808435341,2
8827,obj:0710d3514ae03454a8c225c524b15304010394c5bf581f12a7f01bc808435341,2
8828,obj:21610ea2ece68a37588d50b6e3b67cff3134e5ceea3fa61c2068f80db62b4b70,0
8829,obj:21610ea2ece68a37588d50b6e3b67cff3134e5ceea3fa61c2068f80db62b4b70,0
8830,obj:466e3fc198c92e1164a446bd42c513a6ff99e17506484fa027611ac9de5462fb,3
8831,obj:466e3fc198c92e1164a446bd42c513a6ff99e17506484fa027611ac9de5462fb,3
8832,obj:e661ce82c5f7f55d55cf0ba33acdf779a5a05bc1e7dd5f48cddcf80ecc4a8db6,4
8833,obj:e661ce82c5f7f55d55cf0ba33acdf779a5a05bc1e7dd5f48cddcf80ecc4a8db6,4
8834,obj:63ad906f19fdad8f118abec08988df6c2fc58e0cb56e02286227fef0f96a0266,3
8835,obj:63ad906f19fdad8f118abec08988df6c2fc58e0cb56e02286227fef0f96a0266,3
8836,obj:4d9a2409355d41611cf4881bf884e438c0ef5c1317fd586ab77484465f79dc7c,2
8837,obj:4d9a2409355d41611cf4881bf884e438c0ef5c1317fd586ab77484465f79dc7c,2
8838,obj:12e727ded497751d37a957cacf2c84c135cf65f590fc8bf93202ea4dde469f98,1
8839,obj:12e727ded497751d37a957cacf2c84c135cf65f590fc8bf93202ea4dde469f98,1
8840,obj:bf002e443418c4eaedb4735e113809191bd7cb3b1c0d6b1ab2946741c434566c,4
8841,obj:bf002e443418c4eaedb4735e113809191bd7cb3b1c0d6b1ab2946741c434566c,4
8842,obj:565a465b14d5afc16a4f31860f03fdce60902a3e051e83508bfb38724e6b2d1b,4
8843,obj:565a465b14d5afc16a4f31860f03fdce60902a3e051e83508bfb38724e6b2d1b,4
8844,obj:3b8bf6271621b83e6ddbae8f0f6f7fc948771b3bdd70374a1481737e7dfb6d3b,1
8845,obj:3b8bf6271621b83e6ddbae8f0f6f7fc948771b3bdd70374a1481737e7dfb6d3b,1
8846,obj:c850aab75bb523bc5130c2a31eb9dd7e5409790307a0b06fb8bd464bf993a18e,0
8847,obj:c850aab75bb523bc5130c2a31eb9dd7e5409790307a0b06fb8bd464bf993a18e,0
8848,obj:5336c654ce1cf12977949ad83eef49187ef003644d63049e61cae1763c117571,3
8849,obj:5336c654ce1cf12977949ad83eef49187ef003644d63049e61cae1763c117571,3
8850,obj:f10cd7923636681791744f6a31ecda02cb18b3c7edffa50b447598d77fa220c3,0
8851,obj:f10cd7923636681791744f6a31ecda02cb18b3c7edffa50b447598d77fa220c3,0
8852,obj:327dbdab56a83001daece5fe35d8f78a4e249d4e7444dec1651d42b0de4ae0f5,1
8853,obj:327dbdab56a83001daece5fe35d8f78a4e249d4e7444dec1651d42b0de4ae0f5,1
8854,obj:c38d212a29ed4db3cc434b73e8ee0cc1e62aac5e7863811de8c19c08f13622b7,0
8855,obj:c38d212a29ed4db3cc434b73e8ee0cc1e62aac5e7863811de8c19c08f13622b7,0
8856,obj:5c609aaf1f61d1744c5bcd2669dfebed66c692a4063d4901ce6dfb541d8fbae6,2
8857,obj:5c609aaf1f61d1744c5bcd2669dfebed66c692a4063d4901ce6dfb541d8fbae6,2
8858,obj:8a32499bd7ea3cdfa242dc7e7e49d0c270beb17db32086d9b3e84bfdd11bd7d9,2
8859,obj:8a32499bd7ea3cdfa242dc7e7e49d0c270beb17db32086d9b3e84bfdd11bd7d9,2
8860,obj:8f9d7d85ca51d82996a0fd0c55f98e52660a61b25261b533cf20f84ddd1c72b5,1
8861,obj:8f9d7d85ca51d82996a0fd0c55f98e52660a61b25261b533cf20f84ddd1c72b5,1
8862,obj:17f9eeb108b6b3a2180b38098be36f3a30899c2bd6f0868145371ddbcb5bfeae,4
8863,obj:17f9eeb108b6b3a2180b38098be36f3a30899c2bd6f0868145371ddbcb5bfeae,4
8864,obj:f250a2e9e0be0d5dc751f1ee9256d83b7f28aa9d2593bac76bc176fcfe3b8252,4
8865,obj:f250a2e9e0be0d5dc751f1ee9256d83b7f28aa9d2593bac76bc176fcfe3b8252,4
8866,obj:76827cd47c75645b69ce3391ab5482a36ecd4b90971a67f488f17e5ad8bafdbb,0
8867,obj:76827cd47c75645b69ce3391ab5482a36ecd4b90971a67f488f17e5ad8bafdbb,0
8868,obj:aa632c9d7763d3de7074c0f958274526d34094544cf03942cc6cd0146ea5e4a6,4
8869,obj:aa632c9d7763d3de7074c0f958274526d34094544cf03942cc6cd0146ea5e4a6,4
8870,obj:0449093a43546338714fbf0c7067bd88b1f34025b946d5ffff0e94c1855d71d6,0
8871,obj:0449093a43546338714fbf0c7067bd88b1f34025b946d5ffff0e94c1855d71d6,0
8872,obj:a878e486460d2af67977807cb155958b6bf6de4ddb8b638911f5782c91cf73e0,2
8873,obj:a878e486460d2af67977807cb155958b6bf6de4ddb8b638911f5782c91cf73e0,2
8874,obj:dd9bf9ad4198e4f5bcd17a41dcd123283d83bf1f6e6935a6e221a4579fdce92f,3
8875,obj:dd9bf9ad4198e4f5bcd17a41dcd123283d83bf1f6e6935a6e221a4579fdce92f,3
8876,obj:76717d0f0b12b3e42c96401a42613533488fcf4f807424e1d33cc36eac981b1c,4
8877,obj:76717d0f0b12b3e42c96401a42613533488fcf4f807424e1d33cc36eac981b1c,4
8878,obj:5c83acccf968597080b7d1e424bb3953dfc6caf6b244980908beb2d25eb753c1,4
8879,obj:5c83acccf968597080b7d1e424bb3953dfc6caf6b244980908beb2d25eb753c1,4
8880,obj:beab121b25b3ab9975636c9062e13311b8533df78e419fd32d31b74d8fea16dc,4
8881,obj:beab121b25b3ab9975636c9062e13311b8533df78e419fd32d31b74d8fea16dc,4
8882,obj:9b2d16a5475c7b3bb51124a28fac2c68aa962e53389bad6d221a54526a13913c,1
8883,obj:9b2d16a5475c7b3bb51124a28fac2c68aa962e53389bad6d221a54526a13913c,1
8884,obj:d433386b08d4852969ae6693b8033b6f40bdf939c3e5fc81903f308317754219,3
8885,obj:d433386b08d4852969ae6693b8033b6f40bdf939c3e5fc81903f308317754219,3
8886,obj:4f25dc37596f282d4e43d1e2ce9414be31c236e31e66c78deaf59b35817f2eb5,2
8887,obj:4f25dc37596f282d4e43d1e2ce9414be31c236e31e66c78deaf59b35817f2eb5,2
8888,obj:ecbd3a9658c47462272816cef68f82bf478272ed82a62505221a57108c440644,3
8889,obj:ecbd3a9658c47462272816cef68f82bf478272ed82a62505221a57108c440644,3
8890,obj:ad27081bef5e1e42a83a7e99c5bce533e62fb0e9d1ab9d9b7e4a50de74a87c44,1
8891,obj:ad27081bef5e1e42a83a7e99c5bce533e62fb0e9d1ab9d9b7e4a50de74a87c44,1
8892,obj:3beaf20351309947f3d32b64709d7be9aa8f316c037640eaa967c4fa7a621d79,0
8893,obj:3beaf20351309947f3d32b64709d7be9aa8f316c037640eaa967c4fa7a621d79,0
8894,obj:6d66e7a062bcf087210b4961619d1478e6cd09f76be55121458b089655edfac2,2
8895,obj:6d66e7a062bcf087210b4961619d1478e6cd09f76be55121458b089655edfac2,2
8896,obj:acd864ff5632d9f8f70e421a9da151ac0b7be91517c0eda65e8c0213d8a97082,2
8897,obj:acd864ff5632d9f8f70e421a9da151ac0b7be91517c0eda65e8c0213d8a97082,2
8898,obj:1a7d58ce0e447c9ea40a909dcc8408c84c2e793aa4d75b835dc9fbc259f0b514,4
8899,obj:1a7d58ce0e447c9ea40a909dcc8408c84c2e793aa4d75b835dc9fbc259f0b514,4
8900,obj:45362a75000c084757cd08479e4fa728ab9eff667078384c98e1758239c63d54,3
8901,obj:45362a75000c084757cd08479e4fa728ab9eff667078384c98e1758239c63d54,3
8902,obj:f1e58c4560059976cfec789d7c9a8a45c419ebfdaba55c4f7b9c28ed40838c31,1
8903,obj:f1e58c4560059976cfec789d7c9a8a45c419ebfdaba55c4f7b9c28ed40838c31,1
8904,obj:dac28f0c41e4587630ede6b889c68994a53fe45b0cef2e8ad2db0c9c41c64ea7,0
8905,obj:dac28f0c41e4587630ede6b889c68994a53fe45b0cef2e8ad2db0c9c41c64ea7,0
8906,obj:728f54db179984c77d28948265700062285b9df56c8944442592f3482d796fd4,4
8907,obj:728f54db179984c77d28948265700062285b9df56c8944442592f3482d796fd4,4
8908,obj:19a0c81787c12c502c97448f830474bd913128c588a7e73c25e0a5a16b205c68,1
8909,obj:19a0c81787c12c502c97448f830474bd913128c588a7e73c25e0a5a16b205c68,1
8910,obj:79e7defd41dc3f5b3a8943c22d845e77e1032b9eafbaa2916fcf133efd4e7e77,1
8911,obj:79e7defd41dc3f5b3a8943c22d845e77e1032b9eafbaa2916fcf133efd4e7e77,1
8912,obj:0862b2aa6697cf4c458e48b37df110e0214acc6d280c28e6faaadba4b3ce1543,1
8913,obj:0862b2aa6697cf4c458e48b37df110e0214acc6d280c28e6faaadba4b3ce1543,1
8914,obj:64d68c4ce039f71783057d0fbc96b6634d4380c39639534ec84fd1446e3a7606,3
8915,obj:64d68c4ce039f71783057d0fbc96b6634d4380c39639534ec84fd1446e3a7606,3
8916,obj:4ed01982625a54d1c74910433c6dfda2a920b756e8feeb7bad9b53db7073f3e1,4
8917,obj:4ed01982625a54d1c74910433c6dfda2a920b756e8feeb7bad9b53db7073f3e1,4
8918,obj:e7d57fdb3af7e9e6f33db28b32e842ca8d30e98418d92d9de15a18f5eec18c94,4
8919,obj:e7d57fdb3af7e9e6f33db28b32e842ca8d30e98418d92d9de15a18f5eec18c94,4
8920,obj:0710d3514ae03454a8c225c524b15304010394c5bf581f12a7f01bc808435341,2
8921,obj:0710d3514ae03454a8c225c524b15304010394c5bf581f12a7f01bc808435341,2
8922,obj:5d7953b9b248c3c7335373d662efee41e8c275fbf23fd12c11ca9e53ca5a99cc,3
8923,obj:5d7953b9b248c3c7335373d662efee41e8c275fbf23fd12c11ca9e53ca5a99cc,3
8924,obj:377b138cbafa3e9af7517274d14a14ec058af747e5c0e0046f68b793c78658e4,0
8925,obj:377b138cbafa3e9af7517274d14a14ec058af747e5c0e0046f68b793c78658e4,0
8926,obj:bb4bde7c8c84bd01b1c3435d4d36edf7d2b1df0123b28af8fd024585bf47e373,3
8927,obj:bb4bde7c8c84bd01b1c3435d4d36edf7d2b1df0123b28af8fd024585bf47e373,3
8928,obj:a9913db83118a2fd672f385479d64ae24bd2fcbf7881d225e7713ae40165e63e,1
8929,obj:a9913db83118a2fd672f385479d64ae24bd2fcbf7881d225e7713ae40165e63e,1
8930,obj:a0758ab2a908180dff98fd16e6495440183b176d2fc3c4be5a760d6609ecf564,2
8931,obj:a0758ab2a908180dff98fd16e6495440183b176d2fc3c4be5a760d6609ecf564,2
8932,obj:a546ffc670fefe1134bb54420bcbd7475435f0091590916c4f48ae44f2ec87ef,1
8933,obj:a546ffc670fefe1134bb54420bcbd7475435f0091590916c4f48ae44f2ec87ef,1
8934,obj:088fd2d5ba87ad77fbf069e2649b53bff6c0200434b7bd96166ae61b8ee633c7,2
8935,obj:088fd2d5ba87ad77fbf069e2649b53bff6c0200434b7bd96166ae61b8ee633c7,2
8936,obj:28b3a717f4d5c1c5d3f1cd537dd65d2cac774526528a2ee4c37681e59301e4a6,4
8937,obj:28b3a717f4d5c1c5d3f1cd537dd65d2cac774526528a2ee4c37681e59301e4a6,4
8938,obj:42caf8981cd6b69af203209b66a1294e0f5fb657d7d17e3d6e9a36c2b16a3a3e,4
8939,obj:42caf8981cd6b69af203209b66a1294e0f5fb657d7d17e3d6e9a36c2b16a3a3e,4
8940,obj:e185f3cb87dd6f96ecd6dcb725a2ef73b0afeac90bea1f6f6108eb004dcb9be4,4
8941,obj:e185f3cb87dd6f96ecd6dcb725a2ef73b0afeac90bea1f6f6108eb004dcb9be4,4
8942,obj:0b6f67ed857bd660069095317b9324e7f33abbb23732b24a603754630a07c2f4,4
8943,obj:0b6f67ed857bd660069095317b9324e7f33abbb23732b24a603754630a07c2f4,4
8944,obj:a2753640e6369d1a347dba803671410d6a6eebbde0df4fef3e58dfebdcce6cf3,4
8945,obj:a2753640e6369d1a347dba803671410d6a6eebbde0df4fef3e58dfebdcce6cf3,4
8946,obj:a0a5e4ee0b6aa9e1946dcb9c08008d1c776aaf23204c0bf3eaa4ac220ba3e1d7,3
8947,obj:a0a5e4ee0b6aa9e1946dcb9c08008d1c776aaf23204c0bf3eaa4ac220ba3e1d7,3
8948,obj:0862b2aa6697cf4c458e48b37df110e0214acc6d280c28e6faaadba4b3ce1543,1
8949,obj:0862b2aa6697cf4c458e48b37df110e0214acc6d280c28e6faaadba4b3ce1543,1
8950,obj:567475c1054656b0925bc19e54796047816fbca9eda35b5969cdf9afc1aff5a6,1
8951,obj:567475c1054656b0925bc19e54796047816fbca9eda35b5969cdf9afc1aff5a6,1
8952,obj:bd6f56980a82f7b4b50b03edb49b9441d986ae4a45968a29a2123f006df947fd,0
8953,obj:bd6f56980a82f7b4b50b03edb49b9441d986ae4a45968a29a2123f006df947fd,0
8954,obj:f7e412a26d4bf99df7076b17caa9ce1e93eec7b6ba1ee9dd52a807032f807bb5,2
8955,obj:f7e412a26d4bf99df7076b17caa9ce1e93eec7b6ba1ee9dd52a807032f807bb5,2
8956,obj:822ce48f062b5aa7baf7d16ecb2be37fa8ddffa46136175f2ee3b072a891084a,4
8957,obj:822ce48f062b5aa7baf7d16ecb2be37fa8ddffa46136175f2ee3b072a891084a,4
8958,obj:906cd71964cf98d18613afd0abfbac42c5ae0d1cad7ec407b3981cf20f2af1a5,2
8959,obj:906cd71964cf98d18613afd0abfbac42c5ae0d1cad7ec407b3981cf20f2af1a5,2
8960,obj:61d2f917bd1ee7a1daec314702fe9fc16d30c625f60b9b4b5fd33d1cf6367563,0
8961,obj:61d2f917bd1ee7a1daec314702fe9fc16d30c625f60b9b4b5fd33d1cf6367563,0
8962,obj:bfff3b263ce059396cfd7486c827ad87580e10e7c4c5dfe47480fb2c26db8081,1
8963,obj:bfff3b263ce059396cfd7486c827ad87580e10e7c4c5dfe47480fb2c26db8081,1
8964,obj:e70afe7fc02cad8d4749ac02b594245f83d5b137562158ec6f6d9ffbd8d8e5eb,0
8965,obj:e70afe7fc02cad8d4749ac02b594245f83d5b137562158ec6f6d9ffbd8d8e5eb,0
8966,obj:431704bafc10800c5b83d54ab14a8e9008882b5e92bffd5c306dfb356396bf47,3
8967,obj:431704bafc10800c5b83d54ab14a8e9008882b5e92bffd5c306dfb356396bf47,3
8968,obj:9f855026eea9cfcc7ceb5d98b9a76d39794b75c853dcb2796329f6e1e50008f6,3
8969,obj:9f855026eea9cfcc7ceb5d98b9a76d39794b75c853dcb2796329f6e1e50008f6,3
8970,obj:41651bb7280465b1e6ea7bfaf678f9cfb10ba5c6acde20e346951c14440a76d3,0
8971,obj:41651bb7280465b1e6ea7bfaf678f9cfb10ba5c6acde20e346951c14440a76d3,0
8972,obj:d50993a169dda4485a1823f517012392522c0c3ac0a746797c1b30811f383995,1
8973,obj:d50993a169dda4485a1823f517012392522c0c3ac0a746797c1b30811f383995,1
8974,obj:b1fdcee7e8ef1305cd35d2892643af26961b24f04a0e9c698d4646734db28c04,3
8975,obj:b1fdcee7e8ef1305cd35d2892643af26961b24f04a0e9c698d4646734db28c04,3
8976,obj:4fa6a3820af707102260ebf9dcc8422981bfbddbbcbce6f00176d524ee163a0b,4
8977,obj:4fa6a3820af707102260ebf9dcc8422981bfbddbbcbce6f00176d524ee163a0b,4
8978,obj:0cdcc6e1ab4f53f70d904df6017d2bf8d0b546a7e0110675888cecd7838471aa,4
8979,obj:0cdcc6e1ab4f53f70d904df6017d2bf8d0b546a7e0110675888cecd7838471aa,4
8980,obj:30d10ad0e5c6a72996f7e7ac189a92a6e1830fb07b535f8fd741e25eceda19ef,4
8981,obj:30d10ad0e5c6a72996f7e7ac189a92a6e1830fb07b535f8fd741e25eceda19ef,4
8982,obj:b4361322096d508b60bf909d022ffc00f1b7bcbe433750e8bdcb009c789a2aa2,0
8983,obj:b4361322096d508b60bf909d022ffc00f1b7bcbe433750e8bdcb009c789a2aa2,0
8984,obj:558c517069e6b1447edc0a86845067f002962b9c9c0828ca69f7b839f53c40ca,2
8985,obj:558c517069e6b1447edc0a86845067f002962b9c9c0828ca69f7b839f53c40ca,2
8986,obj:5c83acccf968597080b7d1e424bb3953dfc6caf6b244980908beb2d25eb753c1,4
8987,obj:5c83acccf968597080b7d1e424bb3953dfc6caf6b244980908beb2d25eb753c1,4
8988,obj:bef76cad5361a3359ac9050bdf7c5cee53854424331f662b4b574fa404fa0515,4
8989,obj:bef76cad5361a3359ac9050bdf7c5cee53854424331f662b4b574fa404fa0515,4
8990,obj:1c76d80be72fad2f9f8e0b4108da7963157dcd8d67bc9724871d220ee35d4fb3,3
8991,obj:1c76d80be72fad2f9f8e0b4108da7963157dcd8d67bc9724871d220ee35d4fb3,3
8992,obj:0862b2aa6697cf4c458e48b37df110e0214acc6d280c28e6faaadba4b3ce1543,1
8993,obj:0862b2aa6697cf4c458e48b37df110e0214acc6d280c28e6faaadba4b3ce1543,1
8994,obj:80490611649d9084cc7da767e0672af9ea959ed6fa7d2170550eb5475289177d,4
8995,obj:80490611649d9084cc7da767e0672af9ea959ed6fa7d2170550eb5475289177d,4
8996,obj:d6a7db905403b0620bf5c6343015b5de7df9af636f6c76188712ef30b8c9f62f,4
8997,obj:d6a7db905403b0620bf5c6343015b5de7df9af636f6c76188712ef30b8c9f62f,4
8998,obj:0816c3486954a3e7c0840995163674f73ecaddf773bd309b32a186b6d7412403,2
8999,obj:0816c3486954a3e7c0840995163674f73ecaddf773bd309b32a186b6d7412403,2
9000,obj:2cf14aae6f8a94051cc5b786093162a0af4024d21bb76c725f41259e442eb91a,3
9001,obj:9499ed42b6cadf28c2bf38ee887208d31b5b42865fb4c1b4acf8c14f249242e8,3
9002,obj:f642ac7f04bc18fe90d050915885f393ca465b6b1f6a8b5d5dd74245a1df1bf5,3
9003,obj:e0f81817d077d1954f98b08f1341ce24d23fee7131c5081be0dfd041fcef940a,3
9004,obj:4a81dc3adaff0e4807d8873ee01d9089c252fe547236d5ef7640e73aee81eed5,3
9005,obj:530e396da03e41a256715f0fa8e3482bb3599f42950cb324abda58e54810e49c,3
9006,obj:353de42f326f493c9113326759f10c32b6aaf88f9d2f89fa349f620b1cde7107,3
9007,obj:84f7b045f98e39ca3c242129349c0f7de10bb8d09c553fa8c49642000e6ef642,3
9008,obj:79e7defd41dc3f5b3a8943c22d845e77e1032b9eafbaa2916fcf133efd4e7e77,1
9009,obj:d91da974f4197596a6686f617773fdc59019c1349dd73602698be99d3e51b802,3
9010,obj:9e12fbca757b80d59f7445e16809bfc4d45a6677bced5ad33ce76788043fe56c,2
9011,obj:392df90ebfdd7fcfbeee10d557f89c4c664d5f551232a049fc8bf94ab2f508ce,1
9012,obj:0862b2aa6697cf4c458e48b37df110e0214acc6d280c28e6faaadba4b3ce1543,1
9013,obj:34bfa7eb5edd7982c03f3b90ac014126ca24971850ad61af20e3bf7fc0b1c359,0
9014,obj:546e215cf8b0d12d0847b678f1050e20ea2afef5fd3662dbcef57ad570a6f3c8,2
9015,obj:0862b2aa6697cf4c458e48b37df110e0214acc6d280c28e6faaadba4b3ce1543,1
9016,obj:eccf608ab1311c270972b2bde1b11074b67e485d7b362f2b1b5dd693acc6a8d1,4
9017,obj:3f720479dfc029478e25b2d518f22f41f26519206e35ca2235e85ee37a6403c3,3
9018,obj:6b2854602a96089c15f1078f6e4a395f0598a46f1cd00ef68f210abb19b9d0e6,4
9019,obj:6a42d4c7ab299f471ab52d3534d8fad29dddf68383d742623aa90332cbecee8b,2
9020,obj:c5455fc42acd6e368b17e5cadf5d189803be1705ed0ed40ab00ba66dd986d644,2
9021,obj:466e3fc198c92e1164a446bd42c513a6ff99e17506484fa027611ac9de5462fb,3
9022,obj:22b71aaf7febd3ecf1d26705b2a651de070cce606513fbd9b11941f763d18e33,1
9023,obj:0bd7f7de7f293732d26d671cef95166d7a8ff12c1e38d9326f86f5852c24fd28,4
9024,obj:5d2727ebaab86cbc51eece674fc47a1aa712fc9978a1fcdb97a7a40872d26837,4
9025,obj:2c0f34b8bf9d8e437546226233253b64334ab8fd0463a73b74d18d9874532949,2
9026,obj:8f9d7d85ca51d82996a0fd0c55f98e52660a61b25261b533cf20f84ddd1c72b5,1
9027,obj:99770172a73bdcbe3e1ea60187c317fd67f0fc2f1f27ac618c80ca355dccee98,2
9028,obj:c1d5368d08c9f76ed7addf8473a549547a226a717cd0c369b2130451a05a4f8e,0
9029,obj:26e3c0918ee7fa830369c42f436789723a41574bd0a76ade09f316c0e3453687,2
9030,obj:712d9c7f92f79e30bcc7d4e6028529015f55cd19cbf202a7065a4341834d719e,4
9031,obj:c44966ded26b7f71422cd9d14f69527e661c3618073bf7d41a0c46844ea6f603,1
9032,obj:9411f0d693706784f07aebf6cb8559c05f291f76c8f2697f197b89380c354873,4
9033,obj:558c517069e6b1447edc0a86845067f002962b9c9c0828ca69f7b839f53c40ca,2
9034,obj:6ca90ce50d956221d5c50d29fbd03ff430cf5f092c57ab5084de6e2319f6fa51,0
9035,obj:c2db9ebe450596c39a491a569df4bad294b0db04df48ac35c30a5ca5b29d65e7,3
9036,obj:e0bf84cd5cddb2def23c5f0278ff4c22d6f8adc843beb1c01ed7c0b516a98b27,4
9037,obj:6f42c582dd6e7b27eddd6730b11995ca503093dad0f4987c546821d807630805,4
9038,obj:dd9bf9ad4198e4f5bcd17a41dcd123283d83bf1f6e6935a6e221a4579fdce92f,3
9039,obj:2aca95e037b397a580d5593c9fa8f8e63b83c7254b3a54129d09672ea81ed12a,0
9040,obj:ba2c128cdd2a277e4098e62ff8060679dac2caee9211313f3a7a068e5da6ef32,3
9041,obj:be15400a769d09cd5c82a5986b6794caf61e843283ed04159353d941a894f850,0
9042,obj:80490611649d9084cc7da767e0672af9ea959ed6fa7d2170550eb5475289177d,4
9043,obj:84eafe31584031935d142aff402d789b8f8f4d964a0a8da4934a29c57787ac9f,4
9044,obj:b4a33dd72e8ff48af84147790866aa02129b2b073a534e90b74cf89c17f93131,2
9045,obj:e842a711eca6459f0d8854553f45bea83384cf41e08051a07ed3412e6b805576,1
9046,obj:c34a2d004c3fa7e209448726438db50753bb6533e1f53bddb115c9b58e0c5fcc,1
9047,obj:c99d47d8cc548fe370f33614857727b4a94707de8eb5ededdc31528ca1e430bc,2
9048,obj:5c83acccf968597080b7d1e424bb3953dfc6caf6b244980908beb2d25eb753c1,4
9049,obj:01e86d5b8f41dc74acd4299a5d60aeb78f72425749f1178f47117181275e391e,2
9050,obj:119568904906632859e5aca85087a5f8d5a0fa4b369a3a16bfb59526dce430a9,3
9051,obj:2da5610b222f2b5fbfc6168fa773fe4818386d387f99b953a47289f43872b72d,2
9052,obj:a8ba2fdeafd7fe00d16c0eca4d4e202c5e64a327977f9c6328f44afdcebe4a0a,0
9053,obj:0862b2aa6697cf4c458e48b37df110e0214acc6d280c28e6faaadba4b3ce1543,1
9054,obj:a546ffc670fefe1134bb54420bcbd7475435f0091590916c4f48ae44f2ec87ef,1
9055,obj:1010b387b9010aaae28aaa11e536d5bf8ef545b0ec63fc78f4954bf6e6d1ad52,1
9056,obj:66fc3b2b04cdd54582ea3578bf303b68616309fed65e409de1f2cdb8b157a1e0,3
9057,obj:a68e4097b305bfe7e57538d873c583bf6cd560ed253aa42482136013c8a0b896,3
9058,obj:d83935825b9bdda0c119e4dd2bbdd0b8a95611ab4bf346d9c77ea6c44ce2fb0a,0
9059,obj:0bea36dfe869410e0a45d68171a865a602297d5aae75cab85e2342119017bcae,1
9060,obj:ec24e37899439a269cbaba24f857eab788a1e8abfe394fed62046b331b8ed1a9,4
9061,obj:6f42c582dd6e7b27eddd6730b11995ca503093dad0f4987c546821d807630805,4
9062,obj:2612f2384e8870edff07265ba1b7710253a2b9a6a8f664db0f637124970c95ae,0
9063,obj:0862b2aa6697cf4c458e48b37df110e0214acc6d280c28e6faaadba4b3ce1543,1
9064,obj:f5280c95b89741a77df658e2f8de68fbfbfda73e2be7a9ac6617cc2c7abd3238,2
9065,obj:0862b2aa6697cf4c458e48b37df110e0214acc6d280c28e6faaadba4b3ce1543,1
9066,obj:792097c1eda91c4ab47b707ea6913a1e1777cdea8c88822ad807abf274ef1c97,4
9067,obj:ce196fc51f371cb5dd574c64f4525b3ce3d3a6146309fcec5dcd21912ee3b27e,4
9068,obj:86f94c344d226c090de9dd21662e2dad4ee6195ed21420f3a8025be4b837b10e,0
9069,obj:fb3eb605f840706efd9424290d6eac2defa087daf4b33525ce79e6a036adc115,2
9070,obj:119568904906632859e5aca85087a5f8d5a0fa4b369a3a16bfb59526dce430a9,3
9071,obj:80490611649d9084cc7da767e0672af9ea959ed6fa7d2170550eb5475289177d,4
9072,obj:4fa6a3820af707102260ebf9dcc8422981bfbddbbcbce6f00176d524ee163a0b,4
9073,obj:9e12fbca757b80d59f7445e16809bfc4d45a6677bced5ad33ce76788043fe56c,2
9074,obj:c78a723c0f48b69778f314d12773caa63a681406af1b3ebb1c6f85415d2c8535,3
9075,obj:e9878c4308d43a4bcab4c0b595df3d51b5b7e300600abbd46d0ec2a67a6e0406,1
9076,obj:85bb96dd4137924bf617f9e376f50a4f1cb51dfc273d28336eb967c5a8bd02d7,2
9077,obj:4a81dc3adaff0e4807d8873ee01d9089c252fe547236d5ef7640e73aee81eed5,3
9078,obj:c0d37f3003a90e874733ecdb27be1986416ff55517c330420cd6e5d9ac359ece,1
9079,obj:836ca241f02800127c76cb3c2e4866b081afca5b6ad670249a57f7f6136130be,1
9080,obj:8f9d7d85ca51d82996a0fd0c55f98e52660a61b25261b533cf20f84ddd1c72b5,1
9081,obj:a09e4f0ba3bf37912e8a270018f5d1cd3ed43d3dcc3af2718a9300a27f5ea3fc,1
9082,obj:84eafe31584031935d142aff402d789b8f8f4d964a0a8da4934a29c57787ac9f,4
9083,obj:9591d94a12376ed42db708271d0f08ee02c7d1b038b1714d1f90f1bab78bf1b2,2
9084,obj:906cd71964cf98d18613afd0abfbac42c5ae0d1cad7ec407b3981cf20f2af1a5,2
9085,obj:e842a711eca6459f0d8854553f45bea83384cf41e08051a07ed3412e6b805576,1
9086,obj:906cd71964cf98d18613afd0abfbac42c5ae0d1cad7ec407b3981cf20f2af1a5,2
9087,obj:3145caebd104b4a31f717f4514cd5826d28c49add0c1e6ec0db1670bce601ec5,3
9088,obj:bbc4a7785c9d389187a2dabd1f4bbba0a1f8397f0937d559bef4fdd7bba5153f,2
9089,obj:4c5598885c431a3e959b3d7a40eb17bc97eb355735ffc557bd68d4385f11a2f1,4
9090,obj:9bce01fecd8647c599f6461120311ac450d6380d35eb2db37d4a15d1d8c2f31b,1
9091,obj:5d2727ebaab86cbc51eece674fc47a1aa712fc9978a1fcdb97a7a40872d26837,4
9092,obj:1b45c5b68b3f5cf152fcf24404f9f19c1968dc7887286720daff04c65f55bfb3,3
9093,obj:8f97a4841debc051bac76b72373edf9855e97f48318bc10c6320079b4d35fac2,1
9094,obj:0862b2aa6697cf4c458e48b37df110e0214acc6d280c28e6faaadba4b3ce1543,1
9095,obj:466e3fc198c92e1164a446bd42c513a6ff99e17506484fa027611ac9de5462fb,3
9096,obj:e984c69173294294e3dc7d529a673185a90fccc14d9ef499998e1b6440af1dbd,0
9097,obj:8dd9e678afd0555b015e891604dea2c4694bc7364d1a471b017c931635b3fb87,1
9098,obj:9f855026eea9cfcc7ceb5d98b9a76d39794b75c853dcb2796329f6e1e50008f6,3
9099,obj:0862b2aa6697cf4c458e48b37df110e0214acc6d280c28e6faaadba4b3ce1543,1
9100,obj:371854d91fb4c55ebcdc0fee48fc40fcf8855af36c0978f79af884cd4bd00d1d,2
9101,obj:a2d5bb1c231e1947a79ae93d2aa4f36df54ff1af6a969495731437447ff2dbfc,2
9102,obj:eac23f3fa00b27e2e5e948fa8fd80b63f92c8982ef7ed91f97404ea1e715efe0,1
9103,obj:1ecd829539ed8736d65487719a9493d596588d4a3e34ed6f7fce45190489a5b8,2
9104,obj:ca13c3afa78cb5cdf1c0ec1e68742b29a1cfab2225d0453fd8eb58ffdbc4d967,4
9105,obj:34412624ee154ab87e337844cd36ee98e681770e2cfccf77f4ade43e883e370a,0
9106,obj:c3ec62994770e182fead48e4f8592f1769c21dee7338750bdb34ee141ce679ac,1
9107,obj:f812fe648aa3df425dbbd4214d8def340a87e282cd008ae61ca9ec4011d2aaf1,4
9108,obj:7d76a8ac29a79914ddcda4ec2ee22a5902e164b0b8867ec83f62353e4cfc66e1,3
9109,obj:109b72b3cc4daba95d7d79d91e8b28fc0f22ecbbf48f49f54bcdc18cdd657f0e,1
9110,obj:5027c68ceea49593ffd304b3ca05ee21a5b60f6ac526d94debc2dbde5529516e,3
9111,obj:c0a5194379d32080631bf37961b980ec98857bf70feb4cf2ec055d66c1a1e867,1
9112,obj:0862b2aa6697cf4c458e48b37df110e0214acc6d280c28e6faaadba4b3ce1543,1
9113,obj:7d136cf659f81d3dcfed9b6dd466f83de85ae8812fb2fa5fd59767c52268c8c1,1
9114,obj:7af798ed2beb2c27d18760f1112044691321995ebe42704db0e399af7e4f2117,2
9115,obj:5064244127e7a6b489e8c08dd8e0fbda8d2ba32f3473493da12696d079be0388,2
9116,obj:7214bc05b4a8230e3f9a3e5a69679b594cdff6dfe0339deb47a8a7d4af812c6c,4
9117,obj:0bea36dfe869410e0a45d68171a865a602297d5aae75cab85e2342119017bcae,1
9118,obj:327dbdab56a83001daece5fe35d8f78a4e249d4e7444dec1651d42b0de4ae0f5,1
9119,obj:bef76cad5361a3359ac9050bdf7c5cee53854424331f662b4b574fa404fa0515,4
9120,obj:2fccf24bcc1931fa396cbcbfc93602076c5044526b396392936b6a883c3caba0,1
9121,obj:5370a3e5f165f7d5d3bc88576339e09c8b89ae0f7ee094133fbc7bf8a488c605,3
9122,obj:5c83acccf968597080b7d1e424bb3953dfc6caf6b244980908beb2d25eb753c1,4
9123,obj:8b57a48546c14b9e216f9aa13de7973c18f1dfe8dacc2c4d767b9bdf10a7acf6,2
9124,obj:b853dd44bd562abafa5965c6d082e4e4ce135ffe60395967b3bbf6f3d85517a8,1
9125,obj:bdc4e859742a25b7a47fc65ae75659104dbce19f68d62360da104fac67c1c117,1
9126,obj:119568904906632859e5aca85087a5f8d5a0fa4b369a3a16bfb59526dce430a9,3
9127,obj:52316373ff4e767f1fc2c74db7236b18969dfc6a2fa21e1997de73ff33fbe539,3
9128,obj:cdfc3f951d70734458cbdf989f49f04d5afd9ac7273eb5d98a748a136f27f245,3
9129,obj:e43425a101ab6f8bb3df02064f38032e430bf03cf62b6df144911f86876e9535,3
9130,obj:9922da705d8d55ae47367e588b2e6fc41b6ab868ac3fb3b903f569d844d4fedd,0
9131,obj:4601cef0cdf3b6c79e4eeccb1c5f09c5bf76279305cdc35933585d5208d21bb3,0
9132,obj:1123109997d7611dff7365468da68d811345c7b5b7eb7d50a28ae20d15efc2c3,1
9133,obj:a3ac430f69e5e3b491e85802c2e8b548395f8ff8dbb939f89950e0938ef3c870,4
9134,obj:64d68c4ce039f71783057d0fbc96b6634d4380c39639534ec84fd1446e3a7606,3
9135,obj:35b036f2b23d675828599a09939cffdae8af6e844c6f830d05f3941aa9e3bed7,3
9136,obj:c850aab75bb523bc5130c2a31eb9dd7e5409790307a0b06fb8bd464bf993a18e,0
9137,obj:dd9bf9ad4198e4f5bcd17a41dcd123283d83bf1f6e6935a6e221a4579fdce92f,3
9138,obj:97d9a769dbe599ef444f60f13e813c106fc5bd8117669761d544fe99d8c00f16,1
9139,obj:3c110490747520fe5d9608268c3d33f0c89d8fd5d1927bc63e4e0c80e7dd4ce7,1
9140,obj:4a81dc3adaff0e4807d8873ee01d9089c252fe547236d5ef7640e73aee81eed5,3
9141,obj:f8b621e0ffc66dfe0e59f707f32dc6047e9449caf4df026d60bef5473095c509,1
9142,obj:c2db9ebe450596c39a491a569df4bad294b0db04df48ac35c30a5ca5b29d65e7,3
9143,obj:53969a01a51fd06f09a8c2a8e3765854b5584f6c24d75eaa1f25d7c17f85ef17,1
9144,obj:2235fc68a2ce1f17e5fa81ab1784cf01a8041bb5380d4785b919f43320205e15,3
9145,obj:233edf07c9ed991f1b9a9484592bb601c3af6f99b25b6a20e6f346558915e477,2
9146,obj:8945ebb1da975968e97a25e15c6245e1d5eb356d740afc1fb4f23cb10989e905,3
9147,obj:f555241b6794769bb8f550b4c9850e5e2b01ec06699646686b6e49c3e15b2932,0
9148,obj:a6c88faa6c285ac22c7ee6d5cb818ccbd568cc62b83df86250ff790d829791e5,0
9149,obj:17c264167b47eb44607ae9eee12f5d325d5c74ce37d0eb2ec73716c98019cb81,4
9150,obj:f41f8f694efffe7106adb9002b3ef5920f971d34416c529566656d6bbc75a579,4
9151,obj:6f42c582dd6e7b27eddd6730b11995ca503093dad0f4987c546821d807630805,4
9152,obj:77a2ab4ff377d148152a0b62a5a17d8a792b91cd0ed7cc2bd4eb7d39ca7f3a23,1
9153,obj:2235fc68a2ce1f17e5fa81ab1784cf01a8041bb5380d4785b919f43320205e15,3
9154,obj:ad873bf3b0554a5a62c344935a4bc63d895df992870f878e0a32a411ab006a5e,2
9155,obj:0862b2aa6697cf4c458e48b37df110e0214acc6d280c28e6faaadba4b3ce1543,1
9156,obj:6488aebe30e63e9b143d4cba3868dae254874b6327a81b73b66a18b230579780,0
9157,obj:2555e4e4aa1f2f5ea33327eff2ff3ba6d5e0b04fc41cf6f648b1b53cf71c05b2,3
9158,obj:4d4833b21210421e1a9a770fc9bf2b034109c5c9ac15c41111893c842f2b0f7f,4
9159,obj:c844cb2164c894d42e2198de0dac87bb13d023ce775711672c00849b880b90bd,3
9160,obj:fdce5be68953c73cafd9ab5db3b88f126fc8780e26c702c42da8a2975566a22e,0
9161,obj:6c5f0ec6ee73b713e5bd1f011c89de62bd11cabda986f9ad27479bc1214cabb8,2
9162,obj:84eafe31584031935d142aff402d789b8f8f4d964a0a8da4934a29c57787ac9f,4
9163,obj:46d211cf79647a0e1fee960bfe9c0c0d252aa1c629c390ff84673d4145c94839,2
9164,obj:c11e696f0d6213a35662fae1703493130fdc3a3afec9add1e2d649f014e977c9,1
9165,obj:ccf44e16517ec071eb772530ca1790933c43b31c483a481c51f50e6238e1b2a0,0
9166,obj:0449093a43546338714fbf0c7067bd88b1f34025b946d5ffff0e94c1855d71d6,0
9167,obj:6b8d7e3e06816275dac10bb50795370bc9ca63ecbd58c557c829bce070c67745,3
9168,obj:3374763456e9f00889112fa12bf5cae28064a1118804bd4ae6f0a3d41fd65286,1
9169,obj:a1a7fde8d00931df4256d4050e75e1990a785939d10a3d3f39063563ae689bb5,3
9170,obj:e335cd351d71d174cdbb496b91cc43f3edbd25acd20568d0a548a5e6929b1486,2
9171,obj:5c83acccf968597080b7d1e424bb3953dfc6caf6b244980908beb2d25eb753c1,4
9172,obj:91b87ca334087c79c6d4e87b003f67751d20dea3ee777fcb7afba5bb906619fd,0
9173,obj:ecbd3a9658c47462272816cef68f82bf478272ed82a62505221a57108c440644,3
9174,obj:f573491394c26568eaab343c3ac83723e28c13f3273394939683173dc1b3173f,0
9175,obj:78e2c9bed3d865cbd2b518a4ba2bed7e4d41275ba4143a8e83652af839eb399f,2
9176,obj:02b4d1678db5ea64d2c6c8386bf4de88964e474efd900234cdeacaa7de47d157,4
9177,obj:a546ffc670fefe1134bb54420bcbd7475435f0091590916c4f48ae44f2ec87ef,1
9178,obj:bc6827720102352d03916869435de0d38f4109b0adf30fcf9bbb62decfcbf96a,0
9179,obj:cf31881f786ded1999c83b2ee637ff5a7adf0b3f5b9c896035f01726609e9ef1,3
9180,obj:52316373ff4e767f1fc2c74db7236b18969dfc6a2fa21e1997de73ff33fbe539,3
9181,obj:bb096604c58b0ff4c08c47db1c21ccbd06e3815f69b4853a9474b627b0b561fa,4
9182,obj:f7e412a26d4bf99df7076b17caa9ce1e93eec7b6ba1ee9dd52a807032f807bb5,2
9183,obj:17c264167b47eb44607ae9eee12f5d325d5c74ce37d0eb2ec73716c98019cb81,4
9184,obj:327dbdab56a83001daece5fe35d8f78a4e249d4e7444dec1651d42b0de4ae0f5,1
9185,obj:56edb5b1da97edf81f36ee3729d0a1eac4511a4e9ac61ee6ac86c3045381a5d9,2
9186,obj:678068bc111df93e9cfb5b8775ce1e57e216ef87123563c6c95f464dae63045a,4
9187,obj:0862b2aa6697cf4c458e48b37df110e0214acc6d280c28e6faaadba4b3ce1543,1
9188,obj:b791c1039bd062c099ad747965cf907245645c2b01610d0f90676c2f902e14c7,4
9189,obj:56519433cb52b581f307b19cebb18b183298fe23dc42aa1f31527c45351f84ca,3
9190,obj:efaf5c3f33bf2f0fd16d4a32784fcacd06f8b4ef334d33da7d44855ce2852ee2,4
9191,obj:21214f6a5d7efbd5de64ec685a4b7d6869a6c584f9dc44dcdcea9d7369c28a08,1
9192,obj:de1121917431fb3e0c56d552d4a42ca4dc1ab3afd1519595381b17528b9a2224,3
9193,obj:e869fa3e15b9ee77d23fb3c1f67413ee3a2e62ee5c918a89c27fbed851b94ab9,2
9194,obj:45362a75000c084757cd08479e4fa728ab9eff667078384c98e1758239c63d54,3
9195,obj:5a2923515dc149b363e8729d18adc6bbb18718c496d97c5a8a32fb12e575ed95,0
9196,obj:65550a8ff06787c9093bd33522a47c88cdae7a4803919b88575768fc1ac13982,0
9197,obj:a2d5bb1c231e1947a79ae93d2aa4f36df54ff1af6a969495731437447ff2dbfc,2
9198,obj:99f2255e2751e9eba19d8c84c9fee68cb0cdb83da74cff453cbc70267f0753cd,4
9199,obj:2235fc68a2ce1f17e5fa81ab1784cf01a8041bb5380d4785b919f43320205e15,3
9200,obj:7cca195fb71e9d50e9f716a15def191ece4d0fe4ea081fe3335d3bdabab130cb,3
9201,obj:e5e14271697de7515876916d14014c58710957ad9e6fc5d53fdd10c78e64211b,0
9202,obj:bf5b46ceeb06b2034049781c55707a34f354efa1279cc224a32a40412242a073,0
9203,obj:5b9909c8c6e7002f547ed1281ba24e4aa344042a40c33fca6cc68491e7d7c270,0
9204,obj:1810d4049982848241a3e377d8c88bf5920e4ed4ee447468e663b2d0604f84d1,2
9205,obj:3be59382c9a0e657583075fd5656356eeb5c01d62d5f8217c9de1275c698c053,3
9206,obj:3beaf20351309947f3d32b64709d7be9aa8f316c037640eaa967c4fa7a621d79,0
9207,obj:236fe71fd3379a1263e463fd88ef14642c05404f9060eb665ec4888bc8bd2d7e,4
9208,obj:3932df35227d9f0738cc9785e3468b21394c9113e08c9c7a2c886b0e69a97e3d,4
9209,obj:4ed01982625a54d1c74910433c6dfda2a920b756e8feeb7bad9b53db7073f3e1,4
9210,obj:25a9d5ff3e46b4bea60468b977d935ba0401dd21a98829dfda9b49b0abd8644b,0
9211,obj:906f2cf09f99291e2c07219f6daa6bc8b659186037cd342e7bad5a1cc7e6a72c,3
9212,obj:a77151081b507156af53d303a10f2997400a2b476daca3a8c073dfc8ae794237,2
9213,obj:9fef5f45f4bafdd6a7d1668d07e31927cd65742dd4a70d6c368f452c00379718,2
9214,obj:fe4a38829530f26165f72c66989dda82aa6d5ab79b6ed22c27c6abcdd0e6d0b9,4
9215,obj:d3a8278811dc674a4940c5bdb146b6f27c00ccdbb50d23b65d194c8456796fb5,1
9216,obj:67e1d06256dcfd1f806230cdbdbbeecfae13b281553689a47db5b205bc60d571,4
9217,obj:55c4737528167e0286f7255c6cf442004e8606fd248040d3554cbd1eba7c2cda,2
9218,obj:73f5c21e7076394bc707d5f3d0514357e337b6374e45a3d0c57b93587a256668,2
9219,obj:0862b2aa6697cf4c458e48b37df110e0214acc6d280c28e6faaadba4b3ce1543,1
9220,obj:df522fc6e3925654743e3ffaf0265e3c67672260bfef48ca7e964258ec6e8628,3
9221,obj:ab6c74296fc95bce147c19cea95cdff3e29c53d3446f93d25a998250fb0db594,2
9222,obj:af04b24a14df895c34085ad8ca5e36891e002ca59a21179d01479d2e0ba11080,0
9223,obj:1b45c5b68b3f5cf152fcf24404f9f19c1968dc7887286720daff04c65f55bfb3,3
9224,obj:71c9b63c7589f928dde668a2f52f42ad98beb1b63f0d9c49807e843634b542b9,0
9225,obj:73f5c21e7076394bc707d5f3d0514357e337b6374e45a3d0c57b93587a256668,2
9226,obj:e8c9c6d733b8c25fc94f9af77f66787bf68ab907767d8860b7ba171a7df005ee,2
9227,obj:07d7209f01ba084c33c11b193d1f732c589804c8846c34fa2e7882dc9505a126,3
9228,obj:56bf287a2d154b7ce49345757eff726fa1d72f8344c2114094bbf27369f0611b,0
9229,obj:ed6e8eb2a43e0863582d260cd508ed36835f51fe839906226a9077a6fa609342,4
9230,obj:6fc4e3db08e35a1bc6c9d2cb87104c05bd3ffa117f598d3a10e14e960a331a5c,2
9231,obj:565a465b14d5afc16a4f31860f03fdce60902a3e051e83508bfb38724e6b2d1b,4
9232,obj:8f9d7d85ca51d82996a0fd0c55f98e52660a61b25261b533cf20f84ddd1c72b5,1
9233,obj:35fc9ed378a7ed635807568e2fb22bab24be99c770c20857247d994756722dc3,1
9234,obj:6306ede477197fb9e973e3c263493fe916d6c1a142ff350f2fa57aec8a7eb0c3,1
9235,obj:570179bc50778ee2d945033dcf825cba69d16820737f76bfaaf6240987edfcf7,0
9236,obj:79b7c119abc45426a3543d4e39fb8741ae0718e6974378b05631cefd626c3890,3
9237,obj:be15400a769d09cd5c82a5986b6794caf61e843283ed04159353d941a894f850,0
9238,obj:6fedf079eb6cbd9c4f9d58b4e040e8a1c8d7b6e16d82f77392fda0941ea1f5fb,2
9239,obj:2cde93d1eae973402b8ee0ec00ecf921f09fbbd13f02fac733abb7b7d8bdebd2,3
9240,obj:4f25dc37596f282d4e43d1e2ce9414be31c236e31e66c78deaf59b35817f2eb5,2
9241,obj:f8e7dcf8db3c90b9ebd31399588afd457b1546e419f0d125872fcda286042405,3
9242,obj:e185f3cb87dd6f96ecd6dcb725a2ef73b0afeac90bea1f6f6108eb004dcb9be4,4
9243,obj:ab9702bcb813dc31d19e606c0cdb385db41e72801b3432ec155f7bf06a1a6e27,2
9244,obj:7c2396d1b1f2dbb5a962060c6dbef250193b56851d886db8e9264034b786219b,0
9245,obj:7cd82545b39c0eff91afdfa604793dbcce0245eb5f124a6e5890bd795e5aa1bc,1
9246,obj:2b6b2a4482abce7bec5b9b8c3fe5a16b880a9876fa3beb4dc17c8d4029ef3e4b,1
9247,obj:efceae9b05e2aa64e96d9257053df36bbaaf41903ccabc62ae6bd3cd36d654ab,3
9248,obj:01e5be72e4bb21b2cf2e7ccafb953d6582d5334abc36080b9f53a26c88497ffb,2
9249,obj:97f0f6ab1cc802c5729dad681328513cacb64bd81421985ac574e7adf93681eb,2
9250,obj:7bc34ae3d96fc8588929b2d964019c08c43c47f2cec7864b98df88b5cbb796b8,1
9251,obj:cd183ca866b1c221b5c5ab45557134b6305c1059a88b73d2bfdfeb9937bec489,2
9252,obj:34412624ee154ab87e337844cd36ee98e681770e2cfccf77f4ade43e883e370a,0
9253,obj:5064244127e7a6b489e8c08dd8e0fbda8d2ba32f3473493da12696d079be0388,2
9254,obj:4832455486ac0e6241b9797b16053e9c346f4af5b93fe0215e58966881bd10a8,3
9255,obj:4f25dc37596f282d4e43d1e2ce9414be31c236e31e66c78deaf59b35817f2eb5,2
9256,obj:2053a67a0c353db7da60df6b9cabf165f5753848e668a3d3d8db5b8d93853ab1,0
9257,obj:7af798ed2beb2c27d18760f1112044691321995ebe42704db0e399af7e4f2117,2
9258,obj:2b6b2a4482abce7bec5b9b8c3fe5a16b880a9876fa3beb4dc17c8d4029ef3e4b,1
9259,obj:2eac4c9090181a654e7f68840ce5359cd591de98fb78211ece7efdeabec70b6c,0
9260,obj:a7f2c554292cd3482f10260e7f368d8d2c5da6cd0fbd1b047f46afef34bde1fa,4
9261,obj:efaf5c3f33bf2f0fd16d4a32784fcacd06f8b4ef334d33da7d44855ce2852ee2,4
9262,obj:4bc48c4cfcd7e2f9fbcd72f7522c69ceb66f9ad9d02f49138ce5ada8799290c0,0
9263,obj:467ed4dc5d7cffc486e70d85145bdd0a7decdcbaf527f8cf038b90e0d8a5ea62,4
9264,obj:3a270f220e9f7d1f03d8fa06f74d18310900b9ea838e4941b168964a6e714dc6,4
9265,obj:6482b4b60eb8820095cd6c899701148d618b3e2ee45d2bf938f446877b2ec632,4
9266,obj:327dbdab56a83001daece5fe35d8f78a4e249d4e7444dec1651d42b0de4ae0f5,1
9267,obj:fd76c8344472d034f2259d4ddb66a98d20245a65aff40b348791e0d6f177bbc5,1
9268,obj:2053a67a0c353db7da60df6b9cabf165f5753848e668a3d3d8db5b8d93853ab1,0
9269,obj:6f42c582dd6e7b27eddd6730b11995ca503093dad0f4987c546821d807630805,4
9270,obj:a0eabd071ec7ff98ff4e172f50f16f837bfd1bf8da9221a06add1363ff3fdbb5,0
9271,obj:5c83acccf968597080b7d1e424bb3953dfc6caf6b244980908beb2d25eb753c1,4
9272,obj:7bf89b3fa50a3e5663fa23ecde1b823a9e43ce54ee70af1a97a4b408217aaf15,2
9273,obj:8ab4991ece1774fa287c858559fb557490634b8dcce2aa2aa48ef03b018f05b3,4
9274,obj:ba06ba3e17656b9563368a1e9ab4b83c3905802728ee88cdef2d5678bb906612,0
9275,obj:64d68c4ce039f71783057d0fbc96b6634d4380c39639534ec84fd1446e3a7606,3
9276,obj:d3a8278811dc674a4940c5bdb146b6f27c00ccdbb50d23b65d194c8456796fb5,1
9277,obj:fac4fc912130e6449fac46167820daa68dc17d866df32c70b9f7815b5fd74374,0
9278,obj:12e727ded497751d37a957cacf2c84c135cf65f590fc8bf93202ea4dde469f98,1
9279,obj:0f37bb9f27489e268121a15fab9ec7a753c97efee9529ead9906807db502174c,0
9280,obj:6c929678d68d47b17abe772a65c48cd84f202fcc3a8448405c42d384bbc01409,2
9281,obj:f250a2e9e0be0d5dc751f1ee9256d83b7f28aa9d2593bac76bc176fcfe3b8252,4
9282,obj:3374763456e9f00889112fa12bf5cae28064a1118804bd4ae6f0a3d41fd65286,1
9283,obj:0b3b8ba9d5e8b42417ce7a8b7e94dd219663a4f2dc3dbc411139184db623ff26,0
9284,obj:1d90d617f213287363ecc5e6a62b81f943b8f80bff0f4730a74e4a0644ed9da6,2
9285,obj:6f42c582dd6e7b27eddd6730b11995ca503093dad0f4987c546821d807630805,4
9286,obj:098c047bab7e95b51dc0c58cacf1e2c3e1477b4fb0ed334c90c4ecc444ec477d,4
9287,obj:fd618d39804507547e44de0fb477ad862143102d7ea3aafcd50bf85cd1a7e9ee,0
9288,obj:0862b2aa6697cf4c458e48b37df110e0214acc6d280c28e6faaadba4b3ce1543,1
9289,obj:25109d56e55f2663c25205967782d668190aa40622b6d8a9e86ead6628c64182,2
9290,obj:2c031289adcb0a88c0dc9d5a81858aa3f57b94913b758fd8946b613c7bbda3a4,1
9291,obj:e4bcc3390c7de2e551b8aaed96d8a9586c5c0c54537a52036cbec4fcb74e2cfc,1
9292,obj:51da284fd36bc2d2bf8427ad5b3e587b889bc2b615d7be1d9e9e4fc5626b2583,1
9293,obj:2b6b2a4482abce7bec5b9b8c3fe5a16b880a9876fa3beb4dc17c8d4029ef3e4b,1
9294,obj:17c264167b47eb44607ae9eee12f5d325d5c74ce37d0eb2ec73716c98019cb81,4
9295,obj:7c7c0e5a228cf4de47ced4d05cb90693037402c2aeba61f571f5342d34a0bfaf,0
9296,obj:a98343cbfe6190cae8841109e0bfb4f43701ab6bcd6da14d04fbd5b65be33335,1
9297,obj:b9f4a7f98b06383754072a85e1408d123307fe9d2e525d4f200383ce054fccfb,4
9298,obj:c839f10d74aa14727f1f129bb9e822d92c5fe34acc3aef4b501f0ae67704b07c,1
9299,obj:34c7f48391498258c43d8e1d5039c78a38e45a63f892e3c98b19d66f21c06808,1
9300,obj:6488aebe30e63e9b143d4cba3868dae254874b6327a81b73b66a18b230579780,0
9301,obj:a2753640e6369d1a347dba803671410d6a6eebbde0df4fef3e58dfebdcce6cf3,4
9302,obj:466e3fc198c92e1164a446bd42c513a6ff99e17506484fa027611ac9de5462fb,3
9303,obj:d33e64f64a7f567baf370618e2b3cdd3b756ae665cef3a02fe2758fdf2f4a463,4
9304,obj:5c83acccf968597080b7d1e424bb3953dfc6caf6b244980908beb2d25eb753c1,4
9305,obj:5bbdb6e72cf93408aabec30156c9946dc350b3eb61b86de7eacea0d1b8569874,1
9306,obj:76827cd47c75645b69ce3391ab5482a36ecd4b90971a67f488f17e5ad8bafdbb,0
9307,obj:be77267f232553891561387e6b21ee03ac0b310a9b9c6949fe767b4b144dd3c6,1
9308,obj:9c4f6b0d860504a11b0c5bef3ba65b459c48655d6daa1e216dfe80df7e335aec,0
9309,obj:e1ef84b753b136891901095813e4a5230e54e39f7994f099129e9b8447b24544,0
9310,obj:6f42c582dd6e7b27eddd6730b11995ca503093dad0f4987c546821d807630805,4
9311,obj:4e21bf335ca163091cc86db41277a7f8ec1d30eefa268afcc545d0df4f520ae9,0
9312,obj:0bea36dfe869410e0a45d68171a865a602297d5aae75cab85e2342119017bcae,1
9313,obj:019c58ad50647bb91691c299f93e4598feb5cd9f457435dac88a0b90ed952fed,0
9314,obj:d6edfb091da37b3059bc51a7006a5fc8bbd3b20e69ba6b5411ede5770a0d7a38,2
9315,obj:7cd82545b39c0eff91afdfa604793dbcce0245eb5f124a6e5890bd795e5aa1bc,1
9316,obj:e7d57fdb3af7e9e6f33db28b32e842ca8d30e98418d92d9de15a18f5eec18c94,4
9317,obj:ba775586b5e0ae50fa94520f76bea69e85d3eea424053ba9ff4e0891e9710bd8,2
9318,obj:76717d0f0b12b3e42c96401a42613533488fcf4f807424e1d33cc36eac981b1c,4
9319,obj:d554d03a6a3079bf3a36059ac8295eb785528beaff64d22cabd4945714d4bdba,4
9320,obj:cdeed49d62cac011cadb700d4d7be691904ef2eb5b4726c80d311e4f901be57f,2
9321,obj:a2b72c121ea6f188f1efab2012f5d74672a835b100d7bb908e936caa96a57c49,3
9322,obj:bbabe616e3525cc281f3303a88cfcf0e94db77af9f8f5fb80215f2be7c028fd3,2
9323,obj:42caf8981cd6b69af203209b66a1294e0f5fb657d7d17e3d6e9a36c2b16a3a3e,4
9324,obj:c55608048b70caa66993842cb0629968de95c14d3c8c6dfbd115c8fa81ce2873,2
9325,obj:97f0f6ab1cc802c5729dad681328513cacb64bd81421985ac574e7adf93681eb,2
9326,obj:24b00c1b9bbeb76482c456b502499f63d3648e3555f75c1ee7e4b9e70e27083a,0
9327,obj:84eafe31584031935d142aff402d789b8f8f4d964a0a8da4934a29c57787ac9f,4
9328,obj:cdfc3f951d70734458cbdf989f49f04d5afd9ac7273eb5d98a748a136f27f245,3
9329,obj:17fa4001bc0057d8b5a771d26b3409ba0566016fef8a778a90f776cec0b3a685,2
9330,obj:8aca21bfd3893d1af38ff6f87c7d1afa2bd018d6ba10a116700974d91c05b710,3
9331,obj:fac4fc912130e6449fac46167820daa68dc17d866df32c70b9f7815b5fd74374,0
9332,obj:c6731ef5011b38c3a1669472c9b6d44bba3136c6a452abce5a955b4268505922,4
9333,obj:6baf44c4c85dd2165fe737981ee3de2ad47f149d6dc49176ff035338ab7f8541,3
9334,obj:20293c89b25d8e86fd7a7ede13e8cfa4cea28ca8d5fd0b0c3943a92514828ca6,2
9335,obj:09ddc0526b782aeb2529989f0073fb25a9494b134c101ef69705b72a83cca31c,0
9336,obj:8c33101c7a50faa393bfb0cd60af27eba82b891d665b68466f5a0c80be4b92d9,2
9337,obj:9f71c1fd8850b0bfe6cf7d1d5fc39981907953ca6c969c555107304eb727c396,0
9338,obj:836ca241f02800127c76cb3c2e4866b081afca5b6ad670249a57f7f6136130be,1
9339,obj:161eb968ce099632488d62cb031c523a650f99d6544619334b805780a285c32a,3
9340,obj:c837bd8433c803e28983b434a677c70b79c37e30d54830f4254c8e87586ac723,1
9341,obj:a7da16617bbe25866dd433ffc0f0f9b188a0dbe03f46970c881abf0cb0ca2235,2
9342,obj:1b45c5b68b3f5cf152fcf24404f9f19c1968dc7887286720daff04c65f55bfb3,3
9343,obj:f6b6c47730b7bda40a835130765d2818109d5003065cde4ac525b9d6d62ba65d,3
9344,obj:7bc34ae3d96fc8588929b2d964019c08c43c47f2cec7864b98df88b5cbb796b8,1
9345,obj:abf99b43746bafa82f0bc698000dec3c1ce8a24928f24fbe639fed8197e9900b,2
9346,obj:6c5f0ec6ee73b713e5bd1f011c89de62bd11cabda986f9ad27479bc1214cabb8,2
9347,obj:671ab9af731de34ec4cef4f2170b6e18b4a5b1c9aee71b17906637cbf30afe7f,2
9348,obj:c652ce7824035b9d83c8cfbf76ee231e82a64196b412aa7aeecf94aa9f8407a8,1
9349,obj:30a02a6c3e5295ced79ee43ee5007d23dd0b3b61b7436afe00997228c5500bdb,4
9350,obj:5a5ba9d8c873b5a833fbd0b2727aa190a19e852a39df4aa292c8f3efbdebee4e,4
9351,obj:0bf46e759345204aa33f445ab226fe131d0948b293b49190011bfca8e44322bd,4
9352,obj:53e06b154ed44d64d234aac889acd4a1a50757c53fc3355a55cb135fcdefadf3,4
9353,obj:ee740389d0d796e486f75ab6856686caab3b13a45f5ba5f771e3bd9c17ccf906,1
9354,obj:5c83acccf968597080b7d1e424bb3953dfc6caf6b244980908beb2d25eb753c1,4
9355,obj:4e53b9a9b62a8d2880aee3f1134fb24f6ad45223d21ba95bd2e04202cc9f4207,0
9356,obj:6ad40eed9f6ba480aa72a99ecde93d0724ee84b048aa801c9c3dac88d69a81cf,4
9357,obj:2c7628455d3cd8eb08c1ac422b9c8c803a4646d9660fd5c29198b821ad753854,0
9358,obj:b133262787135060ede6093bce82af4ec8866d3f8e2bc4703e76ae0043220957,1
9359,obj:58e3cab8abafb25fdd836aab6be90b702271859d34fb44e2ed3f89200627eaea,1
9360,obj:c839f10d74aa14727f1f129bb9e822d92c5fe34acc3aef4b501f0ae67704b07c,1
9361,obj:e0bf84cd5cddb2def23c5f0278ff4c22d6f8adc843beb1c01ed7c0b516a98b27,4
9362,obj:afdc8d9949897a8fff3ff422d3b6e39e9631f3349b50f4bce44d7ccf7721cf9f,1
9363,obj:4d0d8e75bbfd1122ca81c1802deab3c598bae0d0e6746ff6e7aff509e4a2deaf,1
9364,obj:0862b2aa6697cf4c458e48b37df110e0214acc6d280c28e6faaadba4b3ce1543,1
9365,obj:1d90d617f213287363ecc5e6a62b81f943b8f80bff0f4730a74e4a0644ed9da6,2
9366,obj:6121f45f52e369fc3c5ec4d472dbebc82a2c955f8745ec4bccba2b8260e249da,2
9367,obj:108a7aaab6e1bf22ea1e563e7a8678c74b62bab7ae988a1b5b148e23612f29e4,4
9368,obj:338d0657ce39782b649c262141719b644224aa9555be28e86f3100c82b535f12,1
9369,obj:2555e4e4aa1f2f5ea33327eff2ff3ba6d5e0b04fc41cf6f648b1b53cf71c05b2,3
9370,obj:abfd16f77d77bf4e36e0f72e8937c869da0e9e2a7242e65f6d53d67790f9181b,0
9371,obj:79be09d3817b39cd796fa0459b5f156d6158dfee26e6a0580f647d5d623db1c7,2
9372,obj:a8096e473e90e9e489c6572ac61ce3b2e9fec573e518ed87f7cdfb1cb9cb384e,1
9373,obj:a1cdc7932545ff75a866ffde92c5b40a7108e2555c67fe2cecbc6212b6382c9a,3
9374,obj:de1121917431fb3e0c56d552d4a42ca4dc1ab3afd1519595381b17528b9a2224,3
9375,obj:466e3fc198c92e1164a446bd42c513a6ff99e17506484fa027611ac9de5462fb,3
9376,obj:7af798ed2beb2c27d18760f1112044691321995ebe42704db0e399af7e4f2117,2
9377,obj:e26f36332a39ccba62094a4e0f972ea49aedb794f4b4e47166e2000e90c79b00,4
9378,obj:466e3fc198c92e1164a446bd42c513a6ff99e17506484fa027611ac9de5462fb,3
9379,obj:aa632c9d7763d3de7074c0f958274526d34094544cf03942cc6cd0146ea5e4a6,4
9380,obj:e70afe7fc02cad8d4749ac02b594245f83d5b137562158ec6f6d9ffbd8d8e5eb,0
9381,obj:a8096e473e90e9e489c6572ac61ce3b2e9fec573e518ed87f7cdfb1cb9cb384e,1
9382,obj:e70afe7fc02cad8d4749ac02b594245f83d5b137562158ec6f6d9ffbd8d8e5eb,0
9383,obj:f41f8f694efffe7106adb9002b3ef5920f971d34416c529566656d6bbc75a579,4
9384,obj:bb3d6bcc2719b289cdc81d5090e4be6d3688a524b8a37c46c65f35755cbf2c4d,4
9385,obj:406153420f6ff0d0d6275fe7996d2877d3e62f66e44e126cb3c3b45dbc088317,4
9386,obj:558c517069e6b1447edc0a86845067f002962b9c9c0828ca69f7b839f53c40ca,2
9387,obj:fb586bd5303323f9bc1aca9373539d2a7b6b28ff0a5df1e367421a09d770198a,3
9388,obj:2ee4c5b9d53f1019007b539203058ea69515274b0b3c7f7be7fcf53ab5af8b06,4
9389,obj:ad449ca3fec0fa0ba112876285290b85413f2f050b3ff2be61827f037221d512,2
9390,obj:3374763456e9f00889112fa12bf5cae28064a1118804bd4ae6f0a3d41fd65286,1
9391,obj:45362a75000c084757cd08479e4fa728ab9eff667078384c98e1758239c63d54,3
9392,obj:0bea36dfe869410e0a45d68171a865a602297d5aae75cab85e2342119017bcae,1
9393,obj:d53f36bceaa51fe9d855d1df74eccb3b03cdc3c20cf6ad9892dfa4e6ea43048a,3
9394,obj:c9b5cb0712cb64f3f6b36e801bf30e6af992ddf5b3211f68e79372a8da0484ac,0
9395,obj:d973367afe07872a8b8b895f12d0a3221f7bae1f2dbe315be2ace46f2f4927fb,4
9396,obj:6a59d5ed4aa20f5b9f38d51012377949affd093456ab06dc10a02b897bf55d22,2
9397,obj:34bfa7eb5edd7982c03f3b90ac014126ca24971850ad61af20e3bf7fc0b1c359,0
9398,obj:45841c9a098d7763f4af3869958e67699f97a02c1db463b21cc997740de0328a,1
9399,obj:5a2923515dc149b363e8729d18adc6bbb18718c496d97c5a8a32fb12e575ed95,0
9400,obj:c5a9312c6ff78e83982fb0a0a749cd28c69c5ef01df0ab06f39b341bccaa9e1f,3
9401,obj:a194713cc896217a1a67a23ac40e0acb92908a4f967344763a3c058864e0fc09,0
9402,obj:0862b2aa6697cf4c458e48b37df110e0214acc6d280c28e6faaadba4b3ce1543,1
9403,obj:c6731ef5011b38c3a1669472c9b6d44bba3136c6a452abce5a955b4268505922,4
9404,obj:751c488423133680fa2526984c68541f7972dbe3c0706c13bb519519e45a43bf,4
9405,obj:aaccf55f980f2a76280a0b4df436acf2bb1c7cfd65d5ba4caec01106619d7da1,3
9406,obj:cd183ca866b1c221b5c5ab45557134b6305c1059a88b73d2bfdfeb9937bec489,2
9407,obj:34412624ee154ab87e337844cd36ee98e681770e2cfccf77f4ade43e883e370a,0
9408,obj:8c052d280a6f9a15a48e1771f829f7952f1be9482820f41b400e86982cde00ae,0
9409,obj:7b7e8fbe2123d350e46012800b055f2ff6197f9ea910d595a66833da286a92b4,1
9410,obj:da94a46c4d4251fcac3f49ca7a414823715721f6e6968cdd17b3cbc6a1500166,0
9411,obj:4fa6a3820af707102260ebf9dcc8422981bfbddbbcbce6f00176d524ee163a0b,4
9412,obj:f41f8f694efffe7106adb9002b3ef5920f971d34416c529566656d6bbc75a579,4
9413,obj:7853ac2cf74306609ca30491d1143f12fc9351d671a8ff807e52a5eb0b871af3,2
9414,obj:4ed01982625a54d1c74910433c6dfda2a920b756e8feeb7bad9b53db7073f3e1,4
9415,obj:02b66ad91c968441867b136524f99455d4215ec81591abd6a7dc434a789ce7a0,1
9416,obj:7d76a8ac29a79914ddcda4ec2ee22a5902e164b0b8867ec83f62353e4cfc66e1,3
9417,obj:ab6c74296fc95bce147c19cea95cdff3e29c53d3446f93d25a998250fb0db594,2
9418,obj:932d28b14da7dbb7ca0c050383db3726630ec3dd764a20a57ed84e23dee033bb,0
9419,obj:afdc8d9949897a8fff3ff422d3b6e39e9631f3349b50f4bce44d7ccf7721cf9f,1
9420,obj:6a42d4c7ab299f471ab52d3534d8fad29dddf68383d742623aa90332cbecee8b,2
9421,obj:17fa4001bc0057d8b5a771d26b3409ba0566016fef8a778a90f776cec0b3a685,2
9422,obj:2cf14aae6f8a94051cc5b786093162a0af4024d21bb76c725f41259e442eb91a,3
9423,obj:bed3afdc00d99311b46704cd97fc8596cc266555a414291bd0e62621e2a34bc3,0
9424,obj:a9974f1de4e60c550662eb080bcdda27a65ee874416ba97003e3de96c28ca97e,1
9425,obj:6488aebe30e63e9b143d4cba3868dae254874b6327a81b73b66a18b230579780,0
9426,obj:c07ac102281d417c4e068e3ca6e8604f89f108c1f26873a1130e6e5ac93e4f24,1
9427,obj:34412624ee154ab87e337844cd36ee98e681770e2cfccf77f4ade43e883e370a,0
9428,obj:00266803d61bb3bf4155df83ad139ac911ff542aa00d8bb65cba2de6cf22152e,4
9429,obj:8c9008c978e5770c522e7b0e07c6fd40e832b65fea71d22018713963bb0a6e6f,4
9430,obj:8db2a53e42f2d325af598e7451c2de6206af6b333e7edc979bf309397b886a99,2
9431,obj:30f1d40b43a7fd3b0a5eeec40ca974842aab3269cc84a0045afe371541e9b499,2
9432,obj:0a07f1896ade0e2c3ca219526da56c4e090296401aab56f29bcdd16fa9c5c0e3,1
9433,obj:bc09b174f8801b7d33e2b234b626baa66eb11cbba9da611e488f70dbfa69ca29,0
9434,obj:e78ba556aaff3fa7d6929880f690c54b061156cc7d3ee9c583e64bd041a4c51a,3
9435,obj:c32323987a197608d310f0cf13f7a5ace806cf3cd2e3f74ce86490dc70bbd6a8,2
9436,obj:acbbd7aec28c19a54b2dfc089a03a3b647d18549357f74207bb977063d64818f,0
9437,obj:5832e031b2322c33521a8e39ad653c08bbb44c3bd31a8f6ec893d65469bb96df,0
9438,obj:e0a847a1ade3de853d2b5a19f0dd0dbd283e599d3289f9a7864de51a346373fa,4
9439,obj:f41f8f694efffe7106adb9002b3ef5920f971d34416c529566656d6bbc75a579,4
9440,obj:c6e8a237805df9150d2834842ffb10d0c8081eaee514b560e6d891d317a38817,1
9441,obj:2235fc68a2ce1f17e5fa81ab1784cf01a8041bb5380d4785b919f43320205e15,3
9442,obj:79e7defd41dc3f5b3a8943c22d845e77e1032b9eafbaa2916fcf133efd4e7e77,1
9443,obj:e2fd4c9a79b6b8769f0249600d7562ae427523c4b184afe662113ebd2ded4ffe,1
9444,obj:34c7f48391498258c43d8e1d5039c78a38e45a63f892e3c98b19d66f21c06808,1
9445,obj:0bea36dfe869410e0a45d68171a865a602297d5aae75cab85e2342119017bcae,1
9446,obj:34e68ec01dc279f2bf5dafcb718657e3be2ad12c21f9d65750b23b5596274ce8,2
9447,obj:b34c5fa068eb8545d456883f299f9d88c07bc434aabd6e8a6ab89a0c98526df4,2
9448,obj:0862b2aa6697cf4c458e48b37df110e0214acc6d280c28e6faaadba4b3ce1543,1
9449,obj:d965847a0aefc3edb212418459bdc197799cd526c6a4a5f52fdebfca64c7010f,4
9450,obj:d7f2f314bafef26bd461f2ff4617221e4cab99d08856608c1481ff466cf6b026,0
9451,obj:34412624ee154ab87e337844cd36ee98e681770e2cfccf77f4ade43e883e370a,0
9452,obj:c04761b95284a61fdb85dedafd136d0f4de40d448e2a0c10170e0c31a3c55ce1,0
9453,obj:5fadb84dc3af009377c5f257ffb6a9bbd480411aaf228436acd9f963b408e037,0
9454,obj:91b87ca334087c79c6d4e87b003f67751d20dea3ee777fcb7afba5bb906619fd,0
9455,obj:45362a75000c084757cd08479e4fa728ab9eff667078384c98e1758239c63d54,3
9456,obj:e31694afedf9f493eb28503f88d364876faeef04c258d17a1296928613b88702,1
9457,obj:dd8067bba19b0e5b18609f4aac7bae64e1b1cad3a39971a0ed9ce73f1ae79d93,2
9458,obj:e69f5ed8deb6085f1d8f9f2011d3c3c2df5d1cf2e85a5d840fd0eaa257547a14,3
9459,obj:0862b2aa6697cf4c458e48b37df110e0214acc6d280c28e6faaadba4b3ce1543,1
9460,obj:47f0fd9ffb6bf34e3776a7d2a465fcf98c7d56bcaa7c5e70bf82f4c54b2a16e8,0
9461,obj:5fb19d570e17c67725b028fe33402871b74156659b967cf2d89ee2a7fe6273de,1
9462,obj:51df51eb5b6b48a6d60b20a371a7cb3a40ae0b910dad03c8068c493fc48cb4d4,4
9463,obj:e8c9c6d733b8c25fc94f9af77f66787bf68ab907767d8860b7ba171a7df005ee,2
9464,obj:b453e9db3010d2cc41fb50ef1da3ed16e1dad4ff21fb3dfd5b49ecfb3e46d68f,4
9465,obj:4d9a2409355d41611cf4881bf884e438c0ef5c1317fd586ab77484465f79dc7c,2
9466,obj:4d9a2409355d41611cf4881bf884e438c0ef5c1317fd586ab77484465f79dc7c,2
9467,obj:55c49a17a53b9f95870ec87c1cb7dc0c08fcde9c866a652bfc008494c0902226,1
9468,obj:41d8f89c436956f124a26c468196619b2ac2abed1d9610d0c68c6b73733b4157,1
9469,obj:6f42c582dd6e7b27eddd6730b11995ca503093dad0f4987c546821d807630805,4
9470,obj:6a42d4c7ab299f471ab52d3534d8fad29dddf68383d742623aa90332cbecee8b,2
9471,obj:466e3fc198c92e1164a446bd42c513a6ff99e17506484fa027611ac9de5462fb,3
9472,obj:a2d5bb1c231e1947a79ae93d2aa4f36df54ff1af6a969495731437447ff2dbfc,2
9473,obj:d554d03a6a3079bf3a36059ac8295eb785528beaff64d22cabd4945714d4bdba,4
9474,obj:fafb50bcaf635db18b6b53500aecc085f01b2967554b930edc1882a15a1f333f,2
9475,obj:eaad3ec91ca03dd80c5a89b853231666bbe3343d0fcd6340f35c45c04d3e81dc,0
9476,obj:327dbdab56a83001daece5fe35d8f78a4e249d4e7444dec1651d42b0de4ae0f5,1
9477,obj:dc56aa77c2b56490cbfd2d0843e52a789c5141d245b7a54cec218bf44114824d,1
9478,obj:0710d3514ae03454a8c225c524b15304010394c5bf581f12a7f01bc808435341,2
9479,obj:97f0f6ab1cc802c5729dad681328513cacb64bd81421985ac574e7adf93681eb,2
9480,obj:b92965c0088d5955a42612c2968f175145f3544403ca090e1b3a0db53c36d321,2
9481,obj:51446fedee2671b747a39866acbb331cbd431fb26794b6ea9834c4d783871ff6,4
9482,obj:6f42c582dd6e7b27eddd6730b11995ca503093dad0f4987c546821d807630805,4
9483,obj:c850aab75bb523bc5130c2a31eb9dd7e5409790307a0b06fb8bd464bf993a18e,0
9484,obj:c4ee577b27ab3cad6d0c6d69d8bd716e7f6ce85660898fa036c824cfbc114080,2
9485,obj:45362a75000c084757cd08479e4fa728ab9eff667078384c98e1758239c63d54,3
9486,obj:d7cddd8eef04e1e788ec3e029c0392808620894f7eb753d1c47d8e955f505ec6,2
9487,obj:466e3fc198c92e1164a446bd42c513a6ff99e17506484fa027611ac9de5462fb,3
9488,obj:64a0c5cab668c12958732684626d4e12529fa36fbe676dde96ef267ac7b88c80,3
9489,obj:344069bcc964fdedc1917a44a5f0558cc330a17e17a0fbdd454d857a0a4f9170,3
9490,obj:0449093a43546338714fbf0c7067bd88b1f34025b946d5ffff0e94c1855d71d6,0
9491,obj:177f406188d4de4f1832fe61ef52b60b37c3b8f9140ad82a3eb7d7399ee8a588,2
9492,obj:e0f81817d077d1954f98b08f1341ce24d23fee7131c5081be0dfd041fcef940a,3
9493,obj:29a46786fc421793974ac4ffe3d53b50b1e5482dc820a77f949471d10acddc49,1
9494,obj:4e21bf335ca163091cc86db41277a7f8ec1d30eefa268afcc545d0df4f520ae9,0
9495,obj:76565eaa0a77e5d06606941188791e1bf4e4e71659d7abd702cf5e2d9f946dd9,1
9496,obj:f8ce0736c505bae3509e4c52ca9f75857ced518d2c14f19fd1070fa6342fe38c,1
9497,obj:886f6a78f9d8f367dc2be3499dcb68aae812e0ad1b785d9376c9243054985d29,1
9498,obj:bf82bf1b095db4c44647a0db2fc0922f3aebdb62dc1dc6d044d74175fcefc581,3
9499,obj:f1e58c4560059976cfec789d7c9a8a45c419ebfdaba55c4f7b9c28ed40838c31,1
9500,obj:6488aebe30e63e9b143d4cba3868dae254874b6327a81b73b66a18b230579780,0
9501,obj:2bd473c37a5e3539d1dfaedbee2b8d42bfbf5a73b9b30557135a702879578a21,4
9502,obj:f7e412a26d4bf99df7076b17caa9ce1e93eec7b6ba1ee9dd52a807032f807bb5,2
9503,obj:43e3df387efbd1975f029a2164acfc508260e8b1ef887a15ccaadbfcc5bfc003,1
9504,obj:0f6c16b81c2af5da2fec4816f746d7880096e3da48fdfcfd1e89da40077ba9e4,4
9505,obj:6f42c582dd6e7b27eddd6730b11995ca503093dad0f4987c546821d807630805,4
9506,obj:97f0f6ab1cc802c5729dad681328513cacb64bd81421985ac574e7adf93681eb,2
9507,obj:b164b6b1e4f81c96bdb786cfe3a69968656a9c148b34ff425dfdbe70e61d03dc,1
9508,obj:e78ba556aaff3fa7d6929880f690c54b061156cc7d3ee9c583e64bd041a4c51a,3
9509,obj:aaa33d2a19973be299b6c110fa8dc33f9b22b1b9e5e945c683f06b17e417328c,4
9510,obj:d24e2b176d7fc6a451ca1c49117682469fbb78e878318769ee538f1953ac31b7,2
9511,obj:4fcfdab5cce09dbb5509eaaf288e2f9265a123932ea2c3d4a92dfe0bcabe6de2,0
9512,obj:c4299f813e04c251c2256ba7e851185d6f5efe915bad855fc06da74bc88a80f8,4
9513,obj:9fef5f45f4bafdd6a7d1668d07e31927cd65742dd4a70d6c368f452c00379718,2
9514,obj:20aa8ad19bf24b88cea24ff6d03c0782e73451c27fdac32adbe6d093c09568a6,3
9515,obj:677280e820dad3bd4a78220f9639c4fc963272a9b9e57f190a039ea13aee89fb,0
9516,obj:a4c9b025fa75623221ae0b0738c0080663fe19272996caff4fb569b70b0401d0,4
9517,obj:7cd82545b39c0eff91afdfa604793dbcce0245eb5f124a6e5890bd795e5aa1bc,1
9518,obj:5c83acccf968597080b7d1e424bb3953dfc6caf6b244980908beb2d25eb753c1,4
9519,obj:84f7b045f98e39ca3c242129349c0f7de10bb8d09c553fa8c49642000e6ef642,3
9520,obj:baf01b6f65fe14a81388d8c580fd58194339de53d6e8a4e4cb5fd7b30af50157,0
9521,obj:fafb50bcaf635db18b6b53500aecc085f01b2967554b930edc1882a15a1f333f,2
9522,obj:a68e4097b305bfe7e57538d873c583bf6cd560ed253aa42482136013c8a0b896,3
9523,obj:4e02e991790d6e5c889f31763e2f62f45bc351da4cb86a1b4a390e9cf3f1784f,0
9524,obj:20aa8ad19bf24b88cea24ff6d03c0782e73451c27fdac32adbe6d093c09568a6,3
9525,obj:466e3fc198c92e1164a446bd42c513a6ff99e17506484fa027611ac9de5462fb,3
9526,obj:0862b2aa6697cf4c458e48b37df110e0214acc6d280c28e6faaadba4b3ce1543,1
9527,obj:cd590cded55d94480e6310dca774e0f0290aa967ef819f828622bf923fc56ff0,4
9528,obj:04c79c7c415b86e5017fefcc9ab075b146c0365a06490125db71fec0b696c6e1,0
9529,obj:4a5af2a04add40541d8bc11902dfe3a9ac3d79878efd46a7257c097f822c767f,2
9530,obj:0862b2aa6697cf4c458e48b37df110e0214acc6d280c28e6faaadba4b3ce1543,1
9531,obj:327dbdab56a83001daece5fe35d8f78a4e249d4e7444dec1651d42b0de4ae0f5,1
9532,obj:8b57a48546c14b9e216f9aa13de7973c18f1dfe8dacc2c4d767b9bdf10a7acf6,2
9533,obj:35bb9d02cc6202d66b242a2d889e6ca7e227ec95b8e58ef285bce1361242f495,3
9534,obj:0862b2aa6697cf4c458e48b37df110e0214acc6d280c28e6faaadba4b3ce1543,1
9535,obj:2623a656342642fcbd50ebbea64a9fcf9cf8b5c528a052f07cf378419201f7b9,4
9536,obj:f0517901c69968550318ee0dc055dfca76d79c2820cf0cb4945aa719a5f35278,3
9537,obj:8d165211cc410d7327666f1d664875f67e08bd0d218604ba23706eb249678831,2
9538,obj:97f0f6ab1cc802c5729dad681328513cacb64bd81421985ac574e7adf93681eb,2
9539,obj:f573491394c26568eaab343c3ac83723e28c13f3273394939683173dc1b3173f,0
9540,obj:0449093a43546338714fbf0c7067bd88b1f34025b946d5ffff0e94c1855d71d6,0
9541,obj:c41bb441b252498e8d8d587961ebc25f45c7046b9093f8bc26c1db5824282798,0
9542,obj:2c7628455d3cd8eb08c1ac422b9c8c803a4646d9660fd5c29198b821ad753854,0
9543,obj:07465541eee71fde2d20fd61cc5bdc048b332ffa0ac4c4e600bee20c620a4fa4,1
9544,obj:a2d5bb1c231e1947a79ae93d2aa4f36df54ff1af6a969495731437447ff2dbfc,2
9545,obj:71c9b63c7589f928dde668a2f52f42ad98beb1b63f0d9c49807e843634b542b9,0
9546,obj:af3a11915eff4be86e23fa28a1be1738c62aebf839e95309019ee7bdbd54926c,0
9547,obj:4e8f46346a81c7879eaf35a20958ed8252c59c8392a6d41453263791950cf4a6,3
9548,obj:0449093a43546338714fbf0c7067bd88b1f34025b946d5ffff0e94c1855d71d6,0
9549,obj:2ecaef38256155de4955c32fb40b418c498ab2755965ae69cd53e04ed9c85a62,4
9550,obj:d93e60b43594aecd2c6fae8c0497793de01ce27894b6ad91ca21f2de70df8ac6,1
9551,obj:de04bcc3bb81d6119751e1b7932f17502a6d1d1281be6760fbe1a331886ce15d,0
9552,obj:14a74bc17bff9673d0f8bc3a79838f9f7505bf66fcf49cf9f6aff715ffe25483,4
9553,obj:af755a9f5d3a7691347b0532ea5d73156151c3ded11b063e498e18da62cd3414,2
9554,obj:c99899ce517a97c8a1c2c7fc01118956318c73f7415c97f07f5b2291be9e9f81,4
9555,obj:84f7b045f98e39ca3c242129349c0f7de10bb8d09c553fa8c49642000e6ef642,3
9556,obj:9923a061004ae9fcefe1b001dd3806bcd63fd1caf19b75e9b2809225590d958c,0
9557,obj:19a0c81787c12c502c97448f830474bd913128c588a7e73c25e0a5a16b205c68,1
9558,obj:7d53f4c0de2605886aaa06f30814a7f173ce8bd35e449e3cafd2663072bef061,3
9559,obj:ba2c128cdd2a277e4098e62ff8060679dac2caee9211313f3a7a068e5da6ef32,3
9560,obj:d0d1911ff5d86d30d7e09d258c71acf4f0715e8ddc121368839627460a5d8920,0
9561,obj:3c72651e9032420ae0bd20de393c3eab3630959aba78f7ba73cd7a7f6a0d33b4,4
9562,obj:6294929f2bd07e27460cf82e147958ed5d217950c78f2de87ccee441b90cc8d3,0
9563,obj:608f17f4d6c856731f065b62a08f0cfe074b0984fac6be9586d49081c3b60ecc,3
9564,obj:4601cef0cdf3b6c79e4eeccb1c5f09c5bf76279305cdc35933585d5208d21bb3,0
9565,obj:91b87ca334087c79c6d4e87b003f67751d20dea3ee777fcb7afba5bb906619fd,0
9566,obj:6a7ce230a2ec0e9ac1452c4fa2204a301721bdef4f9e6f7364264c1ab704dc9c,4
9567,obj:5bbdb6e72cf93408aabec30156c9946dc350b3eb61b86de7eacea0d1b8569874,1
9568,obj:c0d7e24c787ee4ad9b315ce045767da21fd8d2b2b36b54807e81350f262baaf7,4
9569,obj:6488aebe30e63e9b143d4cba3868dae254874b6327a81b73b66a18b230579780,0
9570,obj:e68adfdff3c7db932511dc38230d0ad1e10f9de059ab6a215df5bae24b17a6c0,4
9571,obj:4a81dc3adaff0e4807d8873ee01d9089c252fe547236d5ef7640e73aee81eed5,3
9572,obj:bc455b4fd521fac6fdb486ef42bcd6b1f3f53e9bc7cbb1a58fd0be646ca6e631,3
9573,obj:e3dcd2e89f2663987860fe985f8492cb6f044371fdc02a211b60fec7eea44686,2
9574,obj:6f42c582dd6e7b27eddd6730b11995ca503093dad0f4987c546821d807630805,4
9575,obj:ca13c3afa78cb5cdf1c0ec1e68742b29a1cfab2225d0453fd8eb58ffdbc4d967,4
9576,obj:cf22cbdc72ea5b802df5e585620049772ee48e0551e23c10e4b2d05c0213a329,1
9577,obj:106770cb7a7fc11ebf90d812ee969cf37133e45f34430c9407e16b241a959844,1
9578,obj:263f5c43f36ffc4e786f5627337686236126eafa36020c5887b1efbc85180732,4
9579,obj:a56641d87b7f0d1c47085db1372cc27b693014a0cd168804ba3d4af7774b0fb2,0
9580,obj:db32c5e7a0131480487213adb8afead624c8c6a2a57736a4ac65556da0ac7112,4
9581,obj:6a57de188f209d8c99c6d921a0e04528d31d28136e6de01c68c22f7590a340ca,3
9582,obj:f74f2b6f0c388e28da791bfbd73434e571e6baa2cc839c8206d3d389496faed8,0
9583,obj:f8b621e0ffc66dfe0e59f707f32dc6047e9449caf4df026d60bef5473095c509,1
9584,obj:eaad3ec91ca03dd80c5a89b853231666bbe3343d0fcd6340f35c45c04d3e81dc,0
9585,obj:71c9b63c7589f928dde668a2f52f42ad98beb1b63f0d9c49807e843634b542b9,0
9586,obj:3a9fe073386d5f2f347e0b94bc2e002ad32ecdb82a50d41a9f2e53d505318c02,0
9587,obj:1b45c5b68b3f5cf152fcf24404f9f19c1968dc7887286720daff04c65f55bfb3,3
9588,obj:5c609aaf1f61d1744c5bcd2669dfebed66c692a4063d4901ce6dfb541d8fbae6,2
9589,obj:04c79c7c415b86e5017fefcc9ab075b146c0365a06490125db71fec0b696c6e1,0
9590,obj:9a850c42a5762722dbcf3cca6fcbc053c1b58cf7abad59ba65fac80ae3a35c01,3
9591,obj:eda1f500f38808c6efb34b849b96a416823def76ba3e101163120aba57ad5656,4
9592,obj:6b334b965bbdb08dcb2acff8955acc17d2736b67ee4486a3202fdea8f88a1f24,0
9593,obj:ae58d3702420ffb56c36d9af3bc6a69e878df4dc6b536fc936a54fe18beeac77,4
9594,obj:34412624ee154ab87e337844cd36ee98e681770e2cfccf77f4ade43e883e370a,0
9595,obj:fe100100f2f5de50b12f9ee5413558bfdcdd45928ba8cde9654f1a4d3a92f725,2
9596,obj:a97288eadac108cc9837ca449984b2eaeeea8c7074921c27a9ea95f79a39b246,0
9597,obj:22992fc149ebce67934f712cb85267024ce19bf9c6b44a918047c86f3106d857,3
9598,obj:906cd71964cf98d18613afd0abfbac42c5ae0d1cad7ec407b3981cf20f2af1a5,2
9599,obj:81acfa0e314f9104616de9d2c012e1372caec2d4daffd133de34a76f3d184ffc,3
9600,obj:bc44cf4b68455bb975c3769025536441435a3eb4431b181ffdd89ee6f6f0119a,4
9601,obj:5c83acccf968597080b7d1e424bb3953dfc6caf6b244980908beb2d25eb753c1,4
9602,obj:c74623724e1d4e937487026cf7f0d71124097b3a7260aafab1e41e3304d8c527,1
9603,obj:71c9b63c7589f928dde668a2f52f42ad98beb1b63f0d9c49807e843634b542b9,0
9604,obj:c8b78f3e10699e4aebd1c459a2a2946e406438aaeb68ff443f3d30936fcb1893,2
9605,obj:0449093a43546338714fbf0c7067bd88b1f34025b946d5ffff0e94c1855d71d6,0
9606,obj:15419b8943f8926db86a9bf497d2cb32df6b17daeb1e013bb50b066482649dc4,4
9607,obj:119568904906632859e5aca85087a5f8d5a0fa4b369a3a16bfb59526dce430a9,3
9608,obj:fa976ac4b7fb62a049c73e1e632c901c1d40cffca91a2ff1ae44ce8fb7462727,1
9609,obj:b200035e80b35d5c01d8fc7c80a5a42ab8c44d651523fd336106ae0a8404c2ad,3
9610,obj:0cdcc6e1ab4f53f70d904df6017d2bf8d0b546a7e0110675888cecd7838471aa,4
9611,obj:73f5c21e7076394bc707d5f3d0514357e337b6374e45a3d0c57b93587a256668,2
9612,obj:be15400a769d09cd5c82a5986b6794caf61e843283ed04159353d941a894f850,0
9613,obj:d89ffde8c86a22935f3f8bac06498f6a551bd613e14d4e9415f908bc04e33a7c,1
9614,obj:ee740389d0d796e486f75ab6856686caab3b13a45f5ba5f771e3bd9c17ccf906,1
9615,obj:a10c88a27a34bb28886f29412e09eb6e501c528fb367edcd90893f9c9b5382be,4
9616,obj:a546ffc670fefe1134bb54420bcbd7475435f0091590916c4f48ae44f2ec87ef,1
9617,obj:e0b5940dc38c91a95c3550cd1af02c6002cfda9b1a55a94ae10ecae5ee7c276d,0
9618,obj:fb3eb605f840706efd9424290d6eac2defa087daf4b33525ce79e6a036adc115,2
9619,obj:0862b2aa6697cf4c458e48b37df110e0214acc6d280c28e6faaadba4b3ce1543,1
9620,obj:c003590c6350a0339fd0c88bffa2ae03a2cae6da986fe79e237e676a6762303b,4
9621,obj:6f42c582dd6e7b27eddd6730b11995ca503093dad0f4987c546821d807630805,4
9622,obj:45362a75000c084757cd08479e4fa728ab9eff667078384c98e1758239c63d54,3
9623,obj:e3dcd2e89f2663987860fe985f8492cb6f044371fdc02a211b60fec7eea44686,2
9624,obj:2c7628455d3cd8eb08c1ac422b9c8c803a4646d9660fd5c29198b821ad753854,0
9625,obj:296e8e1452c5ff9d3931084390dcf9d4c8bdd956c7f03effa10eec906f76b9ba,0
9626,obj:bee540a0fc7b57a53a67e3891c580f4577f0a60008cb1b1ea1d1cbcc81ac8b41,1
9627,obj:8a7d63542131081842b3d74949f9526d3b40c8f6bcc95a325961423701b42c54,1
9628,obj:fcc768518366f25501abb99f7f4535bbc8087982fac4db11491ff3c6589909ae,3
9629,obj:0bb3d539963750da94eb952a87e140a3b862376294c82a843335d2dc7c21ce03,1
9630,obj:6f42c582dd6e7b27eddd6730b11995ca503093dad0f4987c546821d807630805,4
9631,obj:b18ea19cfaf9b4c34ce11b442d0f3bc871a491a059ad0d55ff506d6348b4d1f0,3
9632,obj:dd800cadb77067c0e881d10dcf9cf70b56c88b4a82611b4f71679b184d4a34c1,3
9633,obj:c257b906890a8b6a6ab96b44520309019797fb1d4830631627affe92a94a0226,0
9634,obj:0862b2aa6697cf4c458e48b37df110e0214acc6d280c28e6faaadba4b3ce1543,1
9635,obj:694ff311ec5f7f7d4e822115665b7c8248c3e6ddc358a4e11a47284883a013b1,1
9636,obj:55c49a17a53b9f95870ec87c1cb7dc0c08fcde9c866a652bfc008494c0902226,1
9637,obj:24b00c1b9bbeb76482c456b502499f63d3648e3555f75c1ee7e4b9e70e27083a,0
9638,obj:99b0bfb560e2486a2f758037a30799b093eefda3a287d98d31d33ab959456940,4
9639,obj:04c79c7c415b86e5017fefcc9ab075b146c0365a06490125db71fec0b696c6e1,0
9640,obj:0c66bd8c620766f86a1a906ab6eafc5183cb9f5249de15183d370af9029d28e1,1
9641,obj:0862b2aa6697cf4c458e48b37df110e0214acc6d280c28e6faaadba4b3ce1543,1
9642,obj:b8dd95fee9449d5b9388eeaf5a2cfdd0e2d166ee5f6625b18717656f89e75ab5,0
9643,obj:8f3ca1dbc0794169918a53da5df849605861dd54bd45027a789dbe452a85db48,0
9644,obj:54405a56ecc1a6eb25de8aa0c9669de69f4a471f5ef6b60048388e3eb3c0b702,0
9645,obj:71c9b63c7589f928dde668a2f52f42ad98beb1b63f0d9c49807e843634b542b9,0
9646,obj:570179bc50778ee2d945033dcf825cba69d16820737f76bfaaf6240987edfcf7,0
9647,obj:6baf44c4c85dd2165fe737981ee3de2ad47f149d6dc49176ff035338ab7f8541,3
9648,obj:2cf14aae6f8a94051cc5b786093162a0af4024d21bb76c725f41259e442eb91a,3
9649,obj:2235fc68a2ce1f17e5fa81ab1784cf01a8041bb5380d4785b919f43320205e15,3
9650,obj:e56a19d64b35c77c154e51a305e676c6f1a998f79936845e8e8c5301efd47920,4
9651,obj:96bb898b7cf904d30d59230b90b69f18a3a6fcba2dd2af4110a6556d988a8138,0
9652,obj:931f8e193d34101632f7e8a18136c7dc696d5946ff2faac69a28c0483e62a59e,4
9653,obj:8a7d63542131081842b3d74949f9526d3b40c8f6bcc95a325961423701b42c54,1
9654,obj:e3dcd2e89f2663987860fe985f8492cb6f044371fdc02a211b60fec7eea44686,2
9655,obj:a2d5bb1c231e1947a79ae93d2aa4f36df54ff1af6a969495731437447ff2dbfc,2
9656,obj:c839f10d74aa14727f1f129bb9e822d92c5fe34acc3aef4b501f0ae67704b07c,1
9657,obj:71c9b63c7589f928dde668a2f52f42ad98beb1b63f0d9c49807e843634b542b9,0
9658,obj:eaad3ec91ca03dd80c5a89b853231666bbe3343d0fcd6340f35c45c04d3e81dc,0
9659,obj:d645356037780b2ebd697c6abcaea54965fc8fc8792cf9a9fe873ac68000bddf,1
9660,obj:4601cef0cdf3b6c79e4eeccb1c5f09c5bf76279305cdc35933585d5208d21bb3,0
9661,obj:73f5c21e7076394bc707d5f3d0514357e337b6374e45a3d0c57b93587a256668,2
9662,obj:5b9909c8c6e7002f547ed1281ba24e4aa344042a40c33fca6cc68491e7d7c270,0
9663,obj:b5e35a327d511f29d35b4a9853f9092d792100b361119869c7560979303763d3,3
9664,obj:fafb50bcaf635db18b6b53500aecc085f01b2967554b930edc1882a15a1f333f,2
9665,obj:4e1480d78646f85bc1c83ac2433511e6077aef71aa4cd546bc0bb3ec9710f239,3
9666,obj:558c517069e6b1447edc0a86845067f002962b9c9c0828ca69f7b839f53c40ca,2
9667,obj:19a0c81787c12c502c97448f830474bd913128c588a7e73c25e0a5a16b205c68,1
9668,obj:4e30dff92dfeed3f599e6be91548653c960983aa3c88c4122ad96fc32fa0de68,1
9669,obj:afdc8d9949897a8fff3ff422d3b6e39e9631f3349b50f4bce44d7ccf7721cf9f,1
9670,obj:97f0f6ab1cc802c5729dad681328513cacb64bd81421985ac574e7adf93681eb,2
9671,obj:0f858233b9387629074319656f40dfcb6f80dab940287371279850f542ff26e3,4
9672,obj:8ed241e9e66f276f258064907cabeda0ba53afdb0234d6f7ecfc6b7640f12986,0
9673,obj:14232e3ed027da037b75167f43dab2daa945aab669b6c361ea3f1302de2eba4b,0
9674,obj:b527f18504ee8592a04563acb6b0fe9c99cb4d9337b225a72414ca4778d5f31a,4
9675,obj:2235fc68a2ce1f17e5fa81ab1784cf01a8041bb5380d4785b919f43320205e15,3
9676,obj:d6a7db905403b0620bf5c6343015b5de7df9af636f6c76188712ef30b8c9f62f,4
9677,obj:0862b2aa6697cf4c458e48b37df110e0214acc6d280c28e6faaadba4b3ce1543,1
9678,obj:22b71aaf7febd3ecf1d26705b2a651de070cce606513fbd9b11941f763d18e33,1
9679,obj:6f42c582dd6e7b27eddd6730b11995ca503093dad0f4987c546821d807630805,4
9680,obj:1264636c93d28f739f988c17231b1a55261f89cc34d78c71e0fcea512a42b132,1
9681,obj:ee65c8249240781e2a5fc37eb3962d5f3c0fb7849544dacd5d30208d0e2d802a,0
9682,obj:aa06aff58a38ccb88c843e9bd10aef188361e7f4a11bf755bdf4a4edd020dd93,4
9683,obj:097f986970720b9a9cd77cb09a988daf65da5ef572fa602c2b7d2eb3c509059c,4
9684,obj:7cd82545b39c0eff91afdfa604793dbcce0245eb5f124a6e5890bd795e5aa1bc,1
9685,obj:822ce48f062b5aa7baf7d16ecb2be37fa8ddffa46136175f2ee3b072a891084a,4
9686,obj:8cae7b7b0b0f7b201a80a8f32a289c0b8aa1d1fec354c1ae47d97b464d931b46,1
9687,obj:6a42d4c7ab299f471ab52d3534d8fad29dddf68383d742623aa90332cbecee8b,2
9688,obj:66f6a337acab0a3e7f75cad1006f08252420db043f864125838e1f34bbe5aba9,2
9689,obj:5c1ce3688fd18cc1ea8443a1ad7eda4094d87a90836ce2224221a9bdeacdf4e5,4
9690,obj:ca5f2c40a7087963d4a80145f606d776cb460c785a6ce1c7ee646d3fb63a1f90,1
9691,obj:66d64c1575a3dd5b9e4847dd8345dce40dd7e47fdd426c4e0e295f1ee162989f,1
9692,obj:b693ef7d112c69b7323c5551b153e1753e01850a343f5e78868c3f1c2904869c,1
9693,obj:a31067c34c16bf2f177f7dc98cd1ee16cabf8c9a6176dfa5572bffb1c60ba1dc,3
9694,obj:29eece8688757872f4e16f89fa29c7ada0d21e23ffa0aca5c9059196fe854c99,0
9695,obj:671ab9af731de34ec4cef4f2170b6e18b4a5b1c9aee71b17906637cbf30afe7f,2
9696,obj:6a42d4c7ab299f471ab52d3534d8fad29dddf68383d742623aa90332cbecee8b,2
9697,obj:576680c3a0bc5b5a3ca5c6d27f690d115411e06eabc47aa1792ee80d04814d82,0
9698,obj:5a1fdf60522243e54683facb4fde42f3ecd9fc7003e132b433e8df51864a9daa,2
9699,obj:99b0bfb560e2486a2f758037a30799b093eefda3a287d98d31d33ab959456940,4
9700,obj:c003590c6350a0339fd0c88bffa2ae03a2cae6da986fe79e237e676a6762303b,4
9701,obj:3423fdd7e4b1ae0c988e0fbd1df425855ac1cbf13f2c9bac9ad02a7cc3bf6a04,0
9702,obj:ac741486f0e7c87575ab4c2cced85be60f605f7a8ec11265c305d7b9a5959bfc,0
9703,obj:5a2923515dc149b363e8729d18adc6bbb18718c496d97c5a8a32fb12e575ed95,0
9704,obj:525163b52f6e0b5983a1e4a36e6bc859b7b59f86164b683903b41926706dbeff,0
9705,obj:45d2e83a728f903db329f7b96b4127877937f3f70861161f9aaf770970ac30cc,1
9706,obj:17c264167b47eb44607ae9eee12f5d325d5c74ce37d0eb2ec73716c98019cb81,4
9707,obj:c55608048b70caa66993842cb0629968de95c14d3c8c6dfbd115c8fa81ce2873,2
9708,obj:051325ef9cf80dffffa782b8537faa64753f0cf354795bb02fee234a2be59574,3
9709,obj:ff89ef3b8766ce96afe76e5429b9d770f242e71cc6a3b73d8ebbf321856a90b5,3
9710,obj:33caf8819dccb4b0ced9aa012219e1cf4e8617dcdf6de4d9d3f5dc344f654699,4
9711,obj:7757c5bd86ec249b0b850329824738d782f3cf724862557b9d795e69a66f541d,1
9712,obj:84eafe31584031935d142aff402d789b8f8f4d964a0a8da4934a29c57787ac9f,4
9713,obj:34412624ee154ab87e337844cd36ee98e681770e2cfccf77f4ade43e883e370a,0
9714,obj:1a8d77fe8ab8ff03900e1a375c229f8f91e837b3f69414154084503aaaa2b13c,3
9715,obj:7145159f6c4158f1129827e7d378ed7f843269e554582c5922d0baf0badc977e,2
9716,obj:ab2268181fac229995f14cfc7698e8352425f6e045047d0efdef0f16ffec7480,1
9717,obj:6488aebe30e63e9b143d4cba3868dae254874b6327a81b73b66a18b230579780,0
9718,obj:4634ef1bffd1ad0bdcf9dae81fdc6ecdbff98e0c07aa304be3fd15ac39924397,4
9719,obj:0449093a43546338714fbf0c7067bd88b1f34025b946d5ffff0e94c1855d71d6,0
9720,obj:4ed01982625a54d1c74910433c6dfda2a920b756e8feeb7bad9b53db7073f3e1,4
9721,obj:9c2719cc566ce2f56e9060bd55bd9f501c65b5b55ce011279eef0eba94072f18,0
9722,obj:2c0d3470283a9078d8da2200742ca3d556c63af9e48ffb65a233cfddf8f018e0,4
9723,obj:ae82c65bc07cdf0b2de561e2c0435bc9a43b65338679ef5c745247a36f94dd3f,1
9724,obj:dbdb03bb7b9f781c10a2199dd091fdc2315e0e44c31812ea3e0cc288acfbcd54,1
9725,obj:0449093a43546338714fbf0c7067bd88b1f34025b946d5ffff0e94c1855d71d6,0
9726,obj:9aca537af2a2403aba223e54d5577677786bf13d9f55937835d00e05a548c02c,3
9727,obj:04c79c7c415b86e5017fefcc9ab075b146c0365a06490125db71fec0b696c6e1,0
9728,obj:34412624ee154ab87e337844cd36ee98e681770e2cfccf77f4ade43e883e370a,0
9729,obj:a9974f1de4e60c550662eb080bcdda27a65ee874416ba97003e3de96c28ca97e,1
9730,obj:10a130ff53eaf43e473079523dc5066e07b149cab69280ae2a7a571d3f2e6a99,2
9731,obj:431704bafc10800c5b83d54ab14a8e9008882b5e92bffd5c306dfb356396bf47,3
9732,obj:21c8fb59004f16342a1eab38358bc307ab66bbc6d777cb2b5653225049fe0900,0
9733,obj:7cd82545b39c0eff91afdfa604793dbcce0245eb5f124a6e5890bd795e5aa1bc,1
9734,obj:6ad40eed9f6ba480aa72a99ecde93d0724ee84b048aa801c9c3dac88d69a81cf,4
9735,obj:8f9d7d85ca51d82996a0fd0c55f98e52660a61b25261b533cf20f84ddd1c72b5,1
9736,obj:4d9a2409355d41611cf4881bf884e438c0ef5c1317fd586ab77484465f79dc7c,2
9737,obj:2c0f34b8bf9d8e437546226233253b64334ab8fd0463a73b74d18d9874532949,2
9738,obj:3c23596f0c98bfaf1fd934c97807ecfa4d4de26c2706a819020e9f14bc7d9a98,4
9739,obj:4994bde2d7d9e98d7626d59e937a1934c6e0ca8cd769cb1c0fe907edb563dbe1,0
9740,obj:d10f9ccd7ee5e6371ac66f46c03de5f2bf124b8aab081ff8e5c1987153152280,0
9741,obj:fd618d39804507547e44de0fb477ad862143102d7ea3aafcd50bf85cd1a7e9ee,0
9742,obj:5c83acccf968597080b7d1e424bb3953dfc6caf6b244980908beb2d25eb753c1,4
9743,obj:6f42c582dd6e7b27eddd6730b11995ca503093dad0f4987c546821d807630805,4
9744,obj:278d0a6fe4aec0dfcbddbea591bac120c44fb96cf111697be6765f68dddc2405,1
9745,obj:cf31881f786ded1999c83b2ee637ff5a7adf0b3f5b9c896035f01726609e9ef1,3
9746,obj:baf01b6f65fe14a81388d8c580fd58194339de53d6e8a4e4cb5fd7b30af50157,0
9747,obj:b18ea19cfaf9b4c34ce11b442d0f3bc871a491a059ad0d55ff506d6348b4d1f0,3
9748,obj:6f42c582dd6e7b27eddd6730b11995ca503093dad0f4987c546821d807630805,4
9749,obj:2605e07af94b4c5d6d688251d9bc5d699ca26ec81380d49867ea9c7935f8b3dc,3
9750,obj:1bd2027fe4f561a024a73efd715be0176a883148a072bd621c8cdc6f75b0c8c3,3
9751,obj:bdaab69e8a845e49c8a047737d7394cbbae838679adaf255e4fb5d8654ce594b,3
9752,obj:53d1c497d9e549b1cf79316e2e1b9a1977991824b3966ac09c7e253f987732c1,0
9753,obj:6f42c582dd6e7b27eddd6730b11995ca503093dad0f4987c546821d807630805,4
9754,obj:591b3d575401c3435b3c155d5ab4be39c2f28bdd7212e539699a82fd4276ecc1,3
9755,obj:3b4082db23430a62b0d67ace4142b9df53081d95e825dedaa62c0a20b2c70a82,2
9756,obj:76786d74b2196abd6bf5c1e3f828e3a70aa20c0672bb0bc6f37fb2be8f79377d,0
9757,obj:1b4e8f0201eba71f1e4a2ad4599c4f1e3ab65e54e8bb4326d722e78406108ca2,0
9758,obj:558c517069e6b1447edc0a86845067f002962b9c9c0828ca69f7b839f53c40ca,2
9759,obj:df5d26c79ad893bf46498a5527013f08fbfc23a2529be23a28e00ad1d26e765d,3
9760,obj:2c7628455d3cd8eb08c1ac422b9c8c803a4646d9660fd5c29198b821ad753854,0
9761,obj:e08d7091a74367ed79795775956fa0668c88944a9abcbebf4a34015b6b6a7577,3
9762,obj:6fedf079eb6cbd9c4f9d58b4e040e8a1c8d7b6e16d82f77392fda0941ea1f5fb,2
9763,obj:6f42c582dd6e7b27eddd6730b11995ca503093dad0f4987c546821d807630805,4
9764,obj:84eafe31584031935d142aff402d789b8f8f4d964a0a8da4934a29c57787ac9f,4
9765,obj:c7588ab736da0cd0e738bd30526126dd5c97f420938d504b16d426a5c38a8f6d,2
9766,obj:e18cd4bf0eadd2c91ef37fa1bac1109be215557fd54e04c6272460fceb6d0967,0
9767,obj:146cb6117b93604dd4b1bf7ca9a4d5248974325f279a87764fdeea4e870721b6,1
9768,obj:f16f01a32da8a4f400a4a0ebd52c2d505872b7bec7c3d6170868c3df8f7bdad3,3
9769,obj:921b065cfe28082a49f4ea82fef229dd50d02458ea52ce5cf491788edcb5e346,1
9770,obj:849360795422b7e6d75916e843e67a1dba24b70e83bac23bf852079371039049,3
9771,obj:7d136cf659f81d3dcfed9b6dd466f83de85ae8812fb2fa5fd59767c52268c8c1,1
9772,obj:0449093a43546338714fbf0c7067bd88b1f34025b946d5ffff0e94c1855d71d6,0
9773,obj:64d68c4ce039f71783057d0fbc96b6634d4380c39639534ec84fd1446e3a7606,3
9774,obj:cb42e3e4fc80ea7cd648d72411b7cd6ebdcf37c6c04cbea59cbef8da5b3d4fa7,0
9775,obj:0862b2aa6697cf4c458e48b37df110e0214acc6d280c28e6faaadba4b3ce1543,1
9776,obj:5be2e61610631495c97a6e4059402bdce5398c4ac4ef679cf8bd2a1bae64e883,0
9777,obj:2a8a1ac90b84e8a90778e7769aacbf6ff39ef26962cabdf177f51263512ddb0f,3
9778,obj:6f42c582dd6e7b27eddd6730b11995ca503093dad0f4987c546821d807630805,4
9779,obj:906cd71964cf98d18613afd0abfbac42c5ae0d1cad7ec407b3981cf20f2af1a5,2
9780,obj:979b79fad9bba49556da2d384d5048e1105dfca35c0a5121cd75ac2446556a59,4
9781,obj:1fb86c5acb71ae2041fea2b72b2552ec78a99a20717291f6a6741230620dfd63,2
9782,obj:467ed4dc5d7cffc486e70d85145bdd0a7decdcbaf527f8cf038b90e0d8a5ea62,4
9783,obj:5a5ba9d8c873b5a833fbd0b2727aa190a19e852a39df4aa292c8f3efbdebee4e,4
9784,obj:da5b3c0dad0052452584ca85c7c105629988468a296521adb4813814ea2480e3,2
9785,obj:6ad40eed9f6ba480aa72a99ecde93d0724ee84b048aa801c9c3dac88d69a81cf,4
9786,obj:6f42c582dd6e7b27eddd6730b11995ca503093dad0f4987c546821d807630805,4
9787,obj:71ccb41f225516630f535cc3bcdf25e9be6b33dd7d02185fde8a868f7336dc19,1
9788,obj:106770cb7a7fc11ebf90d812ee969cf37133e45f34430c9407e16b241a959844,1
9789,obj:47885cb3f63fab3665919d170b7b7e901030ee36104c2a66be1df5dbebabae19,1
9790,obj:fbcedccae80af371477ac7951ec228a576a4174989d2709dc4c139ce314d8203,1
9791,obj:d8686bd8bc44506dbededa44c908a83292684622930a27714d9452568df8b0ea,0
9792,obj:5c83acccf968597080b7d1e424bb3953dfc6caf6b244980908beb2d25eb753c1,4
9793,obj:6f42c582dd6e7b27eddd6730b11995ca503093dad0f4987c546821d807630805,4
9794,obj:6f42c582dd6e7b27eddd6730b11995ca503093dad0f4987c546821d807630805,4
9795,obj:0862b2aa6697cf4c458e48b37df110e0214acc6d280c28e6faaadba4b3ce1543,1
9796,obj:8b386dab6e2181adb167c0af8fe96ee74c6a9f7c55db232baf59c85d3e89dd9f,4
9797,obj:8db2a53e42f2d325af598e7451c2de6206af6b333e7edc979bf309397b886a99,2
9798,obj:76565eaa0a77e5d06606941188791e1bf4e4e71659d7abd702cf5e2d9f946dd9,1
9799,obj:3f8efbb0daec197ad26580bfe9492221030c0f0a9fa732ddb2513ff785fc0e27,1
9800,obj:bdc4e859742a25b7a47fc65ae75659104dbce19f68d62360da104fac67c1c117,1
9801,obj:22545cbb6659ca1fb1729a007057df66c60eda008592ac5d6ba3ec422807e939,0
9802,obj:c839f10d74aa14727f1f129bb9e822d92c5fe34acc3aef4b501f0ae67704b07c,1
9803,obj:2cf14aae6f8a94051cc5b786093162a0af4024d21bb76c725f41259e442eb91a,3
9804,obj:67124acbd9400365a07cbe256fb8180d92d7e2f2befb5181cc54a4e58383717b,4
9805,obj:0bf46e759345204aa33f445ab226fe131d0948b293b49190011bfca8e44322bd,4
9806,obj:e677aac3cceafcb38b9ba6ab7f96c93082c360b3caf755cb5fbea169dc52ca19,3
9807,obj:22b71aaf7febd3ecf1d26705b2a651de070cce606513fbd9b11941f763d18e33,1
9808,obj:30d10ad0e5c6a72996f7e7ac189a92a6e1830fb07b535f8fd741e25eceda19ef,4
9809,obj:8eeec602cf08dfbdfe9da2e1a3ad4aa868992ae7f7f54c9caf838b213038b0bf,4
9810,obj:558c517069e6b1447edc0a86845067f002962b9c9c0828ca69f7b839f53c40ca,2
9811,obj:b8a7a44ac48bce4cf30ec1d913a9bd5dec57388574c01d6358fe299ef0190013,4
9812,obj:db67588bae68c66cb267dc4150d77b62a2f1e33f9434e1beafaa47ee48261de5,4
9813,obj:c839f10d74aa14727f1f129bb9e822d92c5fe34acc3aef4b501f0ae67704b07c,1
9814,obj:a3ac430f69e5e3b491e85802c2e8b548395f8ff8dbb939f89950e0938ef3c870,4
9815,obj:fd5e75116770c5600d24fadd859fcbeeeae2640c8d07fe4e5cec69e967beabf4,0
9816,obj:19f87f575b03b87e167bec82a874af703966379a5867c660ae0d49a2b7631cda,1
9817,obj:a546ffc670fefe1134bb54420bcbd7475435f0091590916c4f48ae44f2ec87ef,1
9818,obj:3922eb4fe458b8c1b26f9a73402394701a16478311254ee33a5038712e011a83,0
9819,obj:a546ffc670fefe1134bb54420bcbd7475435f0091590916c4f48ae44f2ec87ef,1
9820,obj:0862b2aa6697cf4c458e48b37df110e0214acc6d280c28e6faaadba4b3ce1543,1
9821,obj:ca01007187b8e8c2a62e1ede01b379e285fe674abf2459e6b8a56226b27f4ef0,1
9822,obj:a0eabd071ec7ff98ff4e172f50f16f837bfd1bf8da9221a06add1363ff3fdbb5,0
9823,obj:76717d0f0b12b3e42c96401a42613533488fcf4f807424e1d33cc36eac981b1c,4
9824,obj:1fb86c5acb71ae2041fea2b72b2552ec78a99a20717291f6a6741230620dfd63,2
9825,obj:53d8fa47b93f063da6e2ce3f83ce26ed9f2764e965ec51e81a73d214fa08b843,1
9826,obj:ec24e37899439a269cbaba24f857eab788a1e8abfe394fed62046b331b8ed1a9,4
9827,obj:e15696aff9010e71e94e78c9204d9879c7ac81a673e190ceea95023e1c558a1a,2
9828,obj:7cd82545b39c0eff91afdfa604793dbcce0245eb5f124a6e5890bd795e5aa1bc,1
9829,obj:f8d8039c5240e111f6acbec356d5c08f818fd51a06e9ca42de9d95efd39ad161,2
9830,obj:979b79fad9bba49556da2d384d5048e1105dfca35c0a5121cd75ac2446556a59,4
9831,obj:0bf46e759345204aa33f445ab226fe131d0948b293b49190011bfca8e44322bd,4
9832,obj:39fea455d7475c6bd7e9ec679e84d054ca1fac483d46136925448987d04f2450,1
9833,obj:22b71aaf7febd3ecf1d26705b2a651de070cce606513fbd9b11941f763d18e33,1
9834,obj:0ef87208148fea0c92879f08ed22c790b3a6dbf62c002422b1aa6348623676a4,0
9835,obj:9c9c2ac38c70afb45f8705b3ea0ec910bad3b95f99ddf95297b97a22cd9c3695,3
9836,obj:bbc4a7785c9d389187a2dabd1f4bbba0a1f8397f0937d559bef4fdd7bba5153f,2
9837,obj:abbea23366ec8d7b71ac9266ec9ece3746e668680219d5a874fd5bdb5181464c,0
9838,obj:a6c88faa6c285ac22c7ee6d5cb818ccbd568cc62b83df86250ff790d829791e5,0
9839,obj:b34c5fa068eb8545d456883f299f9d88c07bc434aabd6e8a6ab89a0c98526df4,2
9840,obj:13c44daa4ae36abd2e7528b8e4027680513186a41b89fd23b6a4cbc9bd67f0c7,3
9841,obj:45362a75000c084757cd08479e4fa728ab9eff667078384c98e1758239c63d54,3
9842,obj:763cd20b279c4eefd991ad750702115360434551943902ad9b2e575d6f3f1f17,1
9843,obj:ea0f091db0bcb01fd993c5ddd3ccb9d2544c6fbc48db6ed43d04c44c2b4e806c,3
9844,obj:7145159f6c4158f1129827e7d378ed7f843269e554582c5922d0baf0badc977e,2
9845,obj:99fabc31e5afbbc59dea299407337fa847c4b0bf2e9c6158054e84ea33939be0,0
9846,obj:39705170d22a582d799889fd1dd53f226f368dac37ffebcdc6ee6d7fd5837ee3,2
9847,obj:d83266ce689a5f25c1affe77da0b718dfc17e9c13c6366ece0807472153055e4,0
9848,obj:5a2923515dc149b363e8729d18adc6bbb18718c496d97c5a8a32fb12e575ed95,0
9849,obj:919aa22b9e623f3ff86057739a6e10113ee87d9b8bed693300035b0993858810,2
9850,obj:f8b621e0ffc66dfe0e59f707f32dc6047e9449caf4df026d60bef5473095c509,1
9851,obj:b22b996fa01bce2e127a937b594a2adc4d0af05c7cf0337acd87a109d5b1548d,4
9852,obj:1f1f2fd1a912e974f398990b8323de78b55ffd5cde47df8a944bba4023cf8247,1
9853,obj:df47fede2cfa918085b747b580d081ce93e1fe3e5f4eb1df18efa36ab8c483cd,1
9854,obj:5624ee89a579ef3ec486ac6abb38bd09c815c7c1be495fa203420ff0ed16024b,2
9855,obj:6488aebe30e63e9b143d4cba3868dae254874b6327a81b73b66a18b230579780,0
9856,obj:65e6eef4eb2918f1b7c73042989e5f6c305339b1cc5c1a04782b25b7b6ec00fd,4
9857,obj:14739656541109b8ee4fa464bd8f1e374ca0ab1b7ab8142ef139596f58e44333,4
9858,obj:0bea36dfe869410e0a45d68171a865a602297d5aae75cab85e2342119017bcae,1
9859,obj:0449093a43546338714fbf0c7067bd88b1f34025b946d5ffff0e94c1855d71d6,0
9860,obj:843d8180933b4e1633557a57c679ad6139b99fe5a254b00bdd6b121a72b9ede1,0
9861,obj:c04761b95284a61fdb85dedafd136d0f4de40d448e2a0c10170e0c31a3c55ce1,0
9862,obj:6f42c582dd6e7b27eddd6730b11995ca503093dad0f4987c546821d807630805,4
9863,obj:a8d1f84648fbf0b7d61727ab33b4ed2a18ad752fbd7caf7de7bd4e9bb0d7d87d,0
9864,obj:728f54db179984c77d28948265700062285b9df56c8944442592f3482d796fd4,4
9865,obj:ee93bbf45027faef56fcdf1fd4ba2c0db4c3e0d63f040ff85ef9491bcdc275ba,1
9866,obj:e4aca3afd585a7b7697310afdb2d981db7241c0f2abb5a4a09c1fd8752fad618,3
9867,obj:77907a1878563dc19bff4442f35870bbb091fc7228d81a349730c336c817169e,0
9868,obj:f5e7fabb95bb7af042875071a3eb8f053d2535cfc6a910f865dd8374f05675ef,1
9869,obj:f670534a61eb5c1cc50008633c594057d89c88a7c880c0f7e2a041bc6af17421,2
9870,obj:0862b2aa6697cf4c458e48b37df110e0214acc6d280c28e6faaadba4b3ce1543,1
9871,obj:f555241b6794769bb8f550b4c9850e5e2b01ec06699646686b6e49c3e15b2932,0
9872,obj:712d9c7f92f79e30bcc7d4e6028529015f55cd19cbf202a7065a4341834d719e,4
9873,obj:e185f3cb87dd6f96ecd6dcb725a2ef73b0afeac90bea1f6f6108eb004dcb9be4,4
9874,obj:4709d21fa160f273f9f70b9c1a826005d13aafe6cf0c0bf836d2c73df91bb336,0
9875,obj:ca967a0e54a78b567c221efdf9e26a2e93a93280b40e455e48cb2ab121659102,2
9876,obj:67e1d06256dcfd1f806230cdbdbbeecfae13b281553689a47db5b205bc60d571,4
9877,obj:ddd059d1d4d6caf814b86904e4d1576510987816d12e0f989fb38c999dab75d3,2
9878,obj:6488aebe30e63e9b143d4cba3868dae254874b6327a81b73b66a18b230579780,0
9879,obj:81acfa0e314f9104616de9d2c012e1372caec2d4daffd133de34a76f3d184ffc,3
9880,obj:ab05cc8cd33c6b2f4e07eecd36d16c622790d083efd09b6f18bc0d88faad09ca,0
9881,obj:afdc8d9949897a8fff3ff422d3b6e39e9631f3349b50f4bce44d7ccf7721cf9f,1
9882,obj:9c2719cc566ce2f56e9060bd55bd9f501c65b5b55ce011279eef0eba94072f18,0
9883,obj:c11b378539ce6491a4449d2c5ca067a636242895c767d1874edef30621a071ba,3
9884,obj:1c7be23be4166a80c669ddac3b5b060eca4819ac373f12b9c7412dfc022639aa,4
9885,obj:29a46786fc421793974ac4ffe3d53b50b1e5482dc820a77f949471d10acddc49,1
9886,obj:7679e7f69c495a1e189b1dd59bbc7b1f2777fdb909e433ebdf7e0f37e17c49ec,2
9887,obj:a2d5bb1c231e1947a79ae93d2aa4f36df54ff1af6a969495731437447ff2dbfc,2
9888,obj:eac23f3fa00b27e2e5e948fa8fd80b63f92c8982ef7ed91f97404ea1e715efe0,1
9889,obj:a546ffc670fefe1134bb54420bcbd7475435f0091590916c4f48ae44f2ec87ef,1
9890,obj:b97f192ba6837b6df2471cc08d9cd20a3991457776158b6dd4ef26654c02d306,2
9891,obj:d6a7db905403b0620bf5c6343015b5de7df9af636f6c76188712ef30b8c9f62f,4
9892,obj:4a81dc3adaff0e4807d8873ee01d9089c252fe547236d5ef7640e73aee81eed5,3
9893,obj:467ed4dc5d7cffc486e70d85145bdd0a7decdcbaf527f8cf038b90e0d8a5ea62,4
9894,obj:6b434b6eac5f552de3a471f70278b8d88e620ff8905313abb2f80fc8d1ed06cc,1
9895,obj:0449093a43546338714fbf0c7067bd88b1f34025b946d5ffff0e94c1855d71d6,0
9896,obj:0bf46e759345204aa33f445ab226fe131d0948b293b49190011bfca8e44322bd,4
9897,obj:e9be7d36de8f1f50fc4382d5e7bb71920cb104c25bb18bf20e697c5a408a0b84,2
9898,obj:0a0f621db12bb985814d0288143484900a224da6c1e4d5b61fc0e672df292e7e,1
9899,obj:467ed4dc5d7cffc486e70d85145bdd0a7decdcbaf527f8cf038b90e0d8a5ea62,4
9900,obj:8db2a53e42f2d325af598e7451c2de6206af6b333e7edc979bf309397b886a99,2
9901,obj:3c0939305fdfced8a59c86dd50ba87a3624a218a06bec30947d1def801c05b62,1
9902,obj:b0aff9fbf61951c6e35753f0e1ad69a4153df87b5d2f121f0158e103aca18ac7,4
9903,obj:22deb2e69767b8623d1d78cc509b7eaf886a1bc20431a32e394b38ef512e9ca9,4
9904,obj:e335cd351d71d174cdbb496b91cc43f3edbd25acd20568d0a548a5e6929b1486,2
9905,obj:2c0f34b8bf9d8e437546226233253b64334ab8fd0463a73b74d18d9874532949,2
9906,obj:3423fdd7e4b1ae0c988e0fbd1df425855ac1cbf13f2c9bac9ad02a7cc3bf6a04,0
9907,obj:718ed53c6cb089ec92034b95cd75d5ed4efed8683c3793738add57b3992d0f08,1
9908,obj:f555241b6794769bb8f550b4c9850e5e2b01ec06699646686b6e49c3e15b2932,0
9909,obj:a97288eadac108cc9837ca449984b2eaeeea8c7074921c27a9ea95f79a39b246,0
9910,obj:0a07f1896ade0e2c3ca219526da56c4e090296401aab56f29bcdd16fa9c5c0e3,1
9911,obj:e9878c4308d43a4bcab4c0b595df3d51b5b7e300600abbd46d0ec2a67a6e0406,1
9912,obj:0862b2aa6697cf4c458e48b37df110e0214acc6d280c28e6faaadba4b3ce1543,1
9913,obj:327dbdab56a83001daece5fe35d8f78a4e249d4e7444dec1651d42b0de4ae0f5,1
9914,obj:2f98fa7318274965ebcd16513636b41d1e3ed1f6df0c63e21db4e5f39e4bf3fe,0
9915,obj:1c76d80be72fad2f9f8e0b4108da7963157dcd8d67bc9724871d220ee35d4fb3,3
9916,obj:066e23613aba33d474d6fd84683b93db3c20db8a243fcd73e80a72de0d481335,0
9917,obj:3beaf20351309947f3d32b64709d7be9aa8f316c037640eaa967c4fa7a621d79,0
9918,obj:327dbdab56a83001daece5fe35d8f78a4e249d4e7444dec1651d42b0de4ae0f5,1
9919,obj:1c76d80be72fad2f9f8e0b4108da7963157dcd8d67bc9724871d220ee35d4fb3,3
9920,obj:0449093a43546338714fbf0c7067bd88b1f34025b946d5ffff0e94c1855d71d6,0
9921,obj:f41f8f694efffe7106adb9002b3ef5920f971d34416c529566656d6bbc75a579,4
9922,obj:0862b2aa6697cf4c458e48b37df110e0214acc6d280c28e6faaadba4b3ce1543,1
9923,obj:94df90155d3d0952e988f3e483f5e07e4525d0b9d8e02d9d892934080b096ee4,2
9924,obj:5163fd174b0a6d328d4aea3155af6b7a363cda8702b3590a7d894239e1965f02,1
9925,obj:d33e64f64a7f567baf370618e2b3cdd3b756ae665cef3a02fe2758fdf2f4a463,4
9926,obj:6acd53e0c7f2d0338c0a29462f33322fe8a0fa8a1f9ce3f8740a4aaec447fcb1,4
9927,obj:16d0b67538c53541c801916ba8b4bf083e93a856e783451e6ccb0e570f0ef15a,3
9928,obj:83176588e175fbb9010f323dd35fc0f0e743dc1b6cc70a1ad22fee594676e7ec,4
9929,obj:71c9b63c7589f928dde668a2f52f42ad98beb1b63f0d9c49807e843634b542b9,0
9930,obj:7fa863b9aa7b1270430b8ebaabcb969ceb2cdd777e20f7cdd8195a6a17898e92,3
9931,obj:0862b2aa6697cf4c458e48b37df110e0214acc6d280c28e6faaadba4b3ce1543,1
9932,obj:e0975fa536461324c6f0d5cf20a0f80ac0a30096e1b9803d61df3ab8cc4655fe,2
9933,obj:f7e412a26d4bf99df7076b17caa9ce1e93eec7b6ba1ee9dd52a807032f807bb5,2
9934,obj:979b79fad9bba49556da2d384d5048e1105dfca35c0a5121cd75ac2446556a59,4
9935,obj:246f678a4aa623400fa4b690effc7409d63adda5c2ab4491298edb2b0e62baf9,1
9936,obj:c7588ab736da0cd0e738bd30526126dd5c97f420938d504b16d426a5c38a8f6d,2
9937,obj:43e3df387efbd1975f029a2164acfc508260e8b1ef887a15ccaadbfcc5bfc003,1
9938,obj:ebbbb347ca4c1db9b448f9429c6ebccbb6ffe49f9b29e1b1498ec9ced1b77492,1
9939,obj:0fd3a082fe6021c2a2cbdb1f1cf73d221a87897ebd88a6374c84babb7c417062,2
9940,obj:64a0c5cab668c12958732684626d4e12529fa36fbe676dde96ef267ac7b88c80,3
9941,obj:8a7d63542131081842b3d74949f9526d3b40c8f6bcc95a325961423701b42c54,1
9942,obj:5049c5c9639c486da745a943997555537f31a1aa38743d402ed99282f9d51e6f,1
9943,obj:35b036f2b23d675828599a09939cffdae8af6e844c6f830d05f3941aa9e3bed7,3
9944,obj:bff3a4e80be54b3a6d7e14f23c7e6d735f2c89e9adcdf3c12db5bd860f8dcb5c,3
9945,obj:d433386b08d4852969ae6693b8033b6f40bdf939c3e5fc81903f308317754219,3
9946,obj:92736c26dda8ec94a9baaba27da3ee279e9683cd7cccd416a4babbe05556e055,2
9947,obj:82ea8f7f185d43bfe98f70e8ed63d293169c28948be8d057ba3a2bb4d415b40e,0
9948,obj:15167ce7fe7bbe92c9908db84328cb891afc692a062ae8baf14bfb3d68faffcc,1
9949,obj:6121f45f52e369fc3c5ec4d472dbebc82a2c955f8745ec4bccba2b8260e249da,2
9950,obj:309e1a4c03872465809cff0f459c24749bffe1a73e89cbc463bf19ac5cb97a15,1
9951,obj:1271a8db07f8219749a21ecc106217358c5fe2f37e37348f5aff406de463fc39,2
9952,obj:e72825a1f88aeb443afa73d54cd6c5c52fb23cbc33f726102c19dbf8d46b8444,2
9953,obj:8dd9e678afd0555b015e891604dea2c4694bc7364d1a471b017c931635b3fb87,1
9954,obj:5ada209b67efbb3df290b61b75caa3e61f0255a506ba9cba07e1e7ab824ebfc7,4
9955,obj:b21b27227c3c71b55d867403b44ecf83d33d2e8ba08f63e045a30cc8e50ab2c0,3
9956,obj:466e3fc198c92e1164a446bd42c513a6ff99e17506484fa027611ac9de5462fb,3
9957,obj:4b1cbe4598f937efb9ce2165673c4d974122008fc50b16960b371b2a23845dec,2
9958,obj:0a0c603733cee4deb763331133fb899ece6b6c9b501afeae0aa401242bc145b4,0
9959,obj:eebd66751ee6fd6c713b4b15de59d46068066d160715210445241ad6f6212f74,1
9960,obj:e43425a101ab6f8bb3df02064f38032e430bf03cf62b6df144911f86876e9535,3
9961,obj:902a3961f7e482a3b02da2e1ec0528b3d675b623147df48e5ba601e260e89159,4
9962,obj:da985706ced816acb2d9c44418a07aa3519aa1f23b03f27c8592b71d6e6744d5,1
9963,obj:41651bb7280465b1e6ea7bfaf678f9cfb10ba5c6acde20e346951c14440a76d3,0
9964,obj:2da5610b222f2b5fbfc6168fa773fe4818386d387f99b953a47289f43872b72d,2
9965,obj:ea2a4af2d1429f35478b1f390047c395025a69ee6334ad24999936761562f360,0
9966,obj:0449093a43546338714fbf0c7067bd88b1f34025b946d5ffff0e94c1855d71d6,0
9967,obj:fa976ac4b7fb62a049c73e1e632c901c1d40cffca91a2ff1ae44ce8fb7462727,1
9968,obj:e73ab9e1b59547a7d30dace66d521f0a81a80237990d243310df7106ce32e575,1
9969,obj:96bb898b7cf904d30d59230b90b69f18a3a6fcba2dd2af4110a6556d988a8138,0
9970,obj:e3bfc045724c2cf9f923515d59a29e0f1c0a5e79d0f594f27e3fb781ee77584a,3
9971,obj:5bbdb6e72cf93408aabec30156c9946dc350b3eb61b86de7eacea0d1b8569874,1
9972,obj:9c2719cc566ce2f56e9060bd55bd9f501c65b5b55ce011279eef0eba94072f18,0
9973,obj:39d31094ee2fc46d569d6f8f7dc809c9d1cfe20334d83ab8ac73ad7e06ea3ce5,3
9974,obj:0862b2aa6697cf4c458e48b37df110e0214acc6d280c28e6faaadba4b3ce1543,1
9975,obj:2bd473c37a5e3539d1dfaedbee2b8d42bfbf5a73b9b30557135a702879578a21,4
9976,obj:932d28b14da7dbb7ca0c050383db3726630ec3dd764a20a57ed84e23dee033bb,0
9977,obj:836ca241f02800127c76cb3c2e4866b081afca5b6ad670249a57f7f6136130be,1
9978,obj:1f68cb35225b7518189cd4b3aa590344332934b34fe2bd703c6f577cb5dfd8fa,3
9979,obj:f1f112835d133b5c6bd40eee13442616a80d2f420e23e9fd4de140570cc0652f,4
9980,obj:f41f8f694efffe7106adb9002b3ef5920f971d34416c529566656d6bbc75a579,4
9981,obj:bc627d3deef24761b2185194bc2a3b1bd4103cf7ac646c65a0e63158016e05cd,4
9982,obj:6f42c582dd6e7b27eddd6730b11995ca503093dad0f4987c546821d807630805,4
9983,obj:e73ab9e1b59547a7d30dace66d521f0a81a80237990d243310df7106ce32e575,1
9984,obj:b737bb73b35f81d7484513063dd0c5164b188ecf22f11cee8f7f9102fe94bb2c,0
9985,obj:0abafa5896ebb9cf4056e3812bb1ba45efad383f1cb378a6a9445346928dedc6,2
9986,obj:da256549f232cd20673034481973e503e68bb655aa7da22070120ac93432cfab,0
9987,obj:24b00c1b9bbeb76482c456b502499f63d3648e3555f75c1ee7e4b9e70e27083a,0
9988,obj:e3f710dcb9304c44337e7f646704bd49a3f97c98c26cedc65b743c30214614c8,2
9989,obj:73f5c21e7076394bc707d5f3d0514357e337b6374e45a3d0c57b93587a256668,2
9990,obj:843d8180933b4e1633557a57c679ad6139b99fe5a254b00bdd6b121a72b9ede1,0
9991,obj:eaad3ec91ca03dd80c5a89b853231666bbe3343d0fcd6340f35c45c04d3e81dc,0
9992,obj:7d76a8ac29a79914ddcda4ec2ee22a5902e164b0b8867ec83f62353e4cfc66e1,3
9993,obj:1d0f038500cd370121c0237f583a86c26d1e30a95a644bb1fd1ba8144f4916dc,1
9994,obj:4ed01982625a54d1c74910433c6dfda2a920b756e8feeb7bad9b53db7073f3e1,4
9995,obj:9741c4afd644821e42cad55727997b0001621b68506a77a80ad02a24c8619bb9,3
9996,obj:5c11aea06a5c5de10e41fa7626cdf2e8fcd2e40b82e79475c94c7d5fe48d0154,1
9997,obj:7a2f53a46240f38995e7b95e2f11795be25b73910da0fab71d30c4de04b33063,1
9998,obj:04767657163c72233d9e8a54af41009c392ad3c83d5411f90a50656341d9e6b8,4
9999,obj:3d6dfebb1955a4d6787bc1725e7bcdd370a961a3da00d8862114768813752f19,0
