id,metadata_relationship,resolution,fallback_relationship,final_relationship
0,unmatched,unresolved,same_figure,same_figure
1,unmatched,unresolved,same_figure,same_figure
2,unmatched,unresolved,same_paper,same_paper
3,unmatched,unresolved,same_figure,same_figure
4,unmatched,unresolved,same_figure,same_figure
5,unmatched,unresolved,same_figure,same_figure
6,unmatched,unresolved,same_figure,same_figure
7,unmatched,unresolved,related_papers,related_papers
8,unmatched,unresolved,related_papers,related_papers
9,unmatched,unresolved,unrelated_papers,unrelated_papers
10,unmatched,unresolved,unrelated_papers,unrelated_papers
11,unmatched,unresolved,same_figure,same_figure
12,unmatched,unresolved,same_figure,same_figure
13,unmatched,unresolved,unrelated_papers,unrelated_papers
14,unmatched,unresolved,same_figure,same_figure
15,unmatched,unresolved,same_paper,same_paper
16,unmatched,unresolved,same_figure,same_figure
17,unmatched,unresolved,same_figure,same_figure
18,unmatched,unresolved,same_figure,same_figure
19,unmatched,unresolved,same_figure,same_figure
20,unmatched,unresolved,unrelated_papers,unrelated_papers
21,unmatched,unresolved,same_figure,same_figure
22,unmatched,unresolved,same_figure,same_figure
23,unmatched,unresolved,same_figure,same_figure
24,unmatched,unresolved,same_figure,same_figure
25,unmatched,unresolved,same_figure,same_figure
26,unmatched,unresolved,same_figure,same_figure
27,unmatched,unresolved,same_figure,same_figure
28,unmatched,unresolved,same_figure,same_figure
29,unmatched,unresolved,same_figure,same_figure
30,unmatched,unresolved,same_figure,same_figure
31,unmatched,unresolved,unrelated_papers,unrelated_papers
32,unmatched,unresolved,same_figure,same_figure
33,unmatched,unresolved,same_figure,same_figure
34,unmatched,unresolved,unrelated_papers,unrelated_papers
35,unmatched,unresolved,same_figure,same_figure
36,unmatched,unresolved,same_figure,same_figure
37,unmatched,unresolved,same_paper,same_paper
38,unmatched,unresolved,same_figure,same_figure
39,unmatched,unresolved,unrelated_papers,unrelated_papers
40,unmatched,unresolved,same_figure,same_figure
41,unmatched,unresolved,related_papers,related_papers
42,unmatched,unresolved,same_paper,same_paper
43,unmatched,unresolved,unrelated_papers,unrelated_papers
44,unmatched,unresolved,same_figure,same_figure
45,unmatched,unresolved,same_figure,same_figure
46,unmatched,unresolved,same_figure,same_figure
47,unmatched,unresolved,unrelated_papers,unrelated_papers
48,unmatched,unresolved,same_paper,same_paper
49,unmatched,unresolved,same_figure,same_figure
50,unmatched,unresolved,same_paper,same_paper
51,unmatched,unresolved,same_figure,same_figure
52,unmatched,unresolved,unrelated_papers,unrelated_papers
53,unmatched,unresolved,same_figure,same_figure
54,unmatched,unresolved,unrelated_papers,unrelated_papers
55,unmatched,unresolved,same_paper,same_paper
56,unmatched,unresolved,same_figure,same_figure
57,unmatched,unresolved,same_figure,same_figure
58,unmatched,unresolved,same_figure,same_figure
59,unmatched,unresolved,same_figure,same_figure
60,unmatched,unresolved,same_figure,same_figure
61,unmatched,unresolved,same_figure,same_figure
62,unmatched,unresolved,same_paper,same_paper
63,unmatched,unresolved,same_paper,same_paper
64,unmatched,unresolved,same_figure,same_figure
65,unmatched,unresolved,same_paper,same_paper
66,unmatched,unresolved,same_figure,same_figure
67,unmatched,unresolved,same_figure,same_figure
68,unmatched,unresolved,same_figure,same_figure
69,unmatched,unresolved,same_figure,same_figure
70,unmatched,unresolved,same_figure,same_figure
71,unmatched,unresolved,unrelated_papers,unrelated_papers
72,unmatched,unresolved,same_figure,same_figure
73,unmatched,unresolved,same_figure,same_figure
74,unmatched,unresolved,related_papers,related_papers
75,unmatched,unresolved,same_paper,same_paper
76,unmatched,unresolved,same_figure,same_figure
77,unmatched,unresolved,same_figure,same_figure
78,unmatched,unresolved,unrelated_papers,unrelated_papers
79,unmatched,unresolved,unrelated_papers,unrelated_papers
80,unmatched,unresolved,related_papers,related_papers
81,unmatched,unresolved,unrelated_papers,unrelated_papers
82,unmatched,unresolved,unrelated_papers,unrelated_papers
83,unmatched,unresolved,same_figure,same_figure
84,unmatched,unresolved,related_papers,related_papers
85,unmatched,unresolved,same_paper,same_paper
86,unmatched,unresolved,unrelated_papers,unrelated_papers
87,unmatched,unresolved,same_figure,same_figure
88,unmatched,unresolved,same_paper,same_paper
89,unmatched,unresolved,unrelated_papers,unrelated_papers
90,unmatched,unresolved,related_papers,related_papers
91,unmatched,unresolved,same_figure,same_figure
92,unmatched,unresolved,same_figure,same_figure
93,unmatched,unresolved,same_figure,same_figure
94,unmatched,unresolved,same_figure,same_figure
95,unmatched,unresolved,same_figure,same_figure
96,unmatched,unresolved,same_figure,same_figure
97,unmatched,unresolved,same_figure,same_figure
98,unmatched,unresolved,same_figure,same_figure
99,unmatched,unresolved,related_papers,related_papers
100,unmatched,unresolved,same_figure,same_figure
101,unmatched,unresolved,same_figure,same_figure
102,unmatched,unresolved,same_figure,same_figure
103,unmatched,unresolved,same_paper,same_paper
104,unmatched,unresolved,same_figure,same_figure
105,unmatched,unresolved,same_figure,same_figure
106,unmatched,unresolved,same_figure,same_figure
107,unmatched,unresolved,unrelated_papers,unrelated_papers
108,unmatched,unresolved,same_paper,same_paper
109,unmatched,unresolved,related_papers,related_papers
110,unmatched,unresolved,same_figure,same_figure
111,unmatched,unresolved,same_figure,same_figure
112,unmatched,unresolved,same_figure,same_figure
113,unmatched,unresolved,same_paper,same_paper
114,unmatched,unresolved,unrelated_papers,unrelated_papers
115,unmatched,unresolved,same_paper,same_paper
116,unmatched,unresolved,related_papers,related_papers
117,unmatched,unresolved,same_figure,same_figure
118,unmatched,unresolved,unrelated_papers,unrelated_papers
119,unmatched,unresolved,same_paper,same_paper
120,unmatched,unresolved,related_papers,related_papers
121,unmatched,unresolved,same_figure,same_figure
122,unmatched,unresolved,unrelated_papers,unrelated_papers
123,unmatched,unresolved,same_figure,same_figure
124,unmatched,unresolved,unrelated_papers,unrelated_papers
125,unmatched,unresolved,same_paper,same_paper
126,unmatched,unresolved,same_figure,same_figure
127,unmatched,unresolved,unrelated_papers,unrelated_papers
128,unmatched,unresolved,same_figure,same_figure
129,unmatched,unresolved,same_figure,same_figure
130,unmatched,unresolved,same_figure,same_figure
131,unmatched,unresolved,same_figure,same_figure
132,unmatched,unresolved,same_paper,same_paper
133,unmatched,unresolved,related_papers,related_papers
134,unmatched,unresolved,unrelated_papers,unrelated_papers
135,unmatched,unresolved,same_figure,same_figure
136,unmatched,unresolved,same_figure,same_figure
137,unmatched,unresolved,related_papers,related_papers
138,unmatched,unresolved,same_paper,same_paper
139,unmatched,unresolved,same_figure,same_figure
140,unmatched,unresolved,related_papers,related_papers
141,unmatched,unresolved,same_figure,same_figure
142,unmatched,unresolved,same_figure,same_figure
143,unmatched,unresolved,related_papers,related_papers
144,unmatched,unresolved,same_paper,same_paper
145,unmatched,unresolved,same_figure,same_figure
146,unmatched,unresolved,unrelated_papers,unrelated_papers
147,unmatched,unresolved,same_figure,same_figure
148,unmatched,unresolved,same_paper,same_paper
149,unmatched,unresolved,same_figure,same_figure
150,unmatched,unresolved,same_figure,same_figure
151,unmatched,unresolved,related_papers,related_papers
152,unmatched,unresolved,same_figure,same_figure
153,unmatched,unresolved,same_figure,same_figure
154,unmatched,unresolved,same_paper,same_paper
155,unmatched,unresolved,same_figure,same_figure
156,unmatched,unresolved,same_figure,same_figure
157,unmatched,unresolved,same_paper,same_paper
158,unmatched,unresolved,related_papers,related_papers
159,unmatched,unresolved,same_figure,same_figure
160,unmatched,unresolved,same_figure,same_figure
161,unmatched,unresolved,same_figure,same_figure
162,unmatched,unresolved,same_paper,same_paper
163,unmatched,unresolved,same_paper,same_paper
164,unmatched,unresolved,unrelated_papers,unrelated_papers
165,unmatched,unresolved,same_figure,same_figure
166,unmatched,unresolved,same_figure,same_figure
167,unmatched,unresolved,same_figure,same_figure
168,unmatched,unresolved,same_figure,same_figure
169,unmatched,unresolved,same_figure,same_figure
170,unmatched,unresolved,same_figure,same_figure
171,unmatched,unresolved,related_papers,related_papers
172,unmatched,unresolved,related_papers,related_papers
173,unmatched,unresolved,same_figure,same_figure
174,unmatched,unresolved,related_papers,related_papers
175,unmatched,unresolved,same_figure,same_figure
176,unmatched,unresolved,same_figure,same_figure
177,unmatched,unresolved,same_paper,same_paper
178,unmatched,unresolved,same_figure,same_figure
179,unmatched,unresolved,unrelated_papers,unrelated_papers
180,unmatched,unresolved,same_figure,same_figure
181,unmatched,unresolved,unrelated_papers,unrelated_papers
182,unmatched,unresolved,unrelated_papers,unrelated_papers
183,unmatched,unresolved,unrelated_papers,unrelated_papers
184,unmatched,unresolved,same_figure,same_figure
185,unmatched,unresolved,related_papers,related_papers
186,unmatched,unresolved,same_figure,same_figure
187,unmatched,unresolved,same_figure,same_figure
188,unmatched,unresolved,unrelated_papers,unrelated_papers
189,unmatched,unresolved,same_figure,same_figure
190,unmatched,unresolved,related_papers,related_papers
191,unmatched,unresolved,unrelated_papers,unrelated_papers
192,unmatched,unresolved,same_paper,same_paper
193,unmatched,unresolved,related_papers,related_papers
194,unmatched,unresolved,related_papers,related_papers
195,unmatched,unresolved,same_paper,same_paper
196,unmatched,unresolved,same_figure,same_figure
197,unmatched,unresolved,same_figure,same_figure
198,unmatched,unresolved,unrelated_papers,unrelated_papers
199,unmatched,unresolved,related_papers,related_papers
200,unmatched,unresolved,same_paper,same_paper
201,unmatched,unresolved,unrelated_papers,unrelated_papers
202,unmatched,unresolved,same_figure,same_figure
203,unmatched,unresolved,same_paper,same_paper
204,unmatched,unresolved,unrelated_papers,unrelated_papers
205,unmatched,unresolved,same_figure,same_figure
206,unmatched,unresolved,same_figure,same_figure
207,unmatched,unresolved,related_papers,related_papers
208,unmatched,unresolved,same_figure,same_figure
209,unmatched,unresolved,same_figure,same_figure
210,unmatched,unresolved,unrelated_papers,unrelated_papers
211,unmatched,unresolved,same_figure,same_figure
212,unmatched,unresolved,same_figure,same_figure
213,unmatched,unresolved,same_figure,same_figure
214,unmatched,unresolved,unrelated_papers,unrelated_papers
215,unmatched,unresolved,same_figure,same_figure
216,unmatched,unresolved,unrelated_papers,unrelated_papers
217,unmatched,unresolved,same_paper,same_paper
218,unmatched,unresolved,same_figure,same_figure
219,unmatched,unresolved,same_figure,same_figure
220,unmatched,unresolved,same_figure,same_figure
221,unmatched,unresolved,same_figure,same_figure
222,unmatched,unresolved,related_papers,related_papers
223,unmatched,unresolved,related_papers,related_papers
224,unmatched,unresolved,related_papers,related_papers
225,unmatched,unresolved,same_figure,same_figure
226,unmatched,unresolved,same_figure,same_figure
227,unmatched,unresolved,related_papers,related_papers
228,unmatched,unresolved,same_figure,same_figure
229,unmatched,unresolved,same_figure,same_figure
230,unmatched,unresolved,same_figure,same_figure
231,unmatched,unresolved,same_paper,same_paper
232,unmatched,unresolved,same_figure,same_figure
233,unmatched,unresolved,related_papers,related_papers
234,unmatched,unresolved,same_figure,same_figure
235,unmatched,unresolved,same_figure,same_figure
236,unmatched,unresolved,same_paper,same_paper
237,unmatched,unresolved,same_figure,same_figure
238,unmatched,unresolved,related_papers,related_papers
239,unmatched,unresolved,unrelated_papers,unrelated_papers
240,unmatched,unresolved,same_figure,same_figure
241,unmatched,unresolved,related_papers,related_papers
242,unmatched,unresolved,same_paper,same_paper
243,unmatched,unresolved,same_figure,same_figure
244,unmatched,unresolved,same_paper,same_paper
245,unmatched,unresolved,related_papers,related_papers
246,unmatched,unresolved,same_paper,same_paper
247,unmatched,unresolved,same_figure,same_figure
248,unmatched,unresolved,same_paper,same_paper
249,unmatched,unresolved,same_paper,same_paper
250,unmatched,unresolved,same_figure,same_figure
251,unmatched,unresolved,same_figure,same_figure
252,unmatched,unresolved,same_paper,same_paper
253,unmatched,unresolved,same_figure,same_figure
254,unmatched,unresolved,same_figure,same_figure
255,unmatched,unresolved,same_figure,same_figure
256,unmatched,unresolved,same_paper,same_paper
257,unmatched,unresolved,same_figure,same_figure
258,unmatched,unresolved,unrelated_papers,unrelated_papers
259,unmatched,unresolved,same_paper,same_paper
260,unmatched,unresolved,same_paper,same_paper
261,unmatched,unresolved,same_figure,same_figure
262,unmatched,unresolved,unrelated_papers,unrelated_papers
263,unmatched,unresolved,unrelated_papers,unrelated_papers
264,unmatched,unresolved,same_figure,same_figure
265,unmatched,unresolved,same_figure,same_figure
266,unmatched,unresolved,same_figure,same_figure
267,unmatched,unresolved,unrelated_papers,unrelated_papers
268,unmatched,unresolved,same_figure,same_figure
269,unmatched,unresolved,same_figure,same_figure
270,unmatched,unresolved,same_paper,same_paper
271,unmatched,unresolved,related_papers,related_papers
272,unmatched,unresolved,related_papers,related_papers
273,unmatched,unresolved,same_figure,same_figure
274,unmatched,unresolved,same_figure,same_figure
275,unmatched,unresolved,unrelated_papers,unrelated_papers
276,unmatched,unresolved,same_paper,same_paper
277,unmatched,unresolved,same_paper,same_paper
278,unmatched,unresolved,related_papers,related_papers
279,unmatched,unresolved,same_figure,same_figure
280,unmatched,unresolved,unrelated_papers,unrelated_papers
281,unmatched,unresolved,same_figure,same_figure
282,unmatched,unresolved,unrelated_papers,unrelated_papers
283,unmatched,unresolved,same_figure,same_figure
284,unmatched,unresolved,related_papers,related_papers
285,unmatched,unresolved,unrelated_papers,unrelated_papers
286,unmatched,unresolved,same_figure,same_figure
287,unmatched,unresolved,same_figure,same_figure
288,unmatched,unresolved,same_figure,same_figure
289,unmatched,unresolved,related_papers,related_papers
290,unmatched,unresolved,same_figure,same_figure
291,unmatched,unresolved,same_paper,same_paper
292,unmatched,unresolved,same_figure,same_figure
293,unmatched,unresolved,related_papers,related_papers
294,unmatched,unresolved,related_papers,related_papers
295,unmatched,unresolved,same_figure,same_figure
296,unmatched,unresolved,same_figure,same_figure
297,unmatched,unresolved,same_figure,same_figure
298,unmatched,unresolved,same_figure,same_figure
299,unmatched,unresolved,unrelated_papers,unrelated_papers
300,unmatched,unresolved,same_figure,same_figure
301,unmatched,unresolved,same_figure,same_figure
302,unmatched,unresolved,same_figure,same_figure
303,unmatched,unresolved,same_paper,same_paper
304,unmatched,unresolved,unrelated_papers,unrelated_papers
305,unmatched,unresolved,related_papers,related_papers
306,unmatched,unresolved,related_papers,related_papers
307,unmatched,unresolved,same_paper,same_paper
308,unmatched,unresolved,same_figure,same_figure
309,unmatched,unresolved,unrelated_papers,unrelated_papers
310,unmatched,unresolved,related_papers,related_papers
311,unmatched,unresolved,same_figure,same_figure
312,unmatched,unresolved,same_paper,same_paper
313,unmatched,unresolved,related_papers,related_papers
314,unmatched,unresolved,same_paper,same_paper
315,unmatched,unresolved,same_figure,same_figure
316,unmatched,unresolved,same_figure,same_figure
317,unmatched,unresolved,same_figure,same_figure
318,unmatched,unresolved,related_papers,related_papers
319,unmatched,unresolved,same_figure,same_figure
320,unmatched,unresolved,same_figure,same_figure
321,unmatched,unresolved,same_figure,same_figure
322,unmatched,unresolved,related_papers,related_papers
323,unmatched,unresolved,same_paper,same_paper
324,unmatched,unresolved,same_figure,same_figure
325,unmatched,unresolved,same_figure,same_figure
326,unmatched,unresolved,unrelated_papers,unrelated_papers
327,unmatched,unresolved,same_figure,same_figure
328,unmatched,unresolved,related_papers,related_papers
329,unmatched,unresolved,same_paper,same_paper
330,unmatched,unresolved,same_figure,same_figure
331,unmatched,unresolved,same_figure,same_figure
332,unmatched,unresolved,unrelated_papers,unrelated_papers
333,unmatched,unresolved,unrelated_papers,unrelated_papers
334,unmatched,unresolved,related_papers,related_papers
335,unmatched,unresolved,same_figure,same_figure
336,unmatched,unresolved,related_papers,related_papers
337,unmatched,unresolved,same_paper,same_paper
338,unmatched,unresolved,same_figure,same_figure
339,unmatched,unresolved,same_figure,same_figure
340,unmatched,unresolved,same_paper,same_paper
341,unmatched,unresolved,unrelated_papers,unrelated_papers
342,unmatched,unresolved,unrelated_papers,unrelated_papers
343,unmatched,unresolved,same_figure,same_figure
344,unmatched,unresolved,same_paper,same_paper
345,unmatched,unresolved,same_figure,same_figure
346,unmatched,unresolved,same_figure,same_figure
347,unmatched,unresolved,same_figure,same_figure
348,unmatched,unresolved,unrelated_papers,unrelated_papers
349,unmatched,unresolved,same_figure,same_figure
350,unmatched,unresolved,same_figure,same_figure
351,unmatched,unresolved,same_figure,same_figure
352,unmatched,unresolved,same_figure,same_figure
353,unmatched,unresolved,same_paper,same_paper
354,unmatched,unresolved,same_paper,same_paper
355,unmatched,unresolved,same_figure,same_figure
356,unmatched,unresolved,same_figure,same_figure
357,unmatched,unresolved,same_figure,same_figure
358,unmatched,unresolved,same_figure,same_figure
359,unmatched,unresolved,related_papers,related_papers
360,unmatched,unresolved,related_papers,related_papers
361,unmatched,unresolved,unrelated_papers,unrelated_papers
362,unmatched,unresolved,same_figure,same_figure
363,unmatched,unresolved,related_papers,related_papers
364,unmatched,unresolved,same_figure,same_figure
365,unmatched,unresolved,same_paper,same_paper
366,unmatched,unresolved,unrelated_papers,unrelated_papers
367,unmatched,unresolved,same_figure,same_figure
368,unmatched,unresolved,same_paper,same_paper
369,unmatched,unresolved,same_figure,same_figure
370,unmatched,unresolved,same_figure,same_figure
371,unmatched,unresolved,unrelated_papers,unrelated_papers
372,unmatched,unresolved,same_figure,same_figure
373,unmatched,unresolved,same_figure,same_figure
374,unmatched,unresolved,same_figure,same_figure
375,unmatched,unresolved,same_figure,same_figure
376,unmatched,unresolved,same_figure,same_figure
377,unmatched,unresolved,same_figure,same_figure
378,unmatched,unresolved,same_figure,same_figure
379,unmatched,unresolved,same_figure,same_figure
380,unmatched,unresolved,related_papers,related_papers
381,unmatched,unresolved,same_figure,same_figure
382,unmatched,unresolved,same_figure,same_figure
383,unmatched,unresolved,same_figure,same_figure
384,unmatched,unresolved,same_figure,same_figure
385,unmatched,unresolved,same_figure,same_figure
386,unmatched,unresolved,related_papers,related_papers
387,unmatched,unresolved,same_paper,same_paper
388,unmatched,unresolved,same_figure,same_figure
389,unmatched,unresolved,same_paper,same_paper
390,unmatched,unresolved,unrelated_papers,unrelated_papers
391,unmatched,unresolved,unrelated_papers,unrelated_papers
392,unmatched,unresolved,same_paper,same_paper
393,unmatched,unresolved,same_paper,same_paper
394,unmatched,unresolved,same_figure,same_figure
395,unmatched,unresolved,same_figure,same_figure
396,unmatched,unresolved,same_figure,same_figure
397,unmatched,unresolved,same_paper,same_paper
398,unmatched,unresolved,same_paper,same_paper
399,unmatched,unresolved,same_figure,same_figure
400,unmatched,unresolved,related_papers,related_papers
401,unmatched,unresolved,unrelated_papers,unrelated_papers
402,unmatched,unresolved,related_papers,related_papers
403,unmatched,unresolved,same_figure,same_figure
404,unmatched,unresolved,same_figure,same_figure
405,unmatched,unresolved,same_paper,same_paper
406,unmatched,unresolved,same_figure,same_figure
407,unmatched,unresolved,same_figure,same_figure
408,unmatched,unresolved,same_figure,same_figure
409,unmatched,unresolved,same_figure,same_figure
410,unmatched,unresolved,related_papers,related_papers
411,unmatched,unresolved,same_figure,same_figure
412,unmatched,unresolved,same_figure,same_figure
413,unmatched,unresolved,same_figure,same_figure
414,unmatched,unresolved,same_paper,same_paper
415,unmatched,unresolved,related_papers,related_papers
416,unmatched,unresolved,same_figure,same_figure
417,unmatched,unresolved,same_figure,same_figure
418,unmatched,unresolved,same_figure,same_figure
419,unmatched,unresolved,same_paper,same_paper
420,unmatched,unresolved,unrelated_papers,unrelated_papers
421,unmatched,unresolved,same_figure,same_figure
422,unmatched,unresolved,same_figure,same_figure
423,unmatched,unresolved,same_paper,same_paper
424,unmatched,unresolved,same_figure,same_figure
425,unmatched,unresolved,same_paper,same_paper
426,unmatched,unresolved,same_figure,same_figure
427,unmatched,unresolved,related_papers,related_papers
428,unmatched,unresolved,same_paper,same_paper
429,unmatched,unresolved,unrelated_papers,unrelated_papers
430,unmatched,unresolved,same_figure,same_figure
431,unmatched,unresolved,same_figure,same_figure
432,unmatched,unresolved,same_paper,same_paper
433,unmatched,unresolved,same_paper,same_paper
434,unmatched,unresolved,same_figure,same_figure
435,unmatched,unresolved,related_papers,related_papers
436,unmatched,unresolved,same_paper,same_paper
437,unmatched,unresolved,same_paper,same_paper
438,unmatched,unresolved,same_figure,same_figure
439,unmatched,unresolved,same_paper,same_paper
440,unmatched,unresolved,same_figure,same_figure
441,unmatched,unresolved,related_papers,related_papers
442,unmatched,unresolved,same_paper,same_paper
443,unmatched,unresolved,same_figure,same_figure
444,unmatched,unresolved,same_figure,same_figure
445,unmatched,unresolved,same_figure,same_figure
446,unmatched,unresolved,same_figure,same_figure
447,unmatched,unresolved,same_paper,same_paper
448,unmatched,unresolved,same_figure,same_figure
449,unmatched,unresolved,same_figure,same_figure
450,unmatched,unresolved,same_figure,same_figure
451,unmatched,unresolved,same_figure,same_figure
452,unmatched,unresolved,related_papers,related_papers
453,unmatched,unresolved,same_paper,same_paper
454,unmatched,unresolved,same_paper,same_paper
455,unmatched,unresolved,same_figure,same_figure
456,unmatched,unresolved,same_figure,same_figure
457,unmatched,unresolved,same_figure,same_figure
458,unmatched,unresolved,same_figure,same_figure
459,unmatched,unresolved,same_figure,same_figure
460,unmatched,unresolved,same_figure,same_figure
461,unmatched,unresolved,same_figure,same_figure
462,unmatched,unresolved,unrelated_papers,unrelated_papers
463,unmatched,unresolved,same_paper,same_paper
464,unmatched,unresolved,unrelated_papers,unrelated_papers
465,unmatched,unresolved,unrelated_papers,unrelated_papers
466,unmatched,unresolved,same_figure,same_figure
467,unmatched,unresolved,related_papers,related_papers
468,unmatched,unresolved,same_figure,same_figure
469,unmatched,unresolved,same_figure,same_figure
470,unmatched,unresolved,same_figure,same_figure
471,unmatched,unresolved,unrelated_papers,unrelated_papers
472,unmatched,unresolved,unrelated_papers,unrelated_papers
473,unmatched,unresolved,same_figure,same_figure
474,unmatched,unresolved,same_paper,same_paper
475,unmatched,unresolved,unrelated_papers,unrelated_papers
476,unmatched,unresolved,same_paper,same_paper
477,unmatched,unresolved,related_papers,related_papers
478,unmatched,unresolved,same_figure,same_figure
479,unmatched,unresolved,unrelated_papers,unrelated_papers
480,unmatched,unresolved,same_figure,same_figure
481,unmatched,unresolved,related_papers,related_papers
482,unmatched,unresolved,same_figure,same_figure
483,unmatched,unresolved,unrelated_papers,unrelated_papers
484,unmatched,unresolved,unrelated_papers,unrelated_papers
485,unmatched,unresolved,related_papers,related_papers
486,unmatched,unresolved,same_paper,same_paper
487,unmatched,unresolved,same_figure,same_figure
488,unmatched,unresolved,same_figure,same_figure
489,unmatched,unresolved,same_paper,same_paper
490,unmatched,unresolved,related_papers,related_papers
491,unmatched,unresolved,unrelated_papers,unrelated_papers
492,unmatched,unresolved,same_paper,same_paper
493,unmatched,unresolved,same_figure,same_figure
494,unmatched,unresolved,same_figure,same_figure
495,unmatched,unresolved,same_figure,same_figure
496,unmatched,unresolved,same_figure,same_figure
497,unmatched,unresolved,related_papers,related_papers
498,unmatched,unresolved,same_figure,same_figure
499,unmatched,unresolved,related_papers,related_papers
500,unmatched,unresolved,related_papers,related_papers
501,unmatched,unresolved,same_figure,same_figure
502,unmatched,unresolved,same_paper,same_paper
503,unmatched,unresolved,related_papers,related_papers
504,unmatched,unresolved,same_figure,same_figure
505,unmatched,unresolved,same_figure,same_figure
506,unmatched,unresolved,same_figure,same_figure
507,unmatched,unresolved,same_figure,same_figure
508,unmatched,unresolved,same_paper,same_paper
509,unmatched,unresolved,same_figure,same_figure
510,unmatched,unresolved,unrelated_papers,unrelated_papers
511,unmatched,unresolved,unrelated_papers,unrelated_papers
512,unmatched,unresolved,same_figure,same_figure
513,unmatched,unresolved,same_figure,same_figure
514,unmatched,unresolved,same_figure,same_figure
515,unmatched,unresolved,same_paper,same_paper
516,unmatched,unresolved,same_figure,same_figure
517,unmatched,unresolved,same_paper,same_paper
518,unmatched,unresolved,same_figure,same_figure
519,unmatched,unresolved,same_figure,same_figure
520,unmatched,unresolved,same_figure,same_figure
521,unmatched,unresolved,related_papers,related_papers
522,unmatched,unresolved,related_papers,related_papers
523,unmatched,unresolved,unrelated_papers,unrelated_papers
524,unmatched,unresolved,unrelated_papers,unrelated_papers
525,unmatched,unresolved,same_figure,same_figure
526,unmatched,unresolved,unrelated_papers,unrelated_papers
527,unmatched,unresolved,same_figure,same_figure
528,unmatched,unresolved,same_figure,same_figure
529,unmatched,unresolved,related_papers,related_papers
530,unmatched,unresolved,same_figure,same_figure
531,unmatched,unresolved,same_paper,same_paper
532,unmatched,unresolved,unrelated_papers,unrelated_papers
533,unmatched,unresolved,same_paper,same_paper
534,unmatched,unresolved,same_figure,same_figure
535,unmatched,unresolved,same_figure,same_figure
536,unmatched,unresolved,same_figure,same_figure
537,unmatched,unresolved,same_paper,same_paper
538,unmatched,unresolved,related_papers,related_papers
539,unmatched,unresolved,unrelated_papers,unrelated_papers
540,unmatched,unresolved,related_papers,related_papers
541,unmatched,unresolved,same_figure,same_figure
542,unmatched,unresolved,same_paper,same_paper
543,unmatched,unresolved,same_figure,same_figure
544,unmatched,unresolved,same_figure,same_figure
545,unmatched,unresolved,same_paper,same_paper
546,unmatched,unresolved,same_figure,same_figure
547,unmatched,unresolved,same_figure,same_figure
548,unmatched,unresolved,same_paper,same_paper
549,unmatched,unresolved,same_figure,same_figure
550,unmatched,unresolved,same_figure,same_figure
551,unmatched,unresolved,same_figure,same_figure
552,unmatched,unresolved,same_figure,same_figure
553,unmatched,unresolved,same_figure,same_figure
554,unmatched,unresolved,same_paper,same_paper
555,unmatched,unresolved,related_papers,related_papers
556,unmatched,unresolved,related_papers,related_papers
557,unmatched,unresolved,same_figure,same_figure
558,unmatched,unresolved,related_papers,related_papers
559,unmatched,unresolved,same_figure,same_figure
560,unmatched,unresolved,same_figure,same_figure
561,unmatched,unresolved,unrelated_papers,unrelated_papers
562,unmatched,unresolved,same_figure,same_figure
563,unmatched,unresolved,same_figure,same_figure
564,unmatched,unresolved,same_figure,same_figure
565,unmatched,unresolved,same_figure,same_figure
566,unmatched,unresolved,same_paper,same_paper
567,unmatched,unresolved,same_figure,same_figure
568,unmatched,unresolved,same_figure,same_figure
569,unmatched,unresolved,same_figure,same_figure
570,unmatched,unresolved,same_figure,same_figure
571,unmatched,unresolved,same_figure,same_figure
572,unmatched,unresolved,related_papers,related_papers
573,unmatched,unresolved,same_paper,same_paper
574,unmatched,unresolved,same_figure,same_figure
575,unmatched,unresolved,same_figure,same_figure
576,unmatched,unresolved,unrelated_papers,unrelated_papers
577,unmatched,unresolved,unrelated_papers,unrelated_papers
578,unmatched,unresolved,same_paper,same_paper
579,unmatched,unresolved,same_figure,same_figure
580,unmatched,unresolved,related_papers,related_papers
581,unmatched,unresolved,unrelated_papers,unrelated_papers
582,unmatched,unresolved,same_figure,same_figure
583,unmatched,unresolved,same_figure,same_figure
584,unmatched,unresolved,related_papers,related_papers
585,unmatched,unresolved,related_papers,related_papers
586,unmatched,unresolved,same_figure,same_figure
587,unmatched,unresolved,same_figure,same_figure
588,unmatched,unresolved,unrelated_papers,unrelated_papers
589,unmatched,unresolved,same_figure,same_figure
590,unmatched,unresolved,unrelated_papers,unrelated_papers
591,unmatched,unresolved,same_paper,same_paper
592,unmatched,unresolved,related_papers,related_papers
593,unmatched,unresolved,related_papers,related_papers
594,unmatched,unresolved,same_figure,same_figure
595,unmatched,unresolved,same_figure,same_figure
596,unmatched,unresolved,same_paper,same_paper
597,unmatched,unresolved,same_figure,same_figure
598,unmatched,unresolved,related_papers,related_papers
599,unmatched,unresolved,unrelated_papers,unrelated_papers
600,unmatched,unresolved,unrelated_papers,unrelated_papers
601,unmatched,unresolved,same_figure,same_figure
602,unmatched,unresolved,related_papers,related_papers
603,unmatched,unresolved,same_figure,same_figure
604,unmatched,unresolved,same_figure,same_figure
605,unmatched,unresolved,same_figure,same_figure
606,unmatched,unresolved,same_figure,same_figure
607,unmatched,unresolved,same_figure,same_figure
608,unmatched,unresolved,same_figure,same_figure
609,unmatched,unresolved,same_figure,same_figure
610,unmatched,unresolved,unrelated_papers,unrelated_papers
611,unmatched,unresolved,same_paper,same_paper
612,unmatched,unresolved,same_paper,same_paper
613,unmatched,unresolved,same_figure,same_figure
614,unmatched,unresolved,unrelated_papers,unrelated_papers
615,unmatched,unresolved,same_figure,same_figure
616,unmatched,unresolved,unrelated_papers,unrelated_papers
617,unmatched,unresolved,same_paper,same_paper
618,unmatched,unresolved,unrelated_papers,unrelated_papers
619,unmatched,unresolved,same_figure,same_figure
620,unmatched,unresolved,same_figure,same_figure
621,unmatched,unresolved,same_figure,same_figure
622,unmatched,unresolved,same_figure,same_figure
623,unmatched,unresolved,related_papers,related_papers
624,unmatched,unresolved,same_paper,same_paper
625,unmatched,unresolved,same_figure,same_figure
626,unmatched,unresolved,related_papers,related_papers
627,unmatched,unresolved,same_figure,same_figure
628,unmatched,unresolved,same_figure,same_figure
629,unmatched,unresolved,unrelated_papers,unrelated_papers
630,unmatched,unresolved,same_figure,same_figure
631,unmatched,unresolved,unrelated_papers,unrelated_papers
632,unmatched,unresolved,same_figure,same_figure
633,unmatched,unresolved,same_figure,same_figure
634,unmatched,unresolved,same_figure,same_figure
635,unmatched,unresolved,related_papers,related_papers
636,unmatched,unresolved,same_paper,same_paper
637,unmatched,unresolved,unrelated_papers,unrelated_papers
638,unmatched,unresolved,unrelated_papers,unrelated_papers
639,unmatched,unresolved,unrelated_papers,unrelated_papers
640,unmatched,unresolved,same_figure,same_figure
641,unmatched,unresolved,same_figure,same_figure
642,unmatched,unresolved,same_figure,same_figure
643,unmatched,unresolved,same_figure,same_figure
644,unmatched,unresolved,same_figure,same_figure
645,unmatched,unresolved,same_figure,same_figure
646,unmatched,unresolved,unrelated_papers,unrelated_papers
647,unmatched,unresolved,unrelated_papers,unrelated_papers
648,unmatched,unresolved,unrelated_papers,unrelated_papers
649,unmatched,unresolved,unrelated_papers,unrelated_papers
650,unmatched,unresolved,same_figure,same_figure
651,unmatched,unresolved,same_figure,same_figure
652,unmatched,unresolved,same_figure,same_figure
653,unmatched,unresolved,same_figure,same_figure
654,unmatched,unresolved,same_figure,same_figure
655,unmatched,unresolved,same_paper,same_paper
656,unmatched,unresolved,same_paper,same_paper
657,unmatched,unresolved,unrelated_papers,unrelated_papers
658,unmatched,unresolved,same_figure,same_figure
659,unmatched,unresolved,same_figure,same_figure
660,unmatched,unresolved,same_figure,same_figure
661,unmatched,unresolved,same_figure,same_figure
662,unmatched,unresolved,same_figure,same_figure
663,unmatched,unresolved,same_paper,same_paper
664,unmatched,unresolved,related_papers,related_papers
665,unmatched,unresolved,same_figure,same_figure
666,unmatched,unresolved,same_figure,same_figure
667,unmatched,unresolved,unrelated_papers,unrelated_papers
668,unmatched,unresolved,same_figure,same_figure
669,unmatched,unresolved,same_paper,same_paper
670,unmatched,unresolved,same_figure,same_figure
671,unmatched,unresolved,same_figure,same_figure
672,unmatched,unresolved,same_paper,same_paper
673,unmatched,unresolved,same_figure,same_figure
674,unmatched,unresolved,same_figure,same_figure
675,unmatched,unresolved,same_figure,same_figure
676,unmatched,unresolved,same_figure,same_figure
677,unmatched,unresolved,unrelated_papers,unrelated_papers
678,unmatched,unresolved,unrelated_papers,unrelated_papers
679,unmatched,unresolved,related_papers,related_papers
680,unmatched,unresolved,same_paper,same_paper
681,unmatched,unresolved,same_figure,same_figure
682,unmatched,unresolved,same_figure,same_figure
683,unmatched,unresolved,same_figure,same_figure
684,unmatched,unresolved,same_figure,same_figure
685,unmatched,unresolved,same_figure,same_figure
686,unmatched,unresolved,same_figure,same_figure
687,unmatched,unresolved,same_figure,same_figure
688,unmatched,unresolved,same_figure,same_figure
689,unmatched,unresolved,same_paper,same_paper
690,unmatched,unresolved,same_figure,same_figure
691,unmatched,unresolved,same_paper,same_paper
692,unmatched,unresolved,same_paper,same_paper
693,unmatched,unresolved,same_paper,same_paper
694,unmatched,unresolved,same_paper,same_paper
695,unmatched,unresolved,same_paper,same_paper
696,unmatched,unresolved,same_figure,same_figure
697,unmatched,unresolved,related_papers,related_papers
698,unmatched,unresolved,same_figure,same_figure
699,unmatched,unresolved,same_figure,same_figure
700,unmatched,unresolved,same_figure,same_figure
701,unmatched,unresolved,same_figure,same_figure
702,unmatched,unresolved,same_figure,same_figure
703,unmatched,unresolved,same_figure,same_figure
704,unmatched,unresolved,same_paper,same_paper
705,unmatched,unresolved,same_figure,same_figure
706,unmatched,unresolved,same_figure,same_figure
707,unmatched,unresolved,unrelated_papers,unrelated_papers
708,unmatched,unresolved,same_figure,same_figure
709,unmatched,unresolved,unrelated_papers,unrelated_papers
710,unmatched,unresolved,unrelated_papers,unrelated_papers
711,unmatched,unresolved,related_papers,related_papers
712,unmatched,unresolved,related_papers,related_papers
713,unmatched,unresolved,same_figure,same_figure
714,unmatched,unresolved,same_paper,same_paper
715,unmatched,unresolved,related_papers,related_papers
716,unmatched,unresolved,same_paper,same_paper
717,unmatched,unresolved,same_paper,same_paper
718,unmatched,unresolved,same_figure,same_figure
719,unmatched,unresolved,same_figure,same_figure
720,unmatched,unresolved,same_paper,same_paper
721,unmatched,unresolved,related_papers,related_papers
722,unmatched,unresolved,same_paper,same_paper
723,unmatched,unresolved,same_figure,same_figure
724,unmatched,unresolved,same_figure,same_figure
725,unmatched,unresolved,unrelated_papers,unrelated_papers
726,unmatched,unresolved,same_paper,same_paper
727,unmatched,unresolved,same_figure,same_figure
728,unmatched,unresolved,same_figure,same_figure
729,unmatched,unresolved,same_figure,same_figure
730,unmatched,unresolved,same_figure,same_figure
731,unmatched,unresolved,same_figure,same_figure
732,unmatched,unresolved,same_paper,same_paper
733,unmatched,unresolved,same_figure,same_figure
734,unmatched,unresolved,same_paper,same_paper
735,unmatched,unresolved,unrelated_papers,unrelated_papers
736,unmatched,unresolved,same_figure,same_figure
737,unmatched,unresolved,same_paper,same_paper
738,unmatched,unresolved,same_figure,same_figure
739,unmatched,unresolved,same_figure,same_figure
740,unmatched,unresolved,same_figure,same_figure
741,unmatched,unresolved,same_figure,same_figure
742,unmatched,unresolved,same_figure,same_figure
743,unmatched,unresolved,same_figure,same_figure
744,unmatched,unresolved,same_paper,same_paper
745,unmatched,unresolved,related_papers,related_papers
746,unmatched,unresolved,same_figure,same_figure
747,unmatched,unresolved,same_figure,same_figure
748,unmatched,unresolved,same_figure,same_figure
749,unmatched,unresolved,related_papers,related_papers
750,unmatched,unresolved,unrelated_papers,unrelated_papers
751,unmatched,unresolved,same_figure,same_figure
752,unmatched,unresolved,same_figure,same_figure
753,unmatched,unresolved,unrelated_papers,unrelated_papers
754,unmatched,unresolved,related_papers,related_papers
755,unmatched,unresolved,same_figure,same_figure
756,unmatched,unresolved,same_paper,same_paper
757,unmatched,unresolved,related_papers,related_papers
758,unmatched,unresolved,same_figure,same_figure
759,unmatched,unresolved,same_figure,same_figure
760,unmatched,unresolved,unrelated_papers,unrelated_papers
761,unmatched,unresolved,same_figure,same_figure
762,unmatched,unresolved,same_figure,same_figure
763,unmatched,unresolved,same_figure,same_figure
764,unmatched,unresolved,related_papers,related_papers
765,unmatched,unresolved,same_figure,same_figure
766,unmatched,unresolved,same_paper,same_paper
767,unmatched,unresolved,related_papers,related_papers
768,unmatched,unresolved,same_figure,same_figure
769,unmatched,unresolved,related_papers,related_papers
770,unmatched,unresolved,unrelated_papers,unrelated_papers
771,unmatched,unresolved,same_figure,same_figure
772,unmatched,unresolved,same_figure,same_figure
773,unmatched,unresolved,same_paper,same_paper
774,unmatched,unresolved,same_figure,same_figure
775,unmatched,unresolved,same_figure,same_figure
776,unmatched,unresolved,related_papers,related_papers
777,unmatched,unresolved,same_figure,same_figure
778,unmatched,unresolved,related_papers,related_papers
779,unmatched,unresolved,related_papers,related_papers
780,unmatched,unresolved,same_figure,same_figure
781,unmatched,unresolved,same_figure,same_figure
782,unmatched,unresolved,same_figure,same_figure
783,unmatched,unresolved,related_papers,related_papers
784,unmatched,unresolved,same_figure,same_figure
785,unmatched,unresolved,same_figure,same_figure
786,unmatched,unresolved,related_papers,related_papers
787,unmatched,unresolved,same_figure,same_figure
788,unmatched,unresolved,same_figure,same_figure
789,unmatched,unresolved,same_figure,same_figure
790,unmatched,unresolved,same_paper,same_paper
791,unmatched,unresolved,same_paper,same_paper
792,unmatched,unresolved,same_figure,same_figure
793,unmatched,unresolved,unrelated_papers,unrelated_papers
794,unmatched,unresolved,same_figure,same_figure
795,unmatched,unresolved,same_paper,same_paper
796,unmatched,unresolved,same_figure,same_figure
797,unmatched,unresolved,same_figure,same_figure
798,unmatched,unresolved,same_paper,same_paper
799,unmatched,unresolved,same_figure,same_figure
800,unmatched,unresolved,same_figure,same_figure
801,unmatched,unresolved,same_figure,same_figure
802,unmatched,unresolved,same_figure,same_figure
803,unmatched,unresolved,same_figure,same_figure
804,unmatched,unresolved,related_papers,related_papers
805,unmatched,unresolved,same_figure,same_figure
806,unmatched,unresolved,same_paper,same_paper
807,unmatched,unresolved,same_figure,same_figure
808,unmatched,unresolved,same_figure,same_figure
809,unmatched,unresolved,same_figure,same_figure
810,unmatched,unresolved,same_paper,same_paper
811,unmatched,unresolved,same_figure,same_figure
812,unmatched,unresolved,same_figure,same_figure
813,unmatched,unresolved,same_figure,same_figure
814,unmatched,unresolved,unrelated_papers,unrelated_papers
815,unmatched,unresolved,related_papers,related_papers
816,unmatched,unresolved,same_paper,same_paper
817,unmatched,unresolved,unrelated_papers,unrelated_papers
818,unmatched,unresolved,same_figure,same_figure
819,unmatched,unresolved,same_figure,same_figure
820,unmatched,unresolved,same_figure,same_figure
821,unmatched,unresolved,related_papers,related_papers
822,unmatched,unresolved,same_paper,same_paper
823,unmatched,unresolved,related_papers,related_papers
824,unmatched,unresolved,related_papers,related_papers
825,unmatched,unresolved,unrelated_papers,unrelated_papers
826,unmatched,unresolved,same_figure,same_figure
827,unmatched,unresolved,same_figure,same_figure
828,unmatched,unresolved,same_figure,same_figure
829,unmatched,unresolved,related_papers,related_papers
830,unmatched,unresolved,same_figure,same_figure
831,unmatched,unresolved,related_papers,related_papers
832,unmatched,unresolved,same_figure,same_figure
833,unmatched,unresolved,same_paper,same_paper
834,unmatched,unresolved,same_figure,same_figure
835,unmatched,unresolved,same_figure,same_figure
836,unmatched,unresolved,related_papers,related_papers
837,unmatched,unresolved,related_papers,related_papers
838,unmatched,unresolved,unrelated_papers,unrelated_papers
839,unmatched,unresolved,related_papers,related_papers
840,unmatched,unresolved,same_figure,same_figure
841,unmatched,unresolved,unrelated_papers,unrelated_papers
842,unmatched,unresolved,same_figure,same_figure
843,unmatched,unresolved,same_paper,same_paper
844,unmatched,unresolved,same_paper,same_paper
845,unmatched,unresolved,same_figure,same_figure
846,unmatched,unresolved,same_figure,same_figure
847,unmatched,unresolved,same_paper,same_paper
848,unmatched,unresolved,same_figure,same_figure
849,unmatched,unresolved,same_figure,same_figure
850,unmatched,unresolved,related_papers,related_papers
851,unmatched,unresolved,related_papers,related_papers
852,unmatched,unresolved,same_figure,same_figure
853,unmatched,unresolved,unrelated_papers,unrelated_papers
854,unmatched,unresolved,same_paper,same_paper
855,unmatched,unresolved,same_figure,same_figure
856,unmatched,unresolved,same_figure,same_figure
857,unmatched,unresolved,same_figure,same_figure
858,unmatched,unresolved,unrelated_papers,unrelated_papers
859,unmatched,unresolved,same_figure,same_figure
860,unmatched,unresolved,same_figure,same_figure
861,unmatched,unresolved,same_figure,same_figure
862,unmatched,unresolved,same_figure,same_figure
863,unmatched,unresolved,same_paper,same_paper
864,unmatched,unresolved,same_figure,same_figure
865,unmatched,unresolved,same_paper,same_paper
866,unmatched,unresolved,same_paper,same_paper
867,unmatched,unresolved,same_figure,same_figure
868,unmatched,unresolved,same_figure,same_figure
869,unmatched,unresolved,same_figure,same_figure
870,unmatched,unresolved,same_figure,same_figure
871,unmatched,unresolved,same_figure,same_figure
872,unmatched,unresolved,same_figure,same_figure
873,unmatched,unresolved,related_papers,related_papers
874,unmatched,unresolved,same_figure,same_figure
875,unmatched,unresolved,same_figure,same_figure
876,unmatched,unresolved,same_paper,same_paper
877,unmatched,unresolved,same_figure,same_figure
878,unmatched,unresolved,same_figure,same_figure
879,unmatched,unresolved,same_figure,same_figure
880,unmatched,unresolved,same_figure,same_figure
881,unmatched,unresolved,same_figure,same_figure
882,unmatched,unresolved,same_figure,same_figure
883,unmatched,unresolved,unrelated_papers,unrelated_papers
884,unmatched,unresolved,same_figure,same_figure
885,unmatched,unresolved,same_figure,same_figure
886,unmatched,unresolved,unrelated_papers,unrelated_papers
887,unmatched,unresolved,same_figure,same_figure
888,unmatched,unresolved,same_figure,same_figure
889,unmatched,unresolved,same_figure,same_figure
890,unmatched,unresolved,same_figure,same_figure
891,unmatched,unresolved,unrelated_papers,unrelated_papers
892,unmatched,unresolved,related_papers,related_papers
893,unmatched,unresolved,same_figure,same_figure
894,unmatched,unresolved,unrelated_papers,unrelated_papers
895,unmatched,unresolved,same_figure,same_figure
896,unmatched,unresolved,unrelated_papers,unrelated_papers
897,unmatched,unresolved,same_figure,same_figure
898,unmatched,unresolved,same_figure,same_figure
899,unmatched,unresolved,same_paper,same_paper
900,unmatched,unresolved,same_figure,same_figure
901,unmatched,unresolved,related_papers,related_papers
902,unmatched,unresolved,same_figure,same_figure
903,unmatched,unresolved,same_figure,same_figure
904,unmatched,unresolved,unrelated_papers,unrelated_papers
905,unmatched,unresolved,same_paper,same_paper
906,unmatched,unresolved,unrelated_papers,unrelated_papers
907,unmatched,unresolved,same_figure,same_figure
908,unmatched,unresolved,same_figure,same_figure
909,unmatched,unresolved,same_paper,same_paper
910,unmatched,unresolved,same_figure,same_figure
911,unmatched,unresolved,same_figure,same_figure
912,unmatched,unresolved,same_figure,same_figure
913,unmatched,unresolved,same_figure,same_figure
914,unmatched,unresolved,same_paper,same_paper
915,unmatched,unresolved,unrelated_papers,unrelated_papers
916,unmatched,unresolved,unrelated_papers,unrelated_papers
917,unmatched,unresolved,same_figure,same_figure
918,unmatched,unresolved,related_papers,related_papers
919,unmatched,unresolved,same_figure,same_figure
920,unmatched,unresolved,same_figure,same_figure
921,unmatched,unresolved,same_figure,same_figure
922,unmatched,unresolved,related_papers,related_papers
923,unmatched,unresolved,same_paper,same_paper
924,unmatched,unresolved,same_figure,same_figure
925,unmatched,unresolved,same_paper,same_paper
926,unmatched,unresolved,related_papers,related_papers
927,unmatched,unresolved,same_figure,same_figure
928,unmatched,unresolved,unrelated_papers,unrelated_papers
929,unmatched,unresolved,unrelated_papers,unrelated_papers
930,unmatched,unresolved,same_figure,same_figure
931,unmatched,unresolved,same_paper,same_paper
932,unmatched,unresolved,same_figure,same_figure
933,unmatched,unresolved,same_figure,same_figure
934,unmatched,unresolved,same_paper,same_paper
935,unmatched,unresolved,unrelated_papers,unrelated_papers
936,unmatched,unresolved,same_paper,same_paper
937,unmatched,unresolved,same_figure,same_figure
938,unmatched,unresolved,same_figure,same_figure
939,unmatched,unresolved,same_paper,same_paper
940,unmatched,unresolved,same_paper,same_paper
941,unmatched,unresolved,related_papers,related_papers
942,unmatched,unresolved,same_figure,same_figure
943,unmatched,unresolved,same_figure,same_figure
944,unmatched,unresolved,related_papers,related_papers
945,unmatched,unresolved,same_figure,same_figure
946,unmatched,unresolved,same_figure,same_figure
947,unmatched,unresolved,same_figure,same_figure
948,unmatched,unresolved,related_papers,related_papers
949,unmatched,unresolved,related_papers,related_papers
950,unmatched,unresolved,same_figure,same_figure
951,unmatched,unresolved,same_figure,same_figure
952,unmatched,unresolved,unrelated_papers,unrelated_papers
953,unmatched,unresolved,unrelated_papers,unrelated_papers
954,unmatched,unresolved,same_figure,same_figure
955,unmatched,unresolved,same_figure,same_figure
956,unmatched,unresolved,same_paper,same_paper
957,unmatched,unresolved,unrelated_papers,unrelated_papers
958,unmatched,unresolved,same_figure,same_figure
959,unmatched,unresolved,same_figure,same_figure
960,unmatched,unresolved,related_papers,related_papers
961,unmatched,unresolved,unrelated_papers,unrelated_papers
962,unmatched,unresolved,related_papers,related_papers
963,unmatched,unresolved,same_figure,same_figure
964,unmatched,unresolved,same_figure,same_figure
965,unmatched,unresolved,same_figure,same_figure
966,unmatched,unresolved,same_paper,same_paper
967,unmatched,unresolved,same_figure,same_figure
968,unmatched,unresolved,unrelated_papers,unrelated_papers
969,unmatched,unresolved,same_figure,same_figure
970,unmatched,unresolved,same_figure,same_figure
971,unmatched,unresolved,same_figure,same_figure
972,unmatched,unresolved,same_paper,same_paper
973,unmatched,unresolved,same_figure,same_figure
974,unmatched,unresolved,same_figure,same_figure
975,unmatched,unresolved,unrelated_papers,unrelated_papers
976,unmatched,unresolved,same_paper,same_paper
977,unmatched,unresolved,unrelated_papers,unrelated_papers
978,unmatched,unresolved,same_figure,same_figure
979,unmatched,unresolved,same_figure,same_figure
980,unmatched,unresolved,related_papers,related_papers
981,unmatched,unresolved,same_figure,same_figure
982,unmatched,unresolved,same_figure,same_figure
983,unmatched,unresolved,same_paper,same_paper
984,unmatched,unresolved,same_paper,same_paper
985,unmatched,unresolved,same_figure,same_figure
986,unmatched,unresolved,same_paper,same_paper
987,unmatched,unresolved,related_papers,related_papers
988,unmatched,unresolved,same_figure,same_figure
989,unmatched,unresolved,related_papers,related_papers
990,unmatched,unresolved,same_figure,same_figure
991,unmatched,unresolved,same_paper,same_paper
992,unmatched,unresolved,same_figure,same_figure
993,unmatched,unresolved,related_papers,related_papers
994,unmatched,unresolved,unrelated_papers,unrelated_papers
995,unmatched,unresolved,related_papers,related_papers
996,unmatched,unresolved,related_papers,related_papers
997,unmatched,unresolved,same_figure,same_figure
998,unmatched,unresolved,same_figure,same_figure
999,unmatched,unresolved,same_paper,same_paper
1000,unmatched,unresolved,related_papers,related_papers
1001,unmatched,unresolved,same_paper,same_paper
1002,unmatched,unresolved,same_paper,same_paper
1003,unmatched,unresolved,unrelated_papers,unrelated_papers
1004,unmatched,unresolved,unrelated_papers,unrelated_papers
1005,unmatched,unresolved,same_paper,same_paper
1006,unmatched,unresolved,related_papers,related_papers
1007,unmatched,unresolved,unrelated_papers,unrelated_papers
1008,unmatched,unresolved,same_paper,same_paper
1009,unmatched,unresolved,unrelated_papers,unrelated_papers
1010,unmatched,unresolved,same_paper,same_paper
1011,unmatched,unresolved,same_paper,same_paper
1012,unmatched,unresolved,unrelated_papers,unrelated_papers
1013,unmatched,unresolved,unrelated_papers,unrelated_papers
1014,unmatched,unresolved,same_paper,same_paper
1015,unmatched,unresolved,same_paper,same_paper
1016,unmatched,unresolved,related_papers,related_papers
1017,unmatched,unresolved,related_papers,related_papers
1018,unmatched,unresolved,related_papers,related_papers
1019,unmatched,unresolved,related_papers,related_papers
1020,unmatched,unresolved,unrelated_papers,unrelated_papers
1021,unmatched,unresolved,unrelated_papers,unrelated_papers
1022,unmatched,unresolved,same_paper,same_paper
1023,unmatched,unresolved,same_paper,same_paper
1024,unmatched,unresolved,same_paper,same_paper
1025,unmatched,unresolved,related_papers,related_papers
1026,unmatched,unresolved,same_paper,same_paper
1027,unmatched,unresolved,related_papers,related_papers
1028,unmatched,unresolved,same_paper,same_paper
1029,unmatched,unresolved,same_paper,same_paper
1030,unmatched,unresolved,unrelated_papers,unrelated_papers
1031,unmatched,unresolved,related_papers,related_papers
1032,unmatched,unresolved,same_paper,same_paper
1033,unmatched,unresolved,same_paper,same_paper
1034,unmatched,unresolved,same_paper,same_paper
1035,unmatched,unresolved,related_papers,related_papers
1036,unmatched,unresolved,unrelated_papers,unrelated_papers
1037,unmatched,unresolved,related_papers,related_papers
1038,unmatched,unresolved,related_papers,related_papers
1039,unmatched,unresolved,related_papers,related_papers
1040,unmatched,unresolved,same_paper,same_paper
1041,unmatched,unresolved,same_paper,same_paper
1042,unmatched,unresolved,same_paper,same_paper
1043,unmatched,unresolved,unrelated_papers,unrelated_papers
1044,unmatched,unresolved,same_paper,same_paper
1045,unmatched,unresolved,same_paper,same_paper
1046,unmatched,unresolved,unrelated_papers,unrelated_papers
1047,unmatched,unresolved,unrelated_papers,unrelated_papers
1048,unmatched,unresolved,same_paper,same_paper
1049,unmatched,unresolved,related_papers,related_papers
1050,unmatched,unresolved,same_paper,same_paper
1051,unmatched,unresolved,related_papers,related_papers
1052,unmatched,unresolved,unrelated_papers,unrelated_papers
1053,unmatched,unresolved,unrelated_papers,unrelated_papers
1054,unmatched,unresolved,same_paper,same_paper
1055,unmatched,unresolved,same_paper,same_paper
1056,unmatched,unresolved,related_papers,related_papers
1057,unmatched,unresolved,unrelated_papers,unrelated_papers
1058,unmatched,unresolved,related_papers,related_papers
1059,unmatched,unresolved,related_papers,related_papers
1060,unmatched,unresolved,related_papers,related_papers
1061,unmatched,unresolved,same_paper,same_paper
1062,unmatched,unresolved,unrelated_papers,unrelated_papers
1063,unmatched,unresolved,unrelated_papers,unrelated_papers
1064,unmatched,unresolved,unrelated_papers,unrelated_papers
1065,unmatched,unresolved,related_papers,related_papers
1066,unmatched,unresolved,unrelated_papers,unrelated_papers
1067,unmatched,unresolved,same_paper,same_paper
1068,unmatched,unresolved,related_papers,related_papers
1069,unmatched,unresolved,same_paper,same_paper
1070,unmatched,unresolved,related_papers,related_papers
1071,unmatched,unresolved,unrelated_papers,unrelated_papers
1072,unmatched,unresolved,related_papers,related_papers
1073,unmatched,unresolved,related_papers,related_papers
1074,unmatched,unresolved,related_papers,related_papers
1075,unmatched,unresolved,related_papers,related_papers
1076,unmatched,unresolved,unrelated_papers,unrelated_papers
1077,unmatched,unresolved,related_papers,related_papers
1078,unmatched,unresolved,related_papers,related_papers
1079,unmatched,unresolved,unrelated_papers,unrelated_papers
1080,unmatched,unresolved,same_paper,same_paper
1081,unmatched,unresolved,unrelated_papers,unrelated_papers
1082,unmatched,unresolved,unrelated_papers,unrelated_papers
1083,unmatched,unresolved,unrelated_papers,unrelated_papers
1084,unmatched,unresolved,same_paper,same_paper
1085,unmatched,unresolved,same_paper,same_paper
1086,unmatched,unresolved,related_papers,related_papers
1087,unmatched,unresolved,same_paper,same_paper
1088,unmatched,unresolved,related_papers,related_papers
1089,unmatched,unresolved,related_papers,related_papers
1090,unmatched,unresolved,related_papers,related_papers
1091,unmatched,unresolved,same_paper,same_paper
1092,unmatched,unresolved,same_paper,same_paper
1093,unmatched,unresolved,same_paper,same_paper
1094,unmatched,unresolved,same_paper,same_paper
1095,unmatched,unresolved,same_paper,same_paper
1096,unmatched,unresolved,same_paper,same_paper
1097,unmatched,unresolved,same_paper,same_paper
1098,unmatched,unresolved,same_paper,same_paper
1099,unmatched,unresolved,same_paper,same_paper
1100,unmatched,unresolved,same_paper,same_paper
1101,unmatched,unresolved,same_paper,same_paper
1102,unmatched,unresolved,same_paper,same_paper
1103,unmatched,unresolved,same_paper,same_paper
1104,unmatched,unresolved,unrelated_papers,unrelated_papers
1105,unmatched,unresolved,unrelated_papers,unrelated_papers
1106,unmatched,unresolved,related_papers,related_papers
1107,unmatched,unresolved,related_papers,related_papers
1108,unmatched,unresolved,unrelated_papers,unrelated_papers
1109,unmatched,unresolved,unrelated_papers,unrelated_papers
1110,unmatched,unresolved,unrelated_papers,unrelated_papers
1111,unmatched,unresolved,related_papers,related_papers
1112,unmatched,unresolved,same_paper,same_paper
1113,unmatched,unresolved,unrelated_papers,unrelated_papers
1114,unmatched,unresolved,related_papers,related_papers
1115,unmatched,unresolved,related_papers,related_papers
1116,unmatched,unresolved,related_papers,related_papers
1117,unmatched,unresolved,unrelated_papers,unrelated_papers
1118,unmatched,unresolved,same_paper,same_paper
1119,unmatched,unresolved,related_papers,related_papers
1120,unmatched,unresolved,unrelated_papers,unrelated_papers
1121,unmatched,unresolved,unrelated_papers,unrelated_papers
1122,unmatched,unresolved,unrelated_papers,unrelated_papers
1123,unmatched,unresolved,same_paper,same_paper
1124,unmatched,unresolved,unrelated_papers,unrelated_papers
1125,unmatched,unresolved,unrelated_papers,unrelated_papers
1126,unmatched,unresolved,same_paper,same_paper
1127,unmatched,unresolved,unrelated_papers,unrelated_papers
1128,unmatched,unresolved,unrelated_papers,unrelated_papers
1129,unmatched,unresolved,unrelated_papers,unrelated_papers
1130,unmatched,unresolved,unrelated_papers,unrelated_papers
1131,unmatched,unresolved,related_papers,related_papers
1132,unmatched,unresolved,same_paper,same_paper
1133,unmatched,unresolved,same_paper,same_paper
1134,unmatched,unresolved,related_papers,related_papers
1135,unmatched,unresolved,unrelated_papers,unrelated_papers
1136,unmatched,unresolved,unrelated_papers,unrelated_papers
1137,unmatched,unresolved,unrelated_papers,unrelated_papers
1138,unmatched,unresolved,unrelated_papers,unrelated_papers
1139,unmatched,unresolved,same_paper,same_paper
1140,unmatched,unresolved,same_paper,same_paper
1141,unmatched,unresolved,unrelated_papers,unrelated_papers
1142,unmatched,unresolved,unrelated_papers,unrelated_papers
1143,unmatched,unresolved,related_papers,related_papers
1144,unmatched,unresolved,related_papers,related_papers
1145,unmatched,unresolved,unrelated_papers,unrelated_papers
1146,unmatched,unresolved,related_papers,related_papers
1147,unmatched,unresolved,related_papers,related_papers
1148,unmatched,unresolved,related_papers,related_papers
1149,unmatched,unresolved,related_papers,related_papers
1150,unmatched,unresolved,unrelated_papers,unrelated_papers
1151,unmatched,unresolved,unrelated_papers,unrelated_papers
1152,unmatched,unresolved,unrelated_papers,unrelated_papers
1153,unmatched,unresolved,related_papers,related_papers
1154,unmatched,unresolved,unrelated_papers,unrelated_papers
1155,unmatched,unresolved,unrelated_papers,unrelated_papers
1156,unmatched,unresolved,same_paper,same_paper
1157,unmatched,unresolved,same_paper,same_paper
1158,unmatched,unresolved,same_paper,same_paper
1159,unmatched,unresolved,unrelated_papers,unrelated_papers
1160,unmatched,unresolved,related_papers,related_papers
1161,unmatched,unresolved,same_paper,same_paper
1162,unmatched,unresolved,same_paper,same_paper
1163,unmatched,unresolved,related_papers,related_papers
1164,unmatched,unresolved,related_papers,related_papers
1165,unmatched,unresolved,unrelated_papers,unrelated_papers
1166,unmatched,unresolved,related_papers,related_papers
1167,unmatched,unresolved,unrelated_papers,unrelated_papers
1168,unmatched,unresolved,related_papers,related_papers
1169,unmatched,unresolved,same_paper,same_paper
1170,unmatched,unresolved,related_papers,related_papers
1171,unmatched,unresolved,same_paper,same_paper
1172,unmatched,unresolved,unrelated_papers,unrelated_papers
1173,unmatched,unresolved,same_paper,same_paper
1174,unmatched,unresolved,unrelated_papers,unrelated_papers
1175,unmatched,unresolved,unrelated_papers,unrelated_papers
1176,unmatched,unresolved,same_paper,same_paper
1177,unmatched,unresolved,unrelated_papers,unrelated_papers
1178,unmatched,unresolved,same_paper,same_paper
1179,unmatched,unresolved,same_paper,same_paper
1180,unmatched,unresolved,same_paper,same_paper
1181,unmatched,unresolved,related_papers,related_papers
1182,unmatched,unresolved,unrelated_papers,unrelated_papers
1183,unmatched,unresolved,same_paper,same_paper
1184,unmatched,unresolved,related_papers,related_papers
1185,unmatched,unresolved,same_paper,same_paper
1186,unmatched,unresolved,same_paper,same_paper
1187,unmatched,unresolved,same_paper,same_paper
1188,unmatched,unresolved,same_paper,same_paper
1189,unmatched,unresolved,related_papers,related_papers
1190,unmatched,unresolved,unrelated_papers,unrelated_papers
1191,unmatched,unresolved,unrelated_papers,unrelated_papers
1192,unmatched,unresolved,same_paper,same_paper
1193,unmatched,unresolved,related_papers,related_papers
1194,unmatched,unresolved,same_paper,same_paper
1195,unmatched,unresolved,same_paper,same_paper
1196,unmatched,unresolved,unrelated_papers,unrelated_papers
1197,unmatched,unresolved,unrelated_papers,unrelated_papers
1198,unmatched,unresolved,same_paper,same_paper
1199,unmatched,unresolved,unrelated_papers,unrelated_papers
1200,unmatched,unresolved,same_paper,same_paper
1201,unmatched,unresolved,same_paper,same_paper
1202,unmatched,unresolved,same_paper,same_paper
1203,unmatched,unresolved,same_paper,same_paper
1204,unmatched,unresolved,unrelated_papers,unrelated_papers
1205,unmatched,unresolved,same_paper,same_paper
1206,unmatched,unresolved,unrelated_papers,unrelated_papers
1207,unmatched,unresolved,unrelated_papers,unrelated_papers
1208,unmatched,unresolved,unrelated_papers,unrelated_papers
1209,unmatched,unresolved,same_paper,same_paper
1210,unmatched,unresolved,related_papers,related_papers
1211,unmatched,unresolved,same_paper,same_paper
1212,unmatched,unresolved,related_papers,related_papers
1213,unmatched,unresolved,unrelated_papers,unrelated_papers
1214,unmatched,unresolved,related_papers,related_papers
1215,unmatched,unresolved,same_paper,same_paper
1216,unmatched,unresolved,related_papers,related_papers
1217,unmatched,unresolved,related_papers,related_papers
1218,unmatched,unresolved,unrelated_papers,unrelated_papers
1219,unmatched,unresolved,same_paper,same_paper
1220,unmatched,unresolved,related_papers,related_papers
1221,unmatched,unresolved,same_paper,same_paper
1222,unmatched,unresolved,related_papers,related_papers
1223,unmatched,unresolved,unrelated_papers,unrelated_papers
1224,unmatched,unresolved,related_papers,related_papers
1225,unmatched,unresolved,same_paper,same_paper
1226,unmatched,unresolved,same_paper,same_paper
1227,unmatched,unresolved,unrelated_papers,unrelated_papers
1228,unmatched,unresolved,same_paper,same_paper
1229,unmatched,unresolved,same_paper,same_paper
1230,unmatched,unresolved,related_papers,related_papers
1231,unmatched,unresolved,unrelated_papers,unrelated_papers
1232,unmatched,unresolved,related_papers,related_papers
1233,unmatched,unresolved,same_paper,same_paper
1234,unmatched,unresolved,same_paper,same_paper
1235,unmatched,unresolved,same_paper,same_paper
1236,unmatched,unresolved,same_paper,same_paper
1237,unmatched,unresolved,same_paper,same_paper
1238,unmatched,unresolved,same_paper,same_paper
1239,unmatched,unresolved,unrelated_papers,unrelated_papers
1240,unmatched,unresolved,same_paper,same_paper
1241,unmatched,unresolved,same_paper,same_paper
1242,unmatched,unresolved,related_papers,related_papers
1243,unmatched,unresolved,related_papers,related_papers
1244,unmatched,unresolved,same_paper,same_paper
1245,unmatched,unresolved,related_papers,related_papers
1246,unmatched,unresolved,same_paper,same_paper
1247,unmatched,unresolved,unrelated_papers,unrelated_papers
1248,unmatched,unresolved,same_paper,same_paper
1249,unmatched,unresolved,same_paper,same_paper
1250,unmatched,unresolved,related_papers,related_papers
1251,unmatched,unresolved,unrelated_papers,unrelated_papers
1252,unmatched,unresolved,unrelated_papers,unrelated_papers
1253,unmatched,unresolved,unrelated_papers,unrelated_papers
1254,unmatched,unresolved,unrelated_papers,unrelated_papers
1255,unmatched,unresolved,same_paper,same_paper
1256,unmatched,unresolved,same_paper,same_paper
1257,unmatched,unresolved,same_paper,same_paper
1258,unmatched,unresolved,unrelated_papers,unrelated_papers
1259,unmatched,unresolved,related_papers,related_papers
1260,unmatched,unresolved,unrelated_papers,unrelated_papers
1261,unmatched,unresolved,same_paper,same_paper
1262,unmatched,unresolved,same_paper,same_paper
1263,unmatched,unresolved,unrelated_papers,unrelated_papers
1264,unmatched,unresolved,same_paper,same_paper
1265,unmatched,unresolved,related_papers,related_papers
1266,unmatched,unresolved,related_papers,related_papers
1267,unmatched,unresolved,same_paper,same_paper
1268,unmatched,unresolved,same_paper,same_paper
1269,unmatched,unresolved,same_paper,same_paper
1270,unmatched,unresolved,unrelated_papers,unrelated_papers
1271,unmatched,unresolved,same_paper,same_paper
1272,unmatched,unresolved,same_paper,same_paper
1273,unmatched,unresolved,same_paper,same_paper
1274,unmatched,unresolved,unrelated_papers,unrelated_papers
1275,unmatched,unresolved,unrelated_papers,unrelated_papers
1276,unmatched,unresolved,related_papers,related_papers
1277,unmatched,unresolved,related_papers,related_papers
1278,unmatched,unresolved,unrelated_papers,unrelated_papers
1279,unmatched,unresolved,unrelated_papers,unrelated_papers
1280,unmatched,unresolved,same_paper,same_paper
1281,unmatched,unresolved,related_papers,related_papers
1282,unmatched,unresolved,same_paper,same_paper
1283,unmatched,unresolved,same_paper,same_paper
1284,unmatched,unresolved,same_paper,same_paper
1285,unmatched,unresolved,unrelated_papers,unrelated_papers
1286,unmatched,unresolved,related_papers,related_papers
1287,unmatched,unresolved,unrelated_papers,unrelated_papers
1288,unmatched,unresolved,unrelated_papers,unrelated_papers
1289,unmatched,unresolved,same_paper,same_paper
1290,unmatched,unresolved,same_paper,same_paper
1291,unmatched,unresolved,unrelated_papers,unrelated_papers
1292,unmatched,unresolved,same_paper,same_paper
1293,unmatched,unresolved,unrelated_papers,unrelated_papers
1294,unmatched,unresolved,same_paper,same_paper
1295,unmatched,unresolved,unrelated_papers,unrelated_papers
1296,unmatched,unresolved,unrelated_papers,unrelated_papers
1297,unmatched,unresolved,same_paper,same_paper
1298,unmatched,unresolved,unrelated_papers,unrelated_papers
1299,unmatched,unresolved,same_paper,same_paper
1300,unmatched,unresolved,related_papers,related_papers
1301,unmatched,unresolved,same_paper,same_paper
1302,unmatched,unresolved,same_paper,same_paper
1303,unmatched,unresolved,related_papers,related_papers
1304,unmatched,unresolved,same_paper,same_paper
1305,unmatched,unresolved,same_paper,same_paper
1306,unmatched,unresolved,same_paper,same_paper
1307,unmatched,unresolved,related_papers,related_papers
1308,unmatched,unresolved,related_papers,related_papers
1309,unmatched,unresolved,related_papers,related_papers
1310,unmatched,unresolved,same_paper,same_paper
1311,unmatched,unresolved,same_paper,same_paper
1312,unmatched,unresolved,same_paper,same_paper
1313,unmatched,unresolved,same_paper,same_paper
1314,unmatched,unresolved,unrelated_papers,unrelated_papers
1315,unmatched,unresolved,related_papers,related_papers
1316,unmatched,unresolved,related_papers,related_papers
1317,unmatched,unresolved,related_papers,related_papers
1318,unmatched,unresolved,same_paper,same_paper
1319,unmatched,unresolved,same_paper,same_paper
1320,unmatched,unresolved,related_papers,related_papers
1321,unmatched,unresolved,unrelated_papers,unrelated_papers
1322,unmatched,unresolved,unrelated_papers,unrelated_papers
1323,unmatched,unresolved,same_paper,same_paper
1324,unmatched,unresolved,unrelated_papers,unrelated_papers
1325,unmatched,unresolved,same_paper,same_paper
1326,unmatched,unresolved,same_paper,same_paper
1327,unmatched,unresolved,related_papers,related_papers
1328,unmatched,unresolved,same_paper,same_paper
1329,unmatched,unresolved,same_paper,same_paper
1330,unmatched,unresolved,related_papers,related_papers
1331,unmatched,unresolved,unrelated_papers,unrelated_papers
1332,unmatched,unresolved,same_paper,same_paper
1333,unmatched,unresolved,unrelated_papers,unrelated_papers
1334,unmatched,unresolved,same_paper,same_paper
1335,unmatched,unresolved,related_papers,related_papers
1336,unmatched,unresolved,same_paper,same_paper
1337,unmatched,unresolved,unrelated_papers,unrelated_papers
1338,unmatched,unresolved,same_paper,same_paper
1339,unmatched,unresolved,same_paper,same_paper
1340,unmatched,unresolved,same_paper,same_paper
1341,unmatched,unresolved,same_paper,same_paper
1342,unmatched,unresolved,same_paper,same_paper
1343,unmatched,unresolved,same_paper,same_paper
1344,unmatched,unresolved,same_paper,same_paper
1345,unmatched,unresolved,related_papers,related_papers
1346,unmatched,unresolved,same_paper,same_paper
1347,unmatched,unresolved,same_paper,same_paper
1348,unmatched,unresolved,unrelated_papers,unrelated_papers
1349,unmatched,unresolved,same_paper,same_paper
1350,unmatched,unresolved,same_paper,same_paper
1351,unmatched,unresolved,same_paper,same_paper
1352,unmatched,unresolved,same_paper,same_paper
1353,unmatched,unresolved,same_paper,same_paper
1354,unmatched,unresolved,same_paper,same_paper
1355,unmatched,unresolved,unrelated_papers,unrelated_papers
1356,unmatched,unresolved,unrelated_papers,unrelated_papers
1357,unmatched,unresolved,related_papers,related_papers
1358,unmatched,unresolved,related_papers,related_papers
1359,unmatched,unresolved,related_papers,related_papers
1360,unmatched,unresolved,same_paper,same_paper
1361,unmatched,unresolved,unrelated_papers,unrelated_papers
1362,unmatched,unresolved,unrelated_papers,unrelated_papers
1363,unmatched,unresolved,related_papers,related_papers
1364,unmatched,unresolved,same_paper,same_paper
1365,unmatched,unresolved,related_papers,related_papers
1366,unmatched,unresolved,unrelated_papers,unrelated_papers
1367,unmatched,unresolved,unrelated_papers,unrelated_papers
1368,unmatched,unresolved,same_paper,same_paper
1369,unmatched,unresolved,unrelated_papers,unrelated_papers
1370,unmatched,unresolved,same_paper,same_paper
1371,unmatched,unresolved,same_paper,same_paper
1372,unmatched,unresolved,related_papers,related_papers
1373,unmatched,unresolved,related_papers,related_papers
1374,unmatched,unresolved,unrelated_papers,unrelated_papers
1375,unmatched,unresolved,same_paper,same_paper
1376,unmatched,unresolved,same_paper,same_paper
1377,unmatched,unresolved,same_paper,same_paper
1378,unmatched,unresolved,unrelated_papers,unrelated_papers
1379,unmatched,unresolved,unrelated_papers,unrelated_papers
1380,unmatched,unresolved,related_papers,related_papers
1381,unmatched,unresolved,same_paper,same_paper
1382,unmatched,unresolved,related_papers,related_papers
1383,unmatched,unresolved,same_paper,same_paper
1384,unmatched,unresolved,related_papers,related_papers
1385,unmatched,unresolved,related_papers,related_papers
1386,unmatched,unresolved,same_paper,same_paper
1387,unmatched,unresolved,same_paper,same_paper
1388,unmatched,unresolved,unrelated_papers,unrelated_papers
1389,unmatched,unresolved,same_paper,same_paper
1390,unmatched,unresolved,same_paper,same_paper
1391,unmatched,unresolved,unrelated_papers,unrelated_papers
1392,unmatched,unresolved,unrelated_papers,unrelated_papers
1393,unmatched,unresolved,same_paper,same_paper
1394,unmatched,unresolved,unrelated_papers,unrelated_papers
1395,unmatched,unresolved,unrelated_papers,unrelated_papers
1396,unmatched,unresolved,related_papers,related_papers
1397,unmatched,unresolved,related_papers,related_papers
1398,unmatched,unresolved,unrelated_papers,unrelated_papers
1399,unmatched,unresolved,unrelated_papers,unrelated_papers
1400,unmatched,unresolved,unrelated_papers,unrelated_papers
1401,unmatched,unresolved,same_paper,same_paper
1402,unmatched,unresolved,unrelated_papers,unrelated_papers
1403,unmatched,unresolved,unrelated_papers,unrelated_papers
1404,unmatched,unresolved,related_papers,related_papers
1405,unmatched,unresolved,related_papers,related_papers
1406,unmatched,unresolved,related_papers,related_papers
1407,unmatched,unresolved,same_paper,same_paper
1408,unmatched,unresolved,same_paper,same_paper
1409,unmatched,unresolved,unrelated_papers,unrelated_papers
1410,unmatched,unresolved,same_paper,same_paper
1411,unmatched,unresolved,same_paper,same_paper
1412,unmatched,unresolved,unrelated_papers,unrelated_papers
1413,unmatched,unresolved,related_papers,related_papers
1414,unmatched,unresolved,unrelated_papers,unrelated_papers
1415,unmatched,unresolved,same_paper,same_paper
1416,unmatched,unresolved,same_paper,same_paper
1417,unmatched,unresolved,same_paper,same_paper
1418,unmatched,unresolved,same_paper,same_paper
1419,unmatched,unresolved,related_papers,related_papers
1420,unmatched,unresolved,unrelated_papers,unrelated_papers
1421,unmatched,unresolved,unrelated_papers,unrelated_papers
1422,unmatched,unresolved,same_paper,same_paper
1423,unmatched,unresolved,same_paper,same_paper
1424,unmatched,unresolved,same_paper,same_paper
1425,unmatched,unresolved,related_papers,related_papers
1426,unmatched,unresolved,related_papers,related_papers
1427,unmatched,unresolved,unrelated_papers,unrelated_papers
1428,unmatched,unresolved,unrelated_papers,unrelated_papers
1429,unmatched,unresolved,same_paper,same_paper
1430,unmatched,unresolved,same_paper,same_paper
1431,unmatched,unresolved,unrelated_papers,unrelated_papers
1432,unmatched,unresolved,unrelated_papers,unrelated_papers
1433,unmatched,unresolved,unrelated_papers,unrelated_papers
1434,unmatched,unresolved,same_paper,same_paper
1435,unmatched,unresolved,related_papers,related_papers
1436,unmatched,unresolved,unrelated_papers,unrelated_papers
1437,unmatched,unresolved,unrelated_papers,unrelated_papers
1438,unmatched,unresolved,unrelated_papers,unrelated_papers
1439,unmatched,unresolved,same_paper,same_paper
1440,unmatched,unresolved,same_paper,same_paper
1441,unmatched,unresolved,related_papers,related_papers
1442,unmatched,unresolved,unrelated_papers,unrelated_papers
1443,unmatched,unresolved,same_paper,same_paper
1444,unmatched,unresolved,same_paper,same_paper
1445,unmatched,unresolved,same_paper,same_paper
1446,unmatched,unresolved,related_papers,related_papers
1447,unmatched,unresolved,same_paper,same_paper
1448,unmatched,unresolved,related_papers,related_papers
1449,unmatched,unresolved,unrelated_papers,unrelated_papers
1450,unmatched,unresolved,same_paper,same_paper
1451,unmatched,unresolved,related_papers,related_papers
1452,unmatched,unresolved,related_papers,related_papers
1453,unmatched,unresolved,unrelated_papers,unrelated_papers
1454,unmatched,unresolved,same_paper,same_paper
1455,unmatched,unresolved,unrelated_papers,unrelated_papers
1456,unmatched,unresolved,same_paper,same_paper
1457,unmatched,unresolved,same_paper,same_paper
1458,unmatched,unresolved,same_paper,same_paper
1459,unmatched,unresolved,unrelated_papers,unrelated_papers
1460,unmatched,unresolved,related_papers,related_papers
1461,unmatched,unresolved,unrelated_papers,unrelated_papers
1462,unmatched,unresolved,unrelated_papers,unrelated_papers
1463,unmatched,unresolved,unrelated_papers,unrelated_papers
1464,unmatched,unresolved,related_papers,related_papers
1465,unmatched,unresolved,related_papers,related_papers
1466,unmatched,unresolved,related_papers,related_papers
1467,unmatched,unresolved,unrelated_papers,unrelated_papers
1468,unmatched,unresolved,unrelated_papers,unrelated_papers
1469,unmatched,unresolved,related_papers,related_papers
1470,unmatched,unresolved,related_papers,related_papers
1471,unmatched,unresolved,related_papers,related_papers
1472,unmatched,unresolved,related_papers,related_papers
1473,unmatched,unresolved,related_papers,related_papers
1474,unmatched,unresolved,unrelated_papers,unrelated_papers
1475,unmatched,unresolved,unrelated_papers,unrelated_papers
1476,unmatched,unresolved,unrelated_papers,unrelated_papers
1477,unmatched,unresolved,same_paper,same_paper
1478,unmatched,unresolved,unrelated_papers,unrelated_papers
1479,unmatched,unresolved,same_paper,same_paper
1480,unmatched,unresolved,same_paper,same_paper
1481,unmatched,unresolved,unrelated_papers,unrelated_papers
1482,unmatched,unresolved,same_paper,same_paper
1483,unmatched,unresolved,same_paper,same_paper
1484,unmatched,unresolved,unrelated_papers,unrelated_papers
1485,unmatched,unresolved,unrelated_papers,unrelated_papers
1486,unmatched,unresolved,same_paper,same_paper
1487,unmatched,unresolved,same_paper,same_paper
1488,unmatched,unresolved,unrelated_papers,unrelated_papers
1489,unmatched,unresolved,unrelated_papers,unrelated_papers
1490,unmatched,unresolved,same_paper,same_paper
1491,unmatched,unresolved,same_paper,same_paper
1492,unmatched,unresolved,same_paper,same_paper
1493,unmatched,unresolved,unrelated_papers,unrelated_papers
1494,unmatched,unresolved,unrelated_papers,unrelated_papers
1495,unmatched,unresolved,same_paper,same_paper
1496,unmatched,unresolved,same_paper,same_paper
1497,unmatched,unresolved,unrelated_papers,unrelated_papers
1498,unmatched,unresolved,unrelated_papers,unrelated_papers
1499,unmatched,unresolved,related_papers,related_papers
1500,unmatched,unresolved,related_papers,related_papers
1501,unmatched,unresolved,related_papers,related_papers
1502,unmatched,unresolved,same_paper,same_paper
1503,unmatched,unresolved,unrelated_papers,unrelated_papers
1504,unmatched,unresolved,related_papers,related_papers
1505,unmatched,unresolved,same_paper,same_paper
1506,unmatched,unresolved,related_papers,related_papers
1507,unmatched,unresolved,related_papers,related_papers
1508,unmatched,unresolved,unrelated_papers,unrelated_papers
1509,unmatched,unresolved,related_papers,related_papers
1510,unmatched,unresolved,unrelated_papers,unrelated_papers
1511,unmatched,unresolved,related_papers,related_papers
1512,unmatched,unresolved,related_papers,related_papers
1513,unmatched,unresolved,related_papers,related_papers
1514,unmatched,unresolved,unrelated_papers,unrelated_papers
1515,unmatched,unresolved,same_paper,same_paper
1516,unmatched,unresolved,unrelated_papers,unrelated_papers
1517,unmatched,unresolved,same_paper,same_paper
1518,unmatched,unresolved,same_paper,same_paper
1519,unmatched,unresolved,same_paper,same_paper
1520,unmatched,unresolved,same_paper,same_paper
1521,unmatched,unresolved,same_paper,same_paper
1522,unmatched,unresolved,same_paper,same_paper
1523,unmatched,unresolved,related_papers,related_papers
1524,unmatched,unresolved,same_paper,same_paper
1525,unmatched,unresolved,unrelated_papers,unrelated_papers
1526,unmatched,unresolved,unrelated_papers,unrelated_papers
1527,unmatched,unresolved,same_paper,same_paper
1528,unmatched,unresolved,same_paper,same_paper
1529,unmatched,unresolved,same_paper,same_paper
1530,unmatched,unresolved,related_papers,related_papers
1531,unmatched,unresolved,related_papers,related_papers
1532,unmatched,unresolved,unrelated_papers,unrelated_papers
1533,unmatched,unresolved,same_paper,same_paper
1534,unmatched,unresolved,same_paper,same_paper
1535,unmatched,unresolved,unrelated_papers,unrelated_papers
1536,unmatched,unresolved,same_paper,same_paper
1537,unmatched,unresolved,same_paper,same_paper
1538,unmatched,unresolved,related_papers,related_papers
1539,unmatched,unresolved,unrelated_papers,unrelated_papers
1540,unmatched,unresolved,unrelated_papers,unrelated_papers
1541,unmatched,unresolved,same_paper,same_paper
1542,unmatched,unresolved,related_papers,related_papers
1543,unmatched,unresolved,same_paper,same_paper
1544,unmatched,unresolved,same_paper,same_paper
1545,unmatched,unresolved,unrelated_papers,unrelated_papers
1546,unmatched,unresolved,unrelated_papers,unrelated_papers
1547,unmatched,unresolved,related_papers,related_papers
1548,unmatched,unresolved,related_papers,related_papers
1549,unmatched,unresolved,related_papers,related_papers
1550,unmatched,unresolved,same_paper,same_paper
1551,unmatched,unresolved,same_paper,same_paper
1552,unmatched,unresolved,related_papers,related_papers
1553,unmatched,unresolved,related_papers,related_papers
1554,unmatched,unresolved,same_paper,same_paper
1555,unmatched,unresolved,unrelated_papers,unrelated_papers
1556,unmatched,unresolved,same_paper,same_paper
1557,unmatched,unresolved,same_paper,same_paper
1558,unmatched,unresolved,unrelated_papers,unrelated_papers
1559,unmatched,unresolved,same_paper,same_paper
1560,unmatched,unresolved,same_paper,same_paper
1561,unmatched,unresolved,related_papers,related_papers
1562,unmatched,unresolved,same_paper,same_paper
1563,unmatched,unresolved,unrelated_papers,unrelated_papers
1564,unmatched,unresolved,same_paper,same_paper
1565,unmatched,unresolved,same_paper,same_paper
1566,unmatched,unresolved,same_paper,same_paper
1567,unmatched,unresolved,same_paper,same_paper
1568,unmatched,unresolved,same_paper,same_paper
1569,unmatched,unresolved,related_papers,related_papers
1570,unmatched,unresolved,same_paper,same_paper
1571,unmatched,unresolved,same_paper,same_paper
1572,unmatched,unresolved,same_paper,same_paper
1573,unmatched,unresolved,related_papers,related_papers
1574,unmatched,unresolved,same_paper,same_paper
1575,unmatched,unresolved,related_papers,related_papers
1576,unmatched,unresolved,related_papers,related_papers
1577,unmatched,unresolved,unrelated_papers,unrelated_papers
1578,unmatched,unresolved,related_papers,related_papers
1579,unmatched,unresolved,related_papers,related_papers
1580,unmatched,unresolved,related_papers,related_papers
1581,unmatched,unresolved,same_paper,same_paper
1582,unmatched,unresolved,same_paper,same_paper
1583,unmatched,unresolved,unrelated_papers,unrelated_papers
1584,unmatched,unresolved,related_papers,related_papers
1585,unmatched,unresolved,same_paper,same_paper
1586,unmatched,unresolved,same_paper,same_paper
1587,unmatched,unresolved,same_paper,same_paper
1588,unmatched,unresolved,unrelated_papers,unrelated_papers
1589,unmatched,unresolved,same_paper,same_paper
1590,unmatched,unresolved,same_paper,same_paper
1591,unmatched,unresolved,same_paper,same_paper
1592,unmatched,unresolved,related_papers,related_papers
1593,unmatched,unresolved,same_paper,same_paper
1594,unmatched,unresolved,same_paper,same_paper
1595,unmatched,unresolved,same_paper,same_paper
1596,unmatched,unresolved,same_paper,same_paper
1597,unmatched,unresolved,same_paper,same_paper
1598,unmatched,unresolved,same_paper,same_paper
1599,unmatched,unresolved,related_papers,related_papers
1600,unmatched,unresolved,unrelated_papers,unrelated_papers
1601,unmatched,unresolved,unrelated_papers,unrelated_papers
1602,unmatched,unresolved,related_papers,related_papers
1603,unmatched,unresolved,same_paper,same_paper
1604,unmatched,unresolved,same_paper,same_paper
1605,unmatched,unresolved,unrelated_papers,unrelated_papers
1606,unmatched,unresolved,unrelated_papers,unrelated_papers
1607,unmatched,unresolved,same_paper,same_paper
1608,unmatched,unresolved,same_paper,same_paper
1609,unmatched,unresolved,unrelated_papers,unrelated_papers
1610,unmatched,unresolved,same_paper,same_paper
1611,unmatched,unresolved,unrelated_papers,unrelated_papers
1612,unmatched,unresolved,same_paper,same_paper
1613,unmatched,unresolved,unrelated_papers,unrelated_papers
1614,unmatched,unresolved,related_papers,related_papers
1615,unmatched,unresolved,same_paper,same_paper
1616,unmatched,unresolved,related_papers,related_papers
1617,unmatched,unresolved,related_papers,related_papers
1618,unmatched,unresolved,related_papers,related_papers
1619,unmatched,unresolved,unrelated_papers,unrelated_papers
1620,unmatched,unresolved,same_paper,same_paper
1621,unmatched,unresolved,same_paper,same_paper
1622,unmatched,unresolved,same_paper,same_paper
1623,unmatched,unresolved,same_paper,same_paper
1624,unmatched,unresolved,same_paper,same_paper
1625,unmatched,unresolved,unrelated_papers,unrelated_papers
1626,unmatched,unresolved,same_paper,same_paper
1627,unmatched,unresolved,related_papers,related_papers
1628,unmatched,unresolved,same_paper,same_paper
1629,unmatched,unresolved,same_paper,same_paper
1630,unmatched,unresolved,same_paper,same_paper
1631,unmatched,unresolved,related_papers,related_papers
1632,unmatched,unresolved,related_papers,related_papers
1633,unmatched,unresolved,unrelated_papers,unrelated_papers
1634,unmatched,unresolved,unrelated_papers,unrelated_papers
1635,unmatched,unresolved,same_paper,same_paper
1636,unmatched,unresolved,same_paper,same_paper
1637,unmatched,unresolved,related_papers,related_papers
1638,unmatched,unresolved,same_paper,same_paper
1639,unmatched,unresolved,same_paper,same_paper
1640,unmatched,unresolved,unrelated_papers,unrelated_papers
1641,unmatched,unresolved,same_paper,same_paper
1642,unmatched,unresolved,related_papers,related_papers
1643,unmatched,unresolved,same_paper,same_paper
1644,unmatched,unresolved,same_paper,same_paper
1645,unmatched,unresolved,same_paper,same_paper
1646,unmatched,unresolved,unrelated_papers,unrelated_papers
1647,unmatched,unresolved,related_papers,related_papers
1648,unmatched,unresolved,unrelated_papers,unrelated_papers
1649,unmatched,unresolved,unrelated_papers,unrelated_papers
1650,unmatched,unresolved,related_papers,related_papers
1651,unmatched,unresolved,same_paper,same_paper
1652,unmatched,unresolved,unrelated_papers,unrelated_papers
1653,unmatched,unresolved,related_papers,related_papers
1654,unmatched,unresolved,related_papers,related_papers
1655,unmatched,unresolved,related_papers,related_papers
1656,unmatched,unresolved,same_paper,same_paper
1657,unmatched,unresolved,unrelated_papers,unrelated_papers
1658,unmatched,unresolved,same_paper,same_paper
1659,unmatched,unresolved,same_paper,same_paper
1660,unmatched,unresolved,unrelated_papers,unrelated_papers
1661,unmatched,unresolved,same_paper,same_paper
1662,unmatched,unresolved,related_papers,related_papers
1663,unmatched,unresolved,same_paper,same_paper
1664,unmatched,unresolved,related_papers,related_papers
1665,unmatched,unresolved,unrelated_papers,unrelated_papers
1666,unmatched,unresolved,related_papers,related_papers
1667,unmatched,unresolved,unrelated_papers,unrelated_papers
1668,unmatched,unresolved,same_paper,same_paper
1669,unmatched,unresolved,unrelated_papers,unrelated_papers
1670,unmatched,unresolved,unrelated_papers,unrelated_papers
1671,unmatched,unresolved,unrelated_papers,unrelated_papers
1672,unmatched,unresolved,same_paper,same_paper
1673,unmatched,unresolved,unrelated_papers,unrelated_papers
1674,unmatched,unresolved,unrelated_papers,unrelated_papers
1675,unmatched,unresolved,same_paper,same_paper
1676,unmatched,unresolved,related_papers,related_papers
1677,unmatched,unresolved,related_papers,related_papers
1678,unmatched,unresolved,unrelated_papers,unrelated_papers
1679,unmatched,unresolved,same_paper,same_paper
1680,unmatched,unresolved,same_paper,same_paper
1681,unmatched,unresolved,same_paper,same_paper
1682,unmatched,unresolved,same_paper,same_paper
1683,unmatched,unresolved,related_papers,related_papers
1684,unmatched,unresolved,unrelated_papers,unrelated_papers
1685,unmatched,unresolved,same_paper,same_paper
1686,unmatched,unresolved,related_papers,related_papers
1687,unmatched,unresolved,same_paper,same_paper
1688,unmatched,unresolved,unrelated_papers,unrelated_papers
1689,unmatched,unresolved,unrelated_papers,unrelated_papers
1690,unmatched,unresolved,unrelated_papers,unrelated_papers
1691,unmatched,unresolved,same_paper,same_paper
1692,unmatched,unresolved,related_papers,related_papers
1693,unmatched,unresolved,related_papers,related_papers
1694,unmatched,unresolved,same_paper,same_paper
1695,unmatched,unresolved,same_paper,same_paper
1696,unmatched,unresolved,same_paper,same_paper
1697,unmatched,unresolved,same_paper,same_paper
1698,unmatched,unresolved,related_papers,related_papers
1699,unmatched,unresolved,related_papers,related_papers
1700,unmatched,unresolved,unrelated_papers,unrelated_papers
1701,unmatched,unresolved,same_paper,same_paper
1702,unmatched,unresolved,unrelated_papers,unrelated_papers
1703,unmatched,unresolved,same_paper,same_paper
1704,unmatched,unresolved,unrelated_papers,unrelated_papers
1705,unmatched,unresolved,same_paper,same_paper
1706,unmatched,unresolved,unrelated_papers,unrelated_papers
1707,unmatched,unresolved,unrelated_papers,unrelated_papers
1708,unmatched,unresolved,related_papers,related_papers
1709,unmatched,unresolved,same_paper,same_paper
1710,unmatched,unresolved,same_paper,same_paper
1711,unmatched,unresolved,related_papers,related_papers
1712,unmatched,unresolved,unrelated_papers,unrelated_papers
1713,unmatched,unresolved,same_paper,same_paper
1714,unmatched,unresolved,unrelated_papers,unrelated_papers
1715,unmatched,unresolved,related_papers,related_papers
1716,unmatched,unresolved,same_paper,same_paper
1717,unmatched,unresolved,unrelated_papers,unrelated_papers
1718,unmatched,unresolved,unrelated_papers,unrelated_papers
1719,unmatched,unresolved,related_papers,related_papers
1720,unmatched,unresolved,same_paper,same_paper
1721,unmatched,unresolved,same_paper,same_paper
1722,unmatched,unresolved,same_paper,same_paper
1723,unmatched,unresolved,unrelated_papers,unrelated_papers
1724,unmatched,unresolved,related_papers,related_papers
1725,unmatched,unresolved,unrelated_papers,unrelated_papers
1726,unmatched,unresolved,related_papers,related_papers
1727,unmatched,unresolved,unrelated_papers,unrelated_papers
1728,unmatched,unresolved,unrelated_papers,unrelated_papers
1729,unmatched,unresolved,unrelated_papers,unrelated_papers
1730,unmatched,unresolved,unrelated_papers,unrelated_papers
1731,unmatched,unresolved,same_paper,same_paper
1732,unmatched,unresolved,unrelated_papers,unrelated_papers
1733,unmatched,unresolved,related_papers,related_papers
1734,unmatched,unresolved,same_paper,same_paper
1735,unmatched,unresolved,related_papers,related_papers
1736,unmatched,unresolved,same_paper,same_paper
1737,unmatched,unresolved,same_paper,same_paper
1738,unmatched,unresolved,same_paper,same_paper
1739,unmatched,unresolved,unrelated_papers,unrelated_papers
1740,unmatched,unresolved,same_paper,same_paper
1741,unmatched,unresolved,related_papers,related_papers
1742,unmatched,unresolved,unrelated_papers,unrelated_papers
1743,unmatched,unresolved,same_paper,same_paper
1744,unmatched,unresolved,unrelated_papers,unrelated_papers
1745,unmatched,unresolved,related_papers,related_papers
1746,unmatched,unresolved,same_paper,same_paper
1747,unmatched,unresolved,related_papers,related_papers
1748,unmatched,unresolved,same_paper,same_paper
1749,unmatched,unresolved,same_paper,same_paper
1750,unmatched,unresolved,same_paper,same_paper
1751,unmatched,unresolved,same_paper,same_paper
1752,unmatched,unresolved,same_paper,same_paper
1753,unmatched,unresolved,same_paper,same_paper
1754,unmatched,unresolved,unrelated_papers,unrelated_papers
1755,unmatched,unresolved,unrelated_papers,unrelated_papers
1756,unmatched,unresolved,unrelated_papers,unrelated_papers
1757,unmatched,unresolved,same_paper,same_paper
1758,unmatched,unresolved,unrelated_papers,unrelated_papers
1759,unmatched,unresolved,unrelated_papers,unrelated_papers
1760,unmatched,unresolved,same_paper,same_paper
1761,unmatched,unresolved,same_paper,same_paper
1762,unmatched,unresolved,related_papers,related_papers
1763,unmatched,unresolved,same_paper,same_paper
1764,unmatched,unresolved,same_paper,same_paper
1765,unmatched,unresolved,related_papers,related_papers
1766,unmatched,unresolved,related_papers,related_papers
1767,unmatched,unresolved,same_paper,same_paper
1768,unmatched,unresolved,unrelated_papers,unrelated_papers
1769,unmatched,unresolved,unrelated_papers,unrelated_papers
1770,unmatched,unresolved,unrelated_papers,unrelated_papers
1771,unmatched,unresolved,same_paper,same_paper
1772,unmatched,unresolved,same_paper,same_paper
1773,unmatched,unresolved,unrelated_papers,unrelated_papers
1774,unmatched,unresolved,unrelated_papers,unrelated_papers
1775,unmatched,unresolved,same_paper,same_paper
1776,unmatched,unresolved,same_paper,same_paper
1777,unmatched,unresolved,unrelated_papers,unrelated_papers
1778,unmatched,unresolved,related_papers,related_papers
1779,unmatched,unresolved,unrelated_papers,unrelated_papers
1780,unmatched,unresolved,same_paper,same_paper
1781,unmatched,unresolved,same_paper,same_paper
1782,unmatched,unresolved,same_paper,same_paper
1783,unmatched,unresolved,related_papers,related_papers
1784,unmatched,unresolved,same_paper,same_paper
1785,unmatched,unresolved,related_papers,related_papers
1786,unmatched,unresolved,unrelated_papers,unrelated_papers
1787,unmatched,unresolved,same_paper,same_paper
1788,unmatched,unresolved,same_paper,same_paper
1789,unmatched,unresolved,related_papers,related_papers
1790,unmatched,unresolved,related_papers,related_papers
1791,unmatched,unresolved,related_papers,related_papers
1792,unmatched,unresolved,unrelated_papers,unrelated_papers
1793,unmatched,unresolved,same_paper,same_paper
1794,unmatched,unresolved,related_papers,related_papers
1795,unmatched,unresolved,same_paper,same_paper
1796,unmatched,unresolved,unrelated_papers,unrelated_papers
1797,unmatched,unresolved,same_paper,same_paper
1798,unmatched,unresolved,related_papers,related_papers
1799,unmatched,unresolved,same_paper,same_paper
1800,unmatched,unresolved,same_paper,same_paper
1801,unmatched,unresolved,unrelated_papers,unrelated_papers
1802,unmatched,unresolved,same_paper,same_paper
1803,unmatched,unresolved,related_papers,related_papers
1804,unmatched,unresolved,related_papers,related_papers
1805,unmatched,unresolved,unrelated_papers,unrelated_papers
1806,unmatched,unresolved,unrelated_papers,unrelated_papers
1807,unmatched,unresolved,same_paper,same_paper
1808,unmatched,unresolved,unrelated_papers,unrelated_papers
1809,unmatched,unresolved,same_paper,same_paper
1810,unmatched,unresolved,same_paper,same_paper
1811,unmatched,unresolved,unrelated_papers,unrelated_papers
1812,unmatched,unresolved,unrelated_papers,unrelated_papers
1813,unmatched,unresolved,same_paper,same_paper
1814,unmatched,unresolved,related_papers,related_papers
1815,unmatched,unresolved,related_papers,related_papers
1816,unmatched,unresolved,related_papers,related_papers
1817,unmatched,unresolved,related_papers,related_papers
1818,unmatched,unresolved,unrelated_papers,unrelated_papers
1819,unmatched,unresolved,related_papers,related_papers
1820,unmatched,unresolved,same_paper,same_paper
1821,unmatched,unresolved,same_paper,same_paper
1822,unmatched,unresolved,related_papers,related_papers
1823,unmatched,unresolved,related_papers,related_papers
1824,unmatched,unresolved,unrelated_papers,unrelated_papers
1825,unmatched,unresolved,same_paper,same_paper
1826,unmatched,unresolved,same_paper,same_paper
1827,unmatched,unresolved,same_paper,same_paper
1828,unmatched,unresolved,same_paper,same_paper
1829,unmatched,unresolved,same_paper,same_paper
1830,unmatched,unresolved,unrelated_papers,unrelated_papers
1831,unmatched,unresolved,related_papers,related_papers
1832,unmatched,unresolved,related_papers,related_papers
1833,unmatched,unresolved,unrelated_papers,unrelated_papers
1834,unmatched,unresolved,same_paper,same_paper
1835,unmatched,unresolved,same_paper,same_paper
1836,unmatched,unresolved,same_paper,same_paper
1837,unmatched,unresolved,related_papers,related_papers
1838,unmatched,unresolved,same_paper,same_paper
1839,unmatched,unresolved,same_paper,same_paper
1840,unmatched,unresolved,same_paper,same_paper
1841,unmatched,unresolved,unrelated_papers,unrelated_papers
1842,unmatched,unresolved,unrelated_papers,unrelated_papers
1843,unmatched,unresolved,same_paper,same_paper
1844,unmatched,unresolved,same_paper,same_paper
1845,unmatched,unresolved,same_paper,same_paper
1846,unmatched,unresolved,related_papers,related_papers
1847,unmatched,unresolved,unrelated_papers,unrelated_papers
1848,unmatched,unresolved,related_papers,related_papers
1849,unmatched,unresolved,unrelated_papers,unrelated_papers
1850,unmatched,unresolved,unrelated_papers,unrelated_papers
1851,unmatched,unresolved,same_paper,same_paper
1852,unmatched,unresolved,same_paper,same_paper
1853,unmatched,unresolved,related_papers,related_papers
1854,unmatched,unresolved,related_papers,related_papers
1855,unmatched,unresolved,same_paper,same_paper
1856,unmatched,unresolved,unrelated_papers,unrelated_papers
1857,unmatched,unresolved,unrelated_papers,unrelated_papers
1858,unmatched,unresolved,related_papers,related_papers
1859,unmatched,unresolved,unrelated_papers,unrelated_papers
1860,unmatched,unresolved,unrelated_papers,unrelated_papers
1861,unmatched,unresolved,related_papers,related_papers
1862,unmatched,unresolved,related_papers,related_papers
1863,unmatched,unresolved,unrelated_papers,unrelated_papers
1864,unmatched,unresolved,same_paper,same_paper
1865,unmatched,unresolved,unrelated_papers,unrelated_papers
1866,unmatched,unresolved,same_paper,same_paper
1867,unmatched,unresolved,unrelated_papers,unrelated_papers
1868,unmatched,unresolved,same_paper,same_paper
1869,unmatched,unresolved,unrelated_papers,unrelated_papers
1870,unmatched,unresolved,unrelated_papers,unrelated_papers
1871,unmatched,unresolved,unrelated_papers,unrelated_papers
1872,unmatched,unresolved,unrelated_papers,unrelated_papers
1873,unmatched,unresolved,same_paper,same_paper
1874,unmatched,unresolved,related_papers,related_papers
1875,unmatched,unresolved,related_papers,related_papers
1876,unmatched,unresolved,same_paper,same_paper
1877,unmatched,unresolved,same_paper,same_paper
1878,unmatched,unresolved,same_paper,same_paper
1879,unmatched,unresolved,unrelated_papers,unrelated_papers
1880,unmatched,unresolved,same_paper,same_paper
1881,unmatched,unresolved,unrelated_papers,unrelated_papers
1882,unmatched,unresolved,same_paper,same_paper
1883,unmatched,unresolved,related_papers,related_papers
1884,unmatched,unresolved,related_papers,related_papers
1885,unmatched,unresolved,same_paper,same_paper
1886,unmatched,unresolved,related_papers,related_papers
1887,unmatched,unresolved,related_papers,related_papers
1888,unmatched,unresolved,related_papers,related_papers
1889,unmatched,unresolved,related_papers,related_papers
1890,unmatched,unresolved,same_paper,same_paper
1891,unmatched,unresolved,related_papers,related_papers
1892,unmatched,unresolved,unrelated_papers,unrelated_papers
1893,unmatched,unresolved,unrelated_papers,unrelated_papers
1894,unmatched,unresolved,same_paper,same_paper
1895,unmatched,unresolved,same_paper,same_paper
1896,unmatched,unresolved,related_papers,related_papers
1897,unmatched,unresolved,unrelated_papers,unrelated_papers
1898,unmatched,unresolved,same_paper,same_paper
1899,unmatched,unresolved,related_papers,related_papers
1900,unmatched,unresolved,same_paper,same_paper
1901,unmatched,unresolved,same_paper,same_paper
1902,unmatched,unresolved,unrelated_papers,unrelated_papers
1903,unmatched,unresolved,unrelated_papers,unrelated_papers
1904,unmatched,unresolved,unrelated_papers,unrelated_papers
1905,unmatched,unresolved,same_paper,same_paper
1906,unmatched,unresolved,related_papers,related_papers
1907,unmatched,unresolved,same_paper,same_paper
1908,unmatched,unresolved,unrelated_papers,unrelated_papers
1909,unmatched,unresolved,unrelated_papers,unrelated_papers
1910,unmatched,unresolved,unrelated_papers,unrelated_papers
1911,unmatched,unresolved,same_paper,same_paper
1912,unmatched,unresolved,unrelated_papers,unrelated_papers
1913,unmatched,unresolved,same_paper,same_paper
1914,unmatched,unresolved,unrelated_papers,unrelated_papers
1915,unmatched,unresolved,unrelated_papers,unrelated_papers
1916,unmatched,unresolved,unrelated_papers,unrelated_papers
1917,unmatched,unresolved,related_papers,related_papers
1918,unmatched,unresolved,unrelated_papers,unrelated_papers
1919,unmatched,unresolved,unrelated_papers,unrelated_papers
1920,unmatched,unresolved,same_paper,same_paper
1921,unmatched,unresolved,same_paper,same_paper
1922,unmatched,unresolved,same_paper,same_paper
1923,unmatched,unresolved,related_papers,related_papers
1924,unmatched,unresolved,same_paper,same_paper
1925,unmatched,unresolved,unrelated_papers,unrelated_papers
1926,unmatched,unresolved,unrelated_papers,unrelated_papers
1927,unmatched,unresolved,unrelated_papers,unrelated_papers
1928,unmatched,unresolved,unrelated_papers,unrelated_papers
1929,unmatched,unresolved,same_paper,same_paper
1930,unmatched,unresolved,same_paper,same_paper
1931,unmatched,unresolved,related_papers,related_papers
1932,unmatched,unresolved,same_paper,same_paper
1933,unmatched,unresolved,related_papers,related_papers
1934,unmatched,unresolved,unrelated_papers,unrelated_papers
1935,unmatched,unresolved,unrelated_papers,unrelated_papers
1936,unmatched,unresolved,same_paper,same_paper
1937,unmatched,unresolved,same_paper,same_paper
1938,unmatched,unresolved,unrelated_papers,unrelated_papers
1939,unmatched,unresolved,unrelated_papers,unrelated_papers
1940,unmatched,unresolved,related_papers,related_papers
1941,unmatched,unresolved,related_papers,related_papers
1942,unmatched,unresolved,same_paper,same_paper
1943,unmatched,unresolved,same_paper,same_paper
1944,unmatched,unresolved,same_paper,same_paper
1945,unmatched,unresolved,unrelated_papers,unrelated_papers
1946,unmatched,unresolved,same_paper,same_paper
1947,unmatched,unresolved,related_papers,related_papers
1948,unmatched,unresolved,related_papers,related_papers
1949,unmatched,unresolved,same_paper,same_paper
1950,unmatched,unresolved,unrelated_papers,unrelated_papers
1951,unmatched,unresolved,unrelated_papers,unrelated_papers
1952,unmatched,unresolved,same_paper,same_paper
1953,unmatched,unresolved,related_papers,related_papers
1954,unmatched,unresolved,same_paper,same_paper
1955,unmatched,unresolved,same_paper,same_paper
1956,unmatched,unresolved,same_paper,same_paper
1957,unmatched,unresolved,unrelated_papers,unrelated_papers
1958,unmatched,unresolved,same_paper,same_paper
1959,unmatched,unresolved,same_paper,same_paper
1960,unmatched,unresolved,unrelated_papers,unrelated_papers
1961,unmatched,unresolved,same_paper,same_paper
1962,unmatched,unresolved,same_paper,same_paper
1963,unmatched,unresolved,unrelated_papers,unrelated_papers
1964,unmatched,unresolved,unrelated_papers,unrelated_papers
1965,unmatched,unresolved,same_paper,same_paper
1966,unmatched,unresolved,same_paper,same_paper
1967,unmatched,unresolved,related_papers,related_papers
1968,unmatched,unresolved,same_paper,same_paper
1969,unmatched,unresolved,unrelated_papers,unrelated_papers
1970,unmatched,unresolved,same_paper,same_paper
1971,unmatched,unresolved,same_paper,same_paper
1972,unmatched,unresolved,same_paper,same_paper
1973,unmatched,unresolved,same_paper,same_paper
1974,unmatched,unresolved,same_paper,same_paper
1975,unmatched,unresolved,unrelated_papers,unrelated_papers
1976,unmatched,unresolved,related_papers,related_papers
1977,unmatched,unresolved,unrelated_papers,unrelated_papers
1978,unmatched,unresolved,related_papers,related_papers
1979,unmatched,unresolved,same_paper,same_paper
1980,unmatched,unresolved,unrelated_papers,unrelated_papers
1981,unmatched,unresolved,same_paper,same_paper
1982,unmatched,unresolved,same_paper,same_paper
1983,unmatched,unresolved,same_paper,same_paper
1984,unmatched,unresolved,related_papers,related_papers
1985,unmatched,unresolved,unrelated_papers,unrelated_papers
1986,unmatched,unresolved,related_papers,related_papers
1987,unmatched,unresolved,same_paper,same_paper
1988,unmatched,unresolved,same_paper,same_paper
1989,unmatched,unresolved,same_paper,same_paper
1990,unmatched,unresolved,same_paper,same_paper
1991,unmatched,unresolved,unrelated_papers,unrelated_papers
1992,unmatched,unresolved,same_paper,same_paper
1993,unmatched,unresolved,unrelated_papers,unrelated_papers
1994,unmatched,unresolved,same_paper,same_paper
1995,unmatched,unresolved,same_paper,same_paper
1996,unmatched,unresolved,same_paper,same_paper
1997,unmatched,unresolved,unrelated_papers,unrelated_papers
1998,unmatched,unresolved,unrelated_papers,unrelated_papers
1999,unmatched,unresolved,related_papers,related_papers
2000,unmatched,unresolved,same_paper,same_paper
2001,unmatched,unresolved,unrelated_papers,unrelated_papers
2002,unmatched,unresolved,unrelated_papers,unrelated_papers
2003,unmatched,unresolved,related_papers,related_papers
2004,unmatched,unresolved,unrelated_papers,unrelated_papers
2005,unmatched,unresolved,unrelated_papers,unrelated_papers
2006,unmatched,unresolved,related_papers,related_papers
2007,unmatched,unresolved,same_figure,same_figure
2008,unmatched,unresolved,unrelated_papers,unrelated_papers
2009,unmatched,unresolved,unrelated_papers,unrelated_papers
2010,unmatched,unresolved,related_papers,related_papers
2011,unmatched,unresolved,unrelated_papers,unrelated_papers
2012,unmatched,unresolved,same_figure,same_figure
2013,unmatched,unresolved,same_figure,same_figure
2014,unmatched,unresolved,same_figure,same_figure
2015,unmatched,unresolved,unrelated_papers,unrelated_papers
2016,unmatched,unresolved,unrelated_papers,unrelated_papers
2017,unmatched,unresolved,unrelated_papers,unrelated_papers
2018,unmatched,unresolved,related_papers,related_papers
2019,unmatched,unresolved,related_papers,related_papers
2020,unmatched,unresolved,same_paper,same_paper
2021,unmatched,unresolved,unrelated_papers,unrelated_papers
2022,unmatched,unresolved,related_papers,related_papers
2023,unmatched,unresolved,same_figure,same_figure
2024,unmatched,unresolved,related_papers,related_papers
2025,unmatched,unresolved,related_papers,related_papers
2026,unmatched,unresolved,same_paper,same_paper
2027,unmatched,unresolved,same_figure,same_figure
2028,unmatched,unresolved,unrelated_papers,unrelated_papers
2029,unmatched,unresolved,same_paper,same_paper
2030,unmatched,unresolved,unrelated_papers,unrelated_papers
2031,unmatched,unresolved,unrelated_papers,unrelated_papers
2032,unmatched,unresolved,same_figure,same_figure
2033,unmatched,unresolved,related_papers,related_papers
2034,unmatched,unresolved,unrelated_papers,unrelated_papers
2035,unmatched,unresolved,same_figure,same_figure
2036,unmatched,unresolved,unrelated_papers,unrelated_papers
2037,unmatched,unresolved,related_papers,related_papers
2038,unmatched,unresolved,same_paper,same_paper
2039,unmatched,unresolved,same_figure,same_figure
2040,unmatched,unresolved,same_figure,same_figure
2041,unmatched,unresolved,related_papers,related_papers
2042,unmatched,unresolved,related_papers,related_papers
2043,unmatched,unresolved,related_papers,related_papers
2044,unmatched,unresolved,related_papers,related_papers
2045,unmatched,unresolved,related_papers,related_papers
2046,unmatched,unresolved,same_paper,same_paper
2047,unmatched,unresolved,unrelated_papers,unrelated_papers
2048,unmatched,unresolved,same_paper,same_paper
2049,unmatched,unresolved,related_papers,related_papers
2050,unmatched,unresolved,related_papers,related_papers
2051,unmatched,unresolved,same_paper,same_paper
2052,unmatched,unresolved,unrelated_papers,unrelated_papers
2053,unmatched,unresolved,same_figure,same_figure
2054,unmatched,unresolved,unrelated_papers,unrelated_papers
2055,unmatched,unresolved,same_paper,same_paper
2056,unmatched,unresolved,same_paper,same_paper
2057,unmatched,unresolved,same_paper,same_paper
2058,unmatched,unresolved,unrelated_papers,unrelated_papers
2059,unmatched,unresolved,same_paper,same_paper
2060,unmatched,unresolved,same_paper,same_paper
2061,unmatched,unresolved,unrelated_papers,unrelated_papers
2062,unmatched,unresolved,related_papers,related_papers
2063,unmatched,unresolved,unrelated_papers,unrelated_papers
2064,unmatched,unresolved,same_paper,same_paper
2065,unmatched,unresolved,same_paper,same_paper
2066,unmatched,unresolved,unrelated_papers,unrelated_papers
2067,unmatched,unresolved,unrelated_papers,unrelated_papers
2068,unmatched,unresolved,same_paper,same_paper
2069,unmatched,unresolved,same_paper,same_paper
2070,unmatched,unresolved,unrelated_papers,unrelated_papers
2071,unmatched,unresolved,unrelated_papers,unrelated_papers
2072,unmatched,unresolved,related_papers,related_papers
2073,unmatched,unresolved,related_papers,related_papers
2074,unmatched,unresolved,unrelated_papers,unrelated_papers
2075,unmatched,unresolved,unrelated_papers,unrelated_papers
2076,unmatched,unresolved,unrelated_papers,unrelated_papers
2077,unmatched,unresolved,same_figure,same_figure
2078,unmatched,unresolved,unrelated_papers,unrelated_papers
2079,unmatched,unresolved,same_paper,same_paper
2080,unmatched,unresolved,related_papers,related_papers
2081,unmatched,unresolved,related_papers,related_papers
2082,unmatched,unresolved,unrelated_papers,unrelated_papers
2083,unmatched,unresolved,same_figure,same_figure
2084,unmatched,unresolved,same_figure,same_figure
2085,unmatched,unresolved,same_figure,same_figure
2086,unmatched,unresolved,unrelated_papers,unrelated_papers
2087,unmatched,unresolved,related_papers,related_papers
2088,unmatched,unresolved,unrelated_papers,unrelated_papers
2089,unmatched,unresolved,unrelated_papers,unrelated_papers
2090,unmatched,unresolved,same_paper,same_paper
2091,unmatched,unresolved,same_figure,same_figure
2092,unmatched,unresolved,unrelated_papers,unrelated_papers
2093,unmatched,unresolved,unrelated_papers,unrelated_papers
2094,unmatched,unresolved,same_paper,same_paper
2095,unmatched,unresolved,related_papers,related_papers
2096,unmatched,unresolved,same_figure,same_figure
2097,unmatched,unresolved,unrelated_papers,unrelated_papers
2098,unmatched,unresolved,related_papers,related_papers
2099,unmatched,unresolved,unrelated_papers,unrelated_papers
2100,unmatched,unresolved,same_paper,same_paper
2101,unmatched,unresolved,unrelated_papers,unrelated_papers
2102,unmatched,unresolved,related_papers,related_papers
2103,unmatched,unresolved,same_paper,same_paper
2104,unmatched,unresolved,related_papers,related_papers
2105,unmatched,unresolved,same_figure,same_figure
2106,unmatched,unresolved,same_paper,same_paper
2107,unmatched,unresolved,same_figure,same_figure
2108,unmatched,unresolved,same_paper,same_paper
2109,unmatched,unresolved,related_papers,related_papers
2110,unmatched,unresolved,related_papers,related_papers
2111,unmatched,unresolved,related_papers,related_papers
2112,unmatched,unresolved,same_figure,same_figure
2113,unmatched,unresolved,related_papers,related_papers
2114,unmatched,unresolved,same_figure,same_figure
2115,unmatched,unresolved,same_figure,same_figure
2116,unmatched,unresolved,same_paper,same_paper
2117,unmatched,unresolved,same_figure,same_figure
2118,unmatched,unresolved,related_papers,related_papers
2119,unmatched,unresolved,same_paper,same_paper
2120,unmatched,unresolved,unrelated_papers,unrelated_papers
2121,unmatched,unresolved,unrelated_papers,unrelated_papers
2122,unmatched,unresolved,related_papers,related_papers
2123,unmatched,unresolved,unrelated_papers,unrelated_papers
2124,unmatched,unresolved,unrelated_papers,unrelated_papers
2125,unmatched,unresolved,related_papers,related_papers
2126,unmatched,unresolved,same_paper,same_paper
2127,unmatched,unresolved,same_figure,same_figure
2128,unmatched,unresolved,related_papers,related_papers
2129,unmatched,unresolved,same_figure,same_figure
2130,unmatched,unresolved,unrelated_papers,unrelated_papers
2131,unmatched,unresolved,same_paper,same_paper
2132,unmatched,unresolved,same_figure,same_figure
2133,unmatched,unresolved,same_figure,same_figure
2134,unmatched,unresolved,same_paper,same_paper
2135,unmatched,unresolved,same_figure,same_figure
2136,unmatched,unresolved,same_paper,same_paper
2137,unmatched,unresolved,same_paper,same_paper
2138,unmatched,unresolved,related_papers,related_papers
2139,unmatched,unresolved,unrelated_papers,unrelated_papers
2140,unmatched,unresolved,same_figure,same_figure
2141,unmatched,unresolved,unrelated_papers,unrelated_papers
2142,unmatched,unresolved,same_figure,same_figure
2143,unmatched,unresolved,same_figure,same_figure
2144,unmatched,unresolved,unrelated_papers,unrelated_papers
2145,unmatched,unresolved,unrelated_papers,unrelated_papers
2146,unmatched,unresolved,same_paper,same_paper
2147,unmatched,unresolved,same_figure,same_figure
2148,unmatched,unresolved,unrelated_papers,unrelated_papers
2149,unmatched,unresolved,same_paper,same_paper
2150,unmatched,unresolved,related_papers,related_papers
2151,unmatched,unresolved,same_figure,same_figure
2152,unmatched,unresolved,same_figure,same_figure
2153,unmatched,unresolved,same_figure,same_figure
2154,unmatched,unresolved,unrelated_papers,unrelated_papers
2155,unmatched,unresolved,same_figure,same_figure
2156,unmatched,unresolved,unrelated_papers,unrelated_papers
2157,unmatched,unresolved,unrelated_papers,unrelated_papers
2158,unmatched,unresolved,unrelated_papers,unrelated_papers
2159,unmatched,unresolved,unrelated_papers,unrelated_papers
2160,unmatched,unresolved,same_figure,same_figure
2161,unmatched,unresolved,unrelated_papers,unrelated_papers
2162,unmatched,unresolved,same_paper,same_paper
2163,unmatched,unresolved,same_figure,same_figure
2164,unmatched,unresolved,unrelated_papers,unrelated_papers
2165,unmatched,unresolved,unrelated_papers,unrelated_papers
2166,unmatched,unresolved,same_paper,same_paper
2167,unmatched,unresolved,related_papers,related_papers
2168,unmatched,unresolved,unrelated_papers,unrelated_papers
2169,unmatched,unresolved,same_paper,same_paper
2170,unmatched,unresolved,same_paper,same_paper
2171,unmatched,unresolved,related_papers,related_papers
2172,unmatched,unresolved,unrelated_papers,unrelated_papers
2173,unmatched,unresolved,unrelated_papers,unrelated_papers
2174,unmatched,unresolved,same_paper,same_paper
2175,unmatched,unresolved,related_papers,related_papers
2176,unmatched,unresolved,same_paper,same_paper
2177,unmatched,unresolved,related_papers,related_papers
2178,unmatched,unresolved,unrelated_papers,unrelated_papers
2179,unmatched,unresolved,same_figure,same_figure
2180,unmatched,unresolved,unrelated_papers,unrelated_papers
2181,unmatched,unresolved,unrelated_papers,unrelated_papers
2182,unmatched,unresolved,related_papers,related_papers
2183,unmatched,unresolved,unrelated_papers,unrelated_papers
2184,unmatched,unresolved,related_papers,related_papers
2185,unmatched,unresolved,same_paper,same_paper
2186,unmatched,unresolved,unrelated_papers,unrelated_papers
2187,unmatched,unresolved,unrelated_papers,unrelated_papers
2188,unmatched,unresolved,unrelated_papers,unrelated_papers
2189,unmatched,unresolved,same_figure,same_figure
2190,unmatched,unresolved,related_papers,related_papers
2191,unmatched,unresolved,related_papers,related_papers
2192,unmatched,unresolved,unrelated_papers,unrelated_papers
2193,unmatched,unresolved,same_paper,same_paper
2194,unmatched,unresolved,related_papers,related_papers
2195,unmatched,unresolved,related_papers,related_papers
2196,unmatched,unresolved,unrelated_papers,unrelated_papers
2197,unmatched,unresolved,unrelated_papers,unrelated_papers
2198,unmatched,unresolved,same_paper,same_paper
2199,unmatched,unresolved,same_figure,same_figure
2200,unmatched,unresolved,same_figure,same_figure
2201,unmatched,unresolved,same_figure,same_figure
2202,unmatched,unresolved,same_figure,same_figure
2203,unmatched,unresolved,same_figure,same_figure
2204,unmatched,unresolved,related_papers,related_papers
2205,unmatched,unresolved,unrelated_papers,unrelated_papers
2206,unmatched,unresolved,unrelated_papers,unrelated_papers
2207,unmatched,unresolved,related_papers,related_papers
2208,unmatched,unresolved,same_paper,same_paper
2209,unmatched,unresolved,same_paper,same_paper
2210,unmatched,unresolved,unrelated_papers,unrelated_papers
2211,unmatched,unresolved,related_papers,related_papers
2212,unmatched,unresolved,same_paper,same_paper
2213,unmatched,unresolved,related_papers,related_papers
2214,unmatched,unresolved,same_paper,same_paper
2215,unmatched,unresolved,same_paper,same_paper
2216,unmatched,unresolved,unrelated_papers,unrelated_papers
2217,unmatched,unresolved,unrelated_papers,unrelated_papers
2218,unmatched,unresolved,unrelated_papers,unrelated_papers
2219,unmatched,unresolved,same_paper,same_paper
2220,unmatched,unresolved,same_paper,same_paper
2221,unmatched,unresolved,same_figure,same_figure
2222,unmatched,unresolved,unrelated_papers,unrelated_papers
2223,unmatched,unresolved,same_figure,same_figure
2224,unmatched,unresolved,same_figure,same_figure
2225,unmatched,unresolved,unrelated_papers,unrelated_papers
2226,unmatched,unresolved,unrelated_papers,unrelated_papers
2227,unmatched,unresolved,unrelated_papers,unrelated_papers
2228,unmatched,unresolved,unrelated_papers,unrelated_papers
2229,unmatched,unresolved,same_paper,same_paper
2230,unmatched,unresolved,related_papers,related_papers
2231,unmatched,unresolved,same_figure,same_figure
2232,unmatched,unresolved,related_papers,related_papers
2233,unmatched,unresolved,same_paper,same_paper
2234,unmatched,unresolved,unrelated_papers,unrelated_papers
2235,unmatched,unresolved,unrelated_papers,unrelated_papers
2236,unmatched,unresolved,same_paper,same_paper
2237,unmatched,unresolved,same_figure,same_figure
2238,unmatched,unresolved,same_paper,same_paper
2239,unmatched,unresolved,unrelated_papers,unrelated_papers
2240,unmatched,unresolved,related_papers,related_papers
2241,unmatched,unresolved,unrelated_papers,unrelated_papers
2242,unmatched,unresolved,same_paper,same_paper
2243,unmatched,unresolved,same_paper,same_paper
2244,unmatched,unresolved,unrelated_papers,unrelated_papers
2245,unmatched,unresolved,related_papers,related_papers
2246,unmatched,unresolved,same_figure,same_figure
2247,unmatched,unresolved,related_papers,related_papers
2248,unmatched,unresolved,same_figure,same_figure
2249,unmatched,unresolved,same_paper,same_paper
2250,unmatched,unresolved,unrelated_papers,unrelated_papers
2251,unmatched,unresolved,same_figure,same_figure
2252,unmatched,unresolved,unrelated_papers,unrelated_papers
2253,unmatched,unresolved,unrelated_papers,unrelated_papers
2254,unmatched,unresolved,same_figure,same_figure
2255,unmatched,unresolved,same_paper,same_paper
2256,unmatched,unresolved,unrelated_papers,unrelated_papers
2257,unmatched,unresolved,same_paper,same_paper
2258,unmatched,unresolved,related_papers,related_papers
2259,unmatched,unresolved,same_paper,same_paper
2260,unmatched,unresolved,same_figure,same_figure
2261,unmatched,unresolved,same_paper,same_paper
2262,unmatched,unresolved,same_figure,same_figure
2263,unmatched,unresolved,same_figure,same_figure
2264,unmatched,unresolved,unrelated_papers,unrelated_papers
2265,unmatched,unresolved,related_papers,related_papers
2266,unmatched,unresolved,same_paper,same_paper
2267,unmatched,unresolved,related_papers,related_papers
2268,unmatched,unresolved,related_papers,related_papers
2269,unmatched,unresolved,unrelated_papers,unrelated_papers
2270,unmatched,unresolved,unrelated_papers,unrelated_papers
2271,unmatched,unresolved,same_figure,same_figure
2272,unmatched,unresolved,unrelated_papers,unrelated_papers
2273,unmatched,unresolved,related_papers,related_papers
2274,unmatched,unresolved,unrelated_papers,unrelated_papers
2275,unmatched,unresolved,unrelated_papers,unrelated_papers
2276,unmatched,unresolved,unrelated_papers,unrelated_papers
2277,unmatched,unresolved,same_paper,same_paper
2278,unmatched,unresolved,related_papers,related_papers
2279,unmatched,unresolved,same_paper,same_paper
2280,unmatched,unresolved,same_paper,same_paper
2281,unmatched,unresolved,same_paper,same_paper
2282,unmatched,unresolved,related_papers,related_papers
2283,unmatched,unresolved,unrelated_papers,unrelated_papers
2284,unmatched,unresolved,same_figure,same_figure
2285,unmatched,unresolved,same_figure,same_figure
2286,unmatched,unresolved,same_paper,same_paper
2287,unmatched,unresolved,same_figure,same_figure
2288,unmatched,unresolved,related_papers,related_papers
2289,unmatched,unresolved,unrelated_papers,unrelated_papers
2290,unmatched,unresolved,related_papers,related_papers
2291,unmatched,unresolved,unrelated_papers,unrelated_papers
2292,unmatched,unresolved,unrelated_papers,unrelated_papers
2293,unmatched,unresolved,unrelated_papers,unrelated_papers
2294,unmatched,unresolved,same_figure,same_figure
2295,unmatched,unresolved,same_paper,same_paper
2296,unmatched,unresolved,same_figure,same_figure
2297,unmatched,unresolved,related_papers,related_papers
2298,unmatched,unresolved,same_figure,same_figure
2299,unmatched,unresolved,unrelated_papers,unrelated_papers
2300,unmatched,unresolved,unrelated_papers,unrelated_papers
2301,unmatched,unresolved,same_figure,same_figure
2302,unmatched,unresolved,same_figure,same_figure
2303,unmatched,unresolved,unrelated_papers,unrelated_papers
2304,unmatched,unresolved,same_paper,same_paper
2305,unmatched,unresolved,unrelated_papers,unrelated_papers
2306,unmatched,unresolved,unrelated_papers,unrelated_papers
2307,unmatched,unresolved,unrelated_papers,unrelated_papers
2308,unmatched,unresolved,same_figure,same_figure
2309,unmatched,unresolved,same_paper,same_paper
2310,unmatched,unresolved,same_figure,same_figure
2311,unmatched,unresolved,unrelated_papers,unrelated_papers
2312,unmatched,unresolved,same_paper,same_paper
2313,unmatched,unresolved,related_papers,related_papers
2314,unmatched,unresolved,related_papers,related_papers
2315,unmatched,unresolved,same_figure,same_figure
2316,unmatched,unresolved,unrelated_papers,unrelated_papers
2317,unmatched,unresolved,unrelated_papers,unrelated_papers
2318,unmatched,unresolved,same_paper,same_paper
2319,unmatched,unresolved,related_papers,related_papers
2320,unmatched,unresolved,same_paper,same_paper
2321,unmatched,unresolved,related_papers,related_papers
2322,unmatched,unresolved,unrelated_papers,unrelated_papers
2323,unmatched,unresolved,related_papers,related_papers
2324,unmatched,unresolved,same_figure,same_figure
2325,unmatched,unresolved,same_figure,same_figure
2326,unmatched,unresolved,same_paper,same_paper
2327,unmatched,unresolved,same_figure,same_figure
2328,unmatched,unresolved,unrelated_papers,unrelated_papers
2329,unmatched,unresolved,related_papers,related_papers
2330,unmatched,unresolved,same_figure,same_figure
2331,unmatched,unresolved,same_paper,same_paper
2332,unmatched,unresolved,related_papers,related_papers
2333,unmatched,unresolved,same_paper,same_paper
2334,unmatched,unresolved,same_figure,same_figure
2335,unmatched,unresolved,same_figure,same_figure
2336,unmatched,unresolved,unrelated_papers,unrelated_papers
2337,unmatched,unresolved,same_paper,same_paper
2338,unmatched,unresolved,unrelated_papers,unrelated_papers
2339,unmatched,unresolved,same_paper,same_paper
2340,unmatched,unresolved,related_papers,related_papers
2341,unmatched,unresolved,same_figure,same_figure
2342,unmatched,unresolved,same_figure,same_figure
2343,unmatched,unresolved,same_figure,same_figure
2344,unmatched,unresolved,same_figure,same_figure
2345,unmatched,unresolved,same_figure,same_figure
2346,unmatched,unresolved,related_papers,related_papers
2347,unmatched,unresolved,same_figure,same_figure
2348,unmatched,unresolved,same_paper,same_paper
2349,unmatched,unresolved,same_paper,same_paper
2350,unmatched,unresolved,related_papers,related_papers
2351,unmatched,unresolved,same_paper,same_paper
2352,unmatched,unresolved,unrelated_papers,unrelated_papers
2353,unmatched,unresolved,related_papers,related_papers
2354,unmatched,unresolved,same_paper,same_paper
2355,unmatched,unresolved,same_paper,same_paper
2356,unmatched,unresolved,same_paper,same_paper
2357,unmatched,unresolved,related_papers,related_papers
2358,unmatched,unresolved,same_paper,same_paper
2359,unmatched,unresolved,unrelated_papers,unrelated_papers
2360,unmatched,unresolved,related_papers,related_papers
2361,unmatched,unresolved,related_papers,related_papers
2362,unmatched,unresolved,related_papers,related_papers
2363,unmatched,unresolved,unrelated_papers,unrelated_papers
2364,unmatched,unresolved,same_paper,same_paper
2365,unmatched,unresolved,same_paper,same_paper
2366,unmatched,unresolved,unrelated_papers,unrelated_papers
2367,unmatched,unresolved,unrelated_papers,unrelated_papers
2368,unmatched,unresolved,related_papers,related_papers
2369,unmatched,unresolved,related_papers,related_papers
2370,unmatched,unresolved,related_papers,related_papers
2371,unmatched,unresolved,related_papers,related_papers
2372,unmatched,unresolved,related_papers,related_papers
2373,unmatched,unresolved,related_papers,related_papers
2374,unmatched,unresolved,related_papers,related_papers
2375,unmatched,unresolved,unrelated_papers,unrelated_papers
2376,unmatched,unresolved,related_papers,related_papers
2377,unmatched,unresolved,unrelated_papers,unrelated_papers
2378,unmatched,unresolved,same_figure,same_figure
2379,unmatched,unresolved,unrelated_papers,unrelated_papers
2380,unmatched,unresolved,same_paper,same_paper
2381,unmatched,unresolved,related_papers,related_papers
2382,unmatched,unresolved,related_papers,related_papers
2383,unmatched,unresolved,related_papers,related_papers
2384,unmatched,unresolved,related_papers,related_papers
2385,unmatched,unresolved,related_papers,related_papers
2386,unmatched,unresolved,related_papers,related_papers
2387,unmatched,unresolved,same_paper,same_paper
2388,unmatched,unresolved,same_figure,same_figure
2389,unmatched,unresolved,unrelated_papers,unrelated_papers
2390,unmatched,unresolved,unrelated_papers,unrelated_papers
2391,unmatched,unresolved,same_paper,same_paper
2392,unmatched,unresolved,unrelated_papers,unrelated_papers
2393,unmatched,unresolved,same_paper,same_paper
2394,unmatched,unresolved,related_papers,related_papers
2395,unmatched,unresolved,same_paper,same_paper
2396,unmatched,unresolved,same_paper,same_paper
2397,unmatched,unresolved,same_figure,same_figure
2398,unmatched,unresolved,same_figure,same_figure
2399,unmatched,unresolved,unrelated_papers,unrelated_papers
2400,unmatched,unresolved,same_figure,same_figure
2401,unmatched,unresolved,related_papers,related_papers
2402,unmatched,unresolved,same_figure,same_figure
2403,unmatched,unresolved,related_papers,related_papers
2404,unmatched,unresolved,same_figure,same_figure
2405,unmatched,unresolved,same_paper,same_paper
2406,unmatched,unresolved,same_paper,same_paper
2407,unmatched,unresolved,unrelated_papers,unrelated_papers
2408,unmatched,unresolved,unrelated_papers,unrelated_papers
2409,unmatched,unresolved,unrelated_papers,unrelated_papers
2410,unmatched,unresolved,same_paper,same_paper
2411,unmatched,unresolved,same_paper,same_paper
2412,unmatched,unresolved,unrelated_papers,unrelated_papers
2413,unmatched,unresolved,same_paper,same_paper
2414,unmatched,unresolved,unrelated_papers,unrelated_papers
2415,unmatched,unresolved,related_papers,related_papers
2416,unmatched,unresolved,same_paper,same_paper
2417,unmatched,unresolved,same_figure,same_figure
2418,unmatched,unresolved,same_figure,same_figure
2419,unmatched,unresolved,unrelated_papers,unrelated_papers
2420,unmatched,unresolved,same_paper,same_paper
2421,unmatched,unresolved,same_paper,same_paper
2422,unmatched,unresolved,same_paper,same_paper
2423,unmatched,unresolved,same_figure,same_figure
2424,unmatched,unresolved,same_figure,same_figure
2425,unmatched,unresolved,same_figure,same_figure
2426,unmatched,unresolved,unrelated_papers,unrelated_papers
2427,unmatched,unresolved,related_papers,related_papers
2428,unmatched,unresolved,unrelated_papers,unrelated_papers
2429,unmatched,unresolved,unrelated_papers,unrelated_papers
2430,unmatched,unresolved,unrelated_papers,unrelated_papers
2431,unmatched,unresolved,related_papers,related_papers
2432,unmatched,unresolved,same_paper,same_paper
2433,unmatched,unresolved,same_figure,same_figure
2434,unmatched,unresolved,related_papers,related_papers
2435,unmatched,unresolved,unrelated_papers,unrelated_papers
2436,unmatched,unresolved,unrelated_papers,unrelated_papers
2437,unmatched,unresolved,unrelated_papers,unrelated_papers
2438,unmatched,unresolved,unrelated_papers,unrelated_papers
2439,unmatched,unresolved,unrelated_papers,unrelated_papers
2440,unmatched,unresolved,same_figure,same_figure
2441,unmatched,unresolved,same_figure,same_figure
2442,unmatched,unresolved,unrelated_papers,unrelated_papers
2443,unmatched,unresolved,related_papers,related_papers
2444,unmatched,unresolved,same_paper,same_paper
2445,unmatched,unresolved,related_papers,related_papers
2446,unmatched,unresolved,same_figure,same_figure
2447,unmatched,unresolved,same_figure,same_figure
2448,unmatched,unresolved,same_figure,same_figure
2449,unmatched,unresolved,unrelated_papers,unrelated_papers
2450,unmatched,unresolved,unrelated_papers,unrelated_papers
2451,unmatched,unresolved,same_figure,same_figure
2452,unmatched,unresolved,unrelated_papers,unrelated_papers
2453,unmatched,unresolved,unrelated_papers,unrelated_papers
2454,unmatched,unresolved,same_paper,same_paper
2455,unmatched,unresolved,same_figure,same_figure
2456,unmatched,unresolved,same_paper,same_paper
2457,unmatched,unresolved,related_papers,related_papers
2458,unmatched,unresolved,same_figure,same_figure
2459,unmatched,unresolved,same_paper,same_paper
2460,unmatched,unresolved,same_paper,same_paper
2461,unmatched,unresolved,same_paper,same_paper
2462,unmatched,unresolved,same_figure,same_figure
2463,unmatched,unresolved,same_paper,same_paper
2464,unmatched,unresolved,same_paper,same_paper
2465,unmatched,unresolved,unrelated_papers,unrelated_papers
2466,unmatched,unresolved,same_figure,same_figure
2467,unmatched,unresolved,same_paper,same_paper
2468,unmatched,unresolved,unrelated_papers,unrelated_papers
2469,unmatched,unresolved,related_papers,related_papers
2470,unmatched,unresolved,same_figure,same_figure
2471,unmatched,unresolved,same_figure,same_figure
2472,unmatched,unresolved,same_figure,same_figure
2473,unmatched,unresolved,unrelated_papers,unrelated_papers
2474,unmatched,unresolved,unrelated_papers,unrelated_papers
2475,unmatched,unresolved,unrelated_papers,unrelated_papers
2476,unmatched,unresolved,same_paper,same_paper
2477,unmatched,unresolved,same_paper,same_paper
2478,unmatched,unresolved,same_figure,same_figure
2479,unmatched,unresolved,same_figure,same_figure
2480,unmatched,unresolved,same_paper,same_paper
2481,unmatched,unresolved,unrelated_papers,unrelated_papers
2482,unmatched,unresolved,related_papers,related_papers
2483,unmatched,unresolved,related_papers,related_papers
2484,unmatched,unresolved,same_figure,same_figure
2485,unmatched,unresolved,same_figure,same_figure
2486,unmatched,unresolved,related_papers,related_papers
2487,unmatched,unresolved,related_papers,related_papers
2488,unmatched,unresolved,same_paper,same_paper
2489,unmatched,unresolved,related_papers,related_papers
2490,unmatched,unresolved,unrelated_papers,unrelated_papers
2491,unmatched,unresolved,same_paper,same_paper
2492,unmatched,unresolved,same_figure,same_figure
2493,unmatched,unresolved,same_figure,same_figure
2494,unmatched,unresolved,related_papers,related_papers
2495,unmatched,unresolved,unrelated_papers,unrelated_papers
2496,unmatched,unresolved,related_papers,related_papers
2497,unmatched,unresolved,unrelated_papers,unrelated_papers
2498,unmatched,unresolved,same_paper,same_paper
2499,unmatched,unresolved,unrelated_papers,unrelated_papers
2500,unmatched,unresolved,same_paper,same_paper
2501,unmatched,unresolved,unrelated_papers,unrelated_papers
2502,unmatched,unresolved,same_paper,same_paper
2503,unmatched,unresolved,same_paper,same_paper
2504,unmatched,unresolved,unrelated_papers,unrelated_papers
2505,unmatched,unresolved,related_papers,related_papers
2506,unmatched,unresolved,related_papers,related_papers
2507,unmatched,unresolved,related_papers,related_papers
2508,unmatched,unresolved,same_paper,same_paper
2509,unmatched,unresolved,unrelated_papers,unrelated_papers
2510,unmatched,unresolved,unrelated_papers,unrelated_papers
2511,unmatched,unresolved,unrelated_papers,unrelated_papers
2512,unmatched,unresolved,unrelated_papers,unrelated_papers
2513,unmatched,unresolved,unrelated_papers,unrelated_papers
2514,unmatched,unresolved,unrelated_papers,unrelated_papers
2515,unmatched,unresolved,related_papers,related_papers
2516,unmatched,unresolved,same_paper,same_paper
2517,unmatched,unresolved,unrelated_papers,unrelated_papers
2518,unmatched,unresolved,same_paper,same_paper
2519,unmatched,unresolved,unrelated_papers,unrelated_papers
2520,unmatched,unresolved,unrelated_papers,unrelated_papers
2521,unmatched,unresolved,unrelated_papers,unrelated_papers
2522,unmatched,unresolved,unrelated_papers,unrelated_papers
2523,unmatched,unresolved,same_paper,same_paper
2524,unmatched,unresolved,unrelated_papers,unrelated_papers
2525,unmatched,unresolved,unrelated_papers,unrelated_papers
2526,unmatched,unresolved,related_papers,related_papers
2527,unmatched,unresolved,same_figure,same_figure
2528,unmatched,unresolved,unrelated_papers,unrelated_papers
2529,unmatched,unresolved,same_figure,same_figure
2530,unmatched,unresolved,unrelated_papers,unrelated_papers
2531,unmatched,unresolved,unrelated_papers,unrelated_papers
2532,unmatched,unresolved,same_figure,same_figure
2533,unmatched,unresolved,same_figure,same_figure
2534,unmatched,unresolved,same_figure,same_figure
2535,unmatched,unresolved,unrelated_papers,unrelated_papers
2536,unmatched,unresolved,related_papers,related_papers
2537,unmatched,unresolved,same_figure,same_figure
2538,unmatched,unresolved,same_paper,same_paper
2539,unmatched,unresolved,related_papers,related_papers
2540,unmatched,unresolved,unrelated_papers,unrelated_papers
2541,unmatched,unresolved,same_figure,same_figure
2542,unmatched,unresolved,related_papers,related_papers
2543,unmatched,unresolved,related_papers,related_papers
2544,unmatched,unresolved,unrelated_papers,unrelated_papers
2545,unmatched,unresolved,unrelated_papers,unrelated_papers
2546,unmatched,unresolved,same_figure,same_figure
2547,unmatched,unresolved,same_figure,same_figure
2548,unmatched,unresolved,same_figure,same_figure
2549,unmatched,unresolved,same_paper,same_paper
2550,unmatched,unresolved,unrelated_papers,unrelated_papers
2551,unmatched,unresolved,related_papers,related_papers
2552,unmatched,unresolved,same_figure,same_figure
2553,unmatched,unresolved,same_paper,same_paper
2554,unmatched,unresolved,same_paper,same_paper
2555,unmatched,unresolved,same_figure,same_figure
2556,unmatched,unresolved,same_figure,same_figure
2557,unmatched,unresolved,same_figure,same_figure
2558,unmatched,unresolved,same_figure,same_figure
2559,unmatched,unresolved,same_paper,same_paper
2560,unmatched,unresolved,unrelated_papers,unrelated_papers
2561,unmatched,unresolved,same_paper,same_paper
2562,unmatched,unresolved,same_paper,same_paper
2563,unmatched,unresolved,unrelated_papers,unrelated_papers
2564,unmatched,unresolved,unrelated_papers,unrelated_papers
2565,unmatched,unresolved,same_paper,same_paper
2566,unmatched,unresolved,unrelated_papers,unrelated_papers
2567,unmatched,unresolved,unrelated_papers,unrelated_papers
2568,unmatched,unresolved,same_paper,same_paper
2569,unmatched,unresolved,unrelated_papers,unrelated_papers
2570,unmatched,unresolved,related_papers,related_papers
2571,unmatched,unresolved,related_papers,related_papers
2572,unmatched,unresolved,same_paper,same_paper
2573,unmatched,unresolved,same_paper,same_paper
2574,unmatched,unresolved,same_figure,same_figure
2575,unmatched,unresolved,same_figure,same_figure
2576,unmatched,unresolved,same_figure,same_figure
2577,unmatched,unresolved,same_figure,same_figure
2578,unmatched,unresolved,related_papers,related_papers
2579,unmatched,unresolved,related_papers,related_papers
2580,unmatched,unresolved,same_paper,same_paper
2581,unmatched,unresolved,unrelated_papers,unrelated_papers
2582,unmatched,unresolved,same_figure,same_figure
2583,unmatched,unresolved,same_figure,same_figure
2584,unmatched,unresolved,same_figure,same_figure
2585,unmatched,unresolved,unrelated_papers,unrelated_papers
2586,unmatched,unresolved,related_papers,related_papers
2587,unmatched,unresolved,related_papers,related_papers
2588,unmatched,unresolved,same_paper,same_paper
2589,unmatched,unresolved,related_papers,related_papers
2590,unmatched,unresolved,unrelated_papers,unrelated_papers
2591,unmatched,unresolved,unrelated_papers,unrelated_papers
2592,unmatched,unresolved,same_paper,same_paper
2593,unmatched,unresolved,unrelated_papers,unrelated_papers
2594,unmatched,unresolved,related_papers,related_papers
2595,unmatched,unresolved,same_figure,same_figure
2596,unmatched,unresolved,unrelated_papers,unrelated_papers
2597,unmatched,unresolved,related_papers,related_papers
2598,unmatched,unresolved,same_figure,same_figure
2599,unmatched,unresolved,same_figure,same_figure
2600,unmatched,unresolved,same_paper,same_paper
2601,unmatched,unresolved,same_figure,same_figure
2602,unmatched,unresolved,unrelated_papers,unrelated_papers
2603,unmatched,unresolved,same_paper,same_paper
2604,unmatched,unresolved,same_paper,same_paper
2605,unmatched,unresolved,related_papers,related_papers
2606,unmatched,unresolved,same_paper,same_paper
2607,unmatched,unresolved,related_papers,related_papers
2608,unmatched,unresolved,same_paper,same_paper
2609,unmatched,unresolved,same_figure,same_figure
2610,unmatched,unresolved,same_figure,same_figure
2611,unmatched,unresolved,unrelated_papers,unrelated_papers
2612,unmatched,unresolved,same_paper,same_paper
2613,unmatched,unresolved,related_papers,related_papers
2614,unmatched,unresolved,unrelated_papers,unrelated_papers
2615,unmatched,unresolved,same_figure,same_figure
2616,unmatched,unresolved,same_figure,same_figure
2617,unmatched,unresolved,same_figure,same_figure
2618,unmatched,unresolved,same_figure,same_figure
2619,unmatched,unresolved,related_papers,related_papers
2620,unmatched,unresolved,same_paper,same_paper
2621,unmatched,unresolved,unrelated_papers,unrelated_papers
2622,unmatched,unresolved,same_figure,same_figure
2623,unmatched,unresolved,unrelated_papers,unrelated_papers
2624,unmatched,unresolved,unrelated_papers,unrelated_papers
2625,unmatched,unresolved,same_paper,same_paper
2626,unmatched,unresolved,related_papers,related_papers
2627,unmatched,unresolved,related_papers,related_papers
2628,unmatched,unresolved,related_papers,related_papers
2629,unmatched,unresolved,unrelated_papers,unrelated_papers
2630,unmatched,unresolved,related_papers,related_papers
2631,unmatched,unresolved,unrelated_papers,unrelated_papers
2632,unmatched,unresolved,unrelated_papers,unrelated_papers
2633,unmatched,unresolved,related_papers,related_papers
2634,unmatched,unresolved,same_paper,same_paper
2635,unmatched,unresolved,same_figure,same_figure
2636,unmatched,unresolved,same_figure,same_figure
2637,unmatched,unresolved,same_paper,same_paper
2638,unmatched,unresolved,same_figure,same_figure
2639,unmatched,unresolved,related_papers,related_papers
2640,unmatched,unresolved,unrelated_papers,unrelated_papers
2641,unmatched,unresolved,same_paper,same_paper
2642,unmatched,unresolved,related_papers,related_papers
2643,unmatched,unresolved,unrelated_papers,unrelated_papers
2644,unmatched,unresolved,same_figure,same_figure
2645,unmatched,unresolved,same_paper,same_paper
2646,unmatched,unresolved,unrelated_papers,unrelated_papers
2647,unmatched,unresolved,unrelated_papers,unrelated_papers
2648,unmatched,unresolved,same_figure,same_figure
2649,unmatched,unresolved,related_papers,related_papers
2650,unmatched,unresolved,related_papers,related_papers
2651,unmatched,unresolved,unrelated_papers,unrelated_papers
2652,unmatched,unresolved,same_paper,same_paper
2653,unmatched,unresolved,unrelated_papers,unrelated_papers
2654,unmatched,unresolved,same_paper,same_paper
2655,unmatched,unresolved,unrelated_papers,unrelated_papers
2656,unmatched,unresolved,same_paper,same_paper
2657,unmatched,unresolved,same_paper,same_paper
2658,unmatched,unresolved,same_figure,same_figure
2659,unmatched,unresolved,same_figure,same_figure
2660,unmatched,unresolved,same_figure,same_figure
2661,unmatched,unresolved,unrelated_papers,unrelated_papers
2662,unmatched,unresolved,same_figure,same_figure
2663,unmatched,unresolved,same_figure,same_figure
2664,unmatched,unresolved,same_paper,same_paper
2665,unmatched,unresolved,unrelated_papers,unrelated_papers
2666,unmatched,unresolved,unrelated_papers,unrelated_papers
2667,unmatched,unresolved,unrelated_papers,unrelated_papers
2668,unmatched,unresolved,same_figure,same_figure
2669,unmatched,unresolved,same_paper,same_paper
2670,unmatched,unresolved,unrelated_papers,unrelated_papers
2671,unmatched,unresolved,related_papers,related_papers
2672,unmatched,unresolved,related_papers,related_papers
2673,unmatched,unresolved,unrelated_papers,unrelated_papers
2674,unmatched,unresolved,related_papers,related_papers
2675,unmatched,unresolved,unrelated_papers,unrelated_papers
2676,unmatched,unresolved,unrelated_papers,unrelated_papers
2677,unmatched,unresolved,related_papers,related_papers
2678,unmatched,unresolved,unrelated_papers,unrelated_papers
2679,unmatched,unresolved,related_papers,related_papers
2680,unmatched,unresolved,unrelated_papers,unrelated_papers
2681,unmatched,unresolved,same_paper,same_paper
2682,unmatched,unresolved,unrelated_papers,unrelated_papers
2683,unmatched,unresolved,related_papers,related_papers
2684,unmatched,unresolved,related_papers,related_papers
2685,unmatched,unresolved,same_figure,same_figure
2686,unmatched,unresolved,unrelated_papers,unrelated_papers
2687,unmatched,unresolved,related_papers,related_papers
2688,unmatched,unresolved,unrelated_papers,unrelated_papers
2689,unmatched,unresolved,same_figure,same_figure
2690,unmatched,unresolved,same_figure,same_figure
2691,unmatched,unresolved,same_figure,same_figure
2692,unmatched,unresolved,unrelated_papers,unrelated_papers
2693,unmatched,unresolved,same_figure,same_figure
2694,unmatched,unresolved,unrelated_papers,unrelated_papers
2695,unmatched,unresolved,unrelated_papers,unrelated_papers
2696,unmatched,unresolved,same_figure,same_figure
2697,unmatched,unresolved,related_papers,related_papers
2698,unmatched,unresolved,unrelated_papers,unrelated_papers
2699,unmatched,unresolved,unrelated_papers,unrelated_papers
2700,unmatched,unresolved,unrelated_papers,unrelated_papers
2701,unmatched,unresolved,related_papers,related_papers
2702,unmatched,unresolved,unrelated_papers,unrelated_papers
2703,unmatched,unresolved,same_paper,same_paper
2704,unmatched,unresolved,related_papers,related_papers
2705,unmatched,unresolved,same_figure,same_figure
2706,unmatched,unresolved,related_papers,related_papers
2707,unmatched,unresolved,unrelated_papers,unrelated_papers
2708,unmatched,unresolved,same_paper,same_paper
2709,unmatched,unresolved,unrelated_papers,unrelated_papers
2710,unmatched,unresolved,same_paper,same_paper
2711,unmatched,unresolved,same_paper,same_paper
2712,unmatched,unresolved,same_figure,same_figure
2713,unmatched,unresolved,unrelated_papers,unrelated_papers
2714,unmatched,unresolved,unrelated_papers,unrelated_papers
2715,unmatched,unresolved,unrelated_papers,unrelated_papers
2716,unmatched,unresolved,same_paper,same_paper
2717,unmatched,unresolved,same_paper,same_paper
2718,unmatched,unresolved,unrelated_papers,unrelated_papers
2719,unmatched,unresolved,same_figure,same_figure
2720,unmatched,unresolved,same_paper,same_paper
2721,unmatched,unresolved,unrelated_papers,unrelated_papers
2722,unmatched,unresolved,unrelated_papers,unrelated_papers
2723,unmatched,unresolved,unrelated_papers,unrelated_papers
2724,unmatched,unresolved,unrelated_papers,unrelated_papers
2725,unmatched,unresolved,related_papers,related_papers
2726,unmatched,unresolved,related_papers,related_papers
2727,unmatched,unresolved,unrelated_papers,unrelated_papers
2728,unmatched,unresolved,unrelated_papers,unrelated_papers
2729,unmatched,unresolved,unrelated_papers,unrelated_papers
2730,unmatched,unresolved,unrelated_papers,unrelated_papers
2731,unmatched,unresolved,same_figure,same_figure
2732,unmatched,unresolved,same_figure,same_figure
2733,unmatched,unresolved,unrelated_papers,unrelated_papers
2734,unmatched,unresolved,same_figure,same_figure
2735,unmatched,unresolved,same_figure,same_figure
2736,unmatched,unresolved,same_paper,same_paper
2737,unmatched,unresolved,same_paper,same_paper
2738,unmatched,unresolved,unrelated_papers,unrelated_papers
2739,unmatched,unresolved,same_paper,same_paper
2740,unmatched,unresolved,same_figure,same_figure
2741,unmatched,unresolved,unrelated_papers,unrelated_papers
2742,unmatched,unresolved,same_figure,same_figure
2743,unmatched,unresolved,same_figure,same_figure
2744,unmatched,unresolved,unrelated_papers,unrelated_papers
2745,unmatched,unresolved,unrelated_papers,unrelated_papers
2746,unmatched,unresolved,same_paper,same_paper
2747,unmatched,unresolved,same_paper,same_paper
2748,unmatched,unresolved,related_papers,related_papers
2749,unmatched,unresolved,same_paper,same_paper
2750,unmatched,unresolved,related_papers,related_papers
2751,unmatched,unresolved,unrelated_papers,unrelated_papers
2752,unmatched,unresolved,related_papers,related_papers
2753,unmatched,unresolved,unrelated_papers,unrelated_papers
2754,unmatched,unresolved,unrelated_papers,unrelated_papers
2755,unmatched,unresolved,related_papers,related_papers
2756,unmatched,unresolved,same_paper,same_paper
2757,unmatched,unresolved,unrelated_papers,unrelated_papers
2758,unmatched,unresolved,same_paper,same_paper
2759,unmatched,unresolved,related_papers,related_papers
2760,unmatched,unresolved,unrelated_papers,unrelated_papers
2761,unmatched,unresolved,unrelated_papers,unrelated_papers
2762,unmatched,unresolved,same_paper,same_paper
2763,unmatched,unresolved,related_papers,related_papers
2764,unmatched,unresolved,related_papers,related_papers
2765,unmatched,unresolved,related_papers,related_papers
2766,unmatched,unresolved,same_paper,same_paper
2767,unmatched,unresolved,same_figure,same_figure
2768,unmatched,unresolved,same_figure,same_figure
2769,unmatched,unresolved,same_figure,same_figure
2770,unmatched,unresolved,related_papers,related_papers
2771,unmatched,unresolved,unrelated_papers,unrelated_papers
2772,unmatched,unresolved,same_paper,same_paper
2773,unmatched,unresolved,same_paper,same_paper
2774,unmatched,unresolved,same_paper,same_paper
2775,unmatched,unresolved,same_figure,same_figure
2776,unmatched,unresolved,same_paper,same_paper
2777,unmatched,unresolved,related_papers,related_papers
2778,unmatched,unresolved,same_figure,same_figure
2779,unmatched,unresolved,same_paper,same_paper
2780,unmatched,unresolved,same_paper,same_paper
2781,unmatched,unresolved,same_figure,same_figure
2782,unmatched,unresolved,related_papers,related_papers
2783,unmatched,unresolved,unrelated_papers,unrelated_papers
2784,unmatched,unresolved,same_figure,same_figure
2785,unmatched,unresolved,unrelated_papers,unrelated_papers
2786,unmatched,unresolved,unrelated_papers,unrelated_papers
2787,unmatched,unresolved,same_figure,same_figure
2788,unmatched,unresolved,same_figure,same_figure
2789,unmatched,unresolved,same_figure,same_figure
2790,unmatched,unresolved,related_papers,related_papers
2791,unmatched,unresolved,unrelated_papers,unrelated_papers
2792,unmatched,unresolved,same_figure,same_figure
2793,unmatched,unresolved,related_papers,related_papers
2794,unmatched,unresolved,same_paper,same_paper
2795,unmatched,unresolved,same_figure,same_figure
2796,unmatched,unresolved,unrelated_papers,unrelated_papers
2797,unmatched,unresolved,same_figure,same_figure
2798,unmatched,unresolved,same_paper,same_paper
2799,unmatched,unresolved,same_paper,same_paper
2800,unmatched,unresolved,unrelated_papers,unrelated_papers
2801,unmatched,unresolved,same_paper,same_paper
2802,unmatched,unresolved,unrelated_papers,unrelated_papers
2803,unmatched,unresolved,same_paper,same_paper
2804,unmatched,unresolved,related_papers,related_papers
2805,unmatched,unresolved,same_figure,same_figure
2806,unmatched,unresolved,unrelated_papers,unrelated_papers
2807,unmatched,unresolved,related_papers,related_papers
2808,unmatched,unresolved,same_paper,same_paper
2809,unmatched,unresolved,related_papers,related_papers
2810,unmatched,unresolved,unrelated_papers,unrelated_papers
2811,unmatched,unresolved,unrelated_papers,unrelated_papers
2812,unmatched,unresolved,same_paper,same_paper
2813,unmatched,unresolved,same_paper,same_paper
2814,unmatched,unresolved,unrelated_papers,unrelated_papers
2815,unmatched,unresolved,unrelated_papers,unrelated_papers
2816,unmatched,unresolved,related_papers,related_papers
2817,unmatched,unresolved,same_figure,same_figure
2818,unmatched,unresolved,related_papers,related_papers
2819,unmatched,unresolved,related_papers,related_papers
2820,unmatched,unresolved,same_figure,same_figure
2821,unmatched,unresolved,same_paper,same_paper
2822,unmatched,unresolved,same_figure,same_figure
2823,unmatched,unresolved,related_papers,related_papers
2824,unmatched,unresolved,unrelated_papers,unrelated_papers
2825,unmatched,unresolved,unrelated_papers,unrelated_papers
2826,unmatched,unresolved,unrelated_papers,unrelated_papers
2827,unmatched,unresolved,same_paper,same_paper
2828,unmatched,unresolved,related_papers,related_papers
2829,unmatched,unresolved,unrelated_papers,unrelated_papers
2830,unmatched,unresolved,same_figure,same_figure
2831,unmatched,unresolved,related_papers,related_papers
2832,unmatched,unresolved,related_papers,related_papers
2833,unmatched,unresolved,same_paper,same_paper
2834,unmatched,unresolved,unrelated_papers,unrelated_papers
2835,unmatched,unresolved,unrelated_papers,unrelated_papers
2836,unmatched,unresolved,related_papers,related_papers
2837,unmatched,unresolved,same_figure,same_figure
2838,unmatched,unresolved,unrelated_papers,unrelated_papers
2839,unmatched,unresolved,unrelated_papers,unrelated_papers
2840,unmatched,unresolved,related_papers,related_papers
2841,unmatched,unresolved,same_paper,same_paper
2842,unmatched,unresolved,unrelated_papers,unrelated_papers
2843,unmatched,unresolved,unrelated_papers,unrelated_papers
2844,unmatched,unresolved,same_paper,same_paper
2845,unmatched,unresolved,unrelated_papers,unrelated_papers
2846,unmatched,unresolved,same_figure,same_figure
2847,unmatched,unresolved,related_papers,related_papers
2848,unmatched,unresolved,related_papers,related_papers
2849,unmatched,unresolved,unrelated_papers,unrelated_papers
2850,unmatched,unresolved,related_papers,related_papers
2851,unmatched,unresolved,unrelated_papers,unrelated_papers
2852,unmatched,unresolved,same_figure,same_figure
2853,unmatched,unresolved,unrelated_papers,unrelated_papers
2854,unmatched,unresolved,unrelated_papers,unrelated_papers
2855,unmatched,unresolved,related_papers,related_papers
2856,unmatched,unresolved,related_papers,related_papers
2857,unmatched,unresolved,unrelated_papers,unrelated_papers
2858,unmatched,unresolved,related_papers,related_papers
2859,unmatched,unresolved,unrelated_papers,unrelated_papers
2860,unmatched,unresolved,same_figure,same_figure
2861,unmatched,unresolved,same_paper,same_paper
2862,unmatched,unresolved,unrelated_papers,unrelated_papers
2863,unmatched,unresolved,related_papers,related_papers
2864,unmatched,unresolved,related_papers,related_papers
2865,unmatched,unresolved,related_papers,related_papers
2866,unmatched,unresolved,same_figure,same_figure
2867,unmatched,unresolved,same_figure,same_figure
2868,unmatched,unresolved,unrelated_papers,unrelated_papers
2869,unmatched,unresolved,same_paper,same_paper
2870,unmatched,unresolved,unrelated_papers,unrelated_papers
2871,unmatched,unresolved,unrelated_papers,unrelated_papers
2872,unmatched,unresolved,same_figure,same_figure
2873,unmatched,unresolved,same_paper,same_paper
2874,unmatched,unresolved,related_papers,related_papers
2875,unmatched,unresolved,same_paper,same_paper
2876,unmatched,unresolved,same_figure,same_figure
2877,unmatched,unresolved,related_papers,related_papers
2878,unmatched,unresolved,related_papers,related_papers
2879,unmatched,unresolved,related_papers,related_papers
2880,unmatched,unresolved,same_paper,same_paper
2881,unmatched,unresolved,unrelated_papers,unrelated_papers
2882,unmatched,unresolved,same_paper,same_paper
2883,unmatched,unresolved,same_paper,same_paper
2884,unmatched,unresolved,unrelated_papers,unrelated_papers
2885,unmatched,unresolved,related_papers,related_papers
2886,unmatched,unresolved,same_figure,same_figure
2887,unmatched,unresolved,same_figure,same_figure
2888,unmatched,unresolved,same_figure,same_figure
2889,unmatched,unresolved,same_figure,same_figure
2890,unmatched,unresolved,same_figure,same_figure
2891,unmatched,unresolved,same_figure,same_figure
2892,unmatched,unresolved,same_paper,same_paper
2893,unmatched,unresolved,same_paper,same_paper
2894,unmatched,unresolved,same_figure,same_figure
2895,unmatched,unresolved,same_paper,same_paper
2896,unmatched,unresolved,same_paper,same_paper
2897,unmatched,unresolved,unrelated_papers,unrelated_papers
2898,unmatched,unresolved,unrelated_papers,unrelated_papers
2899,unmatched,unresolved,same_paper,same_paper
2900,unmatched,unresolved,same_figure,same_figure
2901,unmatched,unresolved,same_paper,same_paper
2902,unmatched,unresolved,same_paper,same_paper
2903,unmatched,unresolved,same_paper,same_paper
2904,unmatched,unresolved,related_papers,related_papers
2905,unmatched,unresolved,same_figure,same_figure
2906,unmatched,unresolved,related_papers,related_papers
2907,unmatched,unresolved,unrelated_papers,unrelated_papers
2908,unmatched,unresolved,same_paper,same_paper
2909,unmatched,unresolved,unrelated_papers,unrelated_papers
2910,unmatched,unresolved,related_papers,related_papers
2911,unmatched,unresolved,same_figure,same_figure
2912,unmatched,unresolved,unrelated_papers,unrelated_papers
2913,unmatched,unresolved,unrelated_papers,unrelated_papers
2914,unmatched,unresolved,unrelated_papers,unrelated_papers
2915,unmatched,unresolved,unrelated_papers,unrelated_papers
2916,unmatched,unresolved,related_papers,related_papers
2917,unmatched,unresolved,unrelated_papers,unrelated_papers
2918,unmatched,unresolved,same_paper,same_paper
2919,unmatched,unresolved,related_papers,related_papers
2920,unmatched,unresolved,same_figure,same_figure
2921,unmatched,unresolved,unrelated_papers,unrelated_papers
2922,unmatched,unresolved,unrelated_papers,unrelated_papers
2923,unmatched,unresolved,related_papers,related_papers
2924,unmatched,unresolved,unrelated_papers,unrelated_papers
2925,unmatched,unresolved,unrelated_papers,unrelated_papers
2926,unmatched,unresolved,unrelated_papers,unrelated_papers
2927,unmatched,unresolved,unrelated_papers,unrelated_papers
2928,unmatched,unresolved,same_paper,same_paper
2929,unmatched,unresolved,same_figure,same_figure
2930,unmatched,unresolved,related_papers,related_papers
2931,unmatched,unresolved,related_papers,related_papers
2932,unmatched,unresolved,same_figure,same_figure
2933,unmatched,unresolved,related_papers,related_papers
2934,unmatched,unresolved,same_figure,same_figure
2935,unmatched,unresolved,same_paper,same_paper
2936,unmatched,unresolved,related_papers,related_papers
2937,unmatched,unresolved,same_paper,same_paper
2938,unmatched,unresolved,unrelated_papers,unrelated_papers
2939,unmatched,unresolved,same_paper,same_paper
2940,unmatched,unresolved,unrelated_papers,unrelated_papers
2941,unmatched,unresolved,same_paper,same_paper
2942,unmatched,unresolved,unrelated_papers,unrelated_papers
2943,unmatched,unresolved,same_paper,same_paper
2944,unmatched,unresolved,same_figure,same_figure
2945,unmatched,unresolved,same_paper,same_paper
2946,unmatched,unresolved,related_papers,related_papers
2947,unmatched,unresolved,related_papers,related_papers
2948,unmatched,unresolved,same_paper,same_paper
2949,unmatched,unresolved,same_paper,same_paper
2950,unmatched,unresolved,related_papers,related_papers
2951,unmatched,unresolved,same_figure,same_figure
2952,unmatched,unresolved,unrelated_papers,unrelated_papers
2953,unmatched,unresolved,same_paper,same_paper
2954,unmatched,unresolved,same_figure,same_figure
2955,unmatched,unresolved,unrelated_papers,unrelated_papers
2956,unmatched,unresolved,same_figure,same_figure
2957,unmatched,unresolved,same_figure,same_figure
2958,unmatched,unresolved,related_papers,related_papers
2959,unmatched,unresolved,same_figure,same_figure
2960,unmatched,unresolved,same_figure,same_figure
2961,unmatched,unresolved,related_papers,related_papers
2962,unmatched,unresolved,same_paper,same_paper
2963,unmatched,unresolved,same_paper,same_paper
2964,unmatched,unresolved,same_figure,same_figure
2965,unmatched,unresolved,same_figure,same_figure
2966,unmatched,unresolved,related_papers,related_papers
2967,unmatched,unresolved,unrelated_papers,unrelated_papers
2968,unmatched,unresolved,same_figure,same_figure
2969,unmatched,unresolved,unrelated_papers,unrelated_papers
2970,unmatched,unresolved,same_figure,same_figure
2971,unmatched,unresolved,same_paper,same_paper
2972,unmatched,unresolved,same_figure,same_figure
2973,unmatched,unresolved,unrelated_papers,unrelated_papers
2974,unmatched,unresolved,unrelated_papers,unrelated_papers
2975,unmatched,unresolved,unrelated_papers,unrelated_papers
2976,unmatched,unresolved,same_figure,same_figure
2977,unmatched,unresolved,same_figure,same_figure
2978,unmatched,unresolved,related_papers,related_papers
2979,unmatched,unresolved,unrelated_papers,unrelated_papers
2980,unmatched,unresolved,related_papers,related_papers
2981,unmatched,unresolved,same_paper,same_paper
2982,unmatched,unresolved,same_paper,same_paper
2983,unmatched,unresolved,unrelated_papers,unrelated_papers
2984,unmatched,unresolved,related_papers,related_papers
2985,unmatched,unresolved,unrelated_papers,unrelated_papers
2986,unmatched,unresolved,related_papers,related_papers
2987,unmatched,unresolved,related_papers,related_papers
2988,unmatched,unresolved,same_paper,same_paper
2989,unmatched,unresolved,related_papers,related_papers
2990,unmatched,unresolved,same_figure,same_figure
2991,unmatched,unresolved,same_figure,same_figure
2992,unmatched,unresolved,same_paper,same_paper
2993,unmatched,unresolved,same_paper,same_paper
2994,unmatched,unresolved,same_figure,same_figure
2995,unmatched,unresolved,related_papers,related_papers
2996,unmatched,unresolved,related_papers,related_papers
2997,unmatched,unresolved,related_papers,related_papers
2998,unmatched,unresolved,same_figure,same_figure
2999,unmatched,unresolved,related_papers,related_papers
3000,unmatched,unresolved,same_paper,same_paper
3001,unmatched,unresolved,related_papers,related_papers
3002,unmatched,unresolved,related_papers,related_papers
3003,unmatched,unresolved,same_paper,same_paper
3004,unmatched,unresolved,related_papers,related_papers
3005,unmatched,unresolved,related_papers,related_papers
3006,unmatched,unresolved,same_paper,same_paper
3007,unmatched,unresolved,same_paper,same_paper
3008,unmatched,unresolved,same_paper,same_paper
3009,unmatched,unresolved,same_paper,same_paper
3010,unmatched,unresolved,same_paper,same_paper
3011,unmatched,unresolved,same_paper,same_paper
3012,unmatched,unresolved,same_paper,same_paper
3013,unmatched,unresolved,same_paper,same_paper
3014,unmatched,unresolved,same_paper,same_paper
3015,unmatched,unresolved,same_paper,same_paper
3016,unmatched,unresolved,same_paper,same_paper
3017,unmatched,unresolved,same_paper,same_paper
3018,unmatched,unresolved,same_paper,same_paper
3019,unmatched,unresolved,same_paper,same_paper
3020,unmatched,unresolved,related_papers,related_papers
3021,unmatched,unresolved,same_paper,same_paper
3022,unmatched,unresolved,same_paper,same_paper
3023,unmatched,unresolved,related_papers,related_papers
3024,unmatched,unresolved,unrelated_papers,unrelated_papers
3025,unmatched,unresolved,unrelated_papers,unrelated_papers
3026,unmatched,unresolved,related_papers,related_papers
3027,unmatched,unresolved,same_paper,same_paper
3028,unmatched,unresolved,same_paper,same_paper
3029,unmatched,unresolved,same_paper,same_paper
3030,unmatched,unresolved,same_paper,same_paper
3031,unmatched,unresolved,related_papers,related_papers
3032,unmatched,unresolved,related_papers,related_papers
3033,unmatched,unresolved,same_paper,same_paper
3034,unmatched,unresolved,same_paper,same_paper
3035,unmatched,unresolved,same_paper,same_paper
3036,unmatched,unresolved,related_papers,related_papers
3037,unmatched,unresolved,unrelated_papers,unrelated_papers
3038,unmatched,unresolved,same_paper,same_paper
3039,unmatched,unresolved,unrelated_papers,unrelated_papers
3040,unmatched,unresolved,related_papers,related_papers
3041,unmatched,unresolved,same_paper,same_paper
3042,unmatched,unresolved,same_paper,same_paper
3043,unmatched,unresolved,same_paper,same_paper
3044,unmatched,unresolved,same_paper,same_paper
3045,unmatched,unresolved,same_paper,same_paper
3046,unmatched,unresolved,same_paper,same_paper
3047,unmatched,unresolved,unrelated_papers,unrelated_papers
3048,unmatched,unresolved,same_paper,same_paper
3049,unmatched,unresolved,same_paper,same_paper
3050,unmatched,unresolved,related_papers,related_papers
3051,unmatched,unresolved,related_papers,related_papers
3052,unmatched,unresolved,related_papers,related_papers
3053,unmatched,unresolved,same_paper,same_paper
3054,unmatched,unresolved,related_papers,related_papers
3055,unmatched,unresolved,same_paper,same_paper
3056,unmatched,unresolved,same_paper,same_paper
3057,unmatched,unresolved,same_paper,same_paper
3058,unmatched,unresolved,same_paper,same_paper
3059,unmatched,unresolved,related_papers,related_papers
3060,unmatched,unresolved,related_papers,related_papers
3061,unmatched,unresolved,related_papers,related_papers
3062,unmatched,unresolved,same_paper,same_paper
3063,unmatched,unresolved,same_paper,same_paper
3064,unmatched,unresolved,unrelated_papers,unrelated_papers
3065,unmatched,unresolved,same_paper,same_paper
3066,unmatched,unresolved,same_paper,same_paper
3067,unmatched,unresolved,same_paper,same_paper
3068,unmatched,unresolved,same_paper,same_paper
3069,unmatched,unresolved,unrelated_papers,unrelated_papers
3070,unmatched,unresolved,same_paper,same_paper
3071,unmatched,unresolved,same_paper,same_paper
3072,unmatched,unresolved,unrelated_papers,unrelated_papers
3073,unmatched,unresolved,same_paper,same_paper
3074,unmatched,unresolved,same_paper,same_paper
3075,unmatched,unresolved,same_paper,same_paper
3076,unmatched,unresolved,related_papers,related_papers
3077,unmatched,unresolved,same_paper,same_paper
3078,unmatched,unresolved,same_paper,same_paper
3079,unmatched,unresolved,related_papers,related_papers
3080,unmatched,unresolved,related_papers,related_papers
3081,unmatched,unresolved,same_paper,same_paper
3082,unmatched,unresolved,same_paper,same_paper
3083,unmatched,unresolved,related_papers,related_papers
3084,unmatched,unresolved,same_paper,same_paper
3085,unmatched,unresolved,related_papers,related_papers
3086,unmatched,unresolved,related_papers,related_papers
3087,unmatched,unresolved,same_paper,same_paper
3088,unmatched,unresolved,same_paper,same_paper
3089,unmatched,unresolved,same_paper,same_paper
3090,unmatched,unresolved,same_paper,same_paper
3091,unmatched,unresolved,same_paper,same_paper
3092,unmatched,unresolved,same_paper,same_paper
3093,unmatched,unresolved,unrelated_papers,unrelated_papers
3094,unmatched,unresolved,related_papers,related_papers
3095,unmatched,unresolved,same_paper,same_paper
3096,unmatched,unresolved,related_papers,related_papers
3097,unmatched,unresolved,same_paper,same_paper
3098,unmatched,unresolved,same_paper,same_paper
3099,unmatched,unresolved,same_paper,same_paper
3100,unmatched,unresolved,same_paper,same_paper
3101,unmatched,unresolved,same_paper,same_paper
3102,unmatched,unresolved,unrelated_papers,unrelated_papers
3103,unmatched,unresolved,same_paper,same_paper
3104,unmatched,unresolved,same_paper,same_paper
3105,unmatched,unresolved,same_paper,same_paper
3106,unmatched,unresolved,same_paper,same_paper
3107,unmatched,unresolved,same_paper,same_paper
3108,unmatched,unresolved,same_paper,same_paper
3109,unmatched,unresolved,same_paper,same_paper
3110,unmatched,unresolved,related_papers,related_papers
3111,unmatched,unresolved,same_paper,same_paper
3112,unmatched,unresolved,same_paper,same_paper
3113,unmatched,unresolved,same_paper,same_paper
3114,unmatched,unresolved,same_paper,same_paper
3115,unmatched,unresolved,same_paper,same_paper
3116,unmatched,unresolved,same_paper,same_paper
3117,unmatched,unresolved,same_paper,same_paper
3118,unmatched,unresolved,same_paper,same_paper
3119,unmatched,unresolved,same_paper,same_paper
3120,unmatched,unresolved,same_paper,same_paper
3121,unmatched,unresolved,same_paper,same_paper
3122,unmatched,unresolved,same_paper,same_paper
3123,unmatched,unresolved,related_papers,related_papers
3124,unmatched,unresolved,related_papers,related_papers
3125,unmatched,unresolved,same_paper,same_paper
3126,unmatched,unresolved,same_paper,same_paper
3127,unmatched,unresolved,same_paper,same_paper
3128,unmatched,unresolved,same_paper,same_paper
3129,unmatched,unresolved,same_paper,same_paper
3130,unmatched,unresolved,unrelated_papers,unrelated_papers
3131,unmatched,unresolved,same_paper,same_paper
3132,unmatched,unresolved,related_papers,related_papers
3133,unmatched,unresolved,same_paper,same_paper
3134,unmatched,unresolved,related_papers,related_papers
3135,unmatched,unresolved,related_papers,related_papers
3136,unmatched,unresolved,unrelated_papers,unrelated_papers
3137,unmatched,unresolved,related_papers,related_papers
3138,unmatched,unresolved,same_paper,same_paper
3139,unmatched,unresolved,same_paper,same_paper
3140,unmatched,unresolved,related_papers,related_papers
3141,unmatched,unresolved,same_paper,same_paper
3142,unmatched,unresolved,related_papers,related_papers
3143,unmatched,unresolved,same_paper,same_paper
3144,unmatched,unresolved,same_paper,same_paper
3145,unmatched,unresolved,same_paper,same_paper
3146,unmatched,unresolved,same_paper,same_paper
3147,unmatched,unresolved,same_paper,same_paper
3148,unmatched,unresolved,same_paper,same_paper
3149,unmatched,unresolved,same_paper,same_paper
3150,unmatched,unresolved,related_papers,related_papers
3151,unmatched,unresolved,same_paper,same_paper
3152,unmatched,unresolved,related_papers,related_papers
3153,unmatched,unresolved,same_paper,same_paper
3154,unmatched,unresolved,same_paper,same_paper
3155,unmatched,unresolved,same_paper,same_paper
3156,unmatched,unresolved,same_paper,same_paper
3157,unmatched,unresolved,related_papers,related_papers
3158,unmatched,unresolved,related_papers,related_papers
3159,unmatched,unresolved,same_paper,same_paper
3160,unmatched,unresolved,same_paper,same_paper
3161,unmatched,unresolved,same_paper,same_paper
3162,unmatched,unresolved,related_papers,related_papers
3163,unmatched,unresolved,same_paper,same_paper
3164,unmatched,unresolved,same_paper,same_paper
3165,unmatched,unresolved,same_paper,same_paper
3166,unmatched,unresolved,related_papers,related_papers
3167,unmatched,unresolved,same_paper,same_paper
3168,unmatched,unresolved,same_paper,same_paper
3169,unmatched,unresolved,same_paper,same_paper
3170,unmatched,unresolved,same_paper,same_paper
3171,unmatched,unresolved,related_papers,related_papers
3172,unmatched,unresolved,related_papers,related_papers
3173,unmatched,unresolved,same_paper,same_paper
3174,unmatched,unresolved,same_paper,same_paper
3175,unmatched,unresolved,same_paper,same_paper
3176,unmatched,unresolved,same_paper,same_paper
3177,unmatched,unresolved,same_paper,same_paper
3178,unmatched,unresolved,same_paper,same_paper
3179,unmatched,unresolved,same_paper,same_paper
3180,unmatched,unresolved,related_papers,related_papers
3181,unmatched,unresolved,same_paper,same_paper
3182,unmatched,unresolved,same_paper,same_paper
3183,unmatched,unresolved,same_paper,same_paper
3184,unmatched,unresolved,same_paper,same_paper
3185,unmatched,unresolved,same_paper,same_paper
3186,unmatched,unresolved,related_papers,related_papers
3187,unmatched,unresolved,same_paper,same_paper
3188,unmatched,unresolved,related_papers,related_papers
3189,unmatched,unresolved,related_papers,related_papers
3190,unmatched,unresolved,same_paper,same_paper
3191,unmatched,unresolved,related_papers,related_papers
3192,unmatched,unresolved,same_paper,same_paper
3193,unmatched,unresolved,same_paper,same_paper
3194,unmatched,unresolved,same_paper,same_paper
3195,unmatched,unresolved,same_paper,same_paper
3196,unmatched,unresolved,same_paper,same_paper
3197,unmatched,unresolved,same_paper,same_paper
3198,unmatched,unresolved,related_papers,related_papers
3199,unmatched,unresolved,same_paper,same_paper
3200,unmatched,unresolved,same_paper,same_paper
3201,unmatched,unresolved,related_papers,related_papers
3202,unmatched,unresolved,unrelated_papers,unrelated_papers
3203,unmatched,unresolved,unrelated_papers,unrelated_papers
3204,unmatched,unresolved,same_paper,same_paper
3205,unmatched,unresolved,same_paper,same_paper
3206,unmatched,unresolved,same_paper,same_paper
3207,unmatched,unresolved,related_papers,related_papers
3208,unmatched,unresolved,same_paper,same_paper
3209,unmatched,unresolved,same_paper,same_paper
3210,unmatched,unresolved,related_papers,related_papers
3211,unmatched,unresolved,same_paper,same_paper
3212,unmatched,unresolved,same_paper,same_paper
3213,unmatched,unresolved,unrelated_papers,unrelated_papers
3214,unmatched,unresolved,unrelated_papers,unrelated_papers
3215,unmatched,unresolved,unrelated_papers,unrelated_papers
3216,unmatched,unresolved,related_papers,related_papers
3217,unmatched,unresolved,related_papers,related_papers
3218,unmatched,unresolved,same_paper,same_paper
3219,unmatched,unresolved,same_paper,same_paper
3220,unmatched,unresolved,related_papers,related_papers
3221,unmatched,unresolved,same_paper,same_paper
3222,unmatched,unresolved,unrelated_papers,unrelated_papers
3223,unmatched,unresolved,same_paper,same_paper
3224,unmatched,unresolved,same_paper,same_paper
3225,unmatched,unresolved,related_papers,related_papers
3226,unmatched,unresolved,same_paper,same_paper
3227,unmatched,unresolved,same_paper,same_paper
3228,unmatched,unresolved,same_paper,same_paper
3229,unmatched,unresolved,same_paper,same_paper
3230,unmatched,unresolved,related_papers,related_papers
3231,unmatched,unresolved,related_papers,related_papers
3232,unmatched,unresolved,unrelated_papers,unrelated_papers
3233,unmatched,unresolved,same_paper,same_paper
3234,unmatched,unresolved,same_paper,same_paper
3235,unmatched,unresolved,same_paper,same_paper
3236,unmatched,unresolved,same_paper,same_paper
3237,unmatched,unresolved,same_paper,same_paper
3238,unmatched,unresolved,related_papers,related_papers
3239,unmatched,unresolved,related_papers,related_papers
3240,unmatched,unresolved,same_paper,same_paper
3241,unmatched,unresolved,related_papers,related_papers
3242,unmatched,unresolved,same_paper,same_paper
3243,unmatched,unresolved,related_papers,related_papers
3244,unmatched,unresolved,same_paper,same_paper
3245,unmatched,unresolved,related_papers,related_papers
3246,unmatched,unresolved,same_paper,same_paper
3247,unmatched,unresolved,related_papers,related_papers
3248,unmatched,unresolved,related_papers,related_papers
3249,unmatched,unresolved,same_paper,same_paper
3250,unmatched,unresolved,same_paper,same_paper
3251,unmatched,unresolved,same_paper,same_paper
3252,unmatched,unresolved,related_papers,related_papers
3253,unmatched,unresolved,related_papers,related_papers
3254,unmatched,unresolved,same_paper,same_paper
3255,unmatched,unresolved,same_paper,same_paper
3256,unmatched,unresolved,same_paper,same_paper
3257,unmatched,unresolved,same_paper,same_paper
3258,unmatched,unresolved,same_paper,same_paper
3259,unmatched,unresolved,same_paper,same_paper
3260,unmatched,unresolved,same_paper,same_paper
3261,unmatched,unresolved,same_paper,same_paper
3262,unmatched,unresolved,related_papers,related_papers
3263,unmatched,unresolved,same_paper,same_paper
3264,unmatched,unresolved,unrelated_papers,unrelated_papers
3265,unmatched,unresolved,unrelated_papers,unrelated_papers
3266,unmatched,unresolved,related_papers,related_papers
3267,unmatched,unresolved,same_paper,same_paper
3268,unmatched,unresolved,same_paper,same_paper
3269,unmatched,unresolved,same_paper,same_paper
3270,unmatched,unresolved,same_paper,same_paper
3271,unmatched,unresolved,related_papers,related_papers
3272,unmatched,unresolved,related_papers,related_papers
3273,unmatched,unresolved,unrelated_papers,unrelated_papers
3274,unmatched,unresolved,same_paper,same_paper
3275,unmatched,unresolved,related_papers,related_papers
3276,unmatched,unresolved,same_paper,same_paper
3277,unmatched,unresolved,related_papers,related_papers
3278,unmatched,unresolved,same_paper,same_paper
3279,unmatched,unresolved,same_paper,same_paper
3280,unmatched,unresolved,same_paper,same_paper
3281,unmatched,unresolved,related_papers,related_papers
3282,unmatched,unresolved,related_papers,related_papers
3283,unmatched,unresolved,same_paper,same_paper
3284,unmatched,unresolved,same_paper,same_paper
3285,unmatched,unresolved,same_paper,same_paper
3286,unmatched,unresolved,related_papers,related_papers
3287,unmatched,unresolved,same_paper,same_paper
3288,unmatched,unresolved,same_paper,same_paper
3289,unmatched,unresolved,related_papers,related_papers
3290,unmatched,unresolved,related_papers,related_papers
3291,unmatched,unresolved,same_paper,same_paper
3292,unmatched,unresolved,same_paper,same_paper
3293,unmatched,unresolved,related_papers,related_papers
3294,unmatched,unresolved,same_paper,same_paper
3295,unmatched,unresolved,related_papers,related_papers
3296,unmatched,unresolved,same_paper,same_paper
3297,unmatched,unresolved,same_paper,same_paper
3298,unmatched,unresolved,same_paper,same_paper
3299,unmatched,unresolved,related_papers,related_papers
3300,unmatched,unresolved,same_paper,same_paper
3301,unmatched,unresolved,same_paper,same_paper
3302,unmatched,unresolved,unrelated_papers,unrelated_papers
3303,unmatched,unresolved,same_paper,same_paper
3304,unmatched,unresolved,related_papers,related_papers
3305,unmatched,unresolved,same_paper,same_paper
3306,unmatched,unresolved,same_paper,same_paper
3307,unmatched,unresolved,same_paper,same_paper
3308,unmatched,unresolved,related_papers,related_papers
3309,unmatched,unresolved,same_paper,same_paper
3310,unmatched,unresolved,same_paper,same_paper
3311,unmatched,unresolved,same_paper,same_paper
3312,unmatched,unresolved,same_paper,same_paper
3313,unmatched,unresolved,same_paper,same_paper
3314,unmatched,unresolved,same_paper,same_paper
3315,unmatched,unresolved,related_papers,related_papers
3316,unmatched,unresolved,related_papers,related_papers
3317,unmatched,unresolved,same_paper,same_paper
3318,unmatched,unresolved,same_paper,same_paper
3319,unmatched,unresolved,same_paper,same_paper
3320,unmatched,unresolved,unrelated_papers,unrelated_papers
3321,unmatched,unresolved,same_paper,same_paper
3322,unmatched,unresolved,same_paper,same_paper
3323,unmatched,unresolved,same_paper,same_paper
3324,unmatched,unresolved,same_paper,same_paper
3325,unmatched,unresolved,same_paper,same_paper
3326,unmatched,unresolved,same_paper,same_paper
3327,unmatched,unresolved,same_paper,same_paper
3328,unmatched,unresolved,same_paper,same_paper
3329,unmatched,unresolved,same_paper,same_paper
3330,unmatched,unresolved,same_paper,same_paper
3331,unmatched,unresolved,related_papers,related_papers
3332,unmatched,unresolved,related_papers,related_papers
3333,unmatched,unresolved,same_paper,same_paper
3334,unmatched,unresolved,same_paper,same_paper
3335,unmatched,unresolved,same_paper,same_paper
3336,unmatched,unresolved,same_paper,same_paper
3337,unmatched,unresolved,same_paper,same_paper
3338,unmatched,unresolved,same_paper,same_paper
3339,unmatched,unresolved,same_paper,same_paper
3340,unmatched,unresolved,related_papers,related_papers
3341,unmatched,unresolved,related_papers,related_papers
3342,unmatched,unresolved,related_papers,related_papers
3343,unmatched,unresolved,same_paper,same_paper
3344,unmatched,unresolved,unrelated_papers,unrelated_papers
3345,unmatched,unresolved,same_paper,same_paper
3346,unmatched,unresolved,same_paper,same_paper
3347,unmatched,unresolved,same_paper,same_paper
3348,unmatched,unresolved,same_paper,same_paper
3349,unmatched,unresolved,same_paper,same_paper
3350,unmatched,unresolved,same_paper,same_paper
3351,unmatched,unresolved,same_paper,same_paper
3352,unmatched,unresolved,same_paper,same_paper
3353,unmatched,unresolved,same_paper,same_paper
3354,unmatched,unresolved,unrelated_papers,unrelated_papers
3355,unmatched,unresolved,related_papers,related_papers
3356,unmatched,unresolved,related_papers,related_papers
3357,unmatched,unresolved,same_paper,same_paper
3358,unmatched,unresolved,same_paper,same_paper
3359,unmatched,unresolved,unrelated_papers,unrelated_papers
3360,unmatched,unresolved,related_papers,related_papers
3361,unmatched,unresolved,same_paper,same_paper
3362,unmatched,unresolved,same_paper,same_paper
3363,unmatched,unresolved,same_paper,same_paper
3364,unmatched,unresolved,unrelated_papers,unrelated_papers
3365,unmatched,unresolved,same_paper,same_paper
3366,unmatched,unresolved,same_paper,same_paper
3367,unmatched,unresolved,same_paper,same_paper
3368,unmatched,unresolved,same_paper,same_paper
3369,unmatched,unresolved,same_paper,same_paper
3370,unmatched,unresolved,same_paper,same_paper
3371,unmatched,unresolved,related_papers,related_papers
3372,unmatched,unresolved,same_paper,same_paper
3373,unmatched,unresolved,related_papers,related_papers
3374,unmatched,unresolved,same_paper,same_paper
3375,unmatched,unresolved,same_paper,same_paper
3376,unmatched,unresolved,same_paper,same_paper
3377,unmatched,unresolved,unrelated_papers,unrelated_papers
3378,unmatched,unresolved,same_paper,same_paper
3379,unmatched,unresolved,related_papers,related_papers
3380,unmatched,unresolved,same_paper,same_paper
3381,unmatched,unresolved,same_paper,same_paper
3382,unmatched,unresolved,same_paper,same_paper
3383,unmatched,unresolved,same_paper,same_paper
3384,unmatched,unresolved,same_paper,same_paper
3385,unmatched,unresolved,related_papers,related_papers
3386,unmatched,unresolved,same_paper,same_paper
3387,unmatched,unresolved,related_papers,related_papers
3388,unmatched,unresolved,same_paper,same_paper
3389,unmatched,unresolved,same_paper,same_paper
3390,unmatched,unresolved,same_paper,same_paper
3391,unmatched,unresolved,related_papers,related_papers
3392,unmatched,unresolved,related_papers,related_papers
3393,unmatched,unresolved,same_paper,same_paper
3394,unmatched,unresolved,same_paper,same_paper
3395,unmatched,unresolved,same_paper,same_paper
3396,unmatched,unresolved,related_papers,related_papers
3397,unmatched,unresolved,same_paper,same_paper
3398,unmatched,unresolved,same_paper,same_paper
3399,unmatched,unresolved,related_papers,related_papers
3400,unmatched,unresolved,same_paper,same_paper
3401,unmatched,unresolved,unrelated_papers,unrelated_papers
3402,unmatched,unresolved,same_paper,same_paper
3403,unmatched,unresolved,same_paper,same_paper
3404,unmatched,unresolved,unrelated_papers,unrelated_papers
3405,unmatched,unresolved,same_paper,same_paper
3406,unmatched,unresolved,related_papers,related_papers
3407,unmatched,unresolved,unrelated_papers,unrelated_papers
3408,unmatched,unresolved,same_paper,same_paper
3409,unmatched,unresolved,same_paper,same_paper
3410,unmatched,unresolved,unrelated_papers,unrelated_papers
3411,unmatched,unresolved,same_paper,same_paper
3412,unmatched,unresolved,same_paper,same_paper
3413,unmatched,unresolved,related_papers,related_papers
3414,unmatched,unresolved,same_paper,same_paper
3415,unmatched,unresolved,related_papers,related_papers
3416,unmatched,unresolved,related_papers,related_papers
3417,unmatched,unresolved,same_paper,same_paper
3418,unmatched,unresolved,related_papers,related_papers
3419,unmatched,unresolved,same_paper,same_paper
3420,unmatched,unresolved,same_paper,same_paper
3421,unmatched,unresolved,unrelated_papers,unrelated_papers
3422,unmatched,unresolved,same_paper,same_paper
3423,unmatched,unresolved,same_paper,same_paper
3424,unmatched,unresolved,related_papers,related_papers
3425,unmatched,unresolved,same_paper,same_paper
3426,unmatched,unresolved,unrelated_papers,unrelated_papers
3427,unmatched,unresolved,same_paper,same_paper
3428,unmatched,unresolved,same_paper,same_paper
3429,unmatched,unresolved,same_paper,same_paper
3430,unmatched,unresolved,same_paper,same_paper
3431,unmatched,unresolved,same_paper,same_paper
3432,unmatched,unresolved,related_papers,related_papers
3433,unmatched,unresolved,same_paper,same_paper
3434,unmatched,unresolved,same_paper,same_paper
3435,unmatched,unresolved,same_paper,same_paper
3436,unmatched,unresolved,same_paper,same_paper
3437,unmatched,unresolved,same_paper,same_paper
3438,unmatched,unresolved,same_paper,same_paper
3439,unmatched,unresolved,same_paper,same_paper
3440,unmatched,unresolved,same_paper,same_paper
3441,unmatched,unresolved,unrelated_papers,unrelated_papers
3442,unmatched,unresolved,same_paper,same_paper
3443,unmatched,unresolved,same_paper,same_paper
3444,unmatched,unresolved,unrelated_papers,unrelated_papers
3445,unmatched,unresolved,same_paper,same_paper
3446,unmatched,unresolved,same_paper,same_paper
3447,unmatched,unresolved,same_paper,same_paper
3448,unmatched,unresolved,same_paper,same_paper
3449,unmatched,unresolved,same_paper,same_paper
3450,unmatched,unresolved,same_paper,same_paper
3451,unmatched,unresolved,same_paper,same_paper
3452,unmatched,unresolved,same_paper,same_paper
3453,unmatched,unresolved,same_paper,same_paper
3454,unmatched,unresolved,same_paper,same_paper
3455,unmatched,unresolved,same_paper,same_paper
3456,unmatched,unresolved,same_paper,same_paper
3457,unmatched,unresolved,related_papers,related_papers
3458,unmatched,unresolved,same_paper,same_paper
3459,unmatched,unresolved,same_paper,same_paper
3460,unmatched,unresolved,same_paper,same_paper
3461,unmatched,unresolved,same_paper,same_paper
3462,unmatched,unresolved,same_paper,same_paper
3463,unmatched,unresolved,same_paper,same_paper
3464,unmatched,unresolved,same_paper,same_paper
3465,unmatched,unresolved,same_paper,same_paper
3466,unmatched,unresolved,same_paper,same_paper
3467,unmatched,unresolved,related_papers,related_papers
3468,unmatched,unresolved,same_paper,same_paper
3469,unmatched,unresolved,related_papers,related_papers
3470,unmatched,unresolved,same_paper,same_paper
3471,unmatched,unresolved,same_paper,same_paper
3472,unmatched,unresolved,same_paper,same_paper
3473,unmatched,unresolved,same_paper,same_paper
3474,unmatched,unresolved,same_paper,same_paper
3475,unmatched,unresolved,related_papers,related_papers
3476,unmatched,unresolved,same_paper,same_paper
3477,unmatched,unresolved,same_paper,same_paper
3478,unmatched,unresolved,related_papers,related_papers
3479,unmatched,unresolved,same_paper,same_paper
3480,unmatched,unresolved,same_paper,same_paper
3481,unmatched,unresolved,same_paper,same_paper
3482,unmatched,unresolved,same_paper,same_paper
3483,unmatched,unresolved,unrelated_papers,unrelated_papers
3484,unmatched,unresolved,same_paper,same_paper
3485,unmatched,unresolved,same_paper,same_paper
3486,unmatched,unresolved,same_paper,same_paper
3487,unmatched,unresolved,same_paper,same_paper
3488,unmatched,unresolved,same_paper,same_paper
3489,unmatched,unresolved,same_paper,same_paper
3490,unmatched,unresolved,related_papers,related_papers
3491,unmatched,unresolved,related_papers,related_papers
3492,unmatched,unresolved,same_paper,same_paper
3493,unmatched,unresolved,same_paper,same_paper
3494,unmatched,unresolved,same_paper,same_paper
3495,unmatched,unresolved,same_paper,same_paper
3496,unmatched,unresolved,same_paper,same_paper
3497,unmatched,unresolved,same_paper,same_paper
3498,unmatched,unresolved,same_paper,same_paper
3499,unmatched,unresolved,same_paper,same_paper
3500,unmatched,unresolved,related_papers,related_papers
3501,unmatched,unresolved,related_papers,related_papers
3502,unmatched,unresolved,related_papers,related_papers
3503,unmatched,unresolved,unrelated_papers,unrelated_papers
3504,unmatched,unresolved,same_paper,same_paper
3505,unmatched,unresolved,same_paper,same_paper
3506,unmatched,unresolved,same_paper,same_paper
3507,unmatched,unresolved,same_paper,same_paper
3508,unmatched,unresolved,same_paper,same_paper
3509,unmatched,unresolved,same_paper,same_paper
3510,unmatched,unresolved,related_papers,related_papers
3511,unmatched,unresolved,related_papers,related_papers
3512,unmatched,unresolved,unrelated_papers,unrelated_papers
3513,unmatched,unresolved,same_paper,same_paper
3514,unmatched,unresolved,same_paper,same_paper
3515,unmatched,unresolved,same_paper,same_paper
3516,unmatched,unresolved,same_paper,same_paper
3517,unmatched,unresolved,unrelated_papers,unrelated_papers
3518,unmatched,unresolved,related_papers,related_papers
3519,unmatched,unresolved,same_paper,same_paper
3520,unmatched,unresolved,unrelated_papers,unrelated_papers
3521,unmatched,unresolved,same_paper,same_paper
3522,unmatched,unresolved,related_papers,related_papers
3523,unmatched,unresolved,same_paper,same_paper
3524,unmatched,unresolved,same_paper,same_paper
3525,unmatched,unresolved,same_paper,same_paper
3526,unmatched,unresolved,same_paper,same_paper
3527,unmatched,unresolved,related_papers,related_papers
3528,unmatched,unresolved,unrelated_papers,unrelated_papers
3529,unmatched,unresolved,related_papers,related_papers
3530,unmatched,unresolved,same_paper,same_paper
3531,unmatched,unresolved,same_paper,same_paper
3532,unmatched,unresolved,same_paper,same_paper
3533,unmatched,unresolved,same_paper,same_paper
3534,unmatched,unresolved,same_paper,same_paper
3535,unmatched,unresolved,same_paper,same_paper
3536,unmatched,unresolved,same_paper,same_paper
3537,unmatched,unresolved,same_paper,same_paper
3538,unmatched,unresolved,unrelated_papers,unrelated_papers
3539,unmatched,unresolved,related_papers,related_papers
3540,unmatched,unresolved,same_paper,same_paper
3541,unmatched,unresolved,same_paper,same_paper
3542,unmatched,unresolved,same_paper,same_paper
3543,unmatched,unresolved,related_papers,related_papers
3544,unmatched,unresolved,unrelated_papers,unrelated_papers
3545,unmatched,unresolved,same_paper,same_paper
3546,unmatched,unresolved,same_paper,same_paper
3547,unmatched,unresolved,same_paper,same_paper
3548,unmatched,unresolved,unrelated_papers,unrelated_papers
3549,unmatched,unresolved,same_paper,same_paper
3550,unmatched,unresolved,related_papers,related_papers
3551,unmatched,unresolved,same_paper,same_paper
3552,unmatched,unresolved,same_paper,same_paper
3553,unmatched,unresolved,same_paper,same_paper
3554,unmatched,unresolved,same_paper,same_paper
3555,unmatched,unresolved,unrelated_papers,unrelated_papers
3556,unmatched,unresolved,same_paper,same_paper
3557,unmatched,unresolved,same_paper,same_paper
3558,unmatched,unresolved,same_paper,same_paper
3559,unmatched,unresolved,same_paper,same_paper
3560,unmatched,unresolved,same_paper,same_paper
3561,unmatched,unresolved,same_paper,same_paper
3562,unmatched,unresolved,same_paper,same_paper
3563,unmatched,unresolved,same_paper,same_paper
3564,unmatched,unresolved,related_papers,related_papers
3565,unmatched,unresolved,same_paper,same_paper
3566,unmatched,unresolved,same_paper,same_paper
3567,unmatched,unresolved,same_paper,same_paper
3568,unmatched,unresolved,same_paper,same_paper
3569,unmatched,unresolved,related_papers,related_papers
3570,unmatched,unresolved,same_paper,same_paper
3571,unmatched,unresolved,same_paper,same_paper
3572,unmatched,unresolved,same_paper,same_paper
3573,unmatched,unresolved,same_paper,same_paper
3574,unmatched,unresolved,same_paper,same_paper
3575,unmatched,unresolved,same_paper,same_paper
3576,unmatched,unresolved,unrelated_papers,unrelated_papers
3577,unmatched,unresolved,related_papers,related_papers
3578,unmatched,unresolved,related_papers,related_papers
3579,unmatched,unresolved,related_papers,related_papers
3580,unmatched,unresolved,same_paper,same_paper
3581,unmatched,unresolved,related_papers,related_papers
3582,unmatched,unresolved,same_paper,same_paper
3583,unmatched,unresolved,same_paper,same_paper
3584,unmatched,unresolved,related_papers,related_papers
3585,unmatched,unresolved,same_paper,same_paper
3586,unmatched,unresolved,same_paper,same_paper
3587,unmatched,unresolved,same_paper,same_paper
3588,unmatched,unresolved,same_paper,same_paper
3589,unmatched,unresolved,unrelated_papers,unrelated_papers
3590,unmatched,unresolved,unrelated_papers,unrelated_papers
3591,unmatched,unresolved,same_paper,same_paper
3592,unmatched,unresolved,same_paper,same_paper
3593,unmatched,unresolved,related_papers,related_papers
3594,unmatched,unresolved,related_papers,related_papers
3595,unmatched,unresolved,same_paper,same_paper
3596,unmatched,unresolved,same_paper,same_paper
3597,unmatched,unresolved,same_paper,same_paper
3598,unmatched,unresolved,same_paper,same_paper
3599,unmatched,unresolved,same_paper,same_paper
3600,unmatched,unresolved,same_paper,same_paper
3601,unmatched,unresolved,unrelated_papers,unrelated_papers
3602,unmatched,unresolved,same_paper,same_paper
3603,unmatched,unresolved,same_paper,same_paper
3604,unmatched,unresolved,same_paper,same_paper
3605,unmatched,unresolved,same_paper,same_paper
3606,unmatched,unresolved,same_paper,same_paper
3607,unmatched,unresolved,same_paper,same_paper
3608,unmatched,unresolved,same_paper,same_paper
3609,unmatched,unresolved,related_papers,related_papers
3610,unmatched,unresolved,same_paper,same_paper
3611,unmatched,unresolved,same_paper,same_paper
3612,unmatched,unresolved,same_paper,same_paper
3613,unmatched,unresolved,related_papers,related_papers
3614,unmatched,unresolved,same_paper,same_paper
3615,unmatched,unresolved,related_papers,related_papers
3616,unmatched,unresolved,related_papers,related_papers
3617,unmatched,unresolved,same_paper,same_paper
3618,unmatched,unresolved,same_paper,same_paper
3619,unmatched,unresolved,related_papers,related_papers
3620,unmatched,unresolved,unrelated_papers,unrelated_papers
3621,unmatched,unresolved,same_paper,same_paper
3622,unmatched,unresolved,same_paper,same_paper
3623,unmatched,unresolved,same_paper,same_paper
3624,unmatched,unresolved,same_paper,same_paper
3625,unmatched,unresolved,same_paper,same_paper
3626,unmatched,unresolved,related_papers,related_papers
3627,unmatched,unresolved,same_paper,same_paper
3628,unmatched,unresolved,same_paper,same_paper
3629,unmatched,unresolved,same_paper,same_paper
3630,unmatched,unresolved,same_paper,same_paper
3631,unmatched,unresolved,same_paper,same_paper
3632,unmatched,unresolved,related_papers,related_papers
3633,unmatched,unresolved,unrelated_papers,unrelated_papers
3634,unmatched,unresolved,related_papers,related_papers
3635,unmatched,unresolved,related_papers,related_papers
3636,unmatched,unresolved,same_paper,same_paper
3637,unmatched,unresolved,same_paper,same_paper
3638,unmatched,unresolved,same_paper,same_paper
3639,unmatched,unresolved,same_paper,same_paper
3640,unmatched,unresolved,related_papers,related_papers
3641,unmatched,unresolved,same_paper,same_paper
3642,unmatched,unresolved,same_paper,same_paper
3643,unmatched,unresolved,same_paper,same_paper
3644,unmatched,unresolved,same_paper,same_paper
3645,unmatched,unresolved,same_paper,same_paper
3646,unmatched,unresolved,same_paper,same_paper
3647,unmatched,unresolved,same_paper,same_paper
3648,unmatched,unresolved,related_papers,related_papers
3649,unmatched,unresolved,same_paper,same_paper
3650,unmatched,unresolved,same_paper,same_paper
3651,unmatched,unresolved,same_paper,same_paper
3652,unmatched,unresolved,same_paper,same_paper
3653,unmatched,unresolved,same_paper,same_paper
3654,unmatched,unresolved,related_papers,related_papers
3655,unmatched,unresolved,related_papers,related_papers
3656,unmatched,unresolved,unrelated_papers,unrelated_papers
3657,unmatched,unresolved,related_papers,related_papers
3658,unmatched,unresolved,same_paper,same_paper
3659,unmatched,unresolved,same_paper,same_paper
3660,unmatched,unresolved,related_papers,related_papers
3661,unmatched,unresolved,unrelated_papers,unrelated_papers
3662,unmatched,unresolved,same_paper,same_paper
3663,unmatched,unresolved,related_papers,related_papers
3664,unmatched,unresolved,unrelated_papers,unrelated_papers
3665,unmatched,unresolved,related_papers,related_papers
3666,unmatched,unresolved,same_paper,same_paper
3667,unmatched,unresolved,same_paper,same_paper
3668,unmatched,unresolved,same_paper,same_paper
3669,unmatched,unresolved,same_paper,same_paper
3670,unmatched,unresolved,same_paper,same_paper
3671,unmatched,unresolved,same_paper,same_paper
3672,unmatched,unresolved,related_papers,related_papers
3673,unmatched,unresolved,same_paper,same_paper
3674,unmatched,unresolved,same_paper,same_paper
3675,unmatched,unresolved,same_paper,same_paper
3676,unmatched,unresolved,same_paper,same_paper
3677,unmatched,unresolved,same_paper,same_paper
3678,unmatched,unresolved,same_paper,same_paper
3679,unmatched,unresolved,related_papers,related_papers
3680,unmatched,unresolved,same_paper,same_paper
3681,unmatched,unresolved,same_paper,same_paper
3682,unmatched,unresolved,same_paper,same_paper
3683,unmatched,unresolved,same_paper,same_paper
3684,unmatched,unresolved,same_paper,same_paper
3685,unmatched,unresolved,related_papers,related_papers
3686,unmatched,unresolved,same_paper,same_paper
3687,unmatched,unresolved,same_paper,same_paper
3688,unmatched,unresolved,same_paper,same_paper
3689,unmatched,unresolved,same_paper,same_paper
3690,unmatched,unresolved,same_paper,same_paper
3691,unmatched,unresolved,unrelated_papers,unrelated_papers
3692,unmatched,unresolved,unrelated_papers,unrelated_papers
3693,unmatched,unresolved,same_paper,same_paper
3694,unmatched,unresolved,same_paper,same_paper
3695,unmatched,unresolved,unrelated_papers,unrelated_papers
3696,unmatched,unresolved,unrelated_papers,unrelated_papers
3697,unmatched,unresolved,related_papers,related_papers
3698,unmatched,unresolved,same_paper,same_paper
3699,unmatched,unresolved,same_paper,same_paper
3700,unmatched,unresolved,same_paper,same_paper
3701,unmatched,unresolved,related_papers,related_papers
3702,unmatched,unresolved,same_paper,same_paper
3703,unmatched,unresolved,same_paper,same_paper
3704,unmatched,unresolved,related_papers,related_papers
3705,unmatched,unresolved,related_papers,related_papers
3706,unmatched,unresolved,same_paper,same_paper
3707,unmatched,unresolved,same_paper,same_paper
3708,unmatched,unresolved,same_paper,same_paper
3709,unmatched,unresolved,same_paper,same_paper
3710,unmatched,unresolved,same_paper,same_paper
3711,unmatched,unresolved,same_paper,same_paper
3712,unmatched,unresolved,related_papers,related_papers
3713,unmatched,unresolved,same_paper,same_paper
3714,unmatched,unresolved,related_papers,related_papers
3715,unmatched,unresolved,related_papers,related_papers
3716,unmatched,unresolved,same_paper,same_paper
3717,unmatched,unresolved,same_paper,same_paper
3718,unmatched,unresolved,unrelated_papers,unrelated_papers
3719,unmatched,unresolved,related_papers,related_papers
3720,unmatched,unresolved,same_paper,same_paper
3721,unmatched,unresolved,related_papers,related_papers
3722,unmatched,unresolved,same_paper,same_paper
3723,unmatched,unresolved,related_papers,related_papers
3724,unmatched,unresolved,same_paper,same_paper
3725,unmatched,unresolved,related_papers,related_papers
3726,unmatched,unresolved,related_papers,related_papers
3727,unmatched,unresolved,same_paper,same_paper
3728,unmatched,unresolved,unrelated_papers,unrelated_papers
3729,unmatched,unresolved,same_paper,same_paper
3730,unmatched,unresolved,related_papers,related_papers
3731,unmatched,unresolved,related_papers,related_papers
3732,unmatched,unresolved,same_paper,same_paper
3733,unmatched,unresolved,unrelated_papers,unrelated_papers
3734,unmatched,unresolved,related_papers,related_papers
3735,unmatched,unresolved,same_paper,same_paper
3736,unmatched,unresolved,same_paper,same_paper
3737,unmatched,unresolved,same_paper,same_paper
3738,unmatched,unresolved,related_papers,related_papers
3739,unmatched,unresolved,related_papers,related_papers
3740,unmatched,unresolved,related_papers,related_papers
3741,unmatched,unresolved,same_paper,same_paper
3742,unmatched,unresolved,same_paper,same_paper
3743,unmatched,unresolved,same_paper,same_paper
3744,unmatched,unresolved,same_paper,same_paper
3745,unmatched,unresolved,related_papers,related_papers
3746,unmatched,unresolved,related_papers,related_papers
3747,unmatched,unresolved,unrelated_papers,unrelated_papers
3748,unmatched,unresolved,same_paper,same_paper
3749,unmatched,unresolved,same_paper,same_paper
3750,unmatched,unresolved,same_paper,same_paper
3751,unmatched,unresolved,related_papers,related_papers
3752,unmatched,unresolved,same_paper,same_paper
3753,unmatched,unresolved,same_paper,same_paper
3754,unmatched,unresolved,same_paper,same_paper
3755,unmatched,unresolved,same_paper,same_paper
3756,unmatched,unresolved,same_paper,same_paper
3757,unmatched,unresolved,same_paper,same_paper
3758,unmatched,unresolved,unrelated_papers,unrelated_papers
3759,unmatched,unresolved,unrelated_papers,unrelated_papers
3760,unmatched,unresolved,same_paper,same_paper
3761,unmatched,unresolved,same_paper,same_paper
3762,unmatched,unresolved,same_paper,same_paper
3763,unmatched,unresolved,related_papers,related_papers
3764,unmatched,unresolved,same_paper,same_paper
3765,unmatched,unresolved,same_paper,same_paper
3766,unmatched,unresolved,same_paper,same_paper
3767,unmatched,unresolved,related_papers,related_papers
3768,unmatched,unresolved,related_papers,related_papers
3769,unmatched,unresolved,same_paper,same_paper
3770,unmatched,unresolved,same_paper,same_paper
3771,unmatched,unresolved,unrelated_papers,unrelated_papers
3772,unmatched,unresolved,same_paper,same_paper
3773,unmatched,unresolved,unrelated_papers,unrelated_papers
3774,unmatched,unresolved,same_paper,same_paper
3775,unmatched,unresolved,same_paper,same_paper
3776,unmatched,unresolved,same_paper,same_paper
3777,unmatched,unresolved,related_papers,related_papers
3778,unmatched,unresolved,same_paper,same_paper
3779,unmatched,unresolved,same_paper,same_paper
3780,unmatched,unresolved,same_paper,same_paper
3781,unmatched,unresolved,unrelated_papers,unrelated_papers
3782,unmatched,unresolved,related_papers,related_papers
3783,unmatched,unresolved,related_papers,related_papers
3784,unmatched,unresolved,same_paper,same_paper
3785,unmatched,unresolved,related_papers,related_papers
3786,unmatched,unresolved,unrelated_papers,unrelated_papers
3787,unmatched,unresolved,same_paper,same_paper
3788,unmatched,unresolved,same_paper,same_paper
3789,unmatched,unresolved,same_paper,same_paper
3790,unmatched,unresolved,related_papers,related_papers
3791,unmatched,unresolved,related_papers,related_papers
3792,unmatched,unresolved,same_paper,same_paper
3793,unmatched,unresolved,same_paper,same_paper
3794,unmatched,unresolved,unrelated_papers,unrelated_papers
3795,unmatched,unresolved,related_papers,related_papers
3796,unmatched,unresolved,same_paper,same_paper
3797,unmatched,unresolved,same_paper,same_paper
3798,unmatched,unresolved,related_papers,related_papers
3799,unmatched,unresolved,same_paper,same_paper
3800,unmatched,unresolved,unrelated_papers,unrelated_papers
3801,unmatched,unresolved,same_paper,same_paper
3802,unmatched,unresolved,same_paper,same_paper
3803,unmatched,unresolved,same_paper,same_paper
3804,unmatched,unresolved,same_paper,same_paper
3805,unmatched,unresolved,same_paper,same_paper
3806,unmatched,unresolved,same_paper,same_paper
3807,unmatched,unresolved,unrelated_papers,unrelated_papers
3808,unmatched,unresolved,same_paper,same_paper
3809,unmatched,unresolved,same_paper,same_paper
3810,unmatched,unresolved,same_paper,same_paper
3811,unmatched,unresolved,related_papers,related_papers
3812,unmatched,unresolved,related_papers,related_papers
3813,unmatched,unresolved,same_paper,same_paper
3814,unmatched,unresolved,same_paper,same_paper
3815,unmatched,unresolved,same_paper,same_paper
3816,unmatched,unresolved,same_paper,same_paper
3817,unmatched,unresolved,same_paper,same_paper
3818,unmatched,unresolved,same_paper,same_paper
3819,unmatched,unresolved,same_paper,same_paper
3820,unmatched,unresolved,same_paper,same_paper
3821,unmatched,unresolved,same_paper,same_paper
3822,unmatched,unresolved,same_paper,same_paper
3823,unmatched,unresolved,related_papers,related_papers
3824,unmatched,unresolved,unrelated_papers,unrelated_papers
3825,unmatched,unresolved,same_paper,same_paper
3826,unmatched,unresolved,unrelated_papers,unrelated_papers
3827,unmatched,unresolved,same_paper,same_paper
3828,unmatched,unresolved,same_paper,same_paper
3829,unmatched,unresolved,same_paper,same_paper
3830,unmatched,unresolved,same_paper,same_paper
3831,unmatched,unresolved,same_paper,same_paper
3832,unmatched,unresolved,related_papers,related_papers
3833,unmatched,unresolved,same_paper,same_paper
3834,unmatched,unresolved,same_paper,same_paper
3835,unmatched,unresolved,same_paper,same_paper
3836,unmatched,unresolved,same_paper,same_paper
3837,unmatched,unresolved,related_papers,related_papers
3838,unmatched,unresolved,same_paper,same_paper
3839,unmatched,unresolved,same_paper,same_paper
3840,unmatched,unresolved,same_paper,same_paper
3841,unmatched,unresolved,same_paper,same_paper
3842,unmatched,unresolved,same_paper,same_paper
3843,unmatched,unresolved,unrelated_papers,unrelated_papers
3844,unmatched,unresolved,unrelated_papers,unrelated_papers
3845,unmatched,unresolved,related_papers,related_papers
3846,unmatched,unresolved,unrelated_papers,unrelated_papers
3847,unmatched,unresolved,related_papers,related_papers
3848,unmatched,unresolved,unrelated_papers,unrelated_papers
3849,unmatched,unresolved,same_paper,same_paper
3850,unmatched,unresolved,related_papers,related_papers
3851,unmatched,unresolved,related_papers,related_papers
3852,unmatched,unresolved,related_papers,related_papers
3853,unmatched,unresolved,same_paper,same_paper
3854,unmatched,unresolved,same_paper,same_paper
3855,unmatched,unresolved,same_paper,same_paper
3856,unmatched,unresolved,same_paper,same_paper
3857,unmatched,unresolved,same_paper,same_paper
3858,unmatched,unresolved,same_paper,same_paper
3859,unmatched,unresolved,same_paper,same_paper
3860,unmatched,unresolved,same_paper,same_paper
3861,unmatched,unresolved,same_paper,same_paper
3862,unmatched,unresolved,same_paper,same_paper
3863,unmatched,unresolved,same_paper,same_paper
3864,unmatched,unresolved,same_paper,same_paper
3865,unmatched,unresolved,related_papers,related_papers
3866,unmatched,unresolved,same_paper,same_paper
3867,unmatched,unresolved,same_paper,same_paper
3868,unmatched,unresolved,same_paper,same_paper
3869,unmatched,unresolved,same_paper,same_paper
3870,unmatched,unresolved,same_paper,same_paper
3871,unmatched,unresolved,same_paper,same_paper
3872,unmatched,unresolved,unrelated_papers,unrelated_papers
3873,unmatched,unresolved,same_paper,same_paper
3874,unmatched,unresolved,same_paper,same_paper
3875,unmatched,unresolved,same_paper,same_paper
3876,unmatched,unresolved,same_paper,same_paper
3877,unmatched,unresolved,same_paper,same_paper
3878,unmatched,unresolved,same_paper,same_paper
3879,unmatched,unresolved,unrelated_papers,unrelated_papers
3880,unmatched,unresolved,same_paper,same_paper
3881,unmatched,unresolved,unrelated_papers,unrelated_papers
3882,unmatched,unresolved,same_paper,same_paper
3883,unmatched,unresolved,related_papers,related_papers
3884,unmatched,unresolved,related_papers,related_papers
3885,unmatched,unresolved,same_paper,same_paper
3886,unmatched,unresolved,same_paper,same_paper
3887,unmatched,unresolved,same_paper,same_paper
3888,unmatched,unresolved,same_paper,same_paper
3889,unmatched,unresolved,same_paper,same_paper
3890,unmatched,unresolved,same_paper,same_paper
3891,unmatched,unresolved,same_paper,same_paper
3892,unmatched,unresolved,same_paper,same_paper
3893,unmatched,unresolved,same_paper,same_paper
3894,unmatched,unresolved,unrelated_papers,unrelated_papers
3895,unmatched,unresolved,same_paper,same_paper
3896,unmatched,unresolved,same_paper,same_paper
3897,unmatched,unresolved,related_papers,related_papers
3898,unmatched,unresolved,same_paper,same_paper
3899,unmatched,unresolved,same_paper,same_paper
3900,unmatched,unresolved,same_paper,same_paper
3901,unmatched,unresolved,same_paper,same_paper
3902,unmatched,unresolved,same_paper,same_paper
3903,unmatched,unresolved,same_paper,same_paper
3904,unmatched,unresolved,same_paper,same_paper
3905,unmatched,unresolved,related_papers,related_papers
3906,unmatched,unresolved,same_paper,same_paper
3907,unmatched,unresolved,same_paper,same_paper
3908,unmatched,unresolved,same_paper,same_paper
3909,unmatched,unresolved,same_paper,same_paper
3910,unmatched,unresolved,same_paper,same_paper
3911,unmatched,unresolved,same_paper,same_paper
3912,unmatched,unresolved,same_paper,same_paper
3913,unmatched,unresolved,same_paper,same_paper
3914,unmatched,unresolved,unrelated_papers,unrelated_papers
3915,unmatched,unresolved,related_papers,related_papers
3916,unmatched,unresolved,same_paper,same_paper
3917,unmatched,unresolved,same_paper,same_paper
3918,unmatched,unresolved,same_paper,same_paper
3919,unmatched,unresolved,same_paper,same_paper
3920,unmatched,unresolved,same_paper,same_paper
3921,unmatched,unresolved,same_paper,same_paper
3922,unmatched,unresolved,unrelated_papers,unrelated_papers
3923,unmatched,unresolved,same_paper,same_paper
3924,unmatched,unresolved,same_paper,same_paper
3925,unmatched,unresolved,same_paper,same_paper
3926,unmatched,unresolved,same_paper,same_paper
3927,unmatched,unresolved,same_paper,same_paper
3928,unmatched,unresolved,same_paper,same_paper
3929,unmatched,unresolved,unrelated_papers,unrelated_papers
3930,unmatched,unresolved,same_paper,same_paper
3931,unmatched,unresolved,same_paper,same_paper
3932,unmatched,unresolved,related_papers,related_papers
3933,unmatched,unresolved,same_paper,same_paper
3934,unmatched,unresolved,same_paper,same_paper
3935,unmatched,unresolved,related_papers,related_papers
3936,unmatched,unresolved,same_paper,same_paper
3937,unmatched,unresolved,same_paper,same_paper
3938,unmatched,unresolved,same_paper,same_paper
3939,unmatched,unresolved,same_paper,same_paper
3940,unmatched,unresolved,unrelated_papers,unrelated_papers
3941,unmatched,unresolved,same_paper,same_paper
3942,unmatched,unresolved,related_papers,related_papers
3943,unmatched,unresolved,same_paper,same_paper
3944,unmatched,unresolved,same_paper,same_paper
3945,unmatched,unresolved,same_paper,same_paper
3946,unmatched,unresolved,same_paper,same_paper
3947,unmatched,unresolved,same_paper,same_paper
3948,unmatched,unresolved,same_paper,same_paper
3949,unmatched,unresolved,same_paper,same_paper
3950,unmatched,unresolved,same_paper,same_paper
3951,unmatched,unresolved,same_paper,same_paper
3952,unmatched,unresolved,same_paper,same_paper
3953,unmatched,unresolved,same_paper,same_paper
3954,unmatched,unresolved,related_papers,related_papers
3955,unmatched,unresolved,same_paper,same_paper
3956,unmatched,unresolved,same_paper,same_paper
3957,unmatched,unresolved,same_paper,same_paper
3958,unmatched,unresolved,same_paper,same_paper
3959,unmatched,unresolved,related_papers,related_papers
3960,unmatched,unresolved,same_paper,same_paper
3961,unmatched,unresolved,unrelated_papers,unrelated_papers
3962,unmatched,unresolved,related_papers,related_papers
3963,unmatched,unresolved,same_paper,same_paper
3964,unmatched,unresolved,same_paper,same_paper
3965,unmatched,unresolved,same_paper,same_paper
3966,unmatched,unresolved,same_paper,same_paper
3967,unmatched,unresolved,unrelated_papers,unrelated_papers
3968,unmatched,unresolved,related_papers,related_papers
3969,unmatched,unresolved,same_paper,same_paper
3970,unmatched,unresolved,same_paper,same_paper
3971,unmatched,unresolved,same_paper,same_paper
3972,unmatched,unresolved,same_paper,same_paper
3973,unmatched,unresolved,same_paper,same_paper
3974,unmatched,unresolved,same_paper,same_paper
3975,unmatched,unresolved,same_paper,same_paper
3976,unmatched,unresolved,related_papers,related_papers
3977,unmatched,unresolved,same_paper,same_paper
3978,unmatched,unresolved,unrelated_papers,unrelated_papers
3979,unmatched,unresolved,related_papers,related_papers
3980,unmatched,unresolved,same_paper,same_paper
3981,unmatched,unresolved,same_paper,same_paper
3982,unmatched,unresolved,same_paper,same_paper
3983,unmatched,unresolved,same_paper,same_paper
3984,unmatched,unresolved,same_paper,same_paper
3985,unmatched,unresolved,same_paper,same_paper
3986,unmatched,unresolved,unrelated_papers,unrelated_papers
3987,unmatched,unresolved,unrelated_papers,unrelated_papers
3988,unmatched,unresolved,related_papers,related_papers
3989,unmatched,unresolved,same_paper,same_paper
3990,unmatched,unresolved,same_paper,same_paper
3991,unmatched,unresolved,same_paper,same_paper
3992,unmatched,unresolved,same_paper,same_paper
3993,unmatched,unresolved,related_papers,related_papers
3994,unmatched,unresolved,same_paper,same_paper
3995,unmatched,unresolved,related_papers,related_papers
3996,unmatched,unresolved,same_paper,same_paper
3997,unmatched,unresolved,same_paper,same_paper
3998,unmatched,unresolved,unrelated_papers,unrelated_papers
3999,unmatched,unresolved,same_paper,same_paper
4000,unmatched,unresolved,related_papers,related_papers
4001,unmatched,unresolved,related_papers,related_papers
4002,unmatched,unresolved,same_paper,same_paper
4003,unmatched,unresolved,same_paper,same_paper
4004,unmatched,unresolved,related_papers,related_papers
4005,unmatched,unresolved,related_papers,related_papers
4006,unmatched,unresolved,unrelated_papers,unrelated_papers
4007,unmatched,unresolved,related_papers,related_papers
4008,unmatched,unresolved,unrelated_papers,unrelated_papers
4009,unmatched,unresolved,same_paper,same_paper
4010,unmatched,unresolved,same_paper,same_paper
4011,unmatched,unresolved,related_papers,related_papers
4012,unmatched,unresolved,related_papers,related_papers
4013,unmatched,unresolved,same_paper,same_paper
4014,unmatched,unresolved,unrelated_papers,unrelated_papers
4015,unmatched,unresolved,unrelated_papers,unrelated_papers
4016,unmatched,unresolved,unrelated_papers,unrelated_papers
4017,unmatched,unresolved,related_papers,related_papers
4018,unmatched,unresolved,unrelated_papers,unrelated_papers
4019,unmatched,unresolved,related_papers,related_papers
4020,unmatched,unresolved,unrelated_papers,unrelated_papers
4021,unmatched,unresolved,unrelated_papers,unrelated_papers
4022,unmatched,unresolved,unrelated_papers,unrelated_papers
4023,unmatched,unresolved,unrelated_papers,unrelated_papers
4024,unmatched,unresolved,unrelated_papers,unrelated_papers
4025,unmatched,unresolved,unrelated_papers,unrelated_papers
4026,unmatched,unresolved,same_paper,same_paper
4027,unmatched,unresolved,unrelated_papers,unrelated_papers
4028,unmatched,unresolved,related_papers,related_papers
4029,unmatched,unresolved,unrelated_papers,unrelated_papers
4030,unmatched,unresolved,same_paper,same_paper
4031,unmatched,unresolved,related_papers,related_papers
4032,unmatched,unresolved,unrelated_papers,unrelated_papers
4033,unmatched,unresolved,unrelated_papers,unrelated_papers
4034,unmatched,unresolved,unrelated_papers,unrelated_papers
4035,unmatched,unresolved,related_papers,related_papers
4036,unmatched,unresolved,unrelated_papers,unrelated_papers
4037,unmatched,unresolved,related_papers,related_papers
4038,unmatched,unresolved,same_paper,same_paper
4039,unmatched,unresolved,same_paper,same_paper
4040,unmatched,unresolved,unrelated_papers,unrelated_papers
4041,unmatched,unresolved,unrelated_papers,unrelated_papers
4042,unmatched,unresolved,related_papers,related_papers
4043,unmatched,unresolved,unrelated_papers,unrelated_papers
4044,unmatched,unresolved,unrelated_papers,unrelated_papers
4045,unmatched,unresolved,unrelated_papers,unrelated_papers
4046,unmatched,unresolved,unrelated_papers,unrelated_papers
4047,unmatched,unresolved,unrelated_papers,unrelated_papers
4048,unmatched,unresolved,same_paper,same_paper
4049,unmatched,unresolved,unrelated_papers,unrelated_papers
4050,unmatched,unresolved,unrelated_papers,unrelated_papers
4051,unmatched,unresolved,related_papers,related_papers
4052,unmatched,unresolved,related_papers,related_papers
4053,unmatched,unresolved,unrelated_papers,unrelated_papers
4054,unmatched,unresolved,unrelated_papers,unrelated_papers
4055,unmatched,unresolved,unrelated_papers,unrelated_papers
4056,unmatched,unresolved,related_papers,related_papers
4057,unmatched,unresolved,unrelated_papers,unrelated_papers
4058,unmatched,unresolved,unrelated_papers,unrelated_papers
4059,unmatched,unresolved,unrelated_papers,unrelated_papers
4060,unmatched,unresolved,related_papers,related_papers
4061,unmatched,unresolved,unrelated_papers,unrelated_papers
4062,unmatched,unresolved,unrelated_papers,unrelated_papers
4063,unmatched,unresolved,same_paper,same_paper
4064,unmatched,unresolved,related_papers,related_papers
4065,unmatched,unresolved,unrelated_papers,unrelated_papers
4066,unmatched,unresolved,unrelated_papers,unrelated_papers
4067,unmatched,unresolved,unrelated_papers,unrelated_papers
4068,unmatched,unresolved,related_papers,related_papers
4069,unmatched,unresolved,unrelated_papers,unrelated_papers
4070,unmatched,unresolved,unrelated_papers,unrelated_papers
4071,unmatched,unresolved,unrelated_papers,unrelated_papers
4072,unmatched,unresolved,unrelated_papers,unrelated_papers
4073,unmatched,unresolved,related_papers,related_papers
4074,unmatched,unresolved,related_papers,related_papers
4075,unmatched,unresolved,unrelated_papers,unrelated_papers
4076,unmatched,unresolved,related_papers,related_papers
4077,unmatched,unresolved,same_paper,same_paper
4078,unmatched,unresolved,related_papers,related_papers
4079,unmatched,unresolved,same_paper,same_paper
4080,unmatched,unresolved,related_papers,related_papers
4081,unmatched,unresolved,same_paper,same_paper
4082,unmatched,unresolved,unrelated_papers,unrelated_papers
4083,unmatched,unresolved,same_paper,same_paper
4084,unmatched,unresolved,related_papers,related_papers
4085,unmatched,unresolved,unrelated_papers,unrelated_papers
4086,unmatched,unresolved,unrelated_papers,unrelated_papers
4087,unmatched,unresolved,related_papers,related_papers
4088,unmatched,unresolved,related_papers,related_papers
4089,unmatched,unresolved,unrelated_papers,unrelated_papers
4090,unmatched,unresolved,same_paper,same_paper
4091,unmatched,unresolved,related_papers,related_papers
4092,unmatched,unresolved,same_paper,same_paper
4093,unmatched,unresolved,unrelated_papers,unrelated_papers
4094,unmatched,unresolved,related_papers,related_papers
4095,unmatched,unresolved,same_paper,same_paper
4096,unmatched,unresolved,unrelated_papers,unrelated_papers
4097,unmatched,unresolved,unrelated_papers,unrelated_papers
4098,unmatched,unresolved,related_papers,related_papers
4099,unmatched,unresolved,same_paper,same_paper
4100,unmatched,unresolved,unrelated_papers,unrelated_papers
4101,unmatched,unresolved,related_papers,related_papers
4102,unmatched,unresolved,unrelated_papers,unrelated_papers
4103,unmatched,unresolved,same_paper,same_paper
4104,unmatched,unresolved,related_papers,related_papers
4105,unmatched,unresolved,unrelated_papers,unrelated_papers
4106,unmatched,unresolved,unrelated_papers,unrelated_papers
4107,unmatched,unresolved,same_paper,same_paper
4108,unmatched,unresolved,related_papers,related_papers
4109,unmatched,unresolved,unrelated_papers,unrelated_papers
4110,unmatched,unresolved,unrelated_papers,unrelated_papers
4111,unmatched,unresolved,unrelated_papers,unrelated_papers
4112,unmatched,unresolved,related_papers,related_papers
4113,unmatched,unresolved,same_paper,same_paper
4114,unmatched,unresolved,same_paper,same_paper
4115,unmatched,unresolved,related_papers,related_papers
4116,unmatched,unresolved,related_papers,related_papers
4117,unmatched,unresolved,related_papers,related_papers
4118,unmatched,unresolved,unrelated_papers,unrelated_papers
4119,unmatched,unresolved,related_papers,related_papers
4120,unmatched,unresolved,same_paper,same_paper
4121,unmatched,unresolved,same_paper,same_paper
4122,unmatched,unresolved,same_paper,same_paper
4123,unmatched,unresolved,unrelated_papers,unrelated_papers
4124,unmatched,unresolved,related_papers,related_papers
4125,unmatched,unresolved,related_papers,related_papers
4126,unmatched,unresolved,unrelated_papers,unrelated_papers
4127,unmatched,unresolved,related_papers,related_papers
4128,unmatched,unresolved,unrelated_papers,unrelated_papers
4129,unmatched,unresolved,unrelated_papers,unrelated_papers
4130,unmatched,unresolved,related_papers,related_papers
4131,unmatched,unresolved,related_papers,related_papers
4132,unmatched,unresolved,unrelated_papers,unrelated_papers
4133,unmatched,unresolved,same_paper,same_paper
4134,unmatched,unresolved,related_papers,related_papers
4135,unmatched,unresolved,same_paper,same_paper
4136,unmatched,unresolved,related_papers,related_papers
4137,unmatched,unresolved,related_papers,related_papers
4138,unmatched,unresolved,unrelated_papers,unrelated_papers
4139,unmatched,unresolved,related_papers,related_papers
4140,unmatched,unresolved,unrelated_papers,unrelated_papers
4141,unmatched,unresolved,unrelated_papers,unrelated_papers
4142,unmatched,unresolved,same_paper,same_paper
4143,unmatched,unresolved,related_papers,related_papers
4144,unmatched,unresolved,same_paper,same_paper
4145,unmatched,unresolved,related_papers,related_papers
4146,unmatched,unresolved,related_papers,related_papers
4147,unmatched,unresolved,related_papers,related_papers
4148,unmatched,unresolved,related_papers,related_papers
4149,unmatched,unresolved,same_paper,same_paper
4150,unmatched,unresolved,same_paper,same_paper
4151,unmatched,unresolved,unrelated_papers,unrelated_papers
4152,unmatched,unresolved,same_paper,same_paper
4153,unmatched,unresolved,same_paper,same_paper
4154,unmatched,unresolved,unrelated_papers,unrelated_papers
4155,unmatched,unresolved,related_papers,related_papers
4156,unmatched,unresolved,unrelated_papers,unrelated_papers
4157,unmatched,unresolved,related_papers,related_papers
4158,unmatched,unresolved,related_papers,related_papers
4159,unmatched,unresolved,related_papers,related_papers
4160,unmatched,unresolved,related_papers,related_papers
4161,unmatched,unresolved,unrelated_papers,unrelated_papers
4162,unmatched,unresolved,unrelated_papers,unrelated_papers
4163,unmatched,unresolved,unrelated_papers,unrelated_papers
4164,unmatched,unresolved,same_paper,same_paper
4165,unmatched,unresolved,unrelated_papers,unrelated_papers
4166,unmatched,unresolved,unrelated_papers,unrelated_papers
4167,unmatched,unresolved,unrelated_papers,unrelated_papers
4168,unmatched,unresolved,related_papers,related_papers
4169,unmatched,unresolved,related_papers,related_papers
4170,unmatched,unresolved,unrelated_papers,unrelated_papers
4171,unmatched,unresolved,related_papers,related_papers
4172,unmatched,unresolved,same_paper,same_paper
4173,unmatched,unresolved,related_papers,related_papers
4174,unmatched,unresolved,related_papers,related_papers
4175,unmatched,unresolved,related_papers,related_papers
4176,unmatched,unresolved,related_papers,related_papers
4177,unmatched,unresolved,unrelated_papers,unrelated_papers
4178,unmatched,unresolved,unrelated_papers,unrelated_papers
4179,unmatched,unresolved,unrelated_papers,unrelated_papers
4180,unmatched,unresolved,related_papers,related_papers
4181,unmatched,unresolved,unrelated_papers,unrelated_papers
4182,unmatched,unresolved,same_paper,same_paper
4183,unmatched,unresolved,unrelated_papers,unrelated_papers
4184,unmatched,unresolved,related_papers,related_papers
4185,unmatched,unresolved,unrelated_papers,unrelated_papers
4186,unmatched,unresolved,unrelated_papers,unrelated_papers
4187,unmatched,unresolved,related_papers,related_papers
4188,unmatched,unresolved,unrelated_papers,unrelated_papers
4189,unmatched,unresolved,unrelated_papers,unrelated_papers
4190,unmatched,unresolved,same_paper,same_paper
4191,unmatched,unresolved,unrelated_papers,unrelated_papers
4192,unmatched,unresolved,unrelated_papers,unrelated_papers
4193,unmatched,unresolved,unrelated_papers,unrelated_papers
4194,unmatched,unresolved,unrelated_papers,unrelated_papers
4195,unmatched,unresolved,unrelated_papers,unrelated_papers
4196,unmatched,unresolved,unrelated_papers,unrelated_papers
4197,unmatched,unresolved,related_papers,related_papers
4198,unmatched,unresolved,same_paper,same_paper
4199,unmatched,unresolved,same_paper,same_paper
4200,unmatched,unresolved,unrelated_papers,unrelated_papers
4201,unmatched,unresolved,unrelated_papers,unrelated_papers
4202,unmatched,unresolved,same_paper,same_paper
4203,unmatched,unresolved,unrelated_papers,unrelated_papers
4204,unmatched,unresolved,unrelated_papers,unrelated_papers
4205,unmatched,unresolved,related_papers,related_papers
4206,unmatched,unresolved,same_paper,same_paper
4207,unmatched,unresolved,related_papers,related_papers
4208,unmatched,unresolved,unrelated_papers,unrelated_papers
4209,unmatched,unresolved,related_papers,related_papers
4210,unmatched,unresolved,same_paper,same_paper
4211,unmatched,unresolved,unrelated_papers,unrelated_papers
4212,unmatched,unresolved,same_paper,same_paper
4213,unmatched,unresolved,related_papers,related_papers
4214,unmatched,unresolved,unrelated_papers,unrelated_papers
4215,unmatched,unresolved,related_papers,related_papers
4216,unmatched,unresolved,same_paper,same_paper
4217,unmatched,unresolved,unrelated_papers,unrelated_papers
4218,unmatched,unresolved,unrelated_papers,unrelated_papers
4219,unmatched,unresolved,unrelated_papers,unrelated_papers
4220,unmatched,unresolved,unrelated_papers,unrelated_papers
4221,unmatched,unresolved,related_papers,related_papers
4222,unmatched,unresolved,related_papers,related_papers
4223,unmatched,unresolved,same_paper,same_paper
4224,unmatched,unresolved,same_paper,same_paper
4225,unmatched,unresolved,related_papers,related_papers
4226,unmatched,unresolved,related_papers,related_papers
4227,unmatched,unresolved,same_paper,same_paper
4228,unmatched,unresolved,related_papers,related_papers
4229,unmatched,unresolved,unrelated_papers,unrelated_papers
4230,unmatched,unresolved,unrelated_papers,unrelated_papers
4231,unmatched,unresolved,unrelated_papers,unrelated_papers
4232,unmatched,unresolved,unrelated_papers,unrelated_papers
4233,unmatched,unresolved,same_paper,same_paper
4234,unmatched,unresolved,related_papers,related_papers
4235,unmatched,unresolved,related_papers,related_papers
4236,unmatched,unresolved,related_papers,related_papers
4237,unmatched,unresolved,unrelated_papers,unrelated_papers
4238,unmatched,unresolved,unrelated_papers,unrelated_papers
4239,unmatched,unresolved,unrelated_papers,unrelated_papers
4240,unmatched,unresolved,related_papers,related_papers
4241,unmatched,unresolved,related_papers,related_papers
4242,unmatched,unresolved,unrelated_papers,unrelated_papers
4243,unmatched,unresolved,same_paper,same_paper
4244,unmatched,unresolved,same_paper,same_paper
4245,unmatched,unresolved,same_paper,same_paper
4246,unmatched,unresolved,same_paper,same_paper
4247,unmatched,unresolved,related_papers,related_papers
4248,unmatched,unresolved,unrelated_papers,unrelated_papers
4249,unmatched,unresolved,unrelated_papers,unrelated_papers
4250,unmatched,unresolved,unrelated_papers,unrelated_papers
4251,unmatched,unresolved,unrelated_papers,unrelated_papers
4252,unmatched,unresolved,unrelated_papers,unrelated_papers
4253,unmatched,unresolved,unrelated_papers,unrelated_papers
4254,unmatched,unresolved,unrelated_papers,unrelated_papers
4255,unmatched,unresolved,related_papers,related_papers
4256,unmatched,unresolved,related_papers,related_papers
4257,unmatched,unresolved,related_papers,related_papers
4258,unmatched,unresolved,unrelated_papers,unrelated_papers
4259,unmatched,unresolved,related_papers,related_papers
4260,unmatched,unresolved,unrelated_papers,unrelated_papers
4261,unmatched,unresolved,unrelated_papers,unrelated_papers
4262,unmatched,unresolved,unrelated_papers,unrelated_papers
4263,unmatched,unresolved,unrelated_papers,unrelated_papers
4264,unmatched,unresolved,same_paper,same_paper
4265,unmatched,unresolved,related_papers,related_papers
4266,unmatched,unresolved,related_papers,related_papers
4267,unmatched,unresolved,same_paper,same_paper
4268,unmatched,unresolved,related_papers,related_papers
4269,unmatched,unresolved,same_paper,same_paper
4270,unmatched,unresolved,unrelated_papers,unrelated_papers
4271,unmatched,unresolved,same_paper,same_paper
4272,unmatched,unresolved,unrelated_papers,unrelated_papers
4273,unmatched,unresolved,related_papers,related_papers
4274,unmatched,unresolved,unrelated_papers,unrelated_papers
4275,unmatched,unresolved,related_papers,related_papers
4276,unmatched,unresolved,unrelated_papers,unrelated_papers
4277,unmatched,unresolved,unrelated_papers,unrelated_papers
4278,unmatched,unresolved,same_paper,same_paper
4279,unmatched,unresolved,related_papers,related_papers
4280,unmatched,unresolved,unrelated_papers,unrelated_papers
4281,unmatched,unresolved,same_paper,same_paper
4282,unmatched,unresolved,unrelated_papers,unrelated_papers
4283,unmatched,unresolved,same_paper,same_paper
4284,unmatched,unresolved,unrelated_papers,unrelated_papers
4285,unmatched,unresolved,unrelated_papers,unrelated_papers
4286,unmatched,unresolved,unrelated_papers,unrelated_papers
4287,unmatched,unresolved,unrelated_papers,unrelated_papers
4288,unmatched,unresolved,same_paper,same_paper
4289,unmatched,unresolved,unrelated_papers,unrelated_papers
4290,unmatched,unresolved,unrelated_papers,unrelated_papers
4291,unmatched,unresolved,same_paper,same_paper
4292,unmatched,unresolved,unrelated_papers,unrelated_papers
4293,unmatched,unresolved,unrelated_papers,unrelated_papers
4294,unmatched,unresolved,related_papers,related_papers
4295,unmatched,unresolved,same_paper,same_paper
4296,unmatched,unresolved,related_papers,related_papers
4297,unmatched,unresolved,same_paper,same_paper
4298,unmatched,unresolved,same_paper,same_paper
4299,unmatched,unresolved,unrelated_papers,unrelated_papers
4300,unmatched,unresolved,unrelated_papers,unrelated_papers
4301,unmatched,unresolved,same_paper,same_paper
4302,unmatched,unresolved,unrelated_papers,unrelated_papers
4303,unmatched,unresolved,related_papers,related_papers
4304,unmatched,unresolved,unrelated_papers,unrelated_papers
4305,unmatched,unresolved,unrelated_papers,unrelated_papers
4306,unmatched,unresolved,unrelated_papers,unrelated_papers
4307,unmatched,unresolved,unrelated_papers,unrelated_papers
4308,unmatched,unresolved,same_paper,same_paper
4309,unmatched,unresolved,related_papers,related_papers
4310,unmatched,unresolved,same_paper,same_paper
4311,unmatched,unresolved,same_paper,same_paper
4312,unmatched,unresolved,unrelated_papers,unrelated_papers
4313,unmatched,unresolved,unrelated_papers,unrelated_papers
4314,unmatched,unresolved,unrelated_papers,unrelated_papers
4315,unmatched,unresolved,unrelated_papers,unrelated_papers
4316,unmatched,unresolved,same_paper,same_paper
4317,unmatched,unresolved,related_papers,related_papers
4318,unmatched,unresolved,same_paper,same_paper
4319,unmatched,unresolved,unrelated_papers,unrelated_papers
4320,unmatched,unresolved,unrelated_papers,unrelated_papers
4321,unmatched,unresolved,unrelated_papers,unrelated_papers
4322,unmatched,unresolved,same_paper,same_paper
4323,unmatched,unresolved,related_papers,related_papers
4324,unmatched,unresolved,related_papers,related_papers
4325,unmatched,unresolved,unrelated_papers,unrelated_papers
4326,unmatched,unresolved,related_papers,related_papers
4327,unmatched,unresolved,related_papers,related_papers
4328,unmatched,unresolved,unrelated_papers,unrelated_papers
4329,unmatched,unresolved,unrelated_papers,unrelated_papers
4330,unmatched,unresolved,unrelated_papers,unrelated_papers
4331,unmatched,unresolved,related_papers,related_papers
4332,unmatched,unresolved,related_papers,related_papers
4333,unmatched,unresolved,same_paper,same_paper
4334,unmatched,unresolved,related_papers,related_papers
4335,unmatched,unresolved,unrelated_papers,unrelated_papers
4336,unmatched,unresolved,unrelated_papers,unrelated_papers
4337,unmatched,unresolved,unrelated_papers,unrelated_papers
4338,unmatched,unresolved,related_papers,related_papers
4339,unmatched,unresolved,unrelated_papers,unrelated_papers
4340,unmatched,unresolved,unrelated_papers,unrelated_papers
4341,unmatched,unresolved,related_papers,related_papers
4342,unmatched,unresolved,unrelated_papers,unrelated_papers
4343,unmatched,unresolved,same_paper,same_paper
4344,unmatched,unresolved,related_papers,related_papers
4345,unmatched,unresolved,same_paper,same_paper
4346,unmatched,unresolved,unrelated_papers,unrelated_papers
4347,unmatched,unresolved,same_paper,same_paper
4348,unmatched,unresolved,related_papers,related_papers
4349,unmatched,unresolved,unrelated_papers,unrelated_papers
4350,unmatched,unresolved,related_papers,related_papers
4351,unmatched,unresolved,same_paper,same_paper
4352,unmatched,unresolved,related_papers,related_papers
4353,unmatched,unresolved,same_paper,same_paper
4354,unmatched,unresolved,unrelated_papers,unrelated_papers
4355,unmatched,unresolved,unrelated_papers,unrelated_papers
4356,unmatched,unresolved,unrelated_papers,unrelated_papers
4357,unmatched,unresolved,unrelated_papers,unrelated_papers
4358,unmatched,unresolved,unrelated_papers,unrelated_papers
4359,unmatched,unresolved,related_papers,related_papers
4360,unmatched,unresolved,unrelated_papers,unrelated_papers
4361,unmatched,unresolved,same_paper,same_paper
4362,unmatched,unresolved,unrelated_papers,unrelated_papers
4363,unmatched,unresolved,related_papers,related_papers
4364,unmatched,unresolved,unrelated_papers,unrelated_papers
4365,unmatched,unresolved,related_papers,related_papers
4366,unmatched,unresolved,related_papers,related_papers
4367,unmatched,unresolved,related_papers,related_papers
4368,unmatched,unresolved,related_papers,related_papers
4369,unmatched,unresolved,related_papers,related_papers
4370,unmatched,unresolved,related_papers,related_papers
4371,unmatched,unresolved,related_papers,related_papers
4372,unmatched,unresolved,unrelated_papers,unrelated_papers
4373,unmatched,unresolved,unrelated_papers,unrelated_papers
4374,unmatched,unresolved,unrelated_papers,unrelated_papers
4375,unmatched,unresolved,unrelated_papers,unrelated_papers
4376,unmatched,unresolved,unrelated_papers,unrelated_papers
4377,unmatched,unresolved,related_papers,related_papers
4378,unmatched,unresolved,unrelated_papers,unrelated_papers
4379,unmatched,unresolved,related_papers,related_papers
4380,unmatched,unresolved,related_papers,related_papers
4381,unmatched,unresolved,related_papers,related_papers
4382,unmatched,unresolved,unrelated_papers,unrelated_papers
4383,unmatched,unresolved,same_paper,same_paper
4384,unmatched,unresolved,unrelated_papers,unrelated_papers
4385,unmatched,unresolved,related_papers,related_papers
4386,unmatched,unresolved,same_paper,same_paper
4387,unmatched,unresolved,unrelated_papers,unrelated_papers
4388,unmatched,unresolved,same_paper,same_paper
4389,unmatched,unresolved,related_papers,related_papers
4390,unmatched,unresolved,unrelated_papers,unrelated_papers
4391,unmatched,unresolved,related_papers,related_papers
4392,unmatched,unresolved,same_paper,same_paper
4393,unmatched,unresolved,unrelated_papers,unrelated_papers
4394,unmatched,unresolved,related_papers,related_papers
4395,unmatched,unresolved,related_papers,related_papers
4396,unmatched,unresolved,related_papers,related_papers
4397,unmatched,unresolved,unrelated_papers,unrelated_papers
4398,unmatched,unresolved,unrelated_papers,unrelated_papers
4399,unmatched,unresolved,unrelated_papers,unrelated_papers
4400,unmatched,unresolved,unrelated_papers,unrelated_papers
4401,unmatched,unresolved,unrelated_papers,unrelated_papers
4402,unmatched,unresolved,unrelated_papers,unrelated_papers
4403,unmatched,unresolved,unrelated_papers,unrelated_papers
4404,unmatched,unresolved,unrelated_papers,unrelated_papers
4405,unmatched,unresolved,unrelated_papers,unrelated_papers
4406,unmatched,unresolved,related_papers,related_papers
4407,unmatched,unresolved,related_papers,related_papers
4408,unmatched,unresolved,unrelated_papers,unrelated_papers
4409,unmatched,unresolved,unrelated_papers,unrelated_papers
4410,unmatched,unresolved,same_paper,same_paper
4411,unmatched,unresolved,unrelated_papers,unrelated_papers
4412,unmatched,unresolved,unrelated_papers,unrelated_papers
4413,unmatched,unresolved,unrelated_papers,unrelated_papers
4414,unmatched,unresolved,unrelated_papers,unrelated_papers
4415,unmatched,unresolved,related_papers,related_papers
4416,unmatched,unresolved,related_papers,related_papers
4417,unmatched,unresolved,related_papers,related_papers
4418,unmatched,unresolved,same_paper,same_paper
4419,unmatched,unresolved,unrelated_papers,unrelated_papers
4420,unmatched,unresolved,related_papers,related_papers
4421,unmatched,unresolved,related_papers,related_papers
4422,unmatched,unresolved,related_papers,related_papers
4423,unmatched,unresolved,unrelated_papers,unrelated_papers
4424,unmatched,unresolved,unrelated_papers,unrelated_papers
4425,unmatched,unresolved,unrelated_papers,unrelated_papers
4426,unmatched,unresolved,related_papers,related_papers
4427,unmatched,unresolved,related_papers,related_papers
4428,unmatched,unresolved,same_paper,same_paper
4429,unmatched,unresolved,unrelated_papers,unrelated_papers
4430,unmatched,unresolved,unrelated_papers,unrelated_papers
4431,unmatched,unresolved,unrelated_papers,unrelated_papers
4432,unmatched,unresolved,unrelated_papers,unrelated_papers
4433,unmatched,unresolved,related_papers,related_papers
4434,unmatched,unresolved,unrelated_papers,unrelated_papers
4435,unmatched,unresolved,related_papers,related_papers
4436,unmatched,unresolved,related_papers,related_papers
4437,unmatched,unresolved,related_papers,related_papers
4438,unmatched,unresolved,unrelated_papers,unrelated_papers
4439,unmatched,unresolved,unrelated_papers,unrelated_papers
4440,unmatched,unresolved,unrelated_papers,unrelated_papers
4441,unmatched,unresolved,unrelated_papers,unrelated_papers
4442,unmatched,unresolved,unrelated_papers,unrelated_papers
4443,unmatched,unresolved,unrelated_papers,unrelated_papers
4444,unmatched,unresolved,same_paper,same_paper
4445,unmatched,unresolved,unrelated_papers,unrelated_papers
4446,unmatched,unresolved,related_papers,related_papers
4447,unmatched,unresolved,related_papers,related_papers
4448,unmatched,unresolved,same_paper,same_paper
4449,unmatched,unresolved,same_paper,same_paper
4450,unmatched,unresolved,related_papers,related_papers
4451,unmatched,unresolved,related_papers,related_papers
4452,unmatched,unresolved,related_papers,related_papers
4453,unmatched,unresolved,related_papers,related_papers
4454,unmatched,unresolved,related_papers,related_papers
4455,unmatched,unresolved,unrelated_papers,unrelated_papers
4456,unmatched,unresolved,same_paper,same_paper
4457,unmatched,unresolved,same_paper,same_paper
4458,unmatched,unresolved,unrelated_papers,unrelated_papers
4459,unmatched,unresolved,same_paper,same_paper
4460,unmatched,unresolved,related_papers,related_papers
4461,unmatched,unresolved,unrelated_papers,unrelated_papers
4462,unmatched,unresolved,unrelated_papers,unrelated_papers
4463,unmatched,unresolved,unrelated_papers,unrelated_papers
4464,unmatched,unresolved,unrelated_papers,unrelated_papers
4465,unmatched,unresolved,unrelated_papers,unrelated_papers
4466,unmatched,unresolved,unrelated_papers,unrelated_papers
4467,unmatched,unresolved,related_papers,related_papers
4468,unmatched,unresolved,related_papers,related_papers
4469,unmatched,unresolved,related_papers,related_papers
4470,unmatched,unresolved,related_papers,related_papers
4471,unmatched,unresolved,related_papers,related_papers
4472,unmatched,unresolved,unrelated_papers,unrelated_papers
4473,unmatched,unresolved,same_paper,same_paper
4474,unmatched,unresolved,unrelated_papers,unrelated_papers
4475,unmatched,unresolved,related_papers,related_papers
4476,unmatched,unresolved,related_papers,related_papers
4477,unmatched,unresolved,same_paper,same_paper
4478,unmatched,unresolved,related_papers,related_papers
4479,unmatched,unresolved,related_papers,related_papers
4480,unmatched,unresolved,related_papers,related_papers
4481,unmatched,unresolved,related_papers,related_papers
4482,unmatched,unresolved,related_papers,related_papers
4483,unmatched,unresolved,unrelated_papers,unrelated_papers
4484,unmatched,unresolved,unrelated_papers,unrelated_papers
4485,unmatched,unresolved,unrelated_papers,unrelated_papers
4486,unmatched,unresolved,related_papers,related_papers
4487,unmatched,unresolved,related_papers,related_papers
4488,unmatched,unresolved,unrelated_papers,unrelated_papers
4489,unmatched,unresolved,unrelated_papers,unrelated_papers
4490,unmatched,unresolved,unrelated_papers,unrelated_papers
4491,unmatched,unresolved,unrelated_papers,unrelated_papers
4492,unmatched,unresolved,unrelated_papers,unrelated_papers
4493,unmatched,unresolved,same_paper,same_paper
4494,unmatched,unresolved,related_papers,related_papers
4495,unmatched,unresolved,unrelated_papers,unrelated_papers
4496,unmatched,unresolved,related_papers,related_papers
4497,unmatched,unresolved,same_paper,same_paper
4498,unmatched,unresolved,same_paper,same_paper
4499,unmatched,unresolved,related_papers,related_papers
4500,unmatched,unresolved,same_paper,same_paper
4501,unmatched,unresolved,unrelated_papers,unrelated_papers
4502,unmatched,unresolved,unrelated_papers,unrelated_papers
4503,unmatched,unresolved,related_papers,related_papers
4504,unmatched,unresolved,related_papers,related_papers
4505,unmatched,unresolved,unrelated_papers,unrelated_papers
4506,unmatched,unresolved,related_papers,related_papers
4507,unmatched,unresolved,related_papers,related_papers
4508,unmatched,unresolved,unrelated_papers,unrelated_papers
4509,unmatched,unresolved,related_papers,related_papers
4510,unmatched,unresolved,related_papers,related_papers
4511,unmatched,unresolved,unrelated_papers,unrelated_papers
4512,unmatched,unresolved,unrelated_papers,unrelated_papers
4513,unmatched,unresolved,unrelated_papers,unrelated_papers
4514,unmatched,unresolved,same_paper,same_paper
4515,unmatched,unresolved,same_paper,same_paper
4516,unmatched,unresolved,related_papers,related_papers
4517,unmatched,unresolved,unrelated_papers,unrelated_papers
4518,unmatched,unresolved,related_papers,related_papers
4519,unmatched,unresolved,related_papers,related_papers
4520,unmatched,unresolved,related_papers,related_papers
4521,unmatched,unresolved,unrelated_papers,unrelated_papers
4522,unmatched,unresolved,related_papers,related_papers
4523,unmatched,unresolved,related_papers,related_papers
4524,unmatched,unresolved,unrelated_papers,unrelated_papers
4525,unmatched,unresolved,related_papers,related_papers
4526,unmatched,unresolved,same_paper,same_paper
4527,unmatched,unresolved,related_papers,related_papers
4528,unmatched,unresolved,same_paper,same_paper
4529,unmatched,unresolved,same_paper,same_paper
4530,unmatched,unresolved,related_papers,related_papers
4531,unmatched,unresolved,same_paper,same_paper
4532,unmatched,unresolved,related_papers,related_papers
4533,unmatched,unresolved,unrelated_papers,unrelated_papers
4534,unmatched,unresolved,unrelated_papers,unrelated_papers
4535,unmatched,unresolved,same_paper,same_paper
4536,unmatched,unresolved,unrelated_papers,unrelated_papers
4537,unmatched,unresolved,unrelated_papers,unrelated_papers
4538,unmatched,unresolved,unrelated_papers,unrelated_papers
4539,unmatched,unresolved,same_paper,same_paper
4540,unmatched,unresolved,unrelated_papers,unrelated_papers
4541,unmatched,unresolved,unrelated_papers,unrelated_papers
4542,unmatched,unresolved,unrelated_papers,unrelated_papers
4543,unmatched,unresolved,related_papers,related_papers
4544,unmatched,unresolved,unrelated_papers,unrelated_papers
4545,unmatched,unresolved,same_paper,same_paper
4546,unmatched,unresolved,unrelated_papers,unrelated_papers
4547,unmatched,unresolved,same_paper,same_paper
4548,unmatched,unresolved,unrelated_papers,unrelated_papers
4549,unmatched,unresolved,unrelated_papers,unrelated_papers
4550,unmatched,unresolved,related_papers,related_papers
4551,unmatched,unresolved,unrelated_papers,unrelated_papers
4552,unmatched,unresolved,unrelated_papers,unrelated_papers
4553,unmatched,unresolved,same_paper,same_paper
4554,unmatched,unresolved,related_papers,related_papers
4555,unmatched,unresolved,related_papers,related_papers
4556,unmatched,unresolved,same_paper,same_paper
4557,unmatched,unresolved,related_papers,related_papers
4558,unmatched,unresolved,related_papers,related_papers
4559,unmatched,unresolved,unrelated_papers,unrelated_papers
4560,unmatched,unresolved,related_papers,related_papers
4561,unmatched,unresolved,related_papers,related_papers
4562,unmatched,unresolved,unrelated_papers,unrelated_papers
4563,unmatched,unresolved,unrelated_papers,unrelated_papers
4564,unmatched,unresolved,related_papers,related_papers
4565,unmatched,unresolved,related_papers,related_papers
4566,unmatched,unresolved,related_papers,related_papers
4567,unmatched,unresolved,unrelated_papers,unrelated_papers
4568,unmatched,unresolved,related_papers,related_papers
4569,unmatched,unresolved,same_paper,same_paper
4570,unmatched,unresolved,unrelated_papers,unrelated_papers
4571,unmatched,unresolved,unrelated_papers,unrelated_papers
4572,unmatched,unresolved,related_papers,related_papers
4573,unmatched,unresolved,unrelated_papers,unrelated_papers
4574,unmatched,unresolved,unrelated_papers,unrelated_papers
4575,unmatched,unresolved,unrelated_papers,unrelated_papers
4576,unmatched,unresolved,unrelated_papers,unrelated_papers
4577,unmatched,unresolved,unrelated_papers,unrelated_papers
4578,unmatched,unresolved,related_papers,related_papers
4579,unmatched,unresolved,related_papers,related_papers
4580,unmatched,unresolved,unrelated_papers,unrelated_papers
4581,unmatched,unresolved,unrelated_papers,unrelated_papers
4582,unmatched,unresolved,related_papers,related_papers
4583,unmatched,unresolved,same_paper,same_paper
4584,unmatched,unresolved,related_papers,related_papers
4585,unmatched,unresolved,unrelated_papers,unrelated_papers
4586,unmatched,unresolved,unrelated_papers,unrelated_papers
4587,unmatched,unresolved,unrelated_papers,unrelated_papers
4588,unmatched,unresolved,same_paper,same_paper
4589,unmatched,unresolved,related_papers,related_papers
4590,unmatched,unresolved,related_papers,related_papers
4591,unmatched,unresolved,same_paper,same_paper
4592,unmatched,unresolved,unrelated_papers,unrelated_papers
4593,unmatched,unresolved,related_papers,related_papers
4594,unmatched,unresolved,unrelated_papers,unrelated_papers
4595,unmatched,unresolved,related_papers,related_papers
4596,unmatched,unresolved,unrelated_papers,unrelated_papers
4597,unmatched,unresolved,unrelated_papers,unrelated_papers
4598,unmatched,unresolved,unrelated_papers,unrelated_papers
4599,unmatched,unresolved,related_papers,related_papers
4600,unmatched,unresolved,related_papers,related_papers
4601,unmatched,unresolved,same_paper,same_paper
4602,unmatched,unresolved,same_paper,same_paper
4603,unmatched,unresolved,related_papers,related_papers
4604,unmatched,unresolved,unrelated_papers,unrelated_papers
4605,unmatched,unresolved,same_paper,same_paper
4606,unmatched,unresolved,related_papers,related_papers
4607,unmatched,unresolved,same_paper,same_paper
4608,unmatched,unresolved,unrelated_papers,unrelated_papers
4609,unmatched,unresolved,related_papers,related_papers
4610,unmatched,unresolved,related_papers,related_papers
4611,unmatched,unresolved,related_papers,related_papers
4612,unmatched,unresolved,related_papers,related_papers
4613,unmatched,unresolved,related_papers,related_papers
4614,unmatched,unresolved,unrelated_papers,unrelated_papers
4615,unmatched,unresolved,same_paper,same_paper
4616,unmatched,unresolved,unrelated_papers,unrelated_papers
4617,unmatched,unresolved,unrelated_papers,unrelated_papers
4618,unmatched,unresolved,unrelated_papers,unrelated_papers
4619,unmatched,unresolved,related_papers,related_papers
4620,unmatched,unresolved,related_papers,related_papers
4621,unmatched,unresolved,unrelated_papers,unrelated_papers
4622,unmatched,unresolved,related_papers,related_papers
4623,unmatched,unresolved,unrelated_papers,unrelated_papers
4624,unmatched,unresolved,unrelated_papers,unrelated_papers
4625,unmatched,unresolved,unrelated_papers,unrelated_papers
4626,unmatched,unresolved,related_papers,related_papers
4627,unmatched,unresolved,related_papers,related_papers
4628,unmatched,unresolved,same_paper,same_paper
4629,unmatched,unresolved,unrelated_papers,unrelated_papers
4630,unmatched,unresolved,unrelated_papers,unrelated_papers
4631,unmatched,unresolved,unrelated_papers,unrelated_papers
4632,unmatched,unresolved,same_paper,same_paper
4633,unmatched,unresolved,unrelated_papers,unrelated_papers
4634,unmatched,unresolved,same_paper,same_paper
4635,unmatched,unresolved,related_papers,related_papers
4636,unmatched,unresolved,unrelated_papers,unrelated_papers
4637,unmatched,unresolved,unrelated_papers,unrelated_papers
4638,unmatched,unresolved,unrelated_papers,unrelated_papers
4639,unmatched,unresolved,related_papers,related_papers
4640,unmatched,unresolved,unrelated_papers,unrelated_papers
4641,unmatched,unresolved,related_papers,related_papers
4642,unmatched,unresolved,unrelated_papers,unrelated_papers
4643,unmatched,unresolved,related_papers,related_papers
4644,unmatched,unresolved,related_papers,related_papers
4645,unmatched,unresolved,related_papers,related_papers
4646,unmatched,unresolved,same_paper,same_paper
4647,unmatched,unresolved,related_papers,related_papers
4648,unmatched,unresolved,unrelated_papers,unrelated_papers
4649,unmatched,unresolved,unrelated_papers,unrelated_papers
4650,unmatched,unresolved,related_papers,related_papers
4651,unmatched,unresolved,related_papers,related_papers
4652,unmatched,unresolved,unrelated_papers,unrelated_papers
4653,unmatched,unresolved,same_paper,same_paper
4654,unmatched,unresolved,unrelated_papers,unrelated_papers
4655,unmatched,unresolved,unrelated_papers,unrelated_papers
4656,unmatched,unresolved,unrelated_papers,unrelated_papers
4657,unmatched,unresolved,related_papers,related_papers
4658,unmatched,unresolved,related_papers,related_papers
4659,unmatched,unresolved,unrelated_papers,unrelated_papers
4660,unmatched,unresolved,related_papers,related_papers
4661,unmatched,unresolved,unrelated_papers,unrelated_papers
4662,unmatched,unresolved,unrelated_papers,unrelated_papers
4663,unmatched,unresolved,unrelated_papers,unrelated_papers
4664,unmatched,unresolved,unrelated_papers,unrelated_papers
4665,unmatched,unresolved,related_papers,related_papers
4666,unmatched,unresolved,same_paper,same_paper
4667,unmatched,unresolved,unrelated_papers,unrelated_papers
4668,unmatched,unresolved,unrelated_papers,unrelated_papers
4669,unmatched,unresolved,unrelated_papers,unrelated_papers
4670,unmatched,unresolved,unrelated_papers,unrelated_papers
4671,unmatched,unresolved,related_papers,related_papers
4672,unmatched,unresolved,unrelated_papers,unrelated_papers
4673,unmatched,unresolved,unrelated_papers,unrelated_papers
4674,unmatched,unresolved,related_papers,related_papers
4675,unmatched,unresolved,related_papers,related_papers
4676,unmatched,unresolved,related_papers,related_papers
4677,unmatched,unresolved,unrelated_papers,unrelated_papers
4678,unmatched,unresolved,unrelated_papers,unrelated_papers
4679,unmatched,unresolved,unrelated_papers,unrelated_papers
4680,unmatched,unresolved,unrelated_papers,unrelated_papers
4681,unmatched,unresolved,unrelated_papers,unrelated_papers
4682,unmatched,unresolved,unrelated_papers,unrelated_papers
4683,unmatched,unresolved,related_papers,related_papers
4684,unmatched,unresolved,related_papers,related_papers
4685,unmatched,unresolved,unrelated_papers,unrelated_papers
4686,unmatched,unresolved,related_papers,related_papers
4687,unmatched,unresolved,related_papers,related_papers
4688,unmatched,unresolved,same_paper,same_paper
4689,unmatched,unresolved,related_papers,related_papers
4690,unmatched,unresolved,related_papers,related_papers
4691,unmatched,unresolved,related_papers,related_papers
4692,unmatched,unresolved,unrelated_papers,unrelated_papers
4693,unmatched,unresolved,unrelated_papers,unrelated_papers
4694,unmatched,unresolved,unrelated_papers,unrelated_papers
4695,unmatched,unresolved,unrelated_papers,unrelated_papers
4696,unmatched,unresolved,unrelated_papers,unrelated_papers
4697,unmatched,unresolved,unrelated_papers,unrelated_papers
4698,unmatched,unresolved,unrelated_papers,unrelated_papers
4699,unmatched,unresolved,unrelated_papers,unrelated_papers
4700,unmatched,unresolved,unrelated_papers,unrelated_papers
4701,unmatched,unresolved,unrelated_papers,unrelated_papers
4702,unmatched,unresolved,unrelated_papers,unrelated_papers
4703,unmatched,unresolved,related_papers,related_papers
4704,unmatched,unresolved,related_papers,related_papers
4705,unmatched,unresolved,unrelated_papers,unrelated_papers
4706,unmatched,unresolved,related_papers,related_papers
4707,unmatched,unresolved,unrelated_papers,unrelated_papers
4708,unmatched,unresolved,unrelated_papers,unrelated_papers
4709,unmatched,unresolved,same_paper,same_paper
4710,unmatched,unresolved,same_paper,same_paper
4711,unmatched,unresolved,unrelated_papers,unrelated_papers
4712,unmatched,unresolved,related_papers,related_papers
4713,unmatched,unresolved,unrelated_papers,unrelated_papers
4714,unmatched,unresolved,same_paper,same_paper
4715,unmatched,unresolved,related_papers,related_papers
4716,unmatched,unresolved,related_papers,related_papers
4717,unmatched,unresolved,same_paper,same_paper
4718,unmatched,unresolved,related_papers,related_papers
4719,unmatched,unresolved,same_paper,same_paper
4720,unmatched,unresolved,related_papers,related_papers
4721,unmatched,unresolved,unrelated_papers,unrelated_papers
4722,unmatched,unresolved,related_papers,related_papers
4723,unmatched,unresolved,related_papers,related_papers
4724,unmatched,unresolved,unrelated_papers,unrelated_papers
4725,unmatched,unresolved,related_papers,related_papers
4726,unmatched,unresolved,related_papers,related_papers
4727,unmatched,unresolved,same_paper,same_paper
4728,unmatched,unresolved,related_papers,related_papers
4729,unmatched,unresolved,same_paper,same_paper
4730,unmatched,unresolved,unrelated_papers,unrelated_papers
4731,unmatched,unresolved,related_papers,related_papers
4732,unmatched,unresolved,unrelated_papers,unrelated_papers
4733,unmatched,unresolved,related_papers,related_papers
4734,unmatched,unresolved,same_paper,same_paper
4735,unmatched,unresolved,related_papers,related_papers
4736,unmatched,unresolved,same_paper,same_paper
4737,unmatched,unresolved,related_papers,related_papers
4738,unmatched,unresolved,same_paper,same_paper
4739,unmatched,unresolved,same_paper,same_paper
4740,unmatched,unresolved,unrelated_papers,unrelated_papers
4741,unmatched,unresolved,same_paper,same_paper
4742,unmatched,unresolved,unrelated_papers,unrelated_papers
4743,unmatched,unresolved,unrelated_papers,unrelated_papers
4744,unmatched,unresolved,related_papers,related_papers
4745,unmatched,unresolved,unrelated_papers,unrelated_papers
4746,unmatched,unresolved,related_papers,related_papers
4747,unmatched,unresolved,related_papers,related_papers
4748,unmatched,unresolved,related_papers,related_papers
4749,unmatched,unresolved,unrelated_papers,unrelated_papers
4750,unmatched,unresolved,unrelated_papers,unrelated_papers
4751,unmatched,unresolved,unrelated_papers,unrelated_papers
4752,unmatched,unresolved,related_papers,related_papers
4753,unmatched,unresolved,same_paper,same_paper
4754,unmatched,unresolved,unrelated_papers,unrelated_papers
4755,unmatched,unresolved,unrelated_papers,unrelated_papers
4756,unmatched,unresolved,related_papers,related_papers
4757,unmatched,unresolved,same_paper,same_paper
4758,unmatched,unresolved,unrelated_papers,unrelated_papers
4759,unmatched,unresolved,unrelated_papers,unrelated_papers
4760,unmatched,unresolved,unrelated_papers,unrelated_papers
4761,unmatched,unresolved,unrelated_papers,unrelated_papers
4762,unmatched,unresolved,unrelated_papers,unrelated_papers
4763,unmatched,unresolved,same_paper,same_paper
4764,unmatched,unresolved,related_papers,related_papers
4765,unmatched,unresolved,same_paper,same_paper
4766,unmatched,unresolved,same_paper,same_paper
4767,unmatched,unresolved,unrelated_papers,unrelated_papers
4768,unmatched,unresolved,related_papers,related_papers
4769,unmatched,unresolved,unrelated_papers,unrelated_papers
4770,unmatched,unresolved,unrelated_papers,unrelated_papers
4771,unmatched,unresolved,related_papers,related_papers
4772,unmatched,unresolved,related_papers,related_papers
4773,unmatched,unresolved,same_paper,same_paper
4774,unmatched,unresolved,related_papers,related_papers
4775,unmatched,unresolved,unrelated_papers,unrelated_papers
4776,unmatched,unresolved,related_papers,related_papers
4777,unmatched,unresolved,unrelated_papers,unrelated_papers
4778,unmatched,unresolved,unrelated_papers,unrelated_papers
4779,unmatched,unresolved,unrelated_papers,unrelated_papers
4780,unmatched,unresolved,related_papers,related_papers
4781,unmatched,unresolved,unrelated_papers,unrelated_papers
4782,unmatched,unresolved,related_papers,related_papers
4783,unmatched,unresolved,unrelated_papers,unrelated_papers
4784,unmatched,unresolved,unrelated_papers,unrelated_papers
4785,unmatched,unresolved,same_paper,same_paper
4786,unmatched,unresolved,unrelated_papers,unrelated_papers
4787,unmatched,unresolved,unrelated_papers,unrelated_papers
4788,unmatched,unresolved,unrelated_papers,unrelated_papers
4789,unmatched,unresolved,related_papers,related_papers
4790,unmatched,unresolved,unrelated_papers,unrelated_papers
4791,unmatched,unresolved,related_papers,related_papers
4792,unmatched,unresolved,unrelated_papers,unrelated_papers
4793,unmatched,unresolved,same_paper,same_paper
4794,unmatched,unresolved,unrelated_papers,unrelated_papers
4795,unmatched,unresolved,unrelated_papers,unrelated_papers
4796,unmatched,unresolved,related_papers,related_papers
4797,unmatched,unresolved,related_papers,related_papers
4798,unmatched,unresolved,unrelated_papers,unrelated_papers
4799,unmatched,unresolved,unrelated_papers,unrelated_papers
4800,unmatched,unresolved,related_papers,related_papers
4801,unmatched,unresolved,related_papers,related_papers
4802,unmatched,unresolved,unrelated_papers,unrelated_papers
4803,unmatched,unresolved,related_papers,related_papers
4804,unmatched,unresolved,related_papers,related_papers
4805,unmatched,unresolved,related_papers,related_papers
4806,unmatched,unresolved,same_paper,same_paper
4807,unmatched,unresolved,related_papers,related_papers
4808,unmatched,unresolved,unrelated_papers,unrelated_papers
4809,unmatched,unresolved,same_paper,same_paper
4810,unmatched,unresolved,unrelated_papers,unrelated_papers
4811,unmatched,unresolved,related_papers,related_papers
4812,unmatched,unresolved,related_papers,related_papers
4813,unmatched,unresolved,unrelated_papers,unrelated_papers
4814,unmatched,unresolved,related_papers,related_papers
4815,unmatched,unresolved,unrelated_papers,unrelated_papers
4816,unmatched,unresolved,same_paper,same_paper
4817,unmatched,unresolved,unrelated_papers,unrelated_papers
4818,unmatched,unresolved,unrelated_papers,unrelated_papers
4819,unmatched,unresolved,same_paper,same_paper
4820,unmatched,unresolved,unrelated_papers,unrelated_papers
4821,unmatched,unresolved,unrelated_papers,unrelated_papers
4822,unmatched,unresolved,unrelated_papers,unrelated_papers
4823,unmatched,unresolved,related_papers,related_papers
4824,unmatched,unresolved,unrelated_papers,unrelated_papers
4825,unmatched,unresolved,same_paper,same_paper
4826,unmatched,unresolved,related_papers,related_papers
4827,unmatched,unresolved,same_paper,same_paper
4828,unmatched,unresolved,related_papers,related_papers
4829,unmatched,unresolved,related_papers,related_papers
4830,unmatched,unresolved,same_paper,same_paper
4831,unmatched,unresolved,unrelated_papers,unrelated_papers
4832,unmatched,unresolved,unrelated_papers,unrelated_papers
4833,unmatched,unresolved,unrelated_papers,unrelated_papers
4834,unmatched,unresolved,unrelated_papers,unrelated_papers
4835,unmatched,unresolved,unrelated_papers,unrelated_papers
4836,unmatched,unresolved,same_paper,same_paper
4837,unmatched,unresolved,unrelated_papers,unrelated_papers
4838,unmatched,unresolved,related_papers,related_papers
4839,unmatched,unresolved,unrelated_papers,unrelated_papers
4840,unmatched,unresolved,unrelated_papers,unrelated_papers
4841,unmatched,unresolved,same_paper,same_paper
4842,unmatched,unresolved,same_paper,same_paper
4843,unmatched,unresolved,unrelated_papers,unrelated_papers
4844,unmatched,unresolved,same_paper,same_paper
4845,unmatched,unresolved,unrelated_papers,unrelated_papers
4846,unmatched,unresolved,related_papers,related_papers
4847,unmatched,unresolved,related_papers,related_papers
4848,unmatched,unresolved,related_papers,related_papers
4849,unmatched,unresolved,same_paper,same_paper
4850,unmatched,unresolved,same_paper,same_paper
4851,unmatched,unresolved,same_paper,same_paper
4852,unmatched,unresolved,unrelated_papers,unrelated_papers
4853,unmatched,unresolved,same_paper,same_paper
4854,unmatched,unresolved,unrelated_papers,unrelated_papers
4855,unmatched,unresolved,same_paper,same_paper
4856,unmatched,unresolved,unrelated_papers,unrelated_papers
4857,unmatched,unresolved,related_papers,related_papers
4858,unmatched,unresolved,same_paper,same_paper
4859,unmatched,unresolved,unrelated_papers,unrelated_papers
4860,unmatched,unresolved,unrelated_papers,unrelated_papers
4861,unmatched,unresolved,related_papers,related_papers
4862,unmatched,unresolved,related_papers,related_papers
4863,unmatched,unresolved,related_papers,related_papers
4864,unmatched,unresolved,related_papers,related_papers
4865,unmatched,unresolved,unrelated_papers,unrelated_papers
4866,unmatched,unresolved,related_papers,related_papers
4867,unmatched,unresolved,same_paper,same_paper
4868,unmatched,unresolved,unrelated_papers,unrelated_papers
4869,unmatched,unresolved,unrelated_papers,unrelated_papers
4870,unmatched,unresolved,unrelated_papers,unrelated_papers
4871,unmatched,unresolved,unrelated_papers,unrelated_papers
4872,unmatched,unresolved,related_papers,related_papers
4873,unmatched,unresolved,same_paper,same_paper
4874,unmatched,unresolved,related_papers,related_papers
4875,unmatched,unresolved,related_papers,related_papers
4876,unmatched,unresolved,unrelated_papers,unrelated_papers
4877,unmatched,unresolved,related_papers,related_papers
4878,unmatched,unresolved,unrelated_papers,unrelated_papers
4879,unmatched,unresolved,related_papers,related_papers
4880,unmatched,unresolved,related_papers,related_papers
4881,unmatched,unresolved,unrelated_papers,unrelated_papers
4882,unmatched,unresolved,related_papers,related_papers
4883,unmatched,unresolved,same_paper,same_paper
4884,unmatched,unresolved,unrelated_papers,unrelated_papers
4885,unmatched,unresolved,unrelated_papers,unrelated_papers
4886,unmatched,unresolved,related_papers,related_papers
4887,unmatched,unresolved,unrelated_papers,unrelated_papers
4888,unmatched,unresolved,related_papers,related_papers
4889,unmatched,unresolved,unrelated_papers,unrelated_papers
4890,unmatched,unresolved,related_papers,related_papers
4891,unmatched,unresolved,unrelated_papers,unrelated_papers
4892,unmatched,unresolved,unrelated_papers,unrelated_papers
4893,unmatched,unresolved,unrelated_papers,unrelated_papers
4894,unmatched,unresolved,related_papers,related_papers
4895,unmatched,unresolved,unrelated_papers,unrelated_papers
4896,unmatched,unresolved,same_paper,same_paper
4897,unmatched,unresolved,unrelated_papers,unrelated_papers
4898,unmatched,unresolved,related_papers,related_papers
4899,unmatched,unresolved,unrelated_papers,unrelated_papers
4900,unmatched,unresolved,unrelated_papers,unrelated_papers
4901,unmatched,unresolved,related_papers,related_papers
4902,unmatched,unresolved,unrelated_papers,unrelated_papers
4903,unmatched,unresolved,unrelated_papers,unrelated_papers
4904,unmatched,unresolved,related_papers,related_papers
4905,unmatched,unresolved,related_papers,related_papers
4906,unmatched,unresolved,unrelated_papers,unrelated_papers
4907,unmatched,unresolved,unrelated_papers,unrelated_papers
4908,unmatched,unresolved,related_papers,related_papers
4909,unmatched,unresolved,unrelated_papers,unrelated_papers
4910,unmatched,unresolved,unrelated_papers,unrelated_papers
4911,unmatched,unresolved,unrelated_papers,unrelated_papers
4912,unmatched,unresolved,unrelated_papers,unrelated_papers
4913,unmatched,unresolved,same_paper,same_paper
4914,unmatched,unresolved,unrelated_papers,unrelated_papers
4915,unmatched,unresolved,same_paper,same_paper
4916,unmatched,unresolved,same_paper,same_paper
4917,unmatched,unresolved,same_paper,same_paper
4918,unmatched,unresolved,related_papers,related_papers
4919,unmatched,unresolved,unrelated_papers,unrelated_papers
4920,unmatched,unresolved,related_papers,related_papers
4921,unmatched,unresolved,related_papers,related_papers
4922,unmatched,unresolved,unrelated_papers,unrelated_papers
4923,unmatched,unresolved,related_papers,related_papers
4924,unmatched,unresolved,related_papers,related_papers
4925,unmatched,unresolved,related_papers,related_papers
4926,unmatched,unresolved,unrelated_papers,unrelated_papers
4927,unmatched,unresolved,unrelated_papers,unrelated_papers
4928,unmatched,unresolved,unrelated_papers,unrelated_papers
4929,unmatched,unresolved,related_papers,related_papers
4930,unmatched,unresolved,related_papers,related_papers
4931,unmatched,unresolved,related_papers,related_papers
4932,unmatched,unresolved,related_papers,related_papers
4933,unmatched,unresolved,unrelated_papers,unrelated_papers
4934,unmatched,unresolved,related_papers,related_papers
4935,unmatched,unresolved,related_papers,related_papers
4936,unmatched,unresolved,unrelated_papers,unrelated_papers
4937,unmatched,unresolved,same_paper,same_paper
4938,unmatched,unresolved,related_papers,related_papers
4939,unmatched,unresolved,unrelated_papers,unrelated_papers
4940,unmatched,unresolved,same_paper,same_paper
4941,unmatched,unresolved,unrelated_papers,unrelated_papers
4942,unmatched,unresolved,unrelated_papers,unrelated_papers
4943,unmatched,unresolved,related_papers,related_papers
4944,unmatched,unresolved,unrelated_papers,unrelated_papers
4945,unmatched,unresolved,unrelated_papers,unrelated_papers
4946,unmatched,unresolved,related_papers,related_papers
4947,unmatched,unresolved,related_papers,related_papers
4948,unmatched,unresolved,related_papers,related_papers
4949,unmatched,unresolved,same_paper,same_paper
4950,unmatched,unresolved,unrelated_papers,unrelated_papers
4951,unmatched,unresolved,same_paper,same_paper
4952,unmatched,unresolved,same_paper,same_paper
4953,unmatched,unresolved,same_paper,same_paper
4954,unmatched,unresolved,same_paper,same_paper
4955,unmatched,unresolved,same_paper,same_paper
4956,unmatched,unresolved,unrelated_papers,unrelated_papers
4957,unmatched,unresolved,unrelated_papers,unrelated_papers
4958,unmatched,unresolved,related_papers,related_papers
4959,unmatched,unresolved,unrelated_papers,unrelated_papers
4960,unmatched,unresolved,unrelated_papers,unrelated_papers
4961,unmatched,unresolved,unrelated_papers,unrelated_papers
4962,unmatched,unresolved,unrelated_papers,unrelated_papers
4963,unmatched,unresolved,related_papers,related_papers
4964,unmatched,unresolved,unrelated_papers,unrelated_papers
4965,unmatched,unresolved,related_papers,related_papers
4966,unmatched,unresolved,same_paper,same_paper
4967,unmatched,unresolved,related_papers,related_papers
4968,unmatched,unresolved,related_papers,related_papers
4969,unmatched,unresolved,unrelated_papers,unrelated_papers
4970,unmatched,unresolved,unrelated_papers,unrelated_papers
4971,unmatched,unresolved,unrelated_papers,unrelated_papers
4972,unmatched,unresolved,related_papers,related_papers
4973,unmatched,unresolved,related_papers,related_papers
4974,unmatched,unresolved,unrelated_papers,unrelated_papers
4975,unmatched,unresolved,same_paper,same_paper
4976,unmatched,unresolved,related_papers,related_papers
4977,unmatched,unresolved,related_papers,related_papers
4978,unmatched,unresolved,related_papers,related_papers
4979,unmatched,unresolved,same_paper,same_paper
4980,unmatched,unresolved,unrelated_papers,unrelated_papers
4981,unmatched,unresolved,same_paper,same_paper
4982,unmatched,unresolved,related_papers,related_papers
4983,unmatched,unresolved,same_paper,same_paper
4984,unmatched,unresolved,same_paper,same_paper
4985,unmatched,unresolved,unrelated_papers,unrelated_papers
4986,unmatched,unresolved,unrelated_papers,unrelated_papers
4987,unmatched,unresolved,unrelated_papers,unrelated_papers
4988,unmatched,unresolved,unrelated_papers,unrelated_papers
4989,unmatched,unresolved,same_paper,same_paper
4990,unmatched,unresolved,unrelated_papers,unrelated_papers
4991,unmatched,unresolved,same_paper,same_paper
4992,unmatched,unresolved,related_papers,related_papers
4993,unmatched,unresolved,unrelated_papers,unrelated_papers
4994,unmatched,unresolved,same_paper,same_paper
4995,unmatched,unresolved,unrelated_papers,unrelated_papers
4996,unmatched,unresolved,unrelated_papers,unrelated_papers
4997,unmatched,unresolved,related_papers,related_papers
4998,unmatched,unresolved,related_papers,related_papers
4999,unmatched,unresolved,same_paper,same_paper
5000,unmatched,unresolved,unrelated_papers,unrelated_papers
5001,unmatched,unresolved,related_papers,related_papers
5002,unmatched,unresolved,unrelated_papers,unrelated_papers
5003,unmatched,unresolved,related_papers,related_papers
5004,unmatched,unresolved,related_papers,related_papers
5005,unmatched,unresolved,unrelated_papers,unrelated_papers
5006,unmatched,unresolved,unrelated_papers,unrelated_papers
5007,unmatched,unresolved,unrelated_papers,unrelated_papers
5008,unmatched,unresolved,same_figure,same_figure
5009,unmatched,unresolved,unrelated_papers,unrelated_papers
5010,unmatched,unresolved,same_figure,same_figure
5011,unmatched,unresolved,related_papers,related_papers
5012,unmatched,unresolved,same_figure,same_figure
5013,unmatched,unresolved,unrelated_papers,unrelated_papers
5014,unmatched,unresolved,same_figure,same_figure
5015,unmatched,unresolved,unrelated_papers,unrelated_papers
5016,unmatched,unresolved,unrelated_papers,unrelated_papers
5017,unmatched,unresolved,same_figure,same_figure
5018,unmatched,unresolved,same_paper,same_paper
5019,unmatched,unresolved,related_papers,related_papers
5020,unmatched,unresolved,unrelated_papers,unrelated_papers
5021,unmatched,unresolved,unrelated_papers,unrelated_papers
5022,unmatched,unresolved,unrelated_papers,unrelated_papers
5023,unmatched,unresolved,same_figure,same_figure
5024,unmatched,unresolved,same_paper,same_paper
5025,unmatched,unresolved,unrelated_papers,unrelated_papers
5026,unmatched,unresolved,unrelated_papers,unrelated_papers
5027,unmatched,unresolved,unrelated_papers,unrelated_papers
5028,unmatched,unresolved,related_papers,related_papers
5029,unmatched,unresolved,unrelated_papers,unrelated_papers
5030,unmatched,unresolved,related_papers,related_papers
5031,unmatched,unresolved,same_paper,same_paper
5032,unmatched,unresolved,same_figure,same_figure
5033,unmatched,unresolved,same_paper,same_paper
5034,unmatched,unresolved,same_figure,same_figure
5035,unmatched,unresolved,same_paper,same_paper
5036,unmatched,unresolved,same_paper,same_paper
5037,unmatched,unresolved,same_paper,same_paper
5038,unmatched,unresolved,same_figure,same_figure
5039,unmatched,unresolved,related_papers,related_papers
5040,unmatched,unresolved,related_papers,related_papers
5041,unmatched,unresolved,related_papers,related_papers
5042,unmatched,unresolved,related_papers,related_papers
5043,unmatched,unresolved,related_papers,related_papers
5044,unmatched,unresolved,unrelated_papers,unrelated_papers
5045,unmatched,unresolved,same_paper,same_paper
5046,unmatched,unresolved,unrelated_papers,unrelated_papers
5047,unmatched,unresolved,unrelated_papers,unrelated_papers
5048,unmatched,unresolved,unrelated_papers,unrelated_papers
5049,unmatched,unresolved,related_papers,related_papers
5050,unmatched,unresolved,same_paper,same_paper
5051,unmatched,unresolved,unrelated_papers,unrelated_papers
5052,unmatched,unresolved,unrelated_papers,unrelated_papers
5053,unmatched,unresolved,unrelated_papers,unrelated_papers
5054,unmatched,unresolved,same_paper,same_paper
5055,unmatched,unresolved,related_papers,related_papers
5056,unmatched,unresolved,related_papers,related_papers
5057,unmatched,unresolved,related_papers,related_papers
5058,unmatched,unresolved,related_papers,related_papers
5059,unmatched,unresolved,unrelated_papers,unrelated_papers
5060,unmatched,unresolved,unrelated_papers,unrelated_papers
5061,unmatched,unresolved,unrelated_papers,unrelated_papers
5062,unmatched,unresolved,unrelated_papers,unrelated_papers
5063,unmatched,unresolved,related_papers,related_papers
5064,unmatched,unresolved,same_figure,same_figure
5065,unmatched,unresolved,related_papers,related_papers
5066,unmatched,unresolved,same_paper,same_paper
5067,unmatched,unresolved,unrelated_papers,unrelated_papers
5068,unmatched,unresolved,related_papers,related_papers
5069,unmatched,unresolved,same_paper,same_paper
5070,unmatched,unresolved,related_papers,related_papers
5071,unmatched,unresolved,unrelated_papers,unrelated_papers
5072,unmatched,unresolved,related_papers,related_papers
5073,unmatched,unresolved,related_papers,related_papers
5074,unmatched,unresolved,unrelated_papers,unrelated_papers
5075,unmatched,unresolved,unrelated_papers,unrelated_papers
5076,unmatched,unresolved,same_figure,same_figure
5077,unmatched,unresolved,same_paper,same_paper
5078,unmatched,unresolved,unrelated_papers,unrelated_papers
5079,unmatched,unresolved,unrelated_papers,unrelated_papers
5080,unmatched,unresolved,related_papers,related_papers
5081,unmatched,unresolved,unrelated_papers,unrelated_papers
5082,unmatched,unresolved,unrelated_papers,unrelated_papers
5083,unmatched,unresolved,unrelated_papers,unrelated_papers
5084,unmatched,unresolved,unrelated_papers,unrelated_papers
5085,unmatched,unresolved,unrelated_papers,unrelated_papers
5086,unmatched,unresolved,unrelated_papers,unrelated_papers
5087,unmatched,unresolved,same_paper,same_paper
5088,unmatched,unresolved,same_paper,same_paper
5089,unmatched,unresolved,unrelated_papers,unrelated_papers
5090,unmatched,unresolved,related_papers,related_papers
5091,unmatched,unresolved,same_paper,same_paper
5092,unmatched,unresolved,same_paper,same_paper
5093,unmatched,unresolved,same_figure,same_figure
5094,unmatched,unresolved,same_paper,same_paper
5095,unmatched,unresolved,same_figure,same_figure
5096,unmatched,unresolved,unrelated_papers,unrelated_papers
5097,unmatched,unresolved,unrelated_papers,unrelated_papers
5098,unmatched,unresolved,same_figure,same_figure
5099,unmatched,unresolved,related_papers,related_papers
5100,unmatched,unresolved,related_papers,related_papers
5101,unmatched,unresolved,related_papers,related_papers
5102,unmatched,unresolved,same_paper,same_paper
5103,unmatched,unresolved,unrelated_papers,unrelated_papers
5104,unmatched,unresolved,related_papers,related_papers
5105,unmatched,unresolved,unrelated_papers,unrelated_papers
5106,unmatched,unresolved,same_figure,same_figure
5107,unmatched,unresolved,unrelated_papers,unrelated_papers
5108,unmatched,unresolved,same_figure,same_figure
5109,unmatched,unresolved,unrelated_papers,unrelated_papers
5110,unmatched,unresolved,same_figure,same_figure
5111,unmatched,unresolved,unrelated_papers,unrelated_papers
5112,unmatched,unresolved,related_papers,related_papers
5113,unmatched,unresolved,unrelated_papers,unrelated_papers
5114,unmatched,unresolved,same_figure,same_figure
5115,unmatched,unresolved,same_paper,same_paper
5116,unmatched,unresolved,unrelated_papers,unrelated_papers
5117,unmatched,unresolved,same_paper,same_paper
5118,unmatched,unresolved,unrelated_papers,unrelated_papers
5119,unmatched,unresolved,unrelated_papers,unrelated_papers
5120,unmatched,unresolved,same_figure,same_figure
5121,unmatched,unresolved,unrelated_papers,unrelated_papers
5122,unmatched,unresolved,same_paper,same_paper
5123,unmatched,unresolved,related_papers,related_papers
5124,unmatched,unresolved,same_figure,same_figure
5125,unmatched,unresolved,unrelated_papers,unrelated_papers
5126,unmatched,unresolved,same_paper,same_paper
5127,unmatched,unresolved,unrelated_papers,unrelated_papers
5128,unmatched,unresolved,related_papers,related_papers
5129,unmatched,unresolved,same_paper,same_paper
5130,unmatched,unresolved,related_papers,related_papers
5131,unmatched,unresolved,unrelated_papers,unrelated_papers
5132,unmatched,unresolved,unrelated_papers,unrelated_papers
5133,unmatched,unresolved,related_papers,related_papers
5134,unmatched,unresolved,unrelated_papers,unrelated_papers
5135,unmatched,unresolved,unrelated_papers,unrelated_papers
5136,unmatched,unresolved,related_papers,related_papers
5137,unmatched,unresolved,unrelated_papers,unrelated_papers
5138,unmatched,unresolved,related_papers,related_papers
5139,unmatched,unresolved,unrelated_papers,unrelated_papers
5140,unmatched,unresolved,same_paper,same_paper
5141,unmatched,unresolved,unrelated_papers,unrelated_papers
5142,unmatched,unresolved,same_paper,same_paper
5143,unmatched,unresolved,same_paper,same_paper
5144,unmatched,unresolved,same_paper,same_paper
5145,unmatched,unresolved,unrelated_papers,unrelated_papers
5146,unmatched,unresolved,unrelated_papers,unrelated_papers
5147,unmatched,unresolved,unrelated_papers,unrelated_papers
5148,unmatched,unresolved,unrelated_papers,unrelated_papers
5149,unmatched,unresolved,related_papers,related_papers
5150,unmatched,unresolved,same_paper,same_paper
5151,unmatched,unresolved,related_papers,related_papers
5152,unmatched,unresolved,same_figure,same_figure
5153,unmatched,unresolved,related_papers,related_papers
5154,unmatched,unresolved,same_figure,same_figure
5155,unmatched,unresolved,same_figure,same_figure
5156,unmatched,unresolved,related_papers,related_papers
5157,unmatched,unresolved,unrelated_papers,unrelated_papers
5158,unmatched,unresolved,same_paper,same_paper
5159,unmatched,unresolved,same_paper,same_paper
5160,unmatched,unresolved,related_papers,related_papers
5161,unmatched,unresolved,unrelated_papers,unrelated_papers
5162,unmatched,unresolved,same_paper,same_paper
5163,unmatched,unresolved,unrelated_papers,unrelated_papers
5164,unmatched,unresolved,related_papers,related_papers
5165,unmatched,unresolved,related_papers,related_papers
5166,unmatched,unresolved,unrelated_papers,unrelated_papers
5167,unmatched,unresolved,unrelated_papers,unrelated_papers
5168,unmatched,unresolved,unrelated_papers,unrelated_papers
5169,unmatched,unresolved,related_papers,related_papers
5170,unmatched,unresolved,related_papers,related_papers
5171,unmatched,unresolved,related_papers,related_papers
5172,unmatched,unresolved,unrelated_papers,unrelated_papers
5173,unmatched,unresolved,related_papers,related_papers
5174,unmatched,unresolved,same_figure,same_figure
5175,unmatched,unresolved,same_figure,same_figure
5176,unmatched,unresolved,same_figure,same_figure
5177,unmatched,unresolved,unrelated_papers,unrelated_papers
5178,unmatched,unresolved,same_paper,same_paper
5179,unmatched,unresolved,same_paper,same_paper
5180,unmatched,unresolved,same_figure,same_figure
5181,unmatched,unresolved,related_papers,related_papers
5182,unmatched,unresolved,unrelated_papers,unrelated_papers
5183,unmatched,unresolved,unrelated_papers,unrelated_papers
5184,unmatched,unresolved,related_papers,related_papers
5185,unmatched,unresolved,unrelated_papers,unrelated_papers
5186,unmatched,unresolved,unrelated_papers,unrelated_papers
5187,unmatched,unresolved,unrelated_papers,unrelated_papers
5188,unmatched,unresolved,unrelated_papers,unrelated_papers
5189,unmatched,unresolved,unrelated_papers,unrelated_papers
5190,unmatched,unresolved,unrelated_papers,unrelated_papers
5191,unmatched,unresolved,same_paper,same_paper
5192,unmatched,unresolved,unrelated_papers,unrelated_papers
5193,unmatched,unresolved,related_papers,related_papers
5194,unmatched,unresolved,unrelated_papers,unrelated_papers
5195,unmatched,unresolved,related_papers,related_papers
5196,unmatched,unresolved,same_paper,same_paper
5197,unmatched,unresolved,related_papers,related_papers
5198,unmatched,unresolved,same_paper,same_paper
5199,unmatched,unresolved,unrelated_papers,unrelated_papers
5200,unmatched,unresolved,unrelated_papers,unrelated_papers
5201,unmatched,unresolved,related_papers,related_papers
5202,unmatched,unresolved,same_paper,same_paper
5203,unmatched,unresolved,related_papers,related_papers
5204,unmatched,unresolved,unrelated_papers,unrelated_papers
5205,unmatched,unresolved,related_papers,related_papers
5206,unmatched,unresolved,same_paper,same_paper
5207,unmatched,unresolved,unrelated_papers,unrelated_papers
5208,unmatched,unresolved,unrelated_papers,unrelated_papers
5209,unmatched,unresolved,unrelated_papers,unrelated_papers
5210,unmatched,unresolved,unrelated_papers,unrelated_papers
5211,unmatched,unresolved,related_papers,related_papers
5212,unmatched,unresolved,same_paper,same_paper
5213,unmatched,unresolved,related_papers,related_papers
5214,unmatched,unresolved,same_figure,same_figure
5215,unmatched,unresolved,related_papers,related_papers
5216,unmatched,unresolved,unrelated_papers,unrelated_papers
5217,unmatched,unresolved,same_paper,same_paper
5218,unmatched,unresolved,related_papers,related_papers
5219,unmatched,unresolved,unrelated_papers,unrelated_papers
5220,unmatched,unresolved,unrelated_papers,unrelated_papers
5221,unmatched,unresolved,same_paper,same_paper
5222,unmatched,unresolved,unrelated_papers,unrelated_papers
5223,unmatched,unresolved,related_papers,related_papers
5224,unmatched,unresolved,same_paper,same_paper
5225,unmatched,unresolved,same_paper,same_paper
5226,unmatched,unresolved,unrelated_papers,unrelated_papers
5227,unmatched,unresolved,unrelated_papers,unrelated_papers
5228,unmatched,unresolved,unrelated_papers,unrelated_papers
5229,unmatched,unresolved,unrelated_papers,unrelated_papers
5230,unmatched,unresolved,unrelated_papers,unrelated_papers
5231,unmatched,unresolved,same_figure,same_figure
5232,unmatched,unresolved,unrelated_papers,unrelated_papers
5233,unmatched,unresolved,related_papers,related_papers
5234,unmatched,unresolved,unrelated_papers,unrelated_papers
5235,unmatched,unresolved,unrelated_papers,unrelated_papers
5236,unmatched,unresolved,unrelated_papers,unrelated_papers
5237,unmatched,unresolved,related_papers,related_papers
5238,unmatched,unresolved,unrelated_papers,unrelated_papers
5239,unmatched,unresolved,unrelated_papers,unrelated_papers
5240,unmatched,unresolved,same_paper,same_paper
5241,unmatched,unresolved,same_paper,same_paper
5242,unmatched,unresolved,related_papers,related_papers
5243,unmatched,unresolved,related_papers,related_papers
5244,unmatched,unresolved,same_figure,same_figure
5245,unmatched,unresolved,unrelated_papers,unrelated_papers
5246,unmatched,unresolved,related_papers,related_papers
5247,unmatched,unresolved,unrelated_papers,unrelated_papers
5248,unmatched,unresolved,related_papers,related_papers
5249,unmatched,unresolved,same_paper,same_paper
5250,unmatched,unresolved,unrelated_papers,unrelated_papers
5251,unmatched,unresolved,same_figure,same_figure
5252,unmatched,unresolved,same_paper,same_paper
5253,unmatched,unresolved,unrelated_papers,unrelated_papers
5254,unmatched,unresolved,unrelated_papers,unrelated_papers
5255,unmatched,unresolved,same_figure,same_figure
5256,unmatched,unresolved,related_papers,related_papers
5257,unmatched,unresolved,same_figure,same_figure
5258,unmatched,unresolved,same_figure,same_figure
5259,unmatched,unresolved,unrelated_papers,unrelated_papers
5260,unmatched,unresolved,related_papers,related_papers
5261,unmatched,unresolved,unrelated_papers,unrelated_papers
5262,unmatched,unresolved,unrelated_papers,unrelated_papers
5263,unmatched,unresolved,unrelated_papers,unrelated_papers
5264,unmatched,unresolved,unrelated_papers,unrelated_papers
5265,unmatched,unresolved,unrelated_papers,unrelated_papers
5266,unmatched,unresolved,same_figure,same_figure
5267,unmatched,unresolved,same_paper,same_paper
5268,unmatched,unresolved,unrelated_papers,unrelated_papers
5269,unmatched,unresolved,unrelated_papers,unrelated_papers
5270,unmatched,unresolved,related_papers,related_papers
5271,unmatched,unresolved,unrelated_papers,unrelated_papers
5272,unmatched,unresolved,same_paper,same_paper
5273,unmatched,unresolved,unrelated_papers,unrelated_papers
5274,unmatched,unresolved,unrelated_papers,unrelated_papers
5275,unmatched,unresolved,same_paper,same_paper
5276,unmatched,unresolved,same_figure,same_figure
5277,unmatched,unresolved,same_figure,same_figure
5278,unmatched,unresolved,unrelated_papers,unrelated_papers
5279,unmatched,unresolved,unrelated_papers,unrelated_papers
5280,unmatched,unresolved,related_papers,related_papers
5281,unmatched,unresolved,related_papers,related_papers
5282,unmatched,unresolved,related_papers,related_papers
5283,unmatched,unresolved,related_papers,related_papers
5284,unmatched,unresolved,same_figure,same_figure
5285,unmatched,unresolved,related_papers,related_papers
5286,unmatched,unresolved,unrelated_papers,unrelated_papers
5287,unmatched,unresolved,same_figure,same_figure
5288,unmatched,unresolved,same_paper,same_paper
5289,unmatched,unresolved,same_figure,same_figure
5290,unmatched,unresolved,same_paper,same_paper
5291,unmatched,unresolved,unrelated_papers,unrelated_papers
5292,unmatched,unresolved,unrelated_papers,unrelated_papers
5293,unmatched,unresolved,unrelated_papers,unrelated_papers
5294,unmatched,unresolved,same_figure,same_figure
5295,unmatched,unresolved,related_papers,related_papers
5296,unmatched,unresolved,related_papers,related_papers
5297,unmatched,unresolved,same_paper,same_paper
5298,unmatched,unresolved,unrelated_papers,unrelated_papers
5299,unmatched,unresolved,same_figure,same_figure
5300,unmatched,unresolved,same_figure,same_figure
5301,unmatched,unresolved,same_paper,same_paper
5302,unmatched,unresolved,same_paper,same_paper
5303,unmatched,unresolved,related_papers,related_papers
5304,unmatched,unresolved,unrelated_papers,unrelated_papers
5305,unmatched,unresolved,unrelated_papers,unrelated_papers
5306,unmatched,unresolved,related_papers,related_papers
5307,unmatched,unresolved,unrelated_papers,unrelated_papers
5308,unmatched,unresolved,related_papers,related_papers
5309,unmatched,unresolved,unrelated_papers,unrelated_papers
5310,unmatched,unresolved,same_paper,same_paper
5311,unmatched,unresolved,unrelated_papers,unrelated_papers
5312,unmatched,unresolved,related_papers,related_papers
5313,unmatched,unresolved,unrelated_papers,unrelated_papers
5314,unmatched,unresolved,unrelated_papers,unrelated_papers
5315,unmatched,unresolved,same_paper,same_paper
5316,unmatched,unresolved,related_papers,related_papers
5317,unmatched,unresolved,related_papers,related_papers
5318,unmatched,unresolved,same_figure,same_figure
5319,unmatched,unresolved,unrelated_papers,unrelated_papers
5320,unmatched,unresolved,unrelated_papers,unrelated_papers
5321,unmatched,unresolved,related_papers,related_papers
5322,unmatched,unresolved,related_papers,related_papers
5323,unmatched,unresolved,unrelated_papers,unrelated_papers
5324,unmatched,unresolved,unrelated_papers,unrelated_papers
5325,unmatched,unresolved,unrelated_papers,unrelated_papers
5326,unmatched,unresolved,related_papers,related_papers
5327,unmatched,unresolved,unrelated_papers,unrelated_papers
5328,unmatched,unresolved,related_papers,related_papers
5329,unmatched,unresolved,related_papers,related_papers
5330,unmatched,unresolved,unrelated_papers,unrelated_papers
5331,unmatched,unresolved,related_papers,related_papers
5332,unmatched,unresolved,same_paper,same_paper
5333,unmatched,unresolved,unrelated_papers,unrelated_papers
5334,unmatched,unresolved,unrelated_papers,unrelated_papers
5335,unmatched,unresolved,unrelated_papers,unrelated_papers
5336,unmatched,unresolved,related_papers,related_papers
5337,unmatched,unresolved,related_papers,related_papers
5338,unmatched,unresolved,unrelated_papers,unrelated_papers
5339,unmatched,unresolved,related_papers,related_papers
5340,unmatched,unresolved,unrelated_papers,unrelated_papers
5341,unmatched,unresolved,same_figure,same_figure
5342,unmatched,unresolved,related_papers,related_papers
5343,unmatched,unresolved,unrelated_papers,unrelated_papers
5344,unmatched,unresolved,related_papers,related_papers
5345,unmatched,unresolved,related_papers,related_papers
5346,unmatched,unresolved,related_papers,related_papers
5347,unmatched,unresolved,related_papers,related_papers
5348,unmatched,unresolved,related_papers,related_papers
5349,unmatched,unresolved,same_paper,same_paper
5350,unmatched,unresolved,unrelated_papers,unrelated_papers
5351,unmatched,unresolved,same_figure,same_figure
5352,unmatched,unresolved,unrelated_papers,unrelated_papers
5353,unmatched,unresolved,related_papers,related_papers
5354,unmatched,unresolved,unrelated_papers,unrelated_papers
5355,unmatched,unresolved,unrelated_papers,unrelated_papers
5356,unmatched,unresolved,unrelated_papers,unrelated_papers
5357,unmatched,unresolved,unrelated_papers,unrelated_papers
5358,unmatched,unresolved,unrelated_papers,unrelated_papers
5359,unmatched,unresolved,unrelated_papers,unrelated_papers
5360,unmatched,unresolved,same_paper,same_paper
5361,unmatched,unresolved,unrelated_papers,unrelated_papers
5362,unmatched,unresolved,unrelated_papers,unrelated_papers
5363,unmatched,unresolved,unrelated_papers,unrelated_papers
5364,unmatched,unresolved,unrelated_papers,unrelated_papers
5365,unmatched,unresolved,same_paper,same_paper
5366,unmatched,unresolved,unrelated_papers,unrelated_papers
5367,unmatched,unresolved,related_papers,related_papers
5368,unmatched,unresolved,same_figure,same_figure
5369,unmatched,unresolved,related_papers,related_papers
5370,unmatched,unresolved,same_paper,same_paper
5371,unmatched,unresolved,related_papers,related_papers
5372,unmatched,unresolved,unrelated_papers,unrelated_papers
5373,unmatched,unresolved,unrelated_papers,unrelated_papers
5374,unmatched,unresolved,related_papers,related_papers
5375,unmatched,unresolved,unrelated_papers,unrelated_papers
5376,unmatched,unresolved,unrelated_papers,unrelated_papers
5377,unmatched,unresolved,related_papers,related_papers
5378,unmatched,unresolved,unrelated_papers,unrelated_papers
5379,unmatched,unresolved,same_figure,same_figure
5380,unmatched,unresolved,unrelated_papers,unrelated_papers
5381,unmatched,unresolved,unrelated_papers,unrelated_papers
5382,unmatched,unresolved,same_figure,same_figure
5383,unmatched,unresolved,unrelated_papers,unrelated_papers
5384,unmatched,unresolved,related_papers,related_papers
5385,unmatched,unresolved,unrelated_papers,unrelated_papers
5386,unmatched,unresolved,unrelated_papers,unrelated_papers
5387,unmatched,unresolved,unrelated_papers,unrelated_papers
5388,unmatched,unresolved,related_papers,related_papers
5389,unmatched,unresolved,unrelated_papers,unrelated_papers
5390,unmatched,unresolved,unrelated_papers,unrelated_papers
5391,unmatched,unresolved,related_papers,related_papers
5392,unmatched,unresolved,related_papers,related_papers
5393,unmatched,unresolved,unrelated_papers,unrelated_papers
5394,unmatched,unresolved,unrelated_papers,unrelated_papers
5395,unmatched,unresolved,related_papers,related_papers
5396,unmatched,unresolved,related_papers,related_papers
5397,unmatched,unresolved,unrelated_papers,unrelated_papers
5398,unmatched,unresolved,unrelated_papers,unrelated_papers
5399,unmatched,unresolved,unrelated_papers,unrelated_papers
5400,unmatched,unresolved,same_figure,same_figure
5401,unmatched,unresolved,unrelated_papers,unrelated_papers
5402,unmatched,unresolved,related_papers,related_papers
5403,unmatched,unresolved,related_papers,related_papers
5404,unmatched,unresolved,same_figure,same_figure
5405,unmatched,unresolved,unrelated_papers,unrelated_papers
5406,unmatched,unresolved,unrelated_papers,unrelated_papers
5407,unmatched,unresolved,related_papers,related_papers
5408,unmatched,unresolved,unrelated_papers,unrelated_papers
5409,unmatched,unresolved,same_paper,same_paper
5410,unmatched,unresolved,related_papers,related_papers
5411,unmatched,unresolved,same_paper,same_paper
5412,unmatched,unresolved,unrelated_papers,unrelated_papers
5413,unmatched,unresolved,related_papers,related_papers
5414,unmatched,unresolved,unrelated_papers,unrelated_papers
5415,unmatched,unresolved,same_paper,same_paper
5416,unmatched,unresolved,same_figure,same_figure
5417,unmatched,unresolved,unrelated_papers,unrelated_papers
5418,unmatched,unresolved,related_papers,related_papers
5419,unmatched,unresolved,unrelated_papers,unrelated_papers
5420,unmatched,unresolved,same_figure,same_figure
5421,unmatched,unresolved,same_paper,same_paper
5422,unmatched,unresolved,unrelated_papers,unrelated_papers
5423,unmatched,unresolved,unrelated_papers,unrelated_papers
5424,unmatched,unresolved,same_figure,same_figure
5425,unmatched,unresolved,unrelated_papers,unrelated_papers
5426,unmatched,unresolved,unrelated_papers,unrelated_papers
5427,unmatched,unresolved,unrelated_papers,unrelated_papers
5428,unmatched,unresolved,unrelated_papers,unrelated_papers
5429,unmatched,unresolved,unrelated_papers,unrelated_papers
5430,unmatched,unresolved,unrelated_papers,unrelated_papers
5431,unmatched,unresolved,related_papers,related_papers
5432,unmatched,unresolved,same_figure,same_figure
5433,unmatched,unresolved,unrelated_papers,unrelated_papers
5434,unmatched,unresolved,same_figure,same_figure
5435,unmatched,unresolved,unrelated_papers,unrelated_papers
5436,unmatched,unresolved,same_figure,same_figure
5437,unmatched,unresolved,unrelated_papers,unrelated_papers
5438,unmatched,unresolved,unrelated_papers,unrelated_papers
5439,unmatched,unresolved,related_papers,related_papers
5440,unmatched,unresolved,same_figure,same_figure
5441,unmatched,unresolved,same_paper,same_paper
5442,unmatched,unresolved,same_figure,same_figure
5443,unmatched,unresolved,same_paper,same_paper
5444,unmatched,unresolved,related_papers,related_papers
5445,unmatched,unresolved,unrelated_papers,unrelated_papers
5446,unmatched,unresolved,same_paper,same_paper
5447,unmatched,unresolved,same_figure,same_figure
5448,unmatched,unresolved,unrelated_papers,unrelated_papers
5449,unmatched,unresolved,unrelated_papers,unrelated_papers
5450,unmatched,unresolved,related_papers,related_papers
5451,unmatched,unresolved,unrelated_papers,unrelated_papers
5452,unmatched,unresolved,same_figure,same_figure
5453,unmatched,unresolved,same_paper,same_paper
5454,unmatched,unresolved,unrelated_papers,unrelated_papers
5455,unmatched,unresolved,unrelated_papers,unrelated_papers
5456,unmatched,unresolved,same_paper,same_paper
5457,unmatched,unresolved,related_papers,related_papers
5458,unmatched,unresolved,related_papers,related_papers
5459,unmatched,unresolved,unrelated_papers,unrelated_papers
5460,unmatched,unresolved,same_figure,same_figure
5461,unmatched,unresolved,same_figure,same_figure
5462,unmatched,unresolved,same_paper,same_paper
5463,unmatched,unresolved,unrelated_papers,unrelated_papers
5464,unmatched,unresolved,related_papers,related_papers
5465,unmatched,unresolved,related_papers,related_papers
5466,unmatched,unresolved,unrelated_papers,unrelated_papers
5467,unmatched,unresolved,same_paper,same_paper
5468,unmatched,unresolved,unrelated_papers,unrelated_papers
5469,unmatched,unresolved,unrelated_papers,unrelated_papers
5470,unmatched,unresolved,related_papers,related_papers
5471,unmatched,unresolved,same_paper,same_paper
5472,unmatched,unresolved,unrelated_papers,unrelated_papers
5473,unmatched,unresolved,same_figure,same_figure
5474,unmatched,unresolved,related_papers,related_papers
5475,unmatched,unresolved,same_paper,same_paper
5476,unmatched,unresolved,unrelated_papers,unrelated_papers
5477,unmatched,unresolved,same_paper,same_paper
5478,unmatched,unresolved,unrelated_papers,unrelated_papers
5479,unmatched,unresolved,unrelated_papers,unrelated_papers
5480,unmatched,unresolved,same_figure,same_figure
5481,unmatched,unresolved,same_paper,same_paper
5482,unmatched,unresolved,unrelated_papers,unrelated_papers
5483,unmatched,unresolved,unrelated_papers,unrelated_papers
5484,unmatched,unresolved,same_paper,same_paper
5485,unmatched,unresolved,same_figure,same_figure
5486,unmatched,unresolved,related_papers,related_papers
5487,unmatched,unresolved,related_papers,related_papers
5488,unmatched,unresolved,unrelated_papers,unrelated_papers
5489,unmatched,unresolved,unrelated_papers,unrelated_papers
5490,unmatched,unresolved,unrelated_papers,unrelated_papers
5491,unmatched,unresolved,unrelated_papers,unrelated_papers
5492,unmatched,unresolved,unrelated_papers,unrelated_papers
5493,unmatched,unresolved,unrelated_papers,unrelated_papers
5494,unmatched,unresolved,unrelated_papers,unrelated_papers
5495,unmatched,unresolved,unrelated_papers,unrelated_papers
5496,unmatched,unresolved,related_papers,related_papers
5497,unmatched,unresolved,unrelated_papers,unrelated_papers
5498,unmatched,unresolved,related_papers,related_papers
5499,unmatched,unresolved,same_paper,same_paper
5500,unmatched,unresolved,same_paper,same_paper
5501,unmatched,unresolved,related_papers,related_papers
5502,unmatched,unresolved,same_figure,same_figure
5503,unmatched,unresolved,same_paper,same_paper
5504,unmatched,unresolved,related_papers,related_papers
5505,unmatched,unresolved,related_papers,related_papers
5506,unmatched,unresolved,unrelated_papers,unrelated_papers
5507,unmatched,unresolved,related_papers,related_papers
5508,unmatched,unresolved,unrelated_papers,unrelated_papers
5509,unmatched,unresolved,same_paper,same_paper
5510,unmatched,unresolved,same_figure,same_figure
5511,unmatched,unresolved,same_figure,same_figure
5512,unmatched,unresolved,same_paper,same_paper
5513,unmatched,unresolved,related_papers,related_papers
5514,unmatched,unresolved,same_paper,same_paper
5515,unmatched,unresolved,same_paper,same_paper
5516,unmatched,unresolved,unrelated_papers,unrelated_papers
5517,unmatched,unresolved,unrelated_papers,unrelated_papers
5518,unmatched,unresolved,same_paper,same_paper
5519,unmatched,unresolved,unrelated_papers,unrelated_papers
5520,unmatched,unresolved,same_paper,same_paper
5521,unmatched,unresolved,same_paper,same_paper
5522,unmatched,unresolved,same_paper,same_paper
5523,unmatched,unresolved,unrelated_papers,unrelated_papers
5524,unmatched,unresolved,related_papers,related_papers
5525,unmatched,unresolved,related_papers,related_papers
5526,unmatched,unresolved,same_figure,same_figure
5527,unmatched,unresolved,related_papers,related_papers
5528,unmatched,unresolved,related_papers,related_papers
5529,unmatched,unresolved,related_papers,related_papers
5530,unmatched,unresolved,related_papers,related_papers
5531,unmatched,unresolved,same_figure,same_figure
5532,unmatched,unresolved,related_papers,related_papers
5533,unmatched,unresolved,unrelated_papers,unrelated_papers
5534,unmatched,unresolved,related_papers,related_papers
5535,unmatched,unresolved,related_papers,related_papers
5536,unmatched,unresolved,unrelated_papers,unrelated_papers
5537,unmatched,unresolved,related_papers,related_papers
5538,unmatched,unresolved,unrelated_papers,unrelated_papers
5539,unmatched,unresolved,unrelated_papers,unrelated_papers
5540,unmatched,unresolved,related_papers,related_papers
5541,unmatched,unresolved,unrelated_papers,unrelated_papers
5542,unmatched,unresolved,same_figure,same_figure
5543,unmatched,unresolved,related_papers,related_papers
5544,unmatched,unresolved,same_figure,same_figure
5545,unmatched,unresolved,unrelated_papers,unrelated_papers
5546,unmatched,unresolved,related_papers,related_papers
5547,unmatched,unresolved,same_paper,same_paper
5548,unmatched,unresolved,related_papers,related_papers
5549,unmatched,unresolved,unrelated_papers,unrelated_papers
5550,unmatched,unresolved,related_papers,related_papers
5551,unmatched,unresolved,unrelated_papers,unrelated_papers
5552,unmatched,unresolved,same_paper,same_paper
5553,unmatched,unresolved,related_papers,related_papers
5554,unmatched,unresolved,unrelated_papers,unrelated_papers
5555,unmatched,unresolved,unrelated_papers,unrelated_papers
5556,unmatched,unresolved,unrelated_papers,unrelated_papers
5557,unmatched,unresolved,related_papers,related_papers
5558,unmatched,unresolved,unrelated_papers,unrelated_papers
5559,unmatched,unresolved,related_papers,related_papers
5560,unmatched,unresolved,unrelated_papers,unrelated_papers
5561,unmatched,unresolved,same_figure,same_figure
5562,unmatched,unresolved,same_paper,same_paper
5563,unmatched,unresolved,related_papers,related_papers
5564,unmatched,unresolved,same_paper,same_paper
5565,unmatched,unresolved,unrelated_papers,unrelated_papers
5566,unmatched,unresolved,unrelated_papers,unrelated_papers
5567,unmatched,unresolved,related_papers,related_papers
5568,unmatched,unresolved,same_paper,same_paper
5569,unmatched,unresolved,same_paper,same_paper
5570,unmatched,unresolved,unrelated_papers,unrelated_papers
5571,unmatched,unresolved,related_papers,related_papers
5572,unmatched,unresolved,related_papers,related_papers
5573,unmatched,unresolved,related_papers,related_papers
5574,unmatched,unresolved,unrelated_papers,unrelated_papers
5575,unmatched,unresolved,related_papers,related_papers
5576,unmatched,unresolved,same_paper,same_paper
5577,unmatched,unresolved,same_figure,same_figure
5578,unmatched,unresolved,related_papers,related_papers
5579,unmatched,unresolved,unrelated_papers,unrelated_papers
5580,unmatched,unresolved,related_papers,related_papers
5581,unmatched,unresolved,unrelated_papers,unrelated_papers
5582,unmatched,unresolved,unrelated_papers,unrelated_papers
5583,unmatched,unresolved,unrelated_papers,unrelated_papers
5584,unmatched,unresolved,related_papers,related_papers
5585,unmatched,unresolved,unrelated_papers,unrelated_papers
5586,unmatched,unresolved,related_papers,related_papers
5587,unmatched,unresolved,unrelated_papers,unrelated_papers
5588,unmatched,unresolved,same_paper,same_paper
5589,unmatched,unresolved,unrelated_papers,unrelated_papers
5590,unmatched,unresolved,related_papers,related_papers
5591,unmatched,unresolved,related_papers,related_papers
5592,unmatched,unresolved,unrelated_papers,unrelated_papers
5593,unmatched,unresolved,related_papers,related_papers
5594,unmatched,unresolved,unrelated_papers,unrelated_papers
5595,unmatched,unresolved,related_papers,related_papers
5596,unmatched,unresolved,related_papers,related_papers
5597,unmatched,unresolved,same_figure,same_figure
5598,unmatched,unresolved,unrelated_papers,unrelated_papers
5599,unmatched,unresolved,same_paper,same_paper
5600,unmatched,unresolved,unrelated_papers,unrelated_papers
5601,unmatched,unresolved,same_paper,same_paper
5602,unmatched,unresolved,related_papers,related_papers
5603,unmatched,unresolved,unrelated_papers,unrelated_papers
5604,unmatched,unresolved,unrelated_papers,unrelated_papers
5605,unmatched,unresolved,unrelated_papers,unrelated_papers
5606,unmatched,unresolved,same_paper,same_paper
5607,unmatched,unresolved,unrelated_papers,unrelated_papers
5608,unmatched,unresolved,same_paper,same_paper
5609,unmatched,unresolved,unrelated_papers,unrelated_papers
5610,unmatched,unresolved,related_papers,related_papers
5611,unmatched,unresolved,same_paper,same_paper
5612,unmatched,unresolved,unrelated_papers,unrelated_papers
5613,unmatched,unresolved,same_paper,same_paper
5614,unmatched,unresolved,unrelated_papers,unrelated_papers
5615,unmatched,unresolved,same_figure,same_figure
5616,unmatched,unresolved,unrelated_papers,unrelated_papers
5617,unmatched,unresolved,same_paper,same_paper
5618,unmatched,unresolved,unrelated_papers,unrelated_papers
5619,unmatched,unresolved,unrelated_papers,unrelated_papers
5620,unmatched,unresolved,related_papers,related_papers
5621,unmatched,unresolved,same_paper,same_paper
5622,unmatched,unresolved,unrelated_papers,unrelated_papers
5623,unmatched,unresolved,related_papers,related_papers
5624,unmatched,unresolved,related_papers,related_papers
5625,unmatched,unresolved,unrelated_papers,unrelated_papers
5626,unmatched,unresolved,same_figure,same_figure
5627,unmatched,unresolved,same_paper,same_paper
5628,unmatched,unresolved,same_paper,same_paper
5629,unmatched,unresolved,related_papers,related_papers
5630,unmatched,unresolved,related_papers,related_papers
5631,unmatched,unresolved,related_papers,related_papers
5632,unmatched,unresolved,unrelated_papers,unrelated_papers
5633,unmatched,unresolved,related_papers,related_papers
5634,unmatched,unresolved,unrelated_papers,unrelated_papers
5635,unmatched,unresolved,unrelated_papers,unrelated_papers
5636,unmatched,unresolved,unrelated_papers,unrelated_papers
5637,unmatched,unresolved,unrelated_papers,unrelated_papers
5638,unmatched,unresolved,same_paper,same_paper
5639,unmatched,unresolved,related_papers,related_papers
5640,unmatched,unresolved,unrelated_papers,unrelated_papers
5641,unmatched,unresolved,related_papers,related_papers
5642,unmatched,unresolved,unrelated_papers,unrelated_papers
5643,unmatched,unresolved,related_papers,related_papers
5644,unmatched,unresolved,unrelated_papers,unrelated_papers
5645,unmatched,unresolved,unrelated_papers,unrelated_papers
5646,unmatched,unresolved,same_paper,same_paper
5647,unmatched,unresolved,unrelated_papers,unrelated_papers
5648,unmatched,unresolved,related_papers,related_papers
5649,unmatched,unresolved,unrelated_papers,unrelated_papers
5650,unmatched,unresolved,unrelated_papers,unrelated_papers
5651,unmatched,unresolved,unrelated_papers,unrelated_papers
5652,unmatched,unresolved,related_papers,related_papers
5653,unmatched,unresolved,unrelated_papers,unrelated_papers
5654,unmatched,unresolved,unrelated_papers,unrelated_papers
5655,unmatched,unresolved,unrelated_papers,unrelated_papers
5656,unmatched,unresolved,unrelated_papers,unrelated_papers
5657,unmatched,unresolved,unrelated_papers,unrelated_papers
5658,unmatched,unresolved,same_figure,same_figure
5659,unmatched,unresolved,unrelated_papers,unrelated_papers
5660,unmatched,unresolved,unrelated_papers,unrelated_papers
5661,unmatched,unresolved,same_figure,same_figure
5662,unmatched,unresolved,same_figure,same_figure
5663,unmatched,unresolved,same_paper,same_paper
5664,unmatched,unresolved,same_figure,same_figure
5665,unmatched,unresolved,unrelated_papers,unrelated_papers
5666,unmatched,unresolved,related_papers,related_papers
5667,unmatched,unresolved,unrelated_papers,unrelated_papers
5668,unmatched,unresolved,unrelated_papers,unrelated_papers
5669,unmatched,unresolved,same_figure,same_figure
5670,unmatched,unresolved,same_figure,same_figure
5671,unmatched,unresolved,related_papers,related_papers
5672,unmatched,unresolved,related_papers,related_papers
5673,unmatched,unresolved,same_paper,same_paper
5674,unmatched,unresolved,related_papers,related_papers
5675,unmatched,unresolved,unrelated_papers,unrelated_papers
5676,unmatched,unresolved,related_papers,related_papers
5677,unmatched,unresolved,unrelated_papers,unrelated_papers
5678,unmatched,unresolved,same_paper,same_paper
5679,unmatched,unresolved,unrelated_papers,unrelated_papers
5680,unmatched,unresolved,same_figure,same_figure
5681,unmatched,unresolved,unrelated_papers,unrelated_papers
5682,unmatched,unresolved,same_paper,same_paper
5683,unmatched,unresolved,unrelated_papers,unrelated_papers
5684,unmatched,unresolved,related_papers,related_papers
5685,unmatched,unresolved,unrelated_papers,unrelated_papers
5686,unmatched,unresolved,related_papers,related_papers
5687,unmatched,unresolved,related_papers,related_papers
5688,unmatched,unresolved,related_papers,related_papers
5689,unmatched,unresolved,same_paper,same_paper
5690,unmatched,unresolved,same_figure,same_figure
5691,unmatched,unresolved,unrelated_papers,unrelated_papers
5692,unmatched,unresolved,related_papers,related_papers
5693,unmatched,unresolved,related_papers,related_papers
5694,unmatched,unresolved,same_figure,same_figure
5695,unmatched,unresolved,same_paper,same_paper
5696,unmatched,unresolved,same_paper,same_paper
5697,unmatched,unresolved,same_paper,same_paper
5698,unmatched,unresolved,same_figure,same_figure
5699,unmatched,unresolved,unrelated_papers,unrelated_papers
5700,unmatched,unresolved,related_papers,related_papers
5701,unmatched,unresolved,same_paper,same_paper
5702,unmatched,unresolved,unrelated_papers,unrelated_papers
5703,unmatched,unresolved,unrelated_papers,unrelated_papers
5704,unmatched,unresolved,same_figure,same_figure
5705,unmatched,unresolved,same_paper,same_paper
5706,unmatched,unresolved,unrelated_papers,unrelated_papers
5707,unmatched,unresolved,related_papers,related_papers
5708,unmatched,unresolved,unrelated_papers,unrelated_papers
5709,unmatched,unresolved,same_paper,same_paper
5710,unmatched,unresolved,same_paper,same_paper
5711,unmatched,unresolved,same_figure,same_figure
5712,unmatched,unresolved,unrelated_papers,unrelated_papers
5713,unmatched,unresolved,same_paper,same_paper
5714,unmatched,unresolved,unrelated_papers,unrelated_papers
5715,unmatched,unresolved,unrelated_papers,unrelated_papers
5716,unmatched,unresolved,unrelated_papers,unrelated_papers
5717,unmatched,unresolved,same_figure,same_figure
5718,unmatched,unresolved,same_figure,same_figure
5719,unmatched,unresolved,unrelated_papers,unrelated_papers
5720,unmatched,unresolved,same_paper,same_paper
5721,unmatched,unresolved,same_paper,same_paper
5722,unmatched,unresolved,same_paper,same_paper
5723,unmatched,unresolved,unrelated_papers,unrelated_papers
5724,unmatched,unresolved,unrelated_papers,unrelated_papers
5725,unmatched,unresolved,unrelated_papers,unrelated_papers
5726,unmatched,unresolved,related_papers,related_papers
5727,unmatched,unresolved,same_paper,same_paper
5728,unmatched,unresolved,same_paper,same_paper
5729,unmatched,unresolved,unrelated_papers,unrelated_papers
5730,unmatched,unresolved,unrelated_papers,unrelated_papers
5731,unmatched,unresolved,unrelated_papers,unrelated_papers
5732,unmatched,unresolved,unrelated_papers,unrelated_papers
5733,unmatched,unresolved,same_figure,same_figure
5734,unmatched,unresolved,related_papers,related_papers
5735,unmatched,unresolved,same_paper,same_paper
5736,unmatched,unresolved,unrelated_papers,unrelated_papers
5737,unmatched,unresolved,related_papers,related_papers
5738,unmatched,unresolved,same_paper,same_paper
5739,unmatched,unresolved,unrelated_papers,unrelated_papers
5740,unmatched,unresolved,related_papers,related_papers
5741,unmatched,unresolved,related_papers,related_papers
5742,unmatched,unresolved,related_papers,related_papers
5743,unmatched,unresolved,unrelated_papers,unrelated_papers
5744,unmatched,unresolved,unrelated_papers,unrelated_papers
5745,unmatched,unresolved,related_papers,related_papers
5746,unmatched,unresolved,unrelated_papers,unrelated_papers
5747,unmatched,unresolved,unrelated_papers,unrelated_papers
5748,unmatched,unresolved,related_papers,related_papers
5749,unmatched,unresolved,same_paper,same_paper
5750,unmatched,unresolved,unrelated_papers,unrelated_papers
5751,unmatched,unresolved,unrelated_papers,unrelated_papers
5752,unmatched,unresolved,unrelated_papers,unrelated_papers
5753,unmatched,unresolved,related_papers,related_papers
5754,unmatched,unresolved,unrelated_papers,unrelated_papers
5755,unmatched,unresolved,same_paper,same_paper
5756,unmatched,unresolved,related_papers,related_papers
5757,unmatched,unresolved,unrelated_papers,unrelated_papers
5758,unmatched,unresolved,unrelated_papers,unrelated_papers
5759,unmatched,unresolved,unrelated_papers,unrelated_papers
5760,unmatched,unresolved,related_papers,related_papers
5761,unmatched,unresolved,same_figure,same_figure
5762,unmatched,unresolved,unrelated_papers,unrelated_papers
5763,unmatched,unresolved,related_papers,related_papers
5764,unmatched,unresolved,unrelated_papers,unrelated_papers
5765,unmatched,unresolved,unrelated_papers,unrelated_papers
5766,unmatched,unresolved,unrelated_papers,unrelated_papers
5767,unmatched,unresolved,related_papers,related_papers
5768,unmatched,unresolved,unrelated_papers,unrelated_papers
5769,unmatched,unresolved,unrelated_papers,unrelated_papers
5770,unmatched,unresolved,unrelated_papers,unrelated_papers
5771,unmatched,unresolved,unrelated_papers,unrelated_papers
5772,unmatched,unresolved,related_papers,related_papers
5773,unmatched,unresolved,related_papers,related_papers
5774,unmatched,unresolved,same_paper,same_paper
5775,unmatched,unresolved,unrelated_papers,unrelated_papers
5776,unmatched,unresolved,unrelated_papers,unrelated_papers
5777,unmatched,unresolved,unrelated_papers,unrelated_papers
5778,unmatched,unresolved,same_paper,same_paper
5779,unmatched,unresolved,unrelated_papers,unrelated_papers
5780,unmatched,unresolved,related_papers,related_papers
5781,unmatched,unresolved,unrelated_papers,unrelated_papers
5782,unmatched,unresolved,unrelated_papers,unrelated_papers
5783,unmatched,unresolved,same_paper,same_paper
5784,unmatched,unresolved,same_paper,same_paper
5785,unmatched,unresolved,related_papers,related_papers
5786,unmatched,unresolved,unrelated_papers,unrelated_papers
5787,unmatched,unresolved,related_papers,related_papers
5788,unmatched,unresolved,related_papers,related_papers
5789,unmatched,unresolved,same_paper,same_paper
5790,unmatched,unresolved,same_figure,same_figure
5791,unmatched,unresolved,same_figure,same_figure
5792,unmatched,unresolved,same_paper,same_paper
5793,unmatched,unresolved,related_papers,related_papers
5794,unmatched,unresolved,unrelated_papers,unrelated_papers
5795,unmatched,unresolved,same_paper,same_paper
5796,unmatched,unresolved,unrelated_papers,unrelated_papers
5797,unmatched,unresolved,unrelated_papers,unrelated_papers
5798,unmatched,unresolved,same_paper,same_paper
5799,unmatched,unresolved,same_paper,same_paper
5800,unmatched,unresolved,related_papers,related_papers
5801,unmatched,unresolved,unrelated_papers,unrelated_papers
5802,unmatched,unresolved,same_figure,same_figure
5803,unmatched,unresolved,related_papers,related_papers
5804,unmatched,unresolved,same_figure,same_figure
5805,unmatched,unresolved,unrelated_papers,unrelated_papers
5806,unmatched,unresolved,unrelated_papers,unrelated_papers
5807,unmatched,unresolved,same_paper,same_paper
5808,unmatched,unresolved,unrelated_papers,unrelated_papers
5809,unmatched,unresolved,related_papers,related_papers
5810,unmatched,unresolved,same_paper,same_paper
5811,unmatched,unresolved,related_papers,related_papers
5812,unmatched,unresolved,unrelated_papers,unrelated_papers
5813,unmatched,unresolved,related_papers,related_papers
5814,unmatched,unresolved,related_papers,related_papers
5815,unmatched,unresolved,unrelated_papers,unrelated_papers
5816,unmatched,unresolved,unrelated_papers,unrelated_papers
5817,unmatched,unresolved,related_papers,related_papers
5818,unmatched,unresolved,related_papers,related_papers
5819,unmatched,unresolved,unrelated_papers,unrelated_papers
5820,unmatched,unresolved,unrelated_papers,unrelated_papers
5821,unmatched,unresolved,same_paper,same_paper
5822,unmatched,unresolved,unrelated_papers,unrelated_papers
5823,unmatched,unresolved,unrelated_papers,unrelated_papers
5824,unmatched,unresolved,unrelated_papers,unrelated_papers
5825,unmatched,unresolved,unrelated_papers,unrelated_papers
5826,unmatched,unresolved,related_papers,related_papers
5827,unmatched,unresolved,same_paper,same_paper
5828,unmatched,unresolved,unrelated_papers,unrelated_papers
5829,unmatched,unresolved,related_papers,related_papers
5830,unmatched,unresolved,unrelated_papers,unrelated_papers
5831,unmatched,unresolved,unrelated_papers,unrelated_papers
5832,unmatched,unresolved,unrelated_papers,unrelated_papers
5833,unmatched,unresolved,same_figure,same_figure
5834,unmatched,unresolved,unrelated_papers,unrelated_papers
5835,unmatched,unresolved,unrelated_papers,unrelated_papers
5836,unmatched,unresolved,unrelated_papers,unrelated_papers
5837,unmatched,unresolved,unrelated_papers,unrelated_papers
5838,unmatched,unresolved,same_paper,same_paper
5839,unmatched,unresolved,same_paper,same_paper
5840,unmatched,unresolved,related_papers,related_papers
5841,unmatched,unresolved,related_papers,related_papers
5842,unmatched,unresolved,same_paper,same_paper
5843,unmatched,unresolved,related_papers,related_papers
5844,unmatched,unresolved,unrelated_papers,unrelated_papers
5845,unmatched,unresolved,unrelated_papers,unrelated_papers
5846,unmatched,unresolved,unrelated_papers,unrelated_papers
5847,unmatched,unresolved,same_paper,same_paper
5848,unmatched,unresolved,unrelated_papers,unrelated_papers
5849,unmatched,unresolved,unrelated_papers,unrelated_papers
5850,unmatched,unresolved,unrelated_papers,unrelated_papers
5851,unmatched,unresolved,related_papers,related_papers
5852,unmatched,unresolved,unrelated_papers,unrelated_papers
5853,unmatched,unresolved,unrelated_papers,unrelated_papers
5854,unmatched,unresolved,unrelated_papers,unrelated_papers
5855,unmatched,unresolved,unrelated_papers,unrelated_papers
5856,unmatched,unresolved,unrelated_papers,unrelated_papers
5857,unmatched,unresolved,related_papers,related_papers
5858,unmatched,unresolved,related_papers,related_papers
5859,unmatched,unresolved,unrelated_papers,unrelated_papers
5860,unmatched,unresolved,unrelated_papers,unrelated_papers
5861,unmatched,unresolved,unrelated_papers,unrelated_papers
5862,unmatched,unresolved,unrelated_papers,unrelated_papers
5863,unmatched,unresolved,related_papers,related_papers
5864,unmatched,unresolved,same_paper,same_paper
5865,unmatched,unresolved,unrelated_papers,unrelated_papers
5866,unmatched,unresolved,related_papers,related_papers
5867,unmatched,unresolved,unrelated_papers,unrelated_papers
5868,unmatched,unresolved,unrelated_papers,unrelated_papers
5869,unmatched,unresolved,same_paper,same_paper
5870,unmatched,unresolved,same_paper,same_paper
5871,unmatched,unresolved,unrelated_papers,unrelated_papers
5872,unmatched,unresolved,unrelated_papers,unrelated_papers
5873,unmatched,unresolved,unrelated_papers,unrelated_papers
5874,unmatched,unresolved,unrelated_papers,unrelated_papers
5875,unmatched,unresolved,unrelated_papers,unrelated_papers
5876,unmatched,unresolved,same_paper,same_paper
5877,unmatched,unresolved,unrelated_papers,unrelated_papers
5878,unmatched,unresolved,related_papers,related_papers
5879,unmatched,unresolved,unrelated_papers,unrelated_papers
5880,unmatched,unresolved,unrelated_papers,unrelated_papers
5881,unmatched,unresolved,same_paper,same_paper
5882,unmatched,unresolved,unrelated_papers,unrelated_papers
5883,unmatched,unresolved,related_papers,related_papers
5884,unmatched,unresolved,related_papers,related_papers
5885,unmatched,unresolved,related_papers,related_papers
5886,unmatched,unresolved,unrelated_papers,unrelated_papers
5887,unmatched,unresolved,unrelated_papers,unrelated_papers
5888,unmatched,unresolved,unrelated_papers,unrelated_papers
5889,unmatched,unresolved,related_papers,related_papers
5890,unmatched,unresolved,same_figure,same_figure
5891,unmatched,unresolved,unrelated_papers,unrelated_papers
5892,unmatched,unresolved,same_figure,same_figure
5893,unmatched,unresolved,related_papers,related_papers
5894,unmatched,unresolved,unrelated_papers,unrelated_papers
5895,unmatched,unresolved,same_figure,same_figure
5896,unmatched,unresolved,same_figure,same_figure
5897,unmatched,unresolved,same_paper,same_paper
5898,unmatched,unresolved,unrelated_papers,unrelated_papers
5899,unmatched,unresolved,same_paper,same_paper
5900,unmatched,unresolved,unrelated_papers,unrelated_papers
5901,unmatched,unresolved,unrelated_papers,unrelated_papers
5902,unmatched,unresolved,related_papers,related_papers
5903,unmatched,unresolved,unrelated_papers,unrelated_papers
5904,unmatched,unresolved,related_papers,related_papers
5905,unmatched,unresolved,related_papers,related_papers
5906,unmatched,unresolved,same_paper,same_paper
5907,unmatched,unresolved,same_figure,same_figure
5908,unmatched,unresolved,same_paper,same_paper
5909,unmatched,unresolved,same_figure,same_figure
5910,unmatched,unresolved,unrelated_papers,unrelated_papers
5911,unmatched,unresolved,same_paper,same_paper
5912,unmatched,unresolved,unrelated_papers,unrelated_papers
5913,unmatched,unresolved,same_paper,same_paper
5914,unmatched,unresolved,unrelated_papers,unrelated_papers
5915,unmatched,unresolved,related_papers,related_papers
5916,unmatched,unresolved,related_papers,related_papers
5917,unmatched,unresolved,unrelated_papers,unrelated_papers
5918,unmatched,unresolved,unrelated_papers,unrelated_papers
5919,unmatched,unresolved,unrelated_papers,unrelated_papers
5920,unmatched,unresolved,unrelated_papers,unrelated_papers
5921,unmatched,unresolved,unrelated_papers,unrelated_papers
5922,unmatched,unresolved,unrelated_papers,unrelated_papers
5923,unmatched,unresolved,related_papers,related_papers
5924,unmatched,unresolved,unrelated_papers,unrelated_papers
5925,unmatched,unresolved,related_papers,related_papers
5926,unmatched,unresolved,unrelated_papers,unrelated_papers
5927,unmatched,unresolved,unrelated_papers,unrelated_papers
5928,unmatched,unresolved,unrelated_papers,unrelated_papers
5929,unmatched,unresolved,unrelated_papers,unrelated_papers
5930,unmatched,unresolved,same_paper,same_paper
5931,unmatched,unresolved,same_figure,same_figure
5932,unmatched,unresolved,related_papers,related_papers
5933,unmatched,unresolved,same_figure,same_figure
5934,unmatched,unresolved,unrelated_papers,unrelated_papers
5935,unmatched,unresolved,same_paper,same_paper
5936,unmatched,unresolved,same_paper,same_paper
5937,unmatched,unresolved,unrelated_papers,unrelated_papers
5938,unmatched,unresolved,unrelated_papers,unrelated_papers
5939,unmatched,unresolved,same_paper,same_paper
5940,unmatched,unresolved,unrelated_papers,unrelated_papers
5941,unmatched,unresolved,same_paper,same_paper
5942,unmatched,unresolved,unrelated_papers,unrelated_papers
5943,unmatched,unresolved,same_paper,same_paper
5944,unmatched,unresolved,related_papers,related_papers
5945,unmatched,unresolved,related_papers,related_papers
5946,unmatched,unresolved,related_papers,related_papers
5947,unmatched,unresolved,unrelated_papers,unrelated_papers
5948,unmatched,unresolved,related_papers,related_papers
5949,unmatched,unresolved,related_papers,related_papers
5950,unmatched,unresolved,same_paper,same_paper
5951,unmatched,unresolved,same_paper,same_paper
5952,unmatched,unresolved,same_paper,same_paper
5953,unmatched,unresolved,unrelated_papers,unrelated_papers
5954,unmatched,unresolved,related_papers,related_papers
5955,unmatched,unresolved,same_figure,same_figure
5956,unmatched,unresolved,unrelated_papers,unrelated_papers
5957,unmatched,unresolved,related_papers,related_papers
5958,unmatched,unresolved,unrelated_papers,unrelated_papers
5959,unmatched,unresolved,related_papers,related_papers
5960,unmatched,unresolved,same_figure,same_figure
5961,unmatched,unresolved,same_paper,same_paper
5962,unmatched,unresolved,related_papers,related_papers
5963,unmatched,unresolved,related_papers,related_papers
5964,unmatched,unresolved,unrelated_papers,unrelated_papers
5965,unmatched,unresolved,unrelated_papers,unrelated_papers
5966,unmatched,unresolved,unrelated_papers,unrelated_papers
5967,unmatched,unresolved,related_papers,related_papers
5968,unmatched,unresolved,unrelated_papers,unrelated_papers
5969,unmatched,unresolved,same_figure,same_figure
5970,unmatched,unresolved,same_figure,same_figure
5971,unmatched,unresolved,same_figure,same_figure
5972,unmatched,unresolved,related_papers,related_papers
5973,unmatched,unresolved,same_paper,same_paper
5974,unmatched,unresolved,same_paper,same_paper
5975,unmatched,unresolved,unrelated_papers,unrelated_papers
5976,unmatched,unresolved,related_papers,related_papers
5977,unmatched,unresolved,same_figure,same_figure
5978,unmatched,unresolved,related_papers,related_papers
5979,unmatched,unresolved,unrelated_papers,unrelated_papers
5980,unmatched,unresolved,unrelated_papers,unrelated_papers
5981,unmatched,unresolved,same_figure,same_figure
5982,unmatched,unresolved,same_paper,same_paper
5983,unmatched,unresolved,related_papers,related_papers
5984,unmatched,unresolved,unrelated_papers,unrelated_papers
5985,unmatched,unresolved,same_paper,same_paper
5986,unmatched,unresolved,same_paper,same_paper
5987,unmatched,unresolved,unrelated_papers,unrelated_papers
5988,unmatched,unresolved,same_paper,same_paper
5989,unmatched,unresolved,related_papers,related_papers
5990,unmatched,unresolved,same_figure,same_figure
5991,unmatched,unresolved,related_papers,related_papers
5992,unmatched,unresolved,same_figure,same_figure
5993,unmatched,unresolved,related_papers,related_papers
5994,unmatched,unresolved,unrelated_papers,unrelated_papers
5995,unmatched,unresolved,unrelated_papers,unrelated_papers
5996,unmatched,unresolved,same_paper,same_paper
5997,unmatched,unresolved,unrelated_papers,unrelated_papers
5998,unmatched,unresolved,same_figure,same_figure
5999,unmatched,unresolved,unrelated_papers,unrelated_papers
6000,unmatched,unresolved,related_papers,related_papers
6001,unmatched,unresolved,same_paper,same_paper
6002,unmatched,unresolved,related_papers,related_papers
6003,unmatched,unresolved,unrelated_papers,unrelated_papers
6004,unmatched,unresolved,related_papers,related_papers
6005,unmatched,unresolved,same_paper,same_paper
6006,unmatched,unresolved,related_papers,related_papers
6007,unmatched,unresolved,related_papers,related_papers
6008,unmatched,unresolved,related_papers,related_papers
6009,unmatched,unresolved,same_paper,same_paper
6010,unmatched,unresolved,related_papers,related_papers
6011,unmatched,unresolved,same_paper,same_paper
6012,unmatched,unresolved,unrelated_papers,unrelated_papers
6013,unmatched,unresolved,unrelated_papers,unrelated_papers
6014,unmatched,unresolved,same_paper,same_paper
6015,unmatched,unresolved,unrelated_papers,unrelated_papers
6016,unmatched,unresolved,unrelated_papers,unrelated_papers
6017,unmatched,unresolved,unrelated_papers,unrelated_papers
6018,unmatched,unresolved,related_papers,related_papers
6019,unmatched,unresolved,same_paper,same_paper
6020,unmatched,unresolved,unrelated_papers,unrelated_papers
6021,unmatched,unresolved,unrelated_papers,unrelated_papers
6022,unmatched,unresolved,related_papers,related_papers
6023,unmatched,unresolved,unrelated_papers,unrelated_papers
6024,unmatched,unresolved,same_paper,same_paper
6025,unmatched,unresolved,unrelated_papers,unrelated_papers
6026,unmatched,unresolved,unrelated_papers,unrelated_papers
6027,unmatched,unresolved,related_papers,related_papers
6028,unmatched,unresolved,related_papers,related_papers
6029,unmatched,unresolved,related_papers,related_papers
6030,unmatched,unresolved,related_papers,related_papers
6031,unmatched,unresolved,related_papers,related_papers
6032,unmatched,unresolved,same_paper,same_paper
6033,unmatched,unresolved,related_papers,related_papers
6034,unmatched,unresolved,same_paper,same_paper
6035,unmatched,unresolved,unrelated_papers,unrelated_papers
6036,unmatched,unresolved,unrelated_papers,unrelated_papers
6037,unmatched,unresolved,unrelated_papers,unrelated_papers
6038,unmatched,unresolved,unrelated_papers,unrelated_papers
6039,unmatched,unresolved,related_papers,related_papers
6040,unmatched,unresolved,same_paper,same_paper
6041,unmatched,unresolved,related_papers,related_papers
6042,unmatched,unresolved,same_paper,same_paper
6043,unmatched,unresolved,same_paper,same_paper
6044,unmatched,unresolved,unrelated_papers,unrelated_papers
6045,unmatched,unresolved,related_papers,related_papers
6046,unmatched,unresolved,related_papers,related_papers
6047,unmatched,unresolved,same_paper,same_paper
6048,unmatched,unresolved,related_papers,related_papers
6049,unmatched,unresolved,related_papers,related_papers
6050,unmatched,unresolved,unrelated_papers,unrelated_papers
6051,unmatched,unresolved,unrelated_papers,unrelated_papers
6052,unmatched,unresolved,related_papers,related_papers
6053,unmatched,unresolved,unrelated_papers,unrelated_papers
6054,unmatched,unresolved,related_papers,related_papers
6055,unmatched,unresolved,related_papers,related_papers
6056,unmatched,unresolved,related_papers,related_papers
6057,unmatched,unresolved,related_papers,related_papers
6058,unmatched,unresolved,related_papers,related_papers
6059,unmatched,unresolved,unrelated_papers,unrelated_papers
6060,unmatched,unresolved,unrelated_papers,unrelated_papers
6061,unmatched,unresolved,unrelated_papers,unrelated_papers
6062,unmatched,unresolved,unrelated_papers,unrelated_papers
6063,unmatched,unresolved,unrelated_papers,unrelated_papers
6064,unmatched,unresolved,unrelated_papers,unrelated_papers
6065,unmatched,unresolved,unrelated_papers,unrelated_papers
6066,unmatched,unresolved,unrelated_papers,unrelated_papers
6067,unmatched,unresolved,related_papers,related_papers
6068,unmatched,unresolved,related_papers,related_papers
6069,unmatched,unresolved,same_paper,same_paper
6070,unmatched,unresolved,related_papers,related_papers
6071,unmatched,unresolved,related_papers,related_papers
6072,unmatched,unresolved,related_papers,related_papers
6073,unmatched,unresolved,related_papers,related_papers
6074,unmatched,unresolved,related_papers,related_papers
6075,unmatched,unresolved,related_papers,related_papers
6076,unmatched,unresolved,same_paper,same_paper
6077,unmatched,unresolved,related_papers,related_papers
6078,unmatched,unresolved,related_papers,related_papers
6079,unmatched,unresolved,same_paper,same_paper
6080,unmatched,unresolved,related_papers,related_papers
6081,unmatched,unresolved,related_papers,related_papers
6082,unmatched,unresolved,unrelated_papers,unrelated_papers
6083,unmatched,unresolved,related_papers,related_papers
6084,unmatched,unresolved,related_papers,related_papers
6085,unmatched,unresolved,unrelated_papers,unrelated_papers
6086,unmatched,unresolved,same_paper,same_paper
6087,unmatched,unresolved,unrelated_papers,unrelated_papers
6088,unmatched,unresolved,related_papers,related_papers
6089,unmatched,unresolved,related_papers,related_papers
6090,unmatched,unresolved,related_papers,related_papers
6091,unmatched,unresolved,related_papers,related_papers
6092,unmatched,unresolved,unrelated_papers,unrelated_papers
6093,unmatched,unresolved,related_papers,related_papers
6094,unmatched,unresolved,related_papers,related_papers
6095,unmatched,unresolved,related_papers,related_papers
6096,unmatched,unresolved,related_papers,related_papers
6097,unmatched,unresolved,unrelated_papers,unrelated_papers
6098,unmatched,unresolved,unrelated_papers,unrelated_papers
6099,unmatched,unresolved,related_papers,related_papers
6100,unmatched,unresolved,related_papers,related_papers
6101,unmatched,unresolved,unrelated_papers,unrelated_papers
6102,unmatched,unresolved,unrelated_papers,unrelated_papers
6103,unmatched,unresolved,related_papers,related_papers
6104,unmatched,unresolved,same_paper,same_paper
6105,unmatched,unresolved,related_papers,related_papers
6106,unmatched,unresolved,same_paper,same_paper
6107,unmatched,unresolved,related_papers,related_papers
6108,unmatched,unresolved,same_paper,same_paper
6109,unmatched,unresolved,same_paper,same_paper
6110,unmatched,unresolved,related_papers,related_papers
6111,unmatched,unresolved,same_paper,same_paper
6112,unmatched,unresolved,related_papers,related_papers
6113,unmatched,unresolved,unrelated_papers,unrelated_papers
6114,unmatched,unresolved,related_papers,related_papers
6115,unmatched,unresolved,same_paper,same_paper
6116,unmatched,unresolved,unrelated_papers,unrelated_papers
6117,unmatched,unresolved,related_papers,related_papers
6118,unmatched,unresolved,related_papers,related_papers
6119,unmatched,unresolved,related_papers,related_papers
6120,unmatched,unresolved,same_paper,same_paper
6121,unmatched,unresolved,unrelated_papers,unrelated_papers
6122,unmatched,unresolved,same_paper,same_paper
6123,unmatched,unresolved,related_papers,related_papers
6124,unmatched,unresolved,unrelated_papers,unrelated_papers
6125,unmatched,unresolved,unrelated_papers,unrelated_papers
6126,unmatched,unresolved,unrelated_papers,unrelated_papers
6127,unmatched,unresolved,related_papers,related_papers
6128,unmatched,unresolved,related_papers,related_papers
6129,unmatched,unresolved,related_papers,related_papers
6130,unmatched,unresolved,related_papers,related_papers
6131,unmatched,unresolved,same_paper,same_paper
6132,unmatched,unresolved,related_papers,related_papers
6133,unmatched,unresolved,related_papers,related_papers
6134,unmatched,unresolved,related_papers,related_papers
6135,unmatched,unresolved,related_papers,related_papers
6136,unmatched,unresolved,same_paper,same_paper
6137,unmatched,unresolved,related_papers,related_papers
6138,unmatched,unresolved,unrelated_papers,unrelated_papers
6139,unmatched,unresolved,related_papers,related_papers
6140,unmatched,unresolved,related_papers,related_papers
6141,unmatched,unresolved,related_papers,related_papers
6142,unmatched,unresolved,related_papers,related_papers
6143,unmatched,unresolved,related_papers,related_papers
6144,unmatched,unresolved,related_papers,related_papers
6145,unmatched,unresolved,same_paper,same_paper
6146,unmatched,unresolved,related_papers,related_papers
6147,unmatched,unresolved,unrelated_papers,unrelated_papers
6148,unmatched,unresolved,related_papers,related_papers
6149,unmatched,unresolved,related_papers,related_papers
6150,unmatched,unresolved,same_paper,same_paper
6151,unmatched,unresolved,related_papers,related_papers
6152,unmatched,unresolved,same_paper,same_paper
6153,unmatched,unresolved,related_papers,related_papers
6154,unmatched,unresolved,related_papers,related_papers
6155,unmatched,unresolved,same_paper,same_paper
6156,unmatched,unresolved,unrelated_papers,unrelated_papers
6157,unmatched,unresolved,unrelated_papers,unrelated_papers
6158,unmatched,unresolved,unrelated_papers,unrelated_papers
6159,unmatched,unresolved,related_papers,related_papers
6160,unmatched,unresolved,related_papers,related_papers
6161,unmatched,unresolved,related_papers,related_papers
6162,unmatched,unresolved,unrelated_papers,unrelated_papers
6163,unmatched,unresolved,related_papers,related_papers
6164,unmatched,unresolved,same_paper,same_paper
6165,unmatched,unresolved,unrelated_papers,unrelated_papers
6166,unmatched,unresolved,related_papers,related_papers
6167,unmatched,unresolved,related_papers,related_papers
6168,unmatched,unresolved,unrelated_papers,unrelated_papers
6169,unmatched,unresolved,same_paper,same_paper
6170,unmatched,unresolved,same_paper,same_paper
6171,unmatched,unresolved,unrelated_papers,unrelated_papers
6172,unmatched,unresolved,related_papers,related_papers
6173,unmatched,unresolved,same_paper,same_paper
6174,unmatched,unresolved,related_papers,related_papers
6175,unmatched,unresolved,same_paper,same_paper
6176,unmatched,unresolved,unrelated_papers,unrelated_papers
6177,unmatched,unresolved,related_papers,related_papers
6178,unmatched,unresolved,related_papers,related_papers
6179,unmatched,unresolved,related_papers,related_papers
6180,unmatched,unresolved,same_paper,same_paper
6181,unmatched,unresolved,same_paper,same_paper
6182,unmatched,unresolved,same_paper,same_paper
6183,unmatched,unresolved,same_paper,same_paper
6184,unmatched,unresolved,related_papers,related_papers
6185,unmatched,unresolved,same_paper,same_paper
6186,unmatched,unresolved,related_papers,related_papers
6187,unmatched,unresolved,related_papers,related_papers
6188,unmatched,unresolved,related_papers,related_papers
6189,unmatched,unresolved,related_papers,related_papers
6190,unmatched,unresolved,related_papers,related_papers
6191,unmatched,unresolved,same_paper,same_paper
6192,unmatched,unresolved,same_paper,same_paper
6193,unmatched,unresolved,related_papers,related_papers
6194,unmatched,unresolved,related_papers,related_papers
6195,unmatched,unresolved,unrelated_papers,unrelated_papers
6196,unmatched,unresolved,same_paper,same_paper
6197,unmatched,unresolved,unrelated_papers,unrelated_papers
6198,unmatched,unresolved,same_paper,same_paper
6199,unmatched,unresolved,same_paper,same_paper
6200,unmatched,unresolved,unrelated_papers,unrelated_papers
6201,unmatched,unresolved,unrelated_papers,unrelated_papers
6202,unmatched,unresolved,related_papers,related_papers
6203,unmatched,unresolved,related_papers,related_papers
6204,unmatched,unresolved,related_papers,related_papers
6205,unmatched,unresolved,unrelated_papers,unrelated_papers
6206,unmatched,unresolved,unrelated_papers,unrelated_papers
6207,unmatched,unresolved,unrelated_papers,unrelated_papers
6208,unmatched,unresolved,related_papers,related_papers
6209,unmatched,unresolved,related_papers,related_papers
6210,unmatched,unresolved,related_papers,related_papers
6211,unmatched,unresolved,related_papers,related_papers
6212,unmatched,unresolved,related_papers,related_papers
6213,unmatched,unresolved,related_papers,related_papers
6214,unmatched,unresolved,unrelated_papers,unrelated_papers
6215,unmatched,unresolved,related_papers,related_papers
6216,unmatched,unresolved,related_papers,related_papers
6217,unmatched,unresolved,unrelated_papers,unrelated_papers
6218,unmatched,unresolved,unrelated_papers,unrelated_papers
6219,unmatched,unresolved,unrelated_papers,unrelated_papers
6220,unmatched,unresolved,unrelated_papers,unrelated_papers
6221,unmatched,unresolved,unrelated_papers,unrelated_papers
6222,unmatched,unresolved,unrelated_papers,unrelated_papers
6223,unmatched,unresolved,unrelated_papers,unrelated_papers
6224,unmatched,unresolved,unrelated_papers,unrelated_papers
6225,unmatched,unresolved,related_papers,related_papers
6226,unmatched,unresolved,same_paper,same_paper
6227,unmatched,unresolved,same_paper,same_paper
6228,unmatched,unresolved,unrelated_papers,unrelated_papers
6229,unmatched,unresolved,related_papers,related_papers
6230,unmatched,unresolved,related_papers,related_papers
6231,unmatched,unresolved,related_papers,related_papers
6232,unmatched,unresolved,unrelated_papers,unrelated_papers
6233,unmatched,unresolved,unrelated_papers,unrelated_papers
6234,unmatched,unresolved,unrelated_papers,unrelated_papers
6235,unmatched,unresolved,unrelated_papers,unrelated_papers
6236,unmatched,unresolved,unrelated_papers,unrelated_papers
6237,unmatched,unresolved,related_papers,related_papers
6238,unmatched,unresolved,related_papers,related_papers
6239,unmatched,unresolved,unrelated_papers,unrelated_papers
6240,unmatched,unresolved,unrelated_papers,unrelated_papers
6241,unmatched,unresolved,unrelated_papers,unrelated_papers
6242,unmatched,unresolved,related_papers,related_papers
6243,unmatched,unresolved,unrelated_papers,unrelated_papers
6244,unmatched,unresolved,related_papers,related_papers
6245,unmatched,unresolved,unrelated_papers,unrelated_papers
6246,unmatched,unresolved,related_papers,related_papers
6247,unmatched,unresolved,related_papers,related_papers
6248,unmatched,unresolved,related_papers,related_papers
6249,unmatched,unresolved,unrelated_papers,unrelated_papers
6250,unmatched,unresolved,unrelated_papers,unrelated_papers
6251,unmatched,unresolved,related_papers,related_papers
6252,unmatched,unresolved,unrelated_papers,unrelated_papers
6253,unmatched,unresolved,unrelated_papers,unrelated_papers
6254,unmatched,unresolved,related_papers,related_papers
6255,unmatched,unresolved,unrelated_papers,unrelated_papers
6256,unmatched,unresolved,unrelated_papers,unrelated_papers
6257,unmatched,unresolved,related_papers,related_papers
6258,unmatched,unresolved,related_papers,related_papers
6259,unmatched,unresolved,unrelated_papers,unrelated_papers
6260,unmatched,unresolved,unrelated_papers,unrelated_papers
6261,unmatched,unresolved,unrelated_papers,unrelated_papers
6262,unmatched,unresolved,related_papers,related_papers
6263,unmatched,unresolved,unrelated_papers,unrelated_papers
6264,unmatched,unresolved,same_paper,same_paper
6265,unmatched,unresolved,related_papers,related_papers
6266,unmatched,unresolved,related_papers,related_papers
6267,unmatched,unresolved,same_paper,same_paper
6268,unmatched,unresolved,unrelated_papers,unrelated_papers
6269,unmatched,unresolved,same_paper,same_paper
6270,unmatched,unresolved,related_papers,related_papers
6271,unmatched,unresolved,same_paper,same_paper
6272,unmatched,unresolved,related_papers,related_papers
6273,unmatched,unresolved,unrelated_papers,unrelated_papers
6274,unmatched,unresolved,related_papers,related_papers
6275,unmatched,unresolved,unrelated_papers,unrelated_papers
6276,unmatched,unresolved,same_paper,same_paper
6277,unmatched,unresolved,related_papers,related_papers
6278,unmatched,unresolved,same_paper,same_paper
6279,unmatched,unresolved,unrelated_papers,unrelated_papers
6280,unmatched,unresolved,same_paper,same_paper
6281,unmatched,unresolved,related_papers,related_papers
6282,unmatched,unresolved,related_papers,related_papers
6283,unmatched,unresolved,same_paper,same_paper
6284,unmatched,unresolved,related_papers,related_papers
6285,unmatched,unresolved,unrelated_papers,unrelated_papers
6286,unmatched,unresolved,unrelated_papers,unrelated_papers
6287,unmatched,unresolved,unrelated_papers,unrelated_papers
6288,unmatched,unresolved,related_papers,related_papers
6289,unmatched,unresolved,same_paper,same_paper
6290,unmatched,unresolved,related_papers,related_papers
6291,unmatched,unresolved,related_papers,related_papers
6292,unmatched,unresolved,same_paper,same_paper
6293,unmatched,unresolved,related_papers,related_papers
6294,unmatched,unresolved,same_paper,same_paper
6295,unmatched,unresolved,related_papers,related_papers
6296,unmatched,unresolved,unrelated_papers,unrelated_papers
6297,unmatched,unresolved,related_papers,related_papers
6298,unmatched,unresolved,related_papers,related_papers
6299,unmatched,unresolved,unrelated_papers,unrelated_papers
6300,unmatched,unresolved,same_paper,same_paper
6301,unmatched,unresolved,same_paper,same_paper
6302,unmatched,unresolved,unrelated_papers,unrelated_papers
6303,unmatched,unresolved,related_papers,related_papers
6304,unmatched,unresolved,related_papers,related_papers
6305,unmatched,unresolved,same_paper,same_paper
6306,unmatched,unresolved,unrelated_papers,unrelated_papers
6307,unmatched,unresolved,related_papers,related_papers
6308,unmatched,unresolved,same_paper,same_paper
6309,unmatched,unresolved,related_papers,related_papers
6310,unmatched,unresolved,related_papers,related_papers
6311,unmatched,unresolved,related_papers,related_papers
6312,unmatched,unresolved,related_papers,related_papers
6313,unmatched,unresolved,same_paper,same_paper
6314,unmatched,unresolved,related_papers,related_papers
6315,unmatched,unresolved,related_papers,related_papers
6316,unmatched,unresolved,related_papers,related_papers
6317,unmatched,unresolved,unrelated_papers,unrelated_papers
6318,unmatched,unresolved,related_papers,related_papers
6319,unmatched,unresolved,unrelated_papers,unrelated_papers
6320,unmatched,unresolved,related_papers,related_papers
6321,unmatched,unresolved,related_papers,related_papers
6322,unmatched,unresolved,related_papers,related_papers
6323,unmatched,unresolved,related_papers,related_papers
6324,unmatched,unresolved,related_papers,related_papers
6325,unmatched,unresolved,related_papers,related_papers
6326,unmatched,unresolved,same_paper,same_paper
6327,unmatched,unresolved,unrelated_papers,unrelated_papers
6328,unmatched,unresolved,related_papers,related_papers
6329,unmatched,unresolved,unrelated_papers,unrelated_papers
6330,unmatched,unresolved,unrelated_papers,unrelated_papers
6331,unmatched,unresolved,unrelated_papers,unrelated_papers
6332,unmatched,unresolved,same_paper,same_paper
6333,unmatched,unresolved,related_papers,related_papers
6334,unmatched,unresolved,same_paper,same_paper
6335,unmatched,unresolved,same_paper,same_paper
6336,unmatched,unresolved,unrelated_papers,unrelated_papers
6337,unmatched,unresolved,related_papers,related_papers
6338,unmatched,unresolved,related_papers,related_papers
6339,unmatched,unresolved,related_papers,related_papers
6340,unmatched,unresolved,same_paper,same_paper
6341,unmatched,unresolved,related_papers,related_papers
6342,unmatched,unresolved,related_papers,related_papers
6343,unmatched,unresolved,related_papers,related_papers
6344,unmatched,unresolved,same_paper,same_paper
6345,unmatched,unresolved,unrelated_papers,unrelated_papers
6346,unmatched,unresolved,same_paper,same_paper
6347,unmatched,unresolved,same_paper,same_paper
6348,unmatched,unresolved,related_papers,related_papers
6349,unmatched,unresolved,related_papers,related_papers
6350,unmatched,unresolved,related_papers,related_papers
6351,unmatched,unresolved,unrelated_papers,unrelated_papers
6352,unmatched,unresolved,unrelated_papers,unrelated_papers
6353,unmatched,unresolved,unrelated_papers,unrelated_papers
6354,unmatched,unresolved,related_papers,related_papers
6355,unmatched,unresolved,same_paper,same_paper
6356,unmatched,unresolved,unrelated_papers,unrelated_papers
6357,unmatched,unresolved,unrelated_papers,unrelated_papers
6358,unmatched,unresolved,related_papers,related_papers
6359,unmatched,unresolved,same_paper,same_paper
6360,unmatched,unresolved,related_papers,related_papers
6361,unmatched,unresolved,unrelated_papers,unrelated_papers
6362,unmatched,unresolved,unrelated_papers,unrelated_papers
6363,unmatched,unresolved,unrelated_papers,unrelated_papers
6364,unmatched,unresolved,same_paper,same_paper
6365,unmatched,unresolved,same_paper,same_paper
6366,unmatched,unresolved,unrelated_papers,unrelated_papers
6367,unmatched,unresolved,same_paper,same_paper
6368,unmatched,unresolved,related_papers,related_papers
6369,unmatched,unresolved,related_papers,related_papers
6370,unmatched,unresolved,related_papers,related_papers
6371,unmatched,unresolved,unrelated_papers,unrelated_papers
6372,unmatched,unresolved,related_papers,related_papers
6373,unmatched,unresolved,related_papers,related_papers
6374,unmatched,unresolved,related_papers,related_papers
6375,unmatched,unresolved,related_papers,related_papers
6376,unmatched,unresolved,related_papers,related_papers
6377,unmatched,unresolved,related_papers,related_papers
6378,unmatched,unresolved,related_papers,related_papers
6379,unmatched,unresolved,related_papers,related_papers
6380,unmatched,unresolved,related_papers,related_papers
6381,unmatched,unresolved,unrelated_papers,unrelated_papers
6382,unmatched,unresolved,related_papers,related_papers
6383,unmatched,unresolved,unrelated_papers,unrelated_papers
6384,unmatched,unresolved,related_papers,related_papers
6385,unmatched,unresolved,same_paper,same_paper
6386,unmatched,unresolved,unrelated_papers,unrelated_papers
6387,unmatched,unresolved,unrelated_papers,unrelated_papers
6388,unmatched,unresolved,unrelated_papers,unrelated_papers
6389,unmatched,unresolved,related_papers,related_papers
6390,unmatched,unresolved,same_paper,same_paper
6391,unmatched,unresolved,unrelated_papers,unrelated_papers
6392,unmatched,unresolved,related_papers,related_papers
6393,unmatched,unresolved,unrelated_papers,unrelated_papers
6394,unmatched,unresolved,unrelated_papers,unrelated_papers
6395,unmatched,unresolved,related_papers,related_papers
6396,unmatched,unresolved,same_paper,same_paper
6397,unmatched,unresolved,same_paper,same_paper
6398,unmatched,unresolved,same_paper,same_paper
6399,unmatched,unresolved,same_paper,same_paper
6400,unmatched,unresolved,unrelated_papers,unrelated_papers
6401,unmatched,unresolved,related_papers,related_papers
6402,unmatched,unresolved,related_papers,related_papers
6403,unmatched,unresolved,related_papers,related_papers
6404,unmatched,unresolved,unrelated_papers,unrelated_papers
6405,unmatched,unresolved,unrelated_papers,unrelated_papers
6406,unmatched,unresolved,related_papers,related_papers
6407,unmatched,unresolved,unrelated_papers,unrelated_papers
6408,unmatched,unresolved,same_paper,same_paper
6409,unmatched,unresolved,unrelated_papers,unrelated_papers
6410,unmatched,unresolved,related_papers,related_papers
6411,unmatched,unresolved,related_papers,related_papers
6412,unmatched,unresolved,unrelated_papers,unrelated_papers
6413,unmatched,unresolved,unrelated_papers,unrelated_papers
6414,unmatched,unresolved,unrelated_papers,unrelated_papers
6415,unmatched,unresolved,unrelated_papers,unrelated_papers
6416,unmatched,unresolved,same_paper,same_paper
6417,unmatched,unresolved,related_papers,related_papers
6418,unmatched,unresolved,same_paper,same_paper
6419,unmatched,unresolved,same_paper,same_paper
6420,unmatched,unresolved,unrelated_papers,unrelated_papers
6421,unmatched,unresolved,same_paper,same_paper
6422,unmatched,unresolved,related_papers,related_papers
6423,unmatched,unresolved,unrelated_papers,unrelated_papers
6424,unmatched,unresolved,unrelated_papers,unrelated_papers
6425,unmatched,unresolved,unrelated_papers,unrelated_papers
6426,unmatched,unresolved,unrelated_papers,unrelated_papers
6427,unmatched,unresolved,unrelated_papers,unrelated_papers
6428,unmatched,unresolved,related_papers,related_papers
6429,unmatched,unresolved,unrelated_papers,unrelated_papers
6430,unmatched,unresolved,unrelated_papers,unrelated_papers
6431,unmatched,unresolved,related_papers,related_papers
6432,unmatched,unresolved,related_papers,related_papers
6433,unmatched,unresolved,related_papers,related_papers
6434,unmatched,unresolved,related_papers,related_papers
6435,unmatched,unresolved,related_papers,related_papers
6436,unmatched,unresolved,unrelated_papers,unrelated_papers
6437,unmatched,unresolved,related_papers,related_papers
6438,unmatched,unresolved,unrelated_papers,unrelated_papers
6439,unmatched,unresolved,same_paper,same_paper
6440,unmatched,unresolved,related_papers,related_papers
6441,unmatched,unresolved,related_papers,related_papers
6442,unmatched,unresolved,related_papers,related_papers
6443,unmatched,unresolved,unrelated_papers,unrelated_papers
6444,unmatched,unresolved,related_papers,related_papers
6445,unmatched,unresolved,unrelated_papers,unrelated_papers
6446,unmatched,unresolved,same_paper,same_paper
6447,unmatched,unresolved,same_paper,same_paper
6448,unmatched,unresolved,same_paper,same_paper
6449,unmatched,unresolved,unrelated_papers,unrelated_papers
6450,unmatched,unresolved,same_paper,same_paper
6451,unmatched,unresolved,related_papers,related_papers
6452,unmatched,unresolved,unrelated_papers,unrelated_papers
6453,unmatched,unresolved,unrelated_papers,unrelated_papers
6454,unmatched,unresolved,related_papers,related_papers
6455,unmatched,unresolved,related_papers,related_papers
6456,unmatched,unresolved,related_papers,related_papers
6457,unmatched,unresolved,unrelated_papers,unrelated_papers
6458,unmatched,unresolved,related_papers,related_papers
6459,unmatched,unresolved,unrelated_papers,unrelated_papers
6460,unmatched,unresolved,same_paper,same_paper
6461,unmatched,unresolved,related_papers,related_papers
6462,unmatched,unresolved,related_papers,related_papers
6463,unmatched,unresolved,related_papers,related_papers
6464,unmatched,unresolved,related_papers,related_papers
6465,unmatched,unresolved,unrelated_papers,unrelated_papers
6466,unmatched,unresolved,related_papers,related_papers
6467,unmatched,unresolved,related_papers,related_papers
6468,unmatched,unresolved,related_papers,related_papers
6469,unmatched,unresolved,related_papers,related_papers
6470,unmatched,unresolved,unrelated_papers,unrelated_papers
6471,unmatched,unresolved,related_papers,related_papers
6472,unmatched,unresolved,related_papers,related_papers
6473,unmatched,unresolved,unrelated_papers,unrelated_papers
6474,unmatched,unresolved,unrelated_papers,unrelated_papers
6475,unmatched,unresolved,unrelated_papers,unrelated_papers
6476,unmatched,unresolved,related_papers,related_papers
6477,unmatched,unresolved,related_papers,related_papers
6478,unmatched,unresolved,related_papers,related_papers
6479,unmatched,unresolved,related_papers,related_papers
6480,unmatched,unresolved,unrelated_papers,unrelated_papers
6481,unmatched,unresolved,unrelated_papers,unrelated_papers
6482,unmatched,unresolved,unrelated_papers,unrelated_papers
6483,unmatched,unresolved,related_papers,related_papers
6484,unmatched,unresolved,related_papers,related_papers
6485,unmatched,unresolved,unrelated_papers,unrelated_papers
6486,unmatched,unresolved,unrelated_papers,unrelated_papers
6487,unmatched,unresolved,unrelated_papers,unrelated_papers
6488,unmatched,unresolved,related_papers,related_papers
6489,unmatched,unresolved,same_paper,same_paper
6490,unmatched,unresolved,related_papers,related_papers
6491,unmatched,unresolved,unrelated_papers,unrelated_papers
6492,unmatched,unresolved,related_papers,related_papers
6493,unmatched,unresolved,related_papers,related_papers
6494,unmatched,unresolved,unrelated_papers,unrelated_papers
6495,unmatched,unresolved,related_papers,related_papers
6496,unmatched,unresolved,related_papers,related_papers
6497,unmatched,unresolved,related_papers,related_papers
6498,unmatched,unresolved,related_papers,related_papers
6499,unmatched,unresolved,unrelated_papers,unrelated_papers
6500,unmatched,unresolved,same_paper,same_paper
6501,unmatched,unresolved,related_papers,related_papers
6502,unmatched,unresolved,unrelated_papers,unrelated_papers
6503,unmatched,unresolved,unrelated_papers,unrelated_papers
6504,unmatched,unresolved,unrelated_papers,unrelated_papers
6505,unmatched,unresolved,related_papers,related_papers
6506,unmatched,unresolved,same_paper,same_paper
6507,unmatched,unresolved,related_papers,related_papers
6508,unmatched,unresolved,same_paper,same_paper
6509,unmatched,unresolved,unrelated_papers,unrelated_papers
6510,unmatched,unresolved,related_papers,related_papers
6511,unmatched,unresolved,related_papers,related_papers
6512,unmatched,unresolved,related_papers,related_papers
6513,unmatched,unresolved,related_papers,related_papers
6514,unmatched,unresolved,related_papers,related_papers
6515,unmatched,unresolved,related_papers,related_papers
6516,unmatched,unresolved,same_paper,same_paper
6517,unmatched,unresolved,same_paper,same_paper
6518,unmatched,unresolved,related_papers,related_papers
6519,unmatched,unresolved,same_paper,same_paper
6520,unmatched,unresolved,same_paper,same_paper
6521,unmatched,unresolved,same_paper,same_paper
6522,unmatched,unresolved,related_papers,related_papers
6523,unmatched,unresolved,related_papers,related_papers
6524,unmatched,unresolved,unrelated_papers,unrelated_papers
6525,unmatched,unresolved,same_paper,same_paper
6526,unmatched,unresolved,related_papers,related_papers
6527,unmatched,unresolved,related_papers,related_papers
6528,unmatched,unresolved,same_paper,same_paper
6529,unmatched,unresolved,unrelated_papers,unrelated_papers
6530,unmatched,unresolved,related_papers,related_papers
6531,unmatched,unresolved,related_papers,related_papers
6532,unmatched,unresolved,related_papers,related_papers
6533,unmatched,unresolved,related_papers,related_papers
6534,unmatched,unresolved,related_papers,related_papers
6535,unmatched,unresolved,same_paper,same_paper
6536,unmatched,unresolved,related_papers,related_papers
6537,unmatched,unresolved,related_papers,related_papers
6538,unmatched,unresolved,related_papers,related_papers
6539,unmatched,unresolved,related_papers,related_papers
6540,unmatched,unresolved,related_papers,related_papers
6541,unmatched,unresolved,same_paper,same_paper
6542,unmatched,unresolved,unrelated_papers,unrelated_papers
6543,unmatched,unresolved,unrelated_papers,unrelated_papers
6544,unmatched,unresolved,related_papers,related_papers
6545,unmatched,unresolved,related_papers,related_papers
6546,unmatched,unresolved,unrelated_papers,unrelated_papers
6547,unmatched,unresolved,related_papers,related_papers
6548,unmatched,unresolved,related_papers,related_papers
6549,unmatched,unresolved,same_paper,same_paper
6550,unmatched,unresolved,unrelated_papers,unrelated_papers
6551,unmatched,unresolved,unrelated_papers,unrelated_papers
6552,unmatched,unresolved,same_paper,same_paper
6553,unmatched,unresolved,related_papers,related_papers
6554,unmatched,unresolved,unrelated_papers,unrelated_papers
6555,unmatched,unresolved,related_papers,related_papers
6556,unmatched,unresolved,unrelated_papers,unrelated_papers
6557,unmatched,unresolved,related_papers,related_papers
6558,unmatched,unresolved,unrelated_papers,unrelated_papers
6559,unmatched,unresolved,related_papers,related_papers
6560,unmatched,unresolved,unrelated_papers,unrelated_papers
6561,unmatched,unresolved,related_papers,related_papers
6562,unmatched,unresolved,unrelated_papers,unrelated_papers
6563,unmatched,unresolved,related_papers,related_papers
6564,unmatched,unresolved,related_papers,related_papers
6565,unmatched,unresolved,related_papers,related_papers
6566,unmatched,unresolved,same_paper,same_paper
6567,unmatched,unresolved,same_paper,same_paper
6568,unmatched,unresolved,related_papers,related_papers
6569,unmatched,unresolved,related_papers,related_papers
6570,unmatched,unresolved,related_papers,related_papers
6571,unmatched,unresolved,same_paper,same_paper
6572,unmatched,unresolved,same_paper,same_paper
6573,unmatched,unresolved,related_papers,related_papers
6574,unmatched,unresolved,unrelated_papers,unrelated_papers
6575,unmatched,unresolved,unrelated_papers,unrelated_papers
6576,unmatched,unresolved,unrelated_papers,unrelated_papers
6577,unmatched,unresolved,related_papers,related_papers
6578,unmatched,unresolved,related_papers,related_papers
6579,unmatched,unresolved,unrelated_papers,unrelated_papers
6580,unmatched,unresolved,unrelated_papers,unrelated_papers
6581,unmatched,unresolved,same_paper,same_paper
6582,unmatched,unresolved,related_papers,related_papers
6583,unmatched,unresolved,related_papers,related_papers
6584,unmatched,unresolved,same_paper,same_paper
6585,unmatched,unresolved,unrelated_papers,unrelated_papers
6586,unmatched,unresolved,unrelated_papers,unrelated_papers
6587,unmatched,unresolved,related_papers,related_papers
6588,unmatched,unresolved,related_papers,related_papers
6589,unmatched,unresolved,unrelated_papers,unrelated_papers
6590,unmatched,unresolved,unrelated_papers,unrelated_papers
6591,unmatched,unresolved,unrelated_papers,unrelated_papers
6592,unmatched,unresolved,related_papers,related_papers
6593,unmatched,unresolved,same_paper,same_paper
6594,unmatched,unresolved,same_paper,same_paper
6595,unmatched,unresolved,unrelated_papers,unrelated_papers
6596,unmatched,unresolved,related_papers,related_papers
6597,unmatched,unresolved,related_papers,related_papers
6598,unmatched,unresolved,same_paper,same_paper
6599,unmatched,unresolved,related_papers,related_papers
6600,unmatched,unresolved,related_papers,related_papers
6601,unmatched,unresolved,related_papers,related_papers
6602,unmatched,unresolved,related_papers,related_papers
6603,unmatched,unresolved,unrelated_papers,unrelated_papers
6604,unmatched,unresolved,unrelated_papers,unrelated_papers
6605,unmatched,unresolved,related_papers,related_papers
6606,unmatched,unresolved,unrelated_papers,unrelated_papers
6607,unmatched,unresolved,unrelated_papers,unrelated_papers
6608,unmatched,unresolved,related_papers,related_papers
6609,unmatched,unresolved,unrelated_papers,unrelated_papers
6610,unmatched,unresolved,unrelated_papers,unrelated_papers
6611,unmatched,unresolved,unrelated_papers,unrelated_papers
6612,unmatched,unresolved,related_papers,related_papers
6613,unmatched,unresolved,same_paper,same_paper
6614,unmatched,unresolved,unrelated_papers,unrelated_papers
6615,unmatched,unresolved,unrelated_papers,unrelated_papers
6616,unmatched,unresolved,unrelated_papers,unrelated_papers
6617,unmatched,unresolved,same_paper,same_paper
6618,unmatched,unresolved,unrelated_papers,unrelated_papers
6619,unmatched,unresolved,unrelated_papers,unrelated_papers
6620,unmatched,unresolved,same_paper,same_paper
6621,unmatched,unresolved,unrelated_papers,unrelated_papers
6622,unmatched,unresolved,unrelated_papers,unrelated_papers
6623,unmatched,unresolved,unrelated_papers,unrelated_papers
6624,unmatched,unresolved,related_papers,related_papers
6625,unmatched,unresolved,same_paper,same_paper
6626,unmatched,unresolved,related_papers,related_papers
6627,unmatched,unresolved,related_papers,related_papers
6628,unmatched,unresolved,unrelated_papers,unrelated_papers
6629,unmatched,unresolved,same_paper,same_paper
6630,unmatched,unresolved,unrelated_papers,unrelated_papers
6631,unmatched,unresolved,related_papers,related_papers
6632,unmatched,unresolved,same_paper,same_paper
6633,unmatched,unresolved,same_paper,same_paper
6634,unmatched,unresolved,same_paper,same_paper
6635,unmatched,unresolved,related_papers,related_papers
6636,unmatched,unresolved,same_paper,same_paper
6637,unmatched,unresolved,related_papers,related_papers
6638,unmatched,unresolved,related_papers,related_papers
6639,unmatched,unresolved,same_paper,same_paper
6640,unmatched,unresolved,related_papers,related_papers
6641,unmatched,unresolved,related_papers,related_papers
6642,unmatched,unresolved,related_papers,related_papers
6643,unmatched,unresolved,same_paper,same_paper
6644,unmatched,unresolved,unrelated_papers,unrelated_papers
6645,unmatched,unresolved,related_papers,related_papers
6646,unmatched,unresolved,same_paper,same_paper
6647,unmatched,unresolved,related_papers,related_papers
6648,unmatched,unresolved,same_paper,same_paper
6649,unmatched,unresolved,unrelated_papers,unrelated_papers
6650,unmatched,unresolved,unrelated_papers,unrelated_papers
6651,unmatched,unresolved,unrelated_papers,unrelated_papers
6652,unmatched,unresolved,unrelated_papers,unrelated_papers
6653,unmatched,unresolved,related_papers,related_papers
6654,unmatched,unresolved,unrelated_papers,unrelated_papers
6655,unmatched,unresolved,related_papers,related_papers
6656,unmatched,unresolved,related_papers,related_papers
6657,unmatched,unresolved,related_papers,related_papers
6658,unmatched,unresolved,related_papers,related_papers
6659,unmatched,unresolved,unrelated_papers,unrelated_papers
6660,unmatched,unresolved,unrelated_papers,unrelated_papers
6661,unmatched,unresolved,related_papers,related_papers
6662,unmatched,unresolved,same_paper,same_paper
6663,unmatched,unresolved,same_paper,same_paper
6664,unmatched,unresolved,related_papers,related_papers
6665,unmatched,unresolved,unrelated_papers,unrelated_papers
6666,unmatched,unresolved,related_papers,related_papers
6667,unmatched,unresolved,unrelated_papers,unrelated_papers
6668,unmatched,unresolved,same_paper,same_paper
6669,unmatched,unresolved,same_paper,same_paper
6670,unmatched,unresolved,related_papers,related_papers
6671,unmatched,unresolved,related_papers,related_papers
6672,unmatched,unresolved,related_papers,related_papers
6673,unmatched,unresolved,unrelated_papers,unrelated_papers
6674,unmatched,unresolved,related_papers,related_papers
6675,unmatched,unresolved,unrelated_papers,unrelated_papers
6676,unmatched,unresolved,related_papers,related_papers
6677,unmatched,unresolved,unrelated_papers,unrelated_papers
6678,unmatched,unresolved,unrelated_papers,unrelated_papers
6679,unmatched,unresolved,related_papers,related_papers
6680,unmatched,unresolved,unrelated_papers,unrelated_papers
6681,unmatched,unresolved,related_papers,related_papers
6682,unmatched,unresolved,same_paper,same_paper
6683,unmatched,unresolved,unrelated_papers,unrelated_papers
6684,unmatched,unresolved,related_papers,related_papers
6685,unmatched,unresolved,related_papers,related_papers
6686,unmatched,unresolved,related_papers,related_papers
6687,unmatched,unresolved,related_papers,related_papers
6688,unmatched,unresolved,same_paper,same_paper
6689,unmatched,unresolved,related_papers,related_papers
6690,unmatched,unresolved,related_papers,related_papers
6691,unmatched,unresolved,related_papers,related_papers
6692,unmatched,unresolved,unrelated_papers,unrelated_papers
6693,unmatched,unresolved,related_papers,related_papers
6694,unmatched,unresolved,same_paper,same_paper
6695,unmatched,unresolved,unrelated_papers,unrelated_papers
6696,unmatched,unresolved,related_papers,related_papers
6697,unmatched,unresolved,unrelated_papers,unrelated_papers
6698,unmatched,unresolved,same_paper,same_paper
6699,unmatched,unresolved,same_paper,same_paper
6700,unmatched,unresolved,same_paper,same_paper
6701,unmatched,unresolved,unrelated_papers,unrelated_papers
6702,unmatched,unresolved,unrelated_papers,unrelated_papers
6703,unmatched,unresolved,unrelated_papers,unrelated_papers
6704,unmatched,unresolved,related_papers,related_papers
6705,unmatched,unresolved,related_papers,related_papers
6706,unmatched,unresolved,unrelated_papers,unrelated_papers
6707,unmatched,unresolved,unrelated_papers,unrelated_papers
6708,unmatched,unresolved,related_papers,related_papers
6709,unmatched,unresolved,same_paper,same_paper
6710,unmatched,unresolved,related_papers,related_papers
6711,unmatched,unresolved,related_papers,related_papers
6712,unmatched,unresolved,related_papers,related_papers
6713,unmatched,unresolved,unrelated_papers,unrelated_papers
6714,unmatched,unresolved,related_papers,related_papers
6715,unmatched,unresolved,related_papers,related_papers
6716,unmatched,unresolved,related_papers,related_papers
6717,unmatched,unresolved,same_paper,same_paper
6718,unmatched,unresolved,related_papers,related_papers
6719,unmatched,unresolved,related_papers,related_papers
6720,unmatched,unresolved,related_papers,related_papers
6721,unmatched,unresolved,same_paper,same_paper
6722,unmatched,unresolved,same_paper,same_paper
6723,unmatched,unresolved,same_paper,same_paper
6724,unmatched,unresolved,same_paper,same_paper
6725,unmatched,unresolved,related_papers,related_papers
6726,unmatched,unresolved,related_papers,related_papers
6727,unmatched,unresolved,unrelated_papers,unrelated_papers
6728,unmatched,unresolved,related_papers,related_papers
6729,unmatched,unresolved,same_paper,same_paper
6730,unmatched,unresolved,same_paper,same_paper
6731,unmatched,unresolved,same_paper,same_paper
6732,unmatched,unresolved,same_paper,same_paper
6733,unmatched,unresolved,related_papers,related_papers
6734,unmatched,unresolved,unrelated_papers,unrelated_papers
6735,unmatched,unresolved,related_papers,related_papers
6736,unmatched,unresolved,unrelated_papers,unrelated_papers
6737,unmatched,unresolved,related_papers,related_papers
6738,unmatched,unresolved,same_paper,same_paper
6739,unmatched,unresolved,same_paper,same_paper
6740,unmatched,unresolved,related_papers,related_papers
6741,unmatched,unresolved,related_papers,related_papers
6742,unmatched,unresolved,unrelated_papers,unrelated_papers
6743,unmatched,unresolved,related_papers,related_papers
6744,unmatched,unresolved,related_papers,related_papers
6745,unmatched,unresolved,related_papers,related_papers
6746,unmatched,unresolved,related_papers,related_papers
6747,unmatched,unresolved,related_papers,related_papers
6748,unmatched,unresolved,related_papers,related_papers
6749,unmatched,unresolved,unrelated_papers,unrelated_papers
6750,unmatched,unresolved,related_papers,related_papers
6751,unmatched,unresolved,related_papers,related_papers
6752,unmatched,unresolved,related_papers,related_papers
6753,unmatched,unresolved,unrelated_papers,unrelated_papers
6754,unmatched,unresolved,related_papers,related_papers
6755,unmatched,unresolved,unrelated_papers,unrelated_papers
6756,unmatched,unresolved,related_papers,related_papers
6757,unmatched,unresolved,related_papers,related_papers
6758,unmatched,unresolved,related_papers,related_papers
6759,unmatched,unresolved,related_papers,related_papers
6760,unmatched,unresolved,same_paper,same_paper
6761,unmatched,unresolved,unrelated_papers,unrelated_papers
6762,unmatched,unresolved,unrelated_papers,unrelated_papers
6763,unmatched,unresolved,related_papers,related_papers
6764,unmatched,unresolved,unrelated_papers,unrelated_papers
6765,unmatched,unresolved,related_papers,related_papers
6766,unmatched,unresolved,same_paper,same_paper
6767,unmatched,unresolved,same_paper,same_paper
6768,unmatched,unresolved,related_papers,related_papers
6769,unmatched,unresolved,unrelated_papers,unrelated_papers
6770,unmatched,unresolved,unrelated_papers,unrelated_papers
6771,unmatched,unresolved,unrelated_papers,unrelated_papers
6772,unmatched,unresolved,related_papers,related_papers
6773,unmatched,unresolved,related_papers,related_papers
6774,unmatched,unresolved,related_papers,related_papers
6775,unmatched,unresolved,unrelated_papers,unrelated_papers
6776,unmatched,unresolved,unrelated_papers,unrelated_papers
6777,unmatched,unresolved,related_papers,related_papers
6778,unmatched,unresolved,same_paper,same_paper
6779,unmatched,unresolved,related_papers,related_papers
6780,unmatched,unresolved,same_paper,same_paper
6781,unmatched,unresolved,unrelated_papers,unrelated_papers
6782,unmatched,unresolved,unrelated_papers,unrelated_papers
6783,unmatched,unresolved,unrelated_papers,unrelated_papers
6784,unmatched,unresolved,unrelated_papers,unrelated_papers
6785,unmatched,unresolved,related_papers,related_papers
6786,unmatched,unresolved,related_papers,related_papers
6787,unmatched,unresolved,related_papers,related_papers
6788,unmatched,unresolved,unrelated_papers,unrelated_papers
6789,unmatched,unresolved,same_paper,same_paper
6790,unmatched,unresolved,related_papers,related_papers
6791,unmatched,unresolved,related_papers,related_papers
6792,unmatched,unresolved,related_papers,related_papers
6793,unmatched,unresolved,same_paper,same_paper
6794,unmatched,unresolved,related_papers,related_papers
6795,unmatched,unresolved,related_papers,related_papers
6796,unmatched,unresolved,related_papers,related_papers
6797,unmatched,unresolved,same_paper,same_paper
6798,unmatched,unresolved,unrelated_papers,unrelated_papers
6799,unmatched,unresolved,same_paper,same_paper
6800,unmatched,unresolved,unrelated_papers,unrelated_papers
6801,unmatched,unresolved,same_paper,same_paper
6802,unmatched,unresolved,related_papers,related_papers
6803,unmatched,unresolved,unrelated_papers,unrelated_papers
6804,unmatched,unresolved,unrelated_papers,unrelated_papers
6805,unmatched,unresolved,unrelated_papers,unrelated_papers
6806,unmatched,unresolved,same_paper,same_paper
6807,unmatched,unresolved,same_paper,same_paper
6808,unmatched,unresolved,same_paper,same_paper
6809,unmatched,unresolved,related_papers,related_papers
6810,unmatched,unresolved,related_papers,related_papers
6811,unmatched,unresolved,related_papers,related_papers
6812,unmatched,unresolved,related_papers,related_papers
6813,unmatched,unresolved,unrelated_papers,unrelated_papers
6814,unmatched,unresolved,related_papers,related_papers
6815,unmatched,unresolved,unrelated_papers,unrelated_papers
6816,unmatched,unresolved,unrelated_papers,unrelated_papers
6817,unmatched,unresolved,same_paper,same_paper
6818,unmatched,unresolved,related_papers,related_papers
6819,unmatched,unresolved,unrelated_papers,unrelated_papers
6820,unmatched,unresolved,same_paper,same_paper
6821,unmatched,unresolved,related_papers,related_papers
6822,unmatched,unresolved,related_papers,related_papers
6823,unmatched,unresolved,related_papers,related_papers
6824,unmatched,unresolved,related_papers,related_papers
6825,unmatched,unresolved,related_papers,related_papers
6826,unmatched,unresolved,related_papers,related_papers
6827,unmatched,unresolved,related_papers,related_papers
6828,unmatched,unresolved,related_papers,related_papers
6829,unmatched,unresolved,related_papers,related_papers
6830,unmatched,unresolved,same_paper,same_paper
6831,unmatched,unresolved,related_papers,related_papers
6832,unmatched,unresolved,related_papers,related_papers
6833,unmatched,unresolved,related_papers,related_papers
6834,unmatched,unresolved,same_paper,same_paper
6835,unmatched,unresolved,related_papers,related_papers
6836,unmatched,unresolved,unrelated_papers,unrelated_papers
6837,unmatched,unresolved,unrelated_papers,unrelated_papers
6838,unmatched,unresolved,unrelated_papers,unrelated_papers
6839,unmatched,unresolved,related_papers,related_papers
6840,unmatched,unresolved,unrelated_papers,unrelated_papers
6841,unmatched,unresolved,same_paper,same_paper
6842,unmatched,unresolved,same_paper,same_paper
6843,unmatched,unresolved,same_paper,same_paper
6844,unmatched,unresolved,same_paper,same_paper
6845,unmatched,unresolved,same_paper,same_paper
6846,unmatched,unresolved,unrelated_papers,unrelated_papers
6847,unmatched,unresolved,unrelated_papers,unrelated_papers
6848,unmatched,unresolved,unrelated_papers,unrelated_papers
6849,unmatched,unresolved,related_papers,related_papers
6850,unmatched,unresolved,related_papers,related_papers
6851,unmatched,unresolved,unrelated_papers,unrelated_papers
6852,unmatched,unresolved,related_papers,related_papers
6853,unmatched,unresolved,unrelated_papers,unrelated_papers
6854,unmatched,unresolved,related_papers,related_papers
6855,unmatched,unresolved,related_papers,related_papers
6856,unmatched,unresolved,same_paper,same_paper
6857,unmatched,unresolved,related_papers,related_papers
6858,unmatched,unresolved,same_paper,same_paper
6859,unmatched,unresolved,same_paper,same_paper
6860,unmatched,unresolved,unrelated_papers,unrelated_papers
6861,unmatched,unresolved,related_papers,related_papers
6862,unmatched,unresolved,related_papers,related_papers
6863,unmatched,unresolved,related_papers,related_papers
6864,unmatched,unresolved,same_paper,same_paper
6865,unmatched,unresolved,unrelated_papers,unrelated_papers
6866,unmatched,unresolved,unrelated_papers,unrelated_papers
6867,unmatched,unresolved,related_papers,related_papers
6868,unmatched,unresolved,unrelated_papers,unrelated_papers
6869,unmatched,unresolved,same_paper,same_paper
6870,unmatched,unresolved,same_paper,same_paper
6871,unmatched,unresolved,same_paper,same_paper
6872,unmatched,unresolved,related_papers,related_papers
6873,unmatched,unresolved,unrelated_papers,unrelated_papers
6874,unmatched,unresolved,related_papers,related_papers
6875,unmatched,unresolved,unrelated_papers,unrelated_papers
6876,unmatched,unresolved,related_papers,related_papers
6877,unmatched,unresolved,unrelated_papers,unrelated_papers
6878,unmatched,unresolved,same_paper,same_paper
6879,unmatched,unresolved,related_papers,related_papers
6880,unmatched,unresolved,related_papers,related_papers
6881,unmatched,unresolved,unrelated_papers,unrelated_papers
6882,unmatched,unresolved,related_papers,related_papers
6883,unmatched,unresolved,related_papers,related_papers
6884,unmatched,unresolved,same_paper,same_paper
6885,unmatched,unresolved,same_paper,same_paper
6886,unmatched,unresolved,related_papers,related_papers
6887,unmatched,unresolved,related_papers,related_papers
6888,unmatched,unresolved,same_paper,same_paper
6889,unmatched,unresolved,same_paper,same_paper
6890,unmatched,unresolved,related_papers,related_papers
6891,unmatched,unresolved,same_paper,same_paper
6892,unmatched,unresolved,same_paper,same_paper
6893,unmatched,unresolved,unrelated_papers,unrelated_papers
6894,unmatched,unresolved,related_papers,related_papers
6895,unmatched,unresolved,same_paper,same_paper
6896,unmatched,unresolved,related_papers,related_papers
6897,unmatched,unresolved,related_papers,related_papers
6898,unmatched,unresolved,unrelated_papers,unrelated_papers
6899,unmatched,unresolved,related_papers,related_papers
6900,unmatched,unresolved,unrelated_papers,unrelated_papers
6901,unmatched,unresolved,related_papers,related_papers
6902,unmatched,unresolved,unrelated_papers,unrelated_papers
6903,unmatched,unresolved,same_paper,same_paper
6904,unmatched,unresolved,related_papers,related_papers
6905,unmatched,unresolved,unrelated_papers,unrelated_papers
6906,unmatched,unresolved,related_papers,related_papers
6907,unmatched,unresolved,related_papers,related_papers
6908,unmatched,unresolved,same_paper,same_paper
6909,unmatched,unresolved,unrelated_papers,unrelated_papers
6910,unmatched,unresolved,related_papers,related_papers
6911,unmatched,unresolved,related_papers,related_papers
6912,unmatched,unresolved,same_paper,same_paper
6913,unmatched,unresolved,same_paper,same_paper
6914,unmatched,unresolved,same_paper,same_paper
6915,unmatched,unresolved,same_paper,same_paper
6916,unmatched,unresolved,unrelated_papers,unrelated_papers
6917,unmatched,unresolved,unrelated_papers,unrelated_papers
6918,unmatched,unresolved,related_papers,related_papers
6919,unmatched,unresolved,unrelated_papers,unrelated_papers
6920,unmatched,unresolved,unrelated_papers,unrelated_papers
6921,unmatched,unresolved,related_papers,related_papers
6922,unmatched,unresolved,related_papers,related_papers
6923,unmatched,unresolved,related_papers,related_papers
6924,unmatched,unresolved,unrelated_papers,unrelated_papers
6925,unmatched,unresolved,unrelated_papers,unrelated_papers
6926,unmatched,unresolved,unrelated_papers,unrelated_papers
6927,unmatched,unresolved,unrelated_papers,unrelated_papers
6928,unmatched,unresolved,related_papers,related_papers
6929,unmatched,unresolved,related_papers,related_papers
6930,unmatched,unresolved,unrelated_papers,unrelated_papers
6931,unmatched,unresolved,related_papers,related_papers
6932,unmatched,unresolved,same_paper,same_paper
6933,unmatched,unresolved,related_papers,related_papers
6934,unmatched,unresolved,related_papers,related_papers
6935,unmatched,unresolved,same_paper,same_paper
6936,unmatched,unresolved,related_papers,related_papers
6937,unmatched,unresolved,related_papers,related_papers
6938,unmatched,unresolved,unrelated_papers,unrelated_papers
6939,unmatched,unresolved,related_papers,related_papers
6940,unmatched,unresolved,same_paper,same_paper
6941,unmatched,unresolved,related_papers,related_papers
6942,unmatched,unresolved,same_paper,same_paper
6943,unmatched,unresolved,same_paper,same_paper
6944,unmatched,unresolved,related_papers,related_papers
6945,unmatched,unresolved,same_paper,same_paper
6946,unmatched,unresolved,related_papers,related_papers
6947,unmatched,unresolved,related_papers,related_papers
6948,unmatched,unresolved,related_papers,related_papers
6949,unmatched,unresolved,same_paper,same_paper
6950,unmatched,unresolved,same_paper,same_paper
6951,unmatched,unresolved,same_paper,same_paper
6952,unmatched,unresolved,same_paper,same_paper
6953,unmatched,unresolved,same_paper,same_paper
6954,unmatched,unresolved,same_paper,same_paper
6955,unmatched,unresolved,unrelated_papers,unrelated_papers
6956,unmatched,unresolved,same_paper,same_paper
6957,unmatched,unresolved,related_papers,related_papers
6958,unmatched,unresolved,same_paper,same_paper
6959,unmatched,unresolved,same_paper,same_paper
6960,unmatched,unresolved,same_paper,same_paper
6961,unmatched,unresolved,related_papers,related_papers
6962,unmatched,unresolved,related_papers,related_papers
6963,unmatched,unresolved,related_papers,related_papers
6964,unmatched,unresolved,related_papers,related_papers
6965,unmatched,unresolved,unrelated_papers,unrelated_papers
6966,unmatched,unresolved,unrelated_papers,unrelated_papers
6967,unmatched,unresolved,unrelated_papers,unrelated_papers
6968,unmatched,unresolved,unrelated_papers,unrelated_papers
6969,unmatched,unresolved,related_papers,related_papers
6970,unmatched,unresolved,related_papers,related_papers
6971,unmatched,unresolved,related_papers,related_papers
6972,unmatched,unresolved,related_papers,related_papers
6973,unmatched,unresolved,unrelated_papers,unrelated_papers
6974,unmatched,unresolved,unrelated_papers,unrelated_papers
6975,unmatched,unresolved,related_papers,related_papers
6976,unmatched,unresolved,unrelated_papers,unrelated_papers
6977,unmatched,unresolved,same_paper,same_paper
6978,unmatched,unresolved,related_papers,related_papers
6979,unmatched,unresolved,unrelated_papers,unrelated_papers
6980,unmatched,unresolved,related_papers,related_papers
6981,unmatched,unresolved,unrelated_papers,unrelated_papers
6982,unmatched,unresolved,related_papers,related_papers
6983,unmatched,unresolved,same_paper,same_paper
6984,unmatched,unresolved,related_papers,related_papers
6985,unmatched,unresolved,related_papers,related_papers
6986,unmatched,unresolved,related_papers,related_papers
6987,unmatched,unresolved,related_papers,related_papers
6988,unmatched,unresolved,same_paper,same_paper
6989,unmatched,unresolved,related_papers,related_papers
6990,unmatched,unresolved,unrelated_papers,unrelated_papers
6991,unmatched,unresolved,related_papers,related_papers
6992,unmatched,unresolved,related_papers,related_papers
6993,unmatched,unresolved,unrelated_papers,unrelated_papers
6994,unmatched,unresolved,related_papers,related_papers
6995,unmatched,unresolved,unrelated_papers,unrelated_papers
6996,unmatched,unresolved,same_paper,same_paper
6997,unmatched,unresolved,unrelated_papers,unrelated_papers
6998,unmatched,unresolved,related_papers,related_papers
6999,unmatched,unresolved,same_paper,same_paper
7000,unmatched,unresolved,same_paper,same_paper
7001,unmatched,unresolved,unrelated_papers,unrelated_papers
7002,unmatched,unresolved,same_paper,same_paper
7003,unmatched,unresolved,related_papers,related_papers
7004,unmatched,unresolved,unrelated_papers,unrelated_papers
7005,unmatched,unresolved,unrelated_papers,unrelated_papers
7006,unmatched,unresolved,unrelated_papers,unrelated_papers
7007,unmatched,unresolved,unrelated_papers,unrelated_papers
7008,unmatched,unresolved,unrelated_papers,unrelated_papers
7009,unmatched,unresolved,related_papers,related_papers
7010,unmatched,unresolved,unrelated_papers,unrelated_papers
7011,unmatched,unresolved,unrelated_papers,unrelated_papers
7012,unmatched,unresolved,same_paper,same_paper
7013,unmatched,unresolved,same_paper,same_paper
7014,unmatched,unresolved,unrelated_papers,unrelated_papers
7015,unmatched,unresolved,related_papers,related_papers
7016,unmatched,unresolved,unrelated_papers,unrelated_papers
7017,unmatched,unresolved,related_papers,related_papers
7018,unmatched,unresolved,related_papers,related_papers
7019,unmatched,unresolved,unrelated_papers,unrelated_papers
7020,unmatched,unresolved,related_papers,related_papers
7021,unmatched,unresolved,related_papers,related_papers
7022,unmatched,unresolved,related_papers,related_papers
7023,unmatched,unresolved,unrelated_papers,unrelated_papers
7024,unmatched,unresolved,unrelated_papers,unrelated_papers
7025,unmatched,unresolved,unrelated_papers,unrelated_papers
7026,unmatched,unresolved,unrelated_papers,unrelated_papers
7027,unmatched,unresolved,unrelated_papers,unrelated_papers
7028,unmatched,unresolved,related_papers,related_papers
7029,unmatched,unresolved,related_papers,related_papers
7030,unmatched,unresolved,same_paper,same_paper
7031,unmatched,unresolved,unrelated_papers,unrelated_papers
7032,unmatched,unresolved,unrelated_papers,unrelated_papers
7033,unmatched,unresolved,related_papers,related_papers
7034,unmatched,unresolved,related_papers,related_papers
7035,unmatched,unresolved,unrelated_papers,unrelated_papers
7036,unmatched,unresolved,same_paper,same_paper
7037,unmatched,unresolved,related_papers,related_papers
7038,unmatched,unresolved,unrelated_papers,unrelated_papers
7039,unmatched,unresolved,unrelated_papers,unrelated_papers
7040,unmatched,unresolved,unrelated_papers,unrelated_papers
7041,unmatched,unresolved,unrelated_papers,unrelated_papers
7042,unmatched,unresolved,related_papers,related_papers
7043,unmatched,unresolved,same_paper,same_paper
7044,unmatched,unresolved,related_papers,related_papers
7045,unmatched,unresolved,same_paper,same_paper
7046,unmatched,unresolved,related_papers,related_papers
7047,unmatched,unresolved,unrelated_papers,unrelated_papers
7048,unmatched,unresolved,unrelated_papers,unrelated_papers
7049,unmatched,unresolved,unrelated_papers,unrelated_papers
7050,unmatched,unresolved,unrelated_papers,unrelated_papers
7051,unmatched,unresolved,unrelated_papers,unrelated_papers
7052,unmatched,unresolved,unrelated_papers,unrelated_papers
7053,unmatched,unresolved,unrelated_papers,unrelated_papers
7054,unmatched,unresolved,unrelated_papers,unrelated_papers
7055,unmatched,unresolved,unrelated_papers,unrelated_papers
7056,unmatched,unresolved,unrelated_papers,unrelated_papers
7057,unmatched,unresolved,related_papers,related_papers
7058,unmatched,unresolved,unrelated_papers,unrelated_papers
7059,unmatched,unresolved,unrelated_papers,unrelated_papers
7060,unmatched,unresolved,related_papers,related_papers
7061,unmatched,unresolved,related_papers,related_papers
7062,unmatched,unresolved,unrelated_papers,unrelated_papers
7063,unmatched,unresolved,related_papers,related_papers
7064,unmatched,unresolved,unrelated_papers,unrelated_papers
7065,unmatched,unresolved,unrelated_papers,unrelated_papers
7066,unmatched,unresolved,same_paper,same_paper
7067,unmatched,unresolved,related_papers,related_papers
7068,unmatched,unresolved,same_paper,same_paper
7069,unmatched,unresolved,unrelated_papers,unrelated_papers
7070,unmatched,unresolved,unrelated_papers,unrelated_papers
7071,unmatched,unresolved,unrelated_papers,unrelated_papers
7072,unmatched,unresolved,same_paper,same_paper
7073,unmatched,unresolved,related_papers,related_papers
7074,unmatched,unresolved,related_papers,related_papers
7075,unmatched,unresolved,same_paper,same_paper
7076,unmatched,unresolved,related_papers,related_papers
7077,unmatched,unresolved,unrelated_papers,unrelated_papers
7078,unmatched,unresolved,unrelated_papers,unrelated_papers
7079,unmatched,unresolved,related_papers,related_papers
7080,unmatched,unresolved,related_papers,related_papers
7081,unmatched,unresolved,unrelated_papers,unrelated_papers
7082,unmatched,unresolved,same_paper,same_paper
7083,unmatched,unresolved,same_paper,same_paper
7084,unmatched,unresolved,unrelated_papers,unrelated_papers
7085,unmatched,unresolved,unrelated_papers,unrelated_papers
7086,unmatched,unresolved,related_papers,related_papers
7087,unmatched,unresolved,unrelated_papers,unrelated_papers
7088,unmatched,unresolved,unrelated_papers,unrelated_papers
7089,unmatched,unresolved,related_papers,related_papers
7090,unmatched,unresolved,related_papers,related_papers
7091,unmatched,unresolved,unrelated_papers,unrelated_papers
7092,unmatched,unresolved,related_papers,related_papers
7093,unmatched,unresolved,unrelated_papers,unrelated_papers
7094,unmatched,unresolved,same_paper,same_paper
7095,unmatched,unresolved,related_papers,related_papers
7096,unmatched,unresolved,related_papers,related_papers
7097,unmatched,unresolved,related_papers,related_papers
7098,unmatched,unresolved,unrelated_papers,unrelated_papers
7099,unmatched,unresolved,unrelated_papers,unrelated_papers
7100,unmatched,unresolved,unrelated_papers,unrelated_papers
7101,unmatched,unresolved,unrelated_papers,unrelated_papers
7102,unmatched,unresolved,unrelated_papers,unrelated_papers
7103,unmatched,unresolved,unrelated_papers,unrelated_papers
7104,unmatched,unresolved,same_paper,same_paper
7105,unmatched,unresolved,same_paper,same_paper
7106,unmatched,unresolved,unrelated_papers,unrelated_papers
7107,unmatched,unresolved,unrelated_papers,unrelated_papers
7108,unmatched,unresolved,same_paper,same_paper
7109,unmatched,unresolved,related_papers,related_papers
7110,unmatched,unresolved,unrelated_papers,unrelated_papers
7111,unmatched,unresolved,unrelated_papers,unrelated_papers
7112,unmatched,unresolved,unrelated_papers,unrelated_papers
7113,unmatched,unresolved,unrelated_papers,unrelated_papers
7114,unmatched,unresolved,unrelated_papers,unrelated_papers
7115,unmatched,unresolved,related_papers,related_papers
7116,unmatched,unresolved,unrelated_papers,unrelated_papers
7117,unmatched,unresolved,unrelated_papers,unrelated_papers
7118,unmatched,unresolved,related_papers,related_papers
7119,unmatched,unresolved,related_papers,related_papers
7120,unmatched,unresolved,related_papers,related_papers
7121,unmatched,unresolved,unrelated_papers,unrelated_papers
7122,unmatched,unresolved,same_paper,same_paper
7123,unmatched,unresolved,related_papers,related_papers
7124,unmatched,unresolved,unrelated_papers,unrelated_papers
7125,unmatched,unresolved,same_paper,same_paper
7126,unmatched,unresolved,related_papers,related_papers
7127,unmatched,unresolved,related_papers,related_papers
7128,unmatched,unresolved,unrelated_papers,unrelated_papers
7129,unmatched,unresolved,unrelated_papers,unrelated_papers
7130,unmatched,unresolved,unrelated_papers,unrelated_papers
7131,unmatched,unresolved,unrelated_papers,unrelated_papers
7132,unmatched,unresolved,unrelated_papers,unrelated_papers
7133,unmatched,unresolved,unrelated_papers,unrelated_papers
7134,unmatched,unresolved,related_papers,related_papers
7135,unmatched,unresolved,unrelated_papers,unrelated_papers
7136,unmatched,unresolved,same_paper,same_paper
7137,unmatched,unresolved,unrelated_papers,unrelated_papers
7138,unmatched,unresolved,related_papers,related_papers
7139,unmatched,unresolved,same_paper,same_paper
7140,unmatched,unresolved,unrelated_papers,unrelated_papers
7141,unmatched,unresolved,related_papers,related_papers
7142,unmatched,unresolved,unrelated_papers,unrelated_papers
7143,unmatched,unresolved,related_papers,related_papers
7144,unmatched,unresolved,related_papers,related_papers
7145,unmatched,unresolved,unrelated_papers,unrelated_papers
7146,unmatched,unresolved,related_papers,related_papers
7147,unmatched,unresolved,same_paper,same_paper
7148,unmatched,unresolved,same_paper,same_paper
7149,unmatched,unresolved,related_papers,related_papers
7150,unmatched,unresolved,unrelated_papers,unrelated_papers
7151,unmatched,unresolved,unrelated_papers,unrelated_papers
7152,unmatched,unresolved,related_papers,related_papers
7153,unmatched,unresolved,same_paper,same_paper
7154,unmatched,unresolved,same_paper,same_paper
7155,unmatched,unresolved,unrelated_papers,unrelated_papers
7156,unmatched,unresolved,unrelated_papers,unrelated_papers
7157,unmatched,unresolved,same_paper,same_paper
7158,unmatched,unresolved,unrelated_papers,unrelated_papers
7159,unmatched,unresolved,unrelated_papers,unrelated_papers
7160,unmatched,unresolved,unrelated_papers,unrelated_papers
7161,unmatched,unresolved,related_papers,related_papers
7162,unmatched,unresolved,unrelated_papers,unrelated_papers
7163,unmatched,unresolved,unrelated_papers,unrelated_papers
7164,unmatched,unresolved,unrelated_papers,unrelated_papers
7165,unmatched,unresolved,unrelated_papers,unrelated_papers
7166,unmatched,unresolved,unrelated_papers,unrelated_papers
7167,unmatched,unresolved,same_paper,same_paper
7168,unmatched,unresolved,unrelated_papers,unrelated_papers
7169,unmatched,unresolved,unrelated_papers,unrelated_papers
7170,unmatched,unresolved,unrelated_papers,unrelated_papers
7171,unmatched,unresolved,same_paper,same_paper
7172,unmatched,unresolved,unrelated_papers,unrelated_papers
7173,unmatched,unresolved,same_paper,same_paper
7174,unmatched,unresolved,unrelated_papers,unrelated_papers
7175,unmatched,unresolved,related_papers,related_papers
7176,unmatched,unresolved,unrelated_papers,unrelated_papers
7177,unmatched,unresolved,same_paper,same_paper
7178,unmatched,unresolved,unrelated_papers,unrelated_papers
7179,unmatched,unresolved,unrelated_papers,unrelated_papers
7180,unmatched,unresolved,unrelated_papers,unrelated_papers
7181,unmatched,unresolved,unrelated_papers,unrelated_papers
7182,unmatched,unresolved,unrelated_papers,unrelated_papers
7183,unmatched,unresolved,unrelated_papers,unrelated_papers
7184,unmatched,unresolved,related_papers,related_papers
7185,unmatched,unresolved,unrelated_papers,unrelated_papers
7186,unmatched,unresolved,same_paper,same_paper
7187,unmatched,unresolved,same_paper,same_paper
7188,unmatched,unresolved,unrelated_papers,unrelated_papers
7189,unmatched,unresolved,related_papers,related_papers
7190,unmatched,unresolved,unrelated_papers,unrelated_papers
7191,unmatched,unresolved,unrelated_papers,unrelated_papers
7192,unmatched,unresolved,related_papers,related_papers
7193,unmatched,unresolved,unrelated_papers,unrelated_papers
7194,unmatched,unresolved,related_papers,related_papers
7195,unmatched,unresolved,related_papers,related_papers
7196,unmatched,unresolved,related_papers,related_papers
7197,unmatched,unresolved,unrelated_papers,unrelated_papers
7198,unmatched,unresolved,related_papers,related_papers
7199,unmatched,unresolved,unrelated_papers,unrelated_papers
7200,unmatched,unresolved,unrelated_papers,unrelated_papers
7201,unmatched,unresolved,unrelated_papers,unrelated_papers
7202,unmatched,unresolved,unrelated_papers,unrelated_papers
7203,unmatched,unresolved,unrelated_papers,unrelated_papers
7204,unmatched,unresolved,related_papers,related_papers
7205,unmatched,unresolved,unrelated_papers,unrelated_papers
7206,unmatched,unresolved,unrelated_papers,unrelated_papers
7207,unmatched,unresolved,unrelated_papers,unrelated_papers
7208,unmatched,unresolved,related_papers,related_papers
7209,unmatched,unresolved,unrelated_papers,unrelated_papers
7210,unmatched,unresolved,unrelated_papers,unrelated_papers
7211,unmatched,unresolved,related_papers,related_papers
7212,unmatched,unresolved,related_papers,related_papers
7213,unmatched,unresolved,unrelated_papers,unrelated_papers
7214,unmatched,unresolved,unrelated_papers,unrelated_papers
7215,unmatched,unresolved,unrelated_papers,unrelated_papers
7216,unmatched,unresolved,unrelated_papers,unrelated_papers
7217,unmatched,unresolved,unrelated_papers,unrelated_papers
7218,unmatched,unresolved,unrelated_papers,unrelated_papers
7219,unmatched,unresolved,same_paper,same_paper
7220,unmatched,unresolved,unrelated_papers,unrelated_papers
7221,unmatched,unresolved,unrelated_papers,unrelated_papers
7222,unmatched,unresolved,related_papers,related_papers
7223,unmatched,unresolved,unrelated_papers,unrelated_papers
7224,unmatched,unresolved,unrelated_papers,unrelated_papers
7225,unmatched,unresolved,related_papers,related_papers
7226,unmatched,unresolved,unrelated_papers,unrelated_papers
7227,unmatched,unresolved,related_papers,related_papers
7228,unmatched,unresolved,unrelated_papers,unrelated_papers
7229,unmatched,unresolved,unrelated_papers,unrelated_papers
7230,unmatched,unresolved,unrelated_papers,unrelated_papers
7231,unmatched,unresolved,unrelated_papers,unrelated_papers
7232,unmatched,unresolved,same_paper,same_paper
7233,unmatched,unresolved,related_papers,related_papers
7234,unmatched,unresolved,unrelated_papers,unrelated_papers
7235,unmatched,unresolved,related_papers,related_papers
7236,unmatched,unresolved,unrelated_papers,unrelated_papers
7237,unmatched,unresolved,same_paper,same_paper
7238,unmatched,unresolved,related_papers,related_papers
7239,unmatched,unresolved,unrelated_papers,unrelated_papers
7240,unmatched,unresolved,related_papers,related_papers
7241,unmatched,unresolved,unrelated_papers,unrelated_papers
7242,unmatched,unresolved,unrelated_papers,unrelated_papers
7243,unmatched,unresolved,same_paper,same_paper
7244,unmatched,unresolved,unrelated_papers,unrelated_papers
7245,unmatched,unresolved,unrelated_papers,unrelated_papers
7246,unmatched,unresolved,related_papers,related_papers
7247,unmatched,unresolved,unrelated_papers,unrelated_papers
7248,unmatched,unresolved,related_papers,related_papers
7249,unmatched,unresolved,same_paper,same_paper
7250,unmatched,unresolved,unrelated_papers,unrelated_papers
7251,unmatched,unresolved,unrelated_papers,unrelated_papers
7252,unmatched,unresolved,unrelated_papers,unrelated_papers
7253,unmatched,unresolved,unrelated_papers,unrelated_papers
7254,unmatched,unresolved,same_paper,same_paper
7255,unmatched,unresolved,unrelated_papers,unrelated_papers
7256,unmatched,unresolved,unrelated_papers,unrelated_papers
7257,unmatched,unresolved,related_papers,related_papers
7258,unmatched,unresolved,related_papers,related_papers
7259,unmatched,unresolved,related_papers,related_papers
7260,unmatched,unresolved,unrelated_papers,unrelated_papers
7261,unmatched,unresolved,unrelated_papers,unrelated_papers
7262,unmatched,unresolved,unrelated_papers,unrelated_papers
7263,unmatched,unresolved,same_paper,same_paper
7264,unmatched,unresolved,related_papers,related_papers
7265,unmatched,unresolved,unrelated_papers,unrelated_papers
7266,unmatched,unresolved,same_paper,same_paper
7267,unmatched,unresolved,unrelated_papers,unrelated_papers
7268,unmatched,unresolved,unrelated_papers,unrelated_papers
7269,unmatched,unresolved,related_papers,related_papers
7270,unmatched,unresolved,same_paper,same_paper
7271,unmatched,unresolved,unrelated_papers,unrelated_papers
7272,unmatched,unresolved,unrelated_papers,unrelated_papers
7273,unmatched,unresolved,unrelated_papers,unrelated_papers
7274,unmatched,unresolved,unrelated_papers,unrelated_papers
7275,unmatched,unresolved,related_papers,related_papers
7276,unmatched,unresolved,unrelated_papers,unrelated_papers
7277,unmatched,unresolved,unrelated_papers,unrelated_papers
7278,unmatched,unresolved,unrelated_papers,unrelated_papers
7279,unmatched,unresolved,related_papers,related_papers
7280,unmatched,unresolved,unrelated_papers,unrelated_papers
7281,unmatched,unresolved,related_papers,related_papers
7282,unmatched,unresolved,unrelated_papers,unrelated_papers
7283,unmatched,unresolved,related_papers,related_papers
7284,unmatched,unresolved,same_paper,same_paper
7285,unmatched,unresolved,unrelated_papers,unrelated_papers
7286,unmatched,unresolved,related_papers,related_papers
7287,unmatched,unresolved,related_papers,related_papers
7288,unmatched,unresolved,related_papers,related_papers
7289,unmatched,unresolved,same_paper,same_paper
7290,unmatched,unresolved,same_paper,same_paper
7291,unmatched,unresolved,same_paper,same_paper
7292,unmatched,unresolved,unrelated_papers,unrelated_papers
7293,unmatched,unresolved,related_papers,related_papers
7294,unmatched,unresolved,related_papers,related_papers
7295,unmatched,unresolved,unrelated_papers,unrelated_papers
7296,unmatched,unresolved,unrelated_papers,unrelated_papers
7297,unmatched,unresolved,related_papers,related_papers
7298,unmatched,unresolved,related_papers,related_papers
7299,unmatched,unresolved,unrelated_papers,unrelated_papers
7300,unmatched,unresolved,same_paper,same_paper
7301,unmatched,unresolved,unrelated_papers,unrelated_papers
7302,unmatched,unresolved,unrelated_papers,unrelated_papers
7303,unmatched,unresolved,same_paper,same_paper
7304,unmatched,unresolved,unrelated_papers,unrelated_papers
7305,unmatched,unresolved,same_paper,same_paper
7306,unmatched,unresolved,same_paper,same_paper
7307,unmatched,unresolved,unrelated_papers,unrelated_papers
7308,unmatched,unresolved,related_papers,related_papers
7309,unmatched,unresolved,unrelated_papers,unrelated_papers
7310,unmatched,unresolved,related_papers,related_papers
7311,unmatched,unresolved,unrelated_papers,unrelated_papers
7312,unmatched,unresolved,unrelated_papers,unrelated_papers
7313,unmatched,unresolved,same_paper,same_paper
7314,unmatched,unresolved,unrelated_papers,unrelated_papers
7315,unmatched,unresolved,unrelated_papers,unrelated_papers
7316,unmatched,unresolved,related_papers,related_papers
7317,unmatched,unresolved,related_papers,related_papers
7318,unmatched,unresolved,same_paper,same_paper
7319,unmatched,unresolved,unrelated_papers,unrelated_papers
7320,unmatched,unresolved,related_papers,related_papers
7321,unmatched,unresolved,related_papers,related_papers
7322,unmatched,unresolved,unrelated_papers,unrelated_papers
7323,unmatched,unresolved,related_papers,related_papers
7324,unmatched,unresolved,same_paper,same_paper
7325,unmatched,unresolved,unrelated_papers,unrelated_papers
7326,unmatched,unresolved,unrelated_papers,unrelated_papers
7327,unmatched,unresolved,unrelated_papers,unrelated_papers
7328,unmatched,unresolved,unrelated_papers,unrelated_papers
7329,unmatched,unresolved,unrelated_papers,unrelated_papers
7330,unmatched,unresolved,related_papers,related_papers
7331,unmatched,unresolved,related_papers,related_papers
7332,unmatched,unresolved,unrelated_papers,unrelated_papers
7333,unmatched,unresolved,unrelated_papers,unrelated_papers
7334,unmatched,unresolved,unrelated_papers,unrelated_papers
7335,unmatched,unresolved,unrelated_papers,unrelated_papers
7336,unmatched,unresolved,same_paper,same_paper
7337,unmatched,unresolved,unrelated_papers,unrelated_papers
7338,unmatched,unresolved,related_papers,related_papers
7339,unmatched,unresolved,unrelated_papers,unrelated_papers
7340,unmatched,unresolved,same_paper,same_paper
7341,unmatched,unresolved,unrelated_papers,unrelated_papers
7342,unmatched,unresolved,same_paper,same_paper
7343,unmatched,unresolved,unrelated_papers,unrelated_papers
7344,unmatched,unresolved,related_papers,related_papers
7345,unmatched,unresolved,unrelated_papers,unrelated_papers
7346,unmatched,unresolved,unrelated_papers,unrelated_papers
7347,unmatched,unresolved,related_papers,related_papers
7348,unmatched,unresolved,same_paper,same_paper
7349,unmatched,unresolved,same_paper,same_paper
7350,unmatched,unresolved,unrelated_papers,unrelated_papers
7351,unmatched,unresolved,same_paper,same_paper
7352,unmatched,unresolved,unrelated_papers,unrelated_papers
7353,unmatched,unresolved,related_papers,related_papers
7354,unmatched,unresolved,unrelated_papers,unrelated_papers
7355,unmatched,unresolved,related_papers,related_papers
7356,unmatched,unresolved,related_papers,related_papers
7357,unmatched,unresolved,unrelated_papers,unrelated_papers
7358,unmatched,unresolved,unrelated_papers,unrelated_papers
7359,unmatched,unresolved,related_papers,related_papers
7360,unmatched,unresolved,unrelated_papers,unrelated_papers
7361,unmatched,unresolved,related_papers,related_papers
7362,unmatched,unresolved,unrelated_papers,unrelated_papers
7363,unmatched,unresolved,related_papers,related_papers
7364,unmatched,unresolved,unrelated_papers,unrelated_papers
7365,unmatched,unresolved,unrelated_papers,unrelated_papers
7366,unmatched,unresolved,related_papers,related_papers
7367,unmatched,unresolved,unrelated_papers,unrelated_papers
7368,unmatched,unresolved,unrelated_papers,unrelated_papers
7369,unmatched,unresolved,unrelated_papers,unrelated_papers
7370,unmatched,unresolved,unrelated_papers,unrelated_papers
7371,unmatched,unresolved,related_papers,related_papers
7372,unmatched,unresolved,unrelated_papers,unrelated_papers
7373,unmatched,unresolved,unrelated_papers,unrelated_papers
7374,unmatched,unresolved,unrelated_papers,unrelated_papers
7375,unmatched,unresolved,related_papers,related_papers
7376,unmatched,unresolved,related_papers,related_papers
7377,unmatched,unresolved,related_papers,related_papers
7378,unmatched,unresolved,unrelated_papers,unrelated_papers
7379,unmatched,unresolved,same_paper,same_paper
7380,unmatched,unresolved,unrelated_papers,unrelated_papers
7381,unmatched,unresolved,related_papers,related_papers
7382,unmatched,unresolved,related_papers,related_papers
7383,unmatched,unresolved,related_papers,related_papers
7384,unmatched,unresolved,unrelated_papers,unrelated_papers
7385,unmatched,unresolved,unrelated_papers,unrelated_papers
7386,unmatched,unresolved,related_papers,related_papers
7387,unmatched,unresolved,related_papers,related_papers
7388,unmatched,unresolved,related_papers,related_papers
7389,unmatched,unresolved,related_papers,related_papers
7390,unmatched,unresolved,same_paper,same_paper
7391,unmatched,unresolved,related_papers,related_papers
7392,unmatched,unresolved,related_papers,related_papers
7393,unmatched,unresolved,unrelated_papers,unrelated_papers
7394,unmatched,unresolved,unrelated_papers,unrelated_papers
7395,unmatched,unresolved,unrelated_papers,unrelated_papers
7396,unmatched,unresolved,related_papers,related_papers
7397,unmatched,unresolved,unrelated_papers,unrelated_papers
7398,unmatched,unresolved,related_papers,related_papers
7399,unmatched,unresolved,unrelated_papers,unrelated_papers
7400,unmatched,unresolved,same_paper,same_paper
7401,unmatched,unresolved,unrelated_papers,unrelated_papers
7402,unmatched,unresolved,related_papers,related_papers
7403,unmatched,unresolved,related_papers,related_papers
7404,unmatched,unresolved,unrelated_papers,unrelated_papers
7405,unmatched,unresolved,same_paper,same_paper
7406,unmatched,unresolved,unrelated_papers,unrelated_papers
7407,unmatched,unresolved,unrelated_papers,unrelated_papers
7408,unmatched,unresolved,same_paper,same_paper
7409,unmatched,unresolved,unrelated_papers,unrelated_papers
7410,unmatched,unresolved,unrelated_papers,unrelated_papers
7411,unmatched,unresolved,related_papers,related_papers
7412,unmatched,unresolved,unrelated_papers,unrelated_papers
7413,unmatched,unresolved,unrelated_papers,unrelated_papers
7414,unmatched,unresolved,related_papers,related_papers
7415,unmatched,unresolved,related_papers,related_papers
7416,unmatched,unresolved,related_papers,related_papers
7417,unmatched,unresolved,related_papers,related_papers
7418,unmatched,unresolved,same_paper,same_paper
7419,unmatched,unresolved,unrelated_papers,unrelated_papers
7420,unmatched,unresolved,unrelated_papers,unrelated_papers
7421,unmatched,unresolved,related_papers,related_papers
7422,unmatched,unresolved,related_papers,related_papers
7423,unmatched,unresolved,related_papers,related_papers
7424,unmatched,unresolved,related_papers,related_papers
7425,unmatched,unresolved,related_papers,related_papers
7426,unmatched,unresolved,related_papers,related_papers
7427,unmatched,unresolved,unrelated_papers,unrelated_papers
7428,unmatched,unresolved,unrelated_papers,unrelated_papers
7429,unmatched,unresolved,unrelated_papers,unrelated_papers
7430,unmatched,unresolved,related_papers,related_papers
7431,unmatched,unresolved,related_papers,related_papers
7432,unmatched,unresolved,unrelated_papers,unrelated_papers
7433,unmatched,unresolved,unrelated_papers,unrelated_papers
7434,unmatched,unresolved,same_paper,same_paper
7435,unmatched,unresolved,unrelated_papers,unrelated_papers
7436,unmatched,unresolved,related_papers,related_papers
7437,unmatched,unresolved,related_papers,related_papers
7438,unmatched,unresolved,unrelated_papers,unrelated_papers
7439,unmatched,unresolved,unrelated_papers,unrelated_papers
7440,unmatched,unresolved,related_papers,related_papers
7441,unmatched,unresolved,same_paper,same_paper
7442,unmatched,unresolved,unrelated_papers,unrelated_papers
7443,unmatched,unresolved,related_papers,related_papers
7444,unmatched,unresolved,unrelated_papers,unrelated_papers
7445,unmatched,unresolved,related_papers,related_papers
7446,unmatched,unresolved,unrelated_papers,unrelated_papers
7447,unmatched,unresolved,same_paper,same_paper
7448,unmatched,unresolved,unrelated_papers,unrelated_papers
7449,unmatched,unresolved,unrelated_papers,unrelated_papers
7450,unmatched,unresolved,unrelated_papers,unrelated_papers
7451,unmatched,unresolved,related_papers,related_papers
7452,unmatched,unresolved,related_papers,related_papers
7453,unmatched,unresolved,unrelated_papers,unrelated_papers
7454,unmatched,unresolved,unrelated_papers,unrelated_papers
7455,unmatched,unresolved,related_papers,related_papers
7456,unmatched,unresolved,related_papers,related_papers
7457,unmatched,unresolved,related_papers,related_papers
7458,unmatched,unresolved,related_papers,related_papers
7459,unmatched,unresolved,unrelated_papers,unrelated_papers
7460,unmatched,unresolved,unrelated_papers,unrelated_papers
7461,unmatched,unresolved,unrelated_papers,unrelated_papers
7462,unmatched,unresolved,same_paper,same_paper
7463,unmatched,unresolved,unrelated_papers,unrelated_papers
7464,unmatched,unresolved,related_papers,related_papers
7465,unmatched,unresolved,unrelated_papers,unrelated_papers
7466,unmatched,unresolved,unrelated_papers,unrelated_papers
7467,unmatched,unresolved,same_paper,same_paper
7468,unmatched,unresolved,related_papers,related_papers
7469,unmatched,unresolved,same_paper,same_paper
7470,unmatched,unresolved,related_papers,related_papers
7471,unmatched,unresolved,same_paper,same_paper
7472,unmatched,unresolved,related_papers,related_papers
7473,unmatched,unresolved,related_papers,related_papers
7474,unmatched,unresolved,unrelated_papers,unrelated_papers
7475,unmatched,unresolved,unrelated_papers,unrelated_papers
7476,unmatched,unresolved,unrelated_papers,unrelated_papers
7477,unmatched,unresolved,unrelated_papers,unrelated_papers
7478,unmatched,unresolved,unrelated_papers,unrelated_papers
7479,unmatched,unresolved,related_papers,related_papers
7480,unmatched,unresolved,same_paper,same_paper
7481,unmatched,unresolved,unrelated_papers,unrelated_papers
7482,unmatched,unresolved,unrelated_papers,unrelated_papers
7483,unmatched,unresolved,related_papers,related_papers
7484,unmatched,unresolved,unrelated_papers,unrelated_papers
7485,unmatched,unresolved,same_paper,same_paper
7486,unmatched,unresolved,related_papers,related_papers
7487,unmatched,unresolved,unrelated_papers,unrelated_papers
7488,unmatched,unresolved,related_papers,related_papers
7489,unmatched,unresolved,related_papers,related_papers
7490,unmatched,unresolved,same_paper,same_paper
7491,unmatched,unresolved,unrelated_papers,unrelated_papers
7492,unmatched,unresolved,unrelated_papers,unrelated_papers
7493,unmatched,unresolved,unrelated_papers,unrelated_papers
7494,unmatched,unresolved,unrelated_papers,unrelated_papers
7495,unmatched,unresolved,unrelated_papers,unrelated_papers
7496,unmatched,unresolved,same_paper,same_paper
7497,unmatched,unresolved,related_papers,related_papers
7498,unmatched,unresolved,unrelated_papers,unrelated_papers
7499,unmatched,unresolved,unrelated_papers,unrelated_papers
7500,unmatched,unresolved,unrelated_papers,unrelated_papers
7501,unmatched,unresolved,unrelated_papers,unrelated_papers
7502,unmatched,unresolved,unrelated_papers,unrelated_papers
7503,unmatched,unresolved,related_papers,related_papers
7504,unmatched,unresolved,related_papers,related_papers
7505,unmatched,unresolved,unrelated_papers,unrelated_papers
7506,unmatched,unresolved,same_paper,same_paper
7507,unmatched,unresolved,same_paper,same_paper
7508,unmatched,unresolved,related_papers,related_papers
7509,unmatched,unresolved,unrelated_papers,unrelated_papers
7510,unmatched,unresolved,related_papers,related_papers
7511,unmatched,unresolved,unrelated_papers,unrelated_papers
7512,unmatched,unresolved,unrelated_papers,unrelated_papers
7513,unmatched,unresolved,unrelated_papers,unrelated_papers
7514,unmatched,unresolved,related_papers,related_papers
7515,unmatched,unresolved,unrelated_papers,unrelated_papers
7516,unmatched,unresolved,unrelated_papers,unrelated_papers
7517,unmatched,unresolved,related_papers,related_papers
7518,unmatched,unresolved,unrelated_papers,unrelated_papers
7519,unmatched,unresolved,unrelated_papers,unrelated_papers
7520,unmatched,unresolved,unrelated_papers,unrelated_papers
7521,unmatched,unresolved,same_paper,same_paper
7522,unmatched,unresolved,unrelated_papers,unrelated_papers
7523,unmatched,unresolved,related_papers,related_papers
7524,unmatched,unresolved,unrelated_papers,unrelated_papers
7525,unmatched,unresolved,unrelated_papers,unrelated_papers
7526,unmatched,unresolved,unrelated_papers,unrelated_papers
7527,unmatched,unresolved,unrelated_papers,unrelated_papers
7528,unmatched,unresolved,unrelated_papers,unrelated_papers
7529,unmatched,unresolved,same_paper,same_paper
7530,unmatched,unresolved,same_paper,same_paper
7531,unmatched,unresolved,related_papers,related_papers
7532,unmatched,unresolved,same_paper,same_paper
7533,unmatched,unresolved,related_papers,related_papers
7534,unmatched,unresolved,unrelated_papers,unrelated_papers
7535,unmatched,unresolved,unrelated_papers,unrelated_papers
7536,unmatched,unresolved,related_papers,related_papers
7537,unmatched,unresolved,same_paper,same_paper
7538,unmatched,unresolved,same_paper,same_paper
7539,unmatched,unresolved,unrelated_papers,unrelated_papers
7540,unmatched,unresolved,unrelated_papers,unrelated_papers
7541,unmatched,unresolved,unrelated_papers,unrelated_papers
7542,unmatched,unresolved,unrelated_papers,unrelated_papers
7543,unmatched,unresolved,unrelated_papers,unrelated_papers
7544,unmatched,unresolved,unrelated_papers,unrelated_papers
7545,unmatched,unresolved,unrelated_papers,unrelated_papers
7546,unmatched,unresolved,related_papers,related_papers
7547,unmatched,unresolved,unrelated_papers,unrelated_papers
7548,unmatched,unresolved,same_paper,same_paper
7549,unmatched,unresolved,related_papers,related_papers
7550,unmatched,unresolved,related_papers,related_papers
7551,unmatched,unresolved,unrelated_papers,unrelated_papers
7552,unmatched,unresolved,related_papers,related_papers
7553,unmatched,unresolved,unrelated_papers,unrelated_papers
7554,unmatched,unresolved,unrelated_papers,unrelated_papers
7555,unmatched,unresolved,same_paper,same_paper
7556,unmatched,unresolved,same_paper,same_paper
7557,unmatched,unresolved,same_paper,same_paper
7558,unmatched,unresolved,unrelated_papers,unrelated_papers
7559,unmatched,unresolved,unrelated_papers,unrelated_papers
7560,unmatched,unresolved,related_papers,related_papers
7561,unmatched,unresolved,same_paper,same_paper
7562,unmatched,unresolved,unrelated_papers,unrelated_papers
7563,unmatched,unresolved,unrelated_papers,unrelated_papers
7564,unmatched,unresolved,unrelated_papers,unrelated_papers
7565,unmatched,unresolved,unrelated_papers,unrelated_papers
7566,unmatched,unresolved,unrelated_papers,unrelated_papers
7567,unmatched,unresolved,unrelated_papers,unrelated_papers
7568,unmatched,unresolved,same_paper,same_paper
7569,unmatched,unresolved,related_papers,related_papers
7570,unmatched,unresolved,unrelated_papers,unrelated_papers
7571,unmatched,unresolved,same_paper,same_paper
7572,unmatched,unresolved,related_papers,related_papers
7573,unmatched,unresolved,unrelated_papers,unrelated_papers
7574,unmatched,unresolved,unrelated_papers,unrelated_papers
7575,unmatched,unresolved,related_papers,related_papers
7576,unmatched,unresolved,related_papers,related_papers
7577,unmatched,unresolved,unrelated_papers,unrelated_papers
7578,unmatched,unresolved,related_papers,related_papers
7579,unmatched,unresolved,same_paper,same_paper
7580,unmatched,unresolved,related_papers,related_papers
7581,unmatched,unresolved,unrelated_papers,unrelated_papers
7582,unmatched,unresolved,related_papers,related_papers
7583,unmatched,unresolved,unrelated_papers,unrelated_papers
7584,unmatched,unresolved,related_papers,related_papers
7585,unmatched,unresolved,related_papers,related_papers
7586,unmatched,unresolved,unrelated_papers,unrelated_papers
7587,unmatched,unresolved,unrelated_papers,unrelated_papers
7588,unmatched,unresolved,related_papers,related_papers
7589,unmatched,unresolved,related_papers,related_papers
7590,unmatched,unresolved,unrelated_papers,unrelated_papers
7591,unmatched,unresolved,unrelated_papers,unrelated_papers
7592,unmatched,unresolved,same_paper,same_paper
7593,unmatched,unresolved,related_papers,related_papers
7594,unmatched,unresolved,unrelated_papers,unrelated_papers
7595,unmatched,unresolved,unrelated_papers,unrelated_papers
7596,unmatched,unresolved,same_paper,same_paper
7597,unmatched,unresolved,related_papers,related_papers
7598,unmatched,unresolved,unrelated_papers,unrelated_papers
7599,unmatched,unresolved,same_paper,same_paper
7600,unmatched,unresolved,unrelated_papers,unrelated_papers
7601,unmatched,unresolved,related_papers,related_papers
7602,unmatched,unresolved,related_papers,related_papers
7603,unmatched,unresolved,related_papers,related_papers
7604,unmatched,unresolved,unrelated_papers,unrelated_papers
7605,unmatched,unresolved,related_papers,related_papers
7606,unmatched,unresolved,related_papers,related_papers
7607,unmatched,unresolved,unrelated_papers,unrelated_papers
7608,unmatched,unresolved,unrelated_papers,unrelated_papers
7609,unmatched,unresolved,unrelated_papers,unrelated_papers
7610,unmatched,unresolved,unrelated_papers,unrelated_papers
7611,unmatched,unresolved,same_paper,same_paper
7612,unmatched,unresolved,same_paper,same_paper
7613,unmatched,unresolved,unrelated_papers,unrelated_papers
7614,unmatched,unresolved,related_papers,related_papers
7615,unmatched,unresolved,related_papers,related_papers
7616,unmatched,unresolved,unrelated_papers,unrelated_papers
7617,unmatched,unresolved,unrelated_papers,unrelated_papers
7618,unmatched,unresolved,same_paper,same_paper
7619,unmatched,unresolved,related_papers,related_papers
7620,unmatched,unresolved,unrelated_papers,unrelated_papers
7621,unmatched,unresolved,unrelated_papers,unrelated_papers
7622,unmatched,unresolved,unrelated_papers,unrelated_papers
7623,unmatched,unresolved,unrelated_papers,unrelated_papers
7624,unmatched,unresolved,unrelated_papers,unrelated_papers
7625,unmatched,unresolved,unrelated_papers,unrelated_papers
7626,unmatched,unresolved,unrelated_papers,unrelated_papers
7627,unmatched,unresolved,related_papers,related_papers
7628,unmatched,unresolved,unrelated_papers,unrelated_papers
7629,unmatched,unresolved,unrelated_papers,unrelated_papers
7630,unmatched,unresolved,related_papers,related_papers
7631,unmatched,unresolved,unrelated_papers,unrelated_papers
7632,unmatched,unresolved,unrelated_papers,unrelated_papers
7633,unmatched,unresolved,related_papers,related_papers
7634,unmatched,unresolved,related_papers,related_papers
7635,unmatched,unresolved,unrelated_papers,unrelated_papers
7636,unmatched,unresolved,unrelated_papers,unrelated_papers
7637,unmatched,unresolved,unrelated_papers,unrelated_papers
7638,unmatched,unresolved,unrelated_papers,unrelated_papers
7639,unmatched,unresolved,related_papers,related_papers
7640,unmatched,unresolved,related_papers,related_papers
7641,unmatched,unresolved,unrelated_papers,unrelated_papers
7642,unmatched,unresolved,related_papers,related_papers
7643,unmatched,unresolved,unrelated_papers,unrelated_papers
7644,unmatched,unresolved,unrelated_papers,unrelated_papers
7645,unmatched,unresolved,related_papers,related_papers
7646,unmatched,unresolved,unrelated_papers,unrelated_papers
7647,unmatched,unresolved,unrelated_papers,unrelated_papers
7648,unmatched,unresolved,same_paper,same_paper
7649,unmatched,unresolved,unrelated_papers,unrelated_papers
7650,unmatched,unresolved,unrelated_papers,unrelated_papers
7651,unmatched,unresolved,same_paper,same_paper
7652,unmatched,unresolved,related_papers,related_papers
7653,unmatched,unresolved,same_paper,same_paper
7654,unmatched,unresolved,related_papers,related_papers
7655,unmatched,unresolved,same_paper,same_paper
7656,unmatched,unresolved,unrelated_papers,unrelated_papers
7657,unmatched,unresolved,unrelated_papers,unrelated_papers
7658,unmatched,unresolved,unrelated_papers,unrelated_papers
7659,unmatched,unresolved,related_papers,related_papers
7660,unmatched,unresolved,unrelated_papers,unrelated_papers
7661,unmatched,unresolved,unrelated_papers,unrelated_papers
7662,unmatched,unresolved,unrelated_papers,unrelated_papers
7663,unmatched,unresolved,related_papers,related_papers
7664,unmatched,unresolved,unrelated_papers,unrelated_papers
7665,unmatched,unresolved,same_paper,same_paper
7666,unmatched,unresolved,related_papers,related_papers
7667,unmatched,unresolved,unrelated_papers,unrelated_papers
7668,unmatched,unresolved,same_paper,same_paper
7669,unmatched,unresolved,same_paper,same_paper
7670,unmatched,unresolved,unrelated_papers,unrelated_papers
7671,unmatched,unresolved,related_papers,related_papers
7672,unmatched,unresolved,unrelated_papers,unrelated_papers
7673,unmatched,unresolved,related_papers,related_papers
7674,unmatched,unresolved,related_papers,related_papers
7675,unmatched,unresolved,unrelated_papers,unrelated_papers
7676,unmatched,unresolved,same_paper,same_paper
7677,unmatched,unresolved,related_papers,related_papers
7678,unmatched,unresolved,unrelated_papers,unrelated_papers
7679,unmatched,unresolved,unrelated_papers,unrelated_papers
7680,unmatched,unresolved,unrelated_papers,unrelated_papers
7681,unmatched,unresolved,related_papers,related_papers
7682,unmatched,unresolved,unrelated_papers,unrelated_papers
7683,unmatched,unresolved,related_papers,related_papers
7684,unmatched,unresolved,related_papers,related_papers
7685,unmatched,unresolved,unrelated_papers,unrelated_papers
7686,unmatched,unresolved,related_papers,related_papers
7687,unmatched,unresolved,unrelated_papers,unrelated_papers
7688,unmatched,unresolved,unrelated_papers,unrelated_papers
7689,unmatched,unresolved,related_papers,related_papers
7690,unmatched,unresolved,unrelated_papers,unrelated_papers
7691,unmatched,unresolved,unrelated_papers,unrelated_papers
7692,unmatched,unresolved,related_papers,related_papers
7693,unmatched,unresolved,unrelated_papers,unrelated_papers
7694,unmatched,unresolved,related_papers,related_papers
7695,unmatched,unresolved,unrelated_papers,unrelated_papers
7696,unmatched,unresolved,related_papers,related_papers
7697,unmatched,unresolved,related_papers,related_papers
7698,unmatched,unresolved,unrelated_papers,unrelated_papers
7699,unmatched,unresolved,unrelated_papers,unrelated_papers
7700,unmatched,unresolved,related_papers,related_papers
7701,unmatched,unresolved,related_papers,related_papers
7702,unmatched,unresolved,unrelated_papers,unrelated_papers
7703,unmatched,unresolved,unrelated_papers,unrelated_papers
7704,unmatched,unresolved,related_papers,related_papers
7705,unmatched,unresolved,related_papers,related_papers
7706,unmatched,unresolved,related_papers,related_papers
7707,unmatched,unresolved,related_papers,related_papers
7708,unmatched,unresolved,unrelated_papers,unrelated_papers
7709,unmatched,unresolved,unrelated_papers,unrelated_papers
7710,unmatched,unresolved,unrelated_papers,unrelated_papers
7711,unmatched,unresolved,unrelated_papers,unrelated_papers
7712,unmatched,unresolved,unrelated_papers,unrelated_papers
7713,unmatched,unresolved,same_paper,same_paper
7714,unmatched,unresolved,unrelated_papers,unrelated_papers
7715,unmatched,unresolved,unrelated_papers,unrelated_papers
7716,unmatched,unresolved,same_paper,same_paper
7717,unmatched,unresolved,related_papers,related_papers
7718,unmatched,unresolved,same_paper,same_paper
7719,unmatched,unresolved,related_papers,related_papers
7720,unmatched,unresolved,related_papers,related_papers
7721,unmatched,unresolved,same_paper,same_paper
7722,unmatched,unresolved,related_papers,related_papers
7723,unmatched,unresolved,related_papers,related_papers
7724,unmatched,unresolved,related_papers,related_papers
7725,unmatched,unresolved,unrelated_papers,unrelated_papers
7726,unmatched,unresolved,unrelated_papers,unrelated_papers
7727,unmatched,unresolved,related_papers,related_papers
7728,unmatched,unresolved,unrelated_papers,unrelated_papers
7729,unmatched,unresolved,unrelated_papers,unrelated_papers
7730,unmatched,unresolved,unrelated_papers,unrelated_papers
7731,unmatched,unresolved,related_papers,related_papers
7732,unmatched,unresolved,unrelated_papers,unrelated_papers
7733,unmatched,unresolved,unrelated_papers,unrelated_papers
7734,unmatched,unresolved,unrelated_papers,unrelated_papers
7735,unmatched,unresolved,unrelated_papers,unrelated_papers
7736,unmatched,unresolved,unrelated_papers,unrelated_papers
7737,unmatched,unresolved,related_papers,related_papers
7738,unmatched,unresolved,related_papers,related_papers
7739,unmatched,unresolved,same_paper,same_paper
7740,unmatched,unresolved,unrelated_papers,unrelated_papers
7741,unmatched,unresolved,unrelated_papers,unrelated_papers
7742,unmatched,unresolved,related_papers,related_papers
7743,unmatched,unresolved,unrelated_papers,unrelated_papers
7744,unmatched,unresolved,related_papers,related_papers
7745,unmatched,unresolved,unrelated_papers,unrelated_papers
7746,unmatched,unresolved,same_paper,same_paper
7747,unmatched,unresolved,unrelated_papers,unrelated_papers
7748,unmatched,unresolved,related_papers,related_papers
7749,unmatched,unresolved,unrelated_papers,unrelated_papers
7750,unmatched,unresolved,same_paper,same_paper
7751,unmatched,unresolved,related_papers,related_papers
7752,unmatched,unresolved,unrelated_papers,unrelated_papers
7753,unmatched,unresolved,unrelated_papers,unrelated_papers
7754,unmatched,unresolved,same_paper,same_paper
7755,unmatched,unresolved,unrelated_papers,unrelated_papers
7756,unmatched,unresolved,unrelated_papers,unrelated_papers
7757,unmatched,unresolved,unrelated_papers,unrelated_papers
7758,unmatched,unresolved,unrelated_papers,unrelated_papers
7759,unmatched,unresolved,related_papers,related_papers
7760,unmatched,unresolved,related_papers,related_papers
7761,unmatched,unresolved,related_papers,related_papers
7762,unmatched,unresolved,same_paper,same_paper
7763,unmatched,unresolved,same_paper,same_paper
7764,unmatched,unresolved,related_papers,related_papers
7765,unmatched,unresolved,unrelated_papers,unrelated_papers
7766,unmatched,unresolved,related_papers,related_papers
7767,unmatched,unresolved,related_papers,related_papers
7768,unmatched,unresolved,related_papers,related_papers
7769,unmatched,unresolved,unrelated_papers,unrelated_papers
7770,unmatched,unresolved,unrelated_papers,unrelated_papers
7771,unmatched,unresolved,related_papers,related_papers
7772,unmatched,unresolved,related_papers,related_papers
7773,unmatched,unresolved,related_papers,related_papers
7774,unmatched,unresolved,unrelated_papers,unrelated_papers
7775,unmatched,unresolved,related_papers,related_papers
7776,unmatched,unresolved,related_papers,related_papers
7777,unmatched,unresolved,unrelated_papers,unrelated_papers
7778,unmatched,unresolved,unrelated_papers,unrelated_papers
7779,unmatched,unresolved,unrelated_papers,unrelated_papers
7780,unmatched,unresolved,same_paper,same_paper
7781,unmatched,unresolved,related_papers,related_papers
7782,unmatched,unresolved,same_paper,same_paper
7783,unmatched,unresolved,related_papers,related_papers
7784,unmatched,unresolved,unrelated_papers,unrelated_papers
7785,unmatched,unresolved,unrelated_papers,unrelated_papers
7786,unmatched,unresolved,unrelated_papers,unrelated_papers
7787,unmatched,unresolved,related_papers,related_papers
7788,unmatched,unresolved,related_papers,related_papers
7789,unmatched,unresolved,unrelated_papers,unrelated_papers
7790,unmatched,unresolved,unrelated_papers,unrelated_papers
7791,unmatched,unresolved,unrelated_papers,unrelated_papers
7792,unmatched,unresolved,related_papers,related_papers
7793,unmatched,unresolved,unrelated_papers,unrelated_papers
7794,unmatched,unresolved,same_paper,same_paper
7795,unmatched,unresolved,unrelated_papers,unrelated_papers
7796,unmatched,unresolved,related_papers,related_papers
7797,unmatched,unresolved,related_papers,related_papers
7798,unmatched,unresolved,unrelated_papers,unrelated_papers
7799,unmatched,unresolved,unrelated_papers,unrelated_papers
7800,unmatched,unresolved,same_paper,same_paper
7801,unmatched,unresolved,same_paper,same_paper
7802,unmatched,unresolved,unrelated_papers,unrelated_papers
7803,unmatched,unresolved,unrelated_papers,unrelated_papers
7804,unmatched,unresolved,related_papers,related_papers
7805,unmatched,unresolved,same_paper,same_paper
7806,unmatched,unresolved,unrelated_papers,unrelated_papers
7807,unmatched,unresolved,unrelated_papers,unrelated_papers
7808,unmatched,unresolved,unrelated_papers,unrelated_papers
7809,unmatched,unresolved,unrelated_papers,unrelated_papers
7810,unmatched,unresolved,related_papers,related_papers
7811,unmatched,unresolved,unrelated_papers,unrelated_papers
7812,unmatched,unresolved,unrelated_papers,unrelated_papers
7813,unmatched,unresolved,related_papers,related_papers
7814,unmatched,unresolved,related_papers,related_papers
7815,unmatched,unresolved,unrelated_papers,unrelated_papers
7816,unmatched,unresolved,unrelated_papers,unrelated_papers
7817,unmatched,unresolved,unrelated_papers,unrelated_papers
7818,unmatched,unresolved,unrelated_papers,unrelated_papers
7819,unmatched,unresolved,related_papers,related_papers
7820,unmatched,unresolved,related_papers,related_papers
7821,unmatched,unresolved,related_papers,related_papers
7822,unmatched,unresolved,unrelated_papers,unrelated_papers
7823,unmatched,unresolved,related_papers,related_papers
7824,unmatched,unresolved,unrelated_papers,unrelated_papers
7825,unmatched,unresolved,unrelated_papers,unrelated_papers
7826,unmatched,unresolved,related_papers,related_papers
7827,unmatched,unresolved,related_papers,related_papers
7828,unmatched,unresolved,unrelated_papers,unrelated_papers
7829,unmatched,unresolved,unrelated_papers,unrelated_papers
7830,unmatched,unresolved,unrelated_papers,unrelated_papers
7831,unmatched,unresolved,unrelated_papers,unrelated_papers
7832,unmatched,unresolved,unrelated_papers,unrelated_papers
7833,unmatched,unresolved,unrelated_papers,unrelated_papers
7834,unmatched,unresolved,same_paper,same_paper
7835,unmatched,unresolved,related_papers,related_papers
7836,unmatched,unresolved,same_paper,same_paper
7837,unmatched,unresolved,unrelated_papers,unrelated_papers
7838,unmatched,unresolved,same_paper,same_paper
7839,unmatched,unresolved,related_papers,related_papers
7840,unmatched,unresolved,unrelated_papers,unrelated_papers
7841,unmatched,unresolved,unrelated_papers,unrelated_papers
7842,unmatched,unresolved,related_papers,related_papers
7843,unmatched,unresolved,unrelated_papers,unrelated_papers
7844,unmatched,unresolved,same_paper,same_paper
7845,unmatched,unresolved,unrelated_papers,unrelated_papers
7846,unmatched,unresolved,same_paper,same_paper
7847,unmatched,unresolved,unrelated_papers,unrelated_papers
7848,unmatched,unresolved,same_paper,same_paper
7849,unmatched,unresolved,related_papers,related_papers
7850,unmatched,unresolved,related_papers,related_papers
7851,unmatched,unresolved,same_paper,same_paper
7852,unmatched,unresolved,unrelated_papers,unrelated_papers
7853,unmatched,unresolved,same_paper,same_paper
7854,unmatched,unresolved,same_paper,same_paper
7855,unmatched,unresolved,related_papers,related_papers
7856,unmatched,unresolved,unrelated_papers,unrelated_papers
7857,unmatched,unresolved,unrelated_papers,unrelated_papers
7858,unmatched,unresolved,related_papers,related_papers
7859,unmatched,unresolved,unrelated_papers,unrelated_papers
7860,unmatched,unresolved,related_papers,related_papers
7861,unmatched,unresolved,related_papers,related_papers
7862,unmatched,unresolved,same_paper,same_paper
7863,unmatched,unresolved,unrelated_papers,unrelated_papers
7864,unmatched,unresolved,unrelated_papers,unrelated_papers
7865,unmatched,unresolved,related_papers,related_papers
7866,unmatched,unresolved,unrelated_papers,unrelated_papers
7867,unmatched,unresolved,unrelated_papers,unrelated_papers
7868,unmatched,unresolved,same_paper,same_paper
7869,unmatched,unresolved,unrelated_papers,unrelated_papers
7870,unmatched,unresolved,unrelated_papers,unrelated_papers
7871,unmatched,unresolved,unrelated_papers,unrelated_papers
7872,unmatched,unresolved,unrelated_papers,unrelated_papers
7873,unmatched,unresolved,unrelated_papers,unrelated_papers
7874,unmatched,unresolved,related_papers,related_papers
7875,unmatched,unresolved,unrelated_papers,unrelated_papers
7876,unmatched,unresolved,unrelated_papers,unrelated_papers
7877,unmatched,unresolved,same_paper,same_paper
7878,unmatched,unresolved,unrelated_papers,unrelated_papers
7879,unmatched,unresolved,unrelated_papers,unrelated_papers
7880,unmatched,unresolved,unrelated_papers,unrelated_papers
7881,unmatched,unresolved,unrelated_papers,unrelated_papers
7882,unmatched,unresolved,unrelated_papers,unrelated_papers
7883,unmatched,unresolved,same_paper,same_paper
7884,unmatched,unresolved,unrelated_papers,unrelated_papers
7885,unmatched,unresolved,unrelated_papers,unrelated_papers
7886,unmatched,unresolved,unrelated_papers,unrelated_papers
7887,unmatched,unresolved,unrelated_papers,unrelated_papers
7888,unmatched,unresolved,related_papers,related_papers
7889,unmatched,unresolved,unrelated_papers,unrelated_papers
7890,unmatched,unresolved,unrelated_papers,unrelated_papers
7891,unmatched,unresolved,unrelated_papers,unrelated_papers
7892,unmatched,unresolved,unrelated_papers,unrelated_papers
7893,unmatched,unresolved,same_paper,same_paper
7894,unmatched,unresolved,unrelated_papers,unrelated_papers
7895,unmatched,unresolved,same_paper,same_paper
7896,unmatched,unresolved,unrelated_papers,unrelated_papers
7897,unmatched,unresolved,unrelated_papers,unrelated_papers
7898,unmatched,unresolved,related_papers,related_papers
7899,unmatched,unresolved,same_paper,same_paper
7900,unmatched,unresolved,unrelated_papers,unrelated_papers
7901,unmatched,unresolved,unrelated_papers,unrelated_papers
7902,unmatched,unresolved,related_papers,related_papers
7903,unmatched,unresolved,unrelated_papers,unrelated_papers
7904,unmatched,unresolved,related_papers,related_papers
7905,unmatched,unresolved,related_papers,related_papers
7906,unmatched,unresolved,unrelated_papers,unrelated_papers
7907,unmatched,unresolved,unrelated_papers,unrelated_papers
7908,unmatched,unresolved,unrelated_papers,unrelated_papers
7909,unmatched,unresolved,unrelated_papers,unrelated_papers
7910,unmatched,unresolved,related_papers,related_papers
7911,unmatched,unresolved,same_paper,same_paper
7912,unmatched,unresolved,unrelated_papers,unrelated_papers
7913,unmatched,unresolved,unrelated_papers,unrelated_papers
7914,unmatched,unresolved,related_papers,related_papers
7915,unmatched,unresolved,same_paper,same_paper
7916,unmatched,unresolved,related_papers,related_papers
7917,unmatched,unresolved,unrelated_papers,unrelated_papers
7918,unmatched,unresolved,related_papers,related_papers
7919,unmatched,unresolved,unrelated_papers,unrelated_papers
7920,unmatched,unresolved,related_papers,related_papers
7921,unmatched,unresolved,related_papers,related_papers
7922,unmatched,unresolved,same_paper,same_paper
7923,unmatched,unresolved,same_paper,same_paper
7924,unmatched,unresolved,related_papers,related_papers
7925,unmatched,unresolved,unrelated_papers,unrelated_papers
7926,unmatched,unresolved,related_papers,related_papers
7927,unmatched,unresolved,unrelated_papers,unrelated_papers
7928,unmatched,unresolved,unrelated_papers,unrelated_papers
7929,unmatched,unresolved,related_papers,related_papers
7930,unmatched,unresolved,unrelated_papers,unrelated_papers
7931,unmatched,unresolved,unrelated_papers,unrelated_papers
7932,unmatched,unresolved,related_papers,related_papers
7933,unmatched,unresolved,unrelated_papers,unrelated_papers
7934,unmatched,unresolved,related_papers,related_papers
7935,unmatched,unresolved,related_papers,related_papers
7936,unmatched,unresolved,related_papers,related_papers
7937,unmatched,unresolved,unrelated_papers,unrelated_papers
7938,unmatched,unresolved,related_papers,related_papers
7939,unmatched,unresolved,unrelated_papers,unrelated_papers
7940,unmatched,unresolved,unrelated_papers,unrelated_papers
7941,unmatched,unresolved,same_paper,same_paper
7942,unmatched,unresolved,unrelated_papers,unrelated_papers
7943,unmatched,unresolved,unrelated_papers,unrelated_papers
7944,unmatched,unresolved,unrelated_papers,unrelated_papers
7945,unmatched,unresolved,unrelated_papers,unrelated_papers
7946,unmatched,unresolved,unrelated_papers,unrelated_papers
7947,unmatched,unresolved,unrelated_papers,unrelated_papers
7948,unmatched,unresolved,related_papers,related_papers
7949,unmatched,unresolved,unrelated_papers,unrelated_papers
7950,unmatched,unresolved,unrelated_papers,unrelated_papers
7951,unmatched,unresolved,unrelated_papers,unrelated_papers
7952,unmatched,unresolved,related_papers,related_papers
7953,unmatched,unresolved,unrelated_papers,unrelated_papers
7954,unmatched,unresolved,unrelated_papers,unrelated_papers
7955,unmatched,unresolved,unrelated_papers,unrelated_papers
7956,unmatched,unresolved,unrelated_papers,unrelated_papers
7957,unmatched,unresolved,related_papers,related_papers
7958,unmatched,unresolved,unrelated_papers,unrelated_papers
7959,unmatched,unresolved,related_papers,related_papers
7960,unmatched,unresolved,related_papers,related_papers
7961,unmatched,unresolved,unrelated_papers,unrelated_papers
7962,unmatched,unresolved,unrelated_papers,unrelated_papers
7963,unmatched,unresolved,unrelated_papers,unrelated_papers
7964,unmatched,unresolved,unrelated_papers,unrelated_papers
7965,unmatched,unresolved,related_papers,related_papers
7966,unmatched,unresolved,same_paper,same_paper
7967,unmatched,unresolved,related_papers,related_papers
7968,unmatched,unresolved,related_papers,related_papers
7969,unmatched,unresolved,unrelated_papers,unrelated_papers
7970,unmatched,unresolved,related_papers,related_papers
7971,unmatched,unresolved,unrelated_papers,unrelated_papers
7972,unmatched,unresolved,same_paper,same_paper
7973,unmatched,unresolved,related_papers,related_papers
7974,unmatched,unresolved,unrelated_papers,unrelated_papers
7975,unmatched,unresolved,unrelated_papers,unrelated_papers
7976,unmatched,unresolved,unrelated_papers,unrelated_papers
7977,unmatched,unresolved,related_papers,related_papers
7978,unmatched,unresolved,unrelated_papers,unrelated_papers
7979,unmatched,unresolved,same_paper,same_paper
7980,unmatched,unresolved,unrelated_papers,unrelated_papers
7981,unmatched,unresolved,unrelated_papers,unrelated_papers
7982,unmatched,unresolved,unrelated_papers,unrelated_papers
7983,unmatched,unresolved,unrelated_papers,unrelated_papers
7984,unmatched,unresolved,unrelated_papers,unrelated_papers
7985,unmatched,unresolved,related_papers,related_papers
7986,unmatched,unresolved,unrelated_papers,unrelated_papers
7987,unmatched,unresolved,related_papers,related_papers
7988,unmatched,unresolved,unrelated_papers,unrelated_papers
7989,unmatched,unresolved,related_papers,related_papers
7990,unmatched,unresolved,unrelated_papers,unrelated_papers
7991,unmatched,unresolved,unrelated_papers,unrelated_papers
7992,unmatched,unresolved,related_papers,related_papers
7993,unmatched,unresolved,unrelated_papers,unrelated_papers
7994,unmatched,unresolved,same_paper,same_paper
7995,unmatched,unresolved,unrelated_papers,unrelated_papers
7996,unmatched,unresolved,same_paper,same_paper
7997,unmatched,unresolved,related_papers,related_papers
7998,unmatched,unresolved,related_papers,related_papers
7999,unmatched,unresolved,unrelated_papers,unrelated_papers
8000,unmatched,unresolved,related_papers,related_papers
8001,unmatched,unresolved,related_papers,related_papers
8002,unmatched,unresolved,unrelated_papers,unrelated_papers
8003,unmatched,unresolved,unrelated_papers,unrelated_papers
8004,unmatched,unresolved,same_paper,same_paper
8005,unmatched,unresolved,unrelated_papers,unrelated_papers
8006,unmatched,unresolved,unrelated_papers,unrelated_papers
8007,unmatched,unresolved,unrelated_papers,unrelated_papers
8008,unmatched,unresolved,related_papers,related_papers
8009,unmatched,unresolved,same_paper,same_paper
8010,unmatched,unresolved,same_paper,same_paper
8011,unmatched,unresolved,unrelated_papers,unrelated_papers
8012,unmatched,unresolved,same_paper,same_paper
8013,unmatched,unresolved,related_papers,related_papers
8014,unmatched,unresolved,same_figure,same_figure
8015,unmatched,unresolved,unrelated_papers,unrelated_papers
8016,unmatched,unresolved,same_figure,same_figure
8017,unmatched,unresolved,unrelated_papers,unrelated_papers
8018,unmatched,unresolved,related_papers,related_papers
8019,unmatched,unresolved,unrelated_papers,unrelated_papers
8020,unmatched,unresolved,unrelated_papers,unrelated_papers
8021,unmatched,unresolved,related_papers,related_papers
8022,unmatched,unresolved,unrelated_papers,unrelated_papers
8023,unmatched,unresolved,related_papers,related_papers
8024,unmatched,unresolved,unrelated_papers,unrelated_papers
8025,unmatched,unresolved,related_papers,related_papers
8026,unmatched,unresolved,related_papers,related_papers
8027,unmatched,unresolved,unrelated_papers,unrelated_papers
8028,unmatched,unresolved,same_paper,same_paper
8029,unmatched,unresolved,unrelated_papers,unrelated_papers
8030,unmatched,unresolved,unrelated_papers,unrelated_papers
8031,unmatched,unresolved,unrelated_papers,unrelated_papers
8032,unmatched,unresolved,unrelated_papers,unrelated_papers
8033,unmatched,unresolved,unrelated_papers,unrelated_papers
8034,unmatched,unresolved,unrelated_papers,unrelated_papers
8035,unmatched,unresolved,unrelated_papers,unrelated_papers
8036,unmatched,unresolved,related_papers,related_papers
8037,unmatched,unresolved,related_papers,related_papers
8038,unmatched,unresolved,unrelated_papers,unrelated_papers
8039,unmatched,unresolved,unrelated_papers,unrelated_papers
8040,unmatched,unresolved,unrelated_papers,unrelated_papers
8041,unmatched,unresolved,related_papers,related_papers
8042,unmatched,unresolved,related_papers,related_papers
8043,unmatched,unresolved,same_paper,same_paper
8044,unmatched,unresolved,unrelated_papers,unrelated_papers
8045,unmatched,unresolved,unrelated_papers,unrelated_papers
8046,unmatched,unresolved,same_paper,same_paper
8047,unmatched,unresolved,same_figure,same_figure
8048,unmatched,unresolved,same_figure,same_figure
8049,unmatched,unresolved,same_paper,same_paper
8050,unmatched,unresolved,related_papers,related_papers
8051,unmatched,unresolved,unrelated_papers,unrelated_papers
8052,unmatched,unresolved,unrelated_papers,unrelated_papers
8053,unmatched,unresolved,unrelated_papers,unrelated_papers
8054,unmatched,unresolved,same_figure,same_figure
8055,unmatched,unresolved,related_papers,related_papers
8056,unmatched,unresolved,same_paper,same_paper
8057,unmatched,unresolved,related_papers,related_papers
8058,unmatched,unresolved,unrelated_papers,unrelated_papers
8059,unmatched,unresolved,related_papers,related_papers
8060,unmatched,unresolved,unrelated_papers,unrelated_papers
8061,unmatched,unresolved,related_papers,related_papers
8062,unmatched,unresolved,unrelated_papers,unrelated_papers
8063,unmatched,unresolved,related_papers,related_papers
8064,unmatched,unresolved,unrelated_papers,unrelated_papers
8065,unmatched,unresolved,related_papers,related_papers
8066,unmatched,unresolved,related_papers,related_papers
8067,unmatched,unresolved,unrelated_papers,unrelated_papers
8068,unmatched,unresolved,same_paper,same_paper
8069,unmatched,unresolved,same_paper,same_paper
8070,unmatched,unresolved,related_papers,related_papers
8071,unmatched,unresolved,same_figure,same_figure
8072,unmatched,unresolved,same_figure,same_figure
8073,unmatched,unresolved,unrelated_papers,unrelated_papers
8074,unmatched,unresolved,related_papers,related_papers
8075,unmatched,unresolved,unrelated_papers,unrelated_papers
8076,unmatched,unresolved,related_papers,related_papers
8077,unmatched,unresolved,unrelated_papers,unrelated_papers
8078,unmatched,unresolved,unrelated_papers,unrelated_papers
8079,unmatched,unresolved,related_papers,related_papers
8080,unmatched,unresolved,unrelated_papers,unrelated_papers
8081,unmatched,unresolved,unrelated_papers,unrelated_papers
8082,unmatched,unresolved,related_papers,related_papers
8083,unmatched,unresolved,unrelated_papers,unrelated_papers
8084,unmatched,unresolved,unrelated_papers,unrelated_papers
8085,unmatched,unresolved,related_papers,related_papers
8086,unmatched,unresolved,same_paper,same_paper
8087,unmatched,unresolved,same_paper,same_paper
8088,unmatched,unresolved,unrelated_papers,unrelated_papers
8089,unmatched,unresolved,related_papers,related_papers
8090,unmatched,unresolved,unrelated_papers,unrelated_papers
8091,unmatched,unresolved,unrelated_papers,unrelated_papers
8092,unmatched,unresolved,unrelated_papers,unrelated_papers
8093,unmatched,unresolved,unrelated_papers,unrelated_papers
8094,unmatched,unresolved,unrelated_papers,unrelated_papers
8095,unmatched,unresolved,related_papers,related_papers
8096,unmatched,unresolved,same_figure,same_figure
8097,unmatched,unresolved,same_paper,same_paper
8098,unmatched,unresolved,unrelated_papers,unrelated_papers
8099,unmatched,unresolved,related_papers,related_papers
8100,unmatched,unresolved,unrelated_papers,unrelated_papers
8101,unmatched,unresolved,same_paper,same_paper
8102,unmatched,unresolved,unrelated_papers,unrelated_papers
8103,unmatched,unresolved,unrelated_papers,unrelated_papers
8104,unmatched,unresolved,unrelated_papers,unrelated_papers
8105,unmatched,unresolved,related_papers,related_papers
8106,unmatched,unresolved,unrelated_papers,unrelated_papers
8107,unmatched,unresolved,unrelated_papers,unrelated_papers
8108,unmatched,unresolved,unrelated_papers,unrelated_papers
8109,unmatched,unresolved,unrelated_papers,unrelated_papers
8110,unmatched,unresolved,related_papers,related_papers
8111,unmatched,unresolved,unrelated_papers,unrelated_papers
8112,unmatched,unresolved,related_papers,related_papers
8113,unmatched,unresolved,same_paper,same_paper
8114,unmatched,unresolved,related_papers,related_papers
8115,unmatched,unresolved,unrelated_papers,unrelated_papers
8116,unmatched,unresolved,related_papers,related_papers
8117,unmatched,unresolved,unrelated_papers,unrelated_papers
8118,unmatched,unresolved,related_papers,related_papers
8119,unmatched,unresolved,unrelated_papers,unrelated_papers
8120,unmatched,unresolved,unrelated_papers,unrelated_papers
8121,unmatched,unresolved,related_papers,related_papers
8122,unmatched,unresolved,unrelated_papers,unrelated_papers
8123,unmatched,unresolved,unrelated_papers,unrelated_papers
8124,unmatched,unresolved,unrelated_papers,unrelated_papers
8125,unmatched,unresolved,same_paper,same_paper
8126,unmatched,unresolved,unrelated_papers,unrelated_papers
8127,unmatched,unresolved,related_papers,related_papers
8128,unmatched,unresolved,related_papers,related_papers
8129,unmatched,unresolved,unrelated_papers,unrelated_papers
8130,unmatched,unresolved,same_paper,same_paper
8131,unmatched,unresolved,related_papers,related_papers
8132,unmatched,unresolved,related_papers,related_papers
8133,unmatched,unresolved,unrelated_papers,unrelated_papers
8134,unmatched,unresolved,unrelated_papers,unrelated_papers
8135,unmatched,unresolved,related_papers,related_papers
8136,unmatched,unresolved,unrelated_papers,unrelated_papers
8137,unmatched,unresolved,unrelated_papers,unrelated_papers
8138,unmatched,unresolved,related_papers,related_papers
8139,unmatched,unresolved,unrelated_papers,unrelated_papers
8140,unmatched,unresolved,same_paper,same_paper
8141,unmatched,unresolved,unrelated_papers,unrelated_papers
8142,unmatched,unresolved,unrelated_papers,unrelated_papers
8143,unmatched,unresolved,unrelated_papers,unrelated_papers
8144,unmatched,unresolved,unrelated_papers,unrelated_papers
8145,unmatched,unresolved,unrelated_papers,unrelated_papers
8146,unmatched,unresolved,related_papers,related_papers
8147,unmatched,unresolved,related_papers,related_papers
8148,unmatched,unresolved,unrelated_papers,unrelated_papers
8149,unmatched,unresolved,unrelated_papers,unrelated_papers
8150,unmatched,unresolved,related_papers,related_papers
8151,unmatched,unresolved,related_papers,related_papers
8152,unmatched,unresolved,unrelated_papers,unrelated_papers
8153,unmatched,unresolved,same_figure,same_figure
8154,unmatched,unresolved,unrelated_papers,unrelated_papers
8155,unmatched,unresolved,unrelated_papers,unrelated_papers
8156,unmatched,unresolved,unrelated_papers,unrelated_papers
8157,unmatched,unresolved,unrelated_papers,unrelated_papers
8158,unmatched,unresolved,unrelated_papers,unrelated_papers
8159,unmatched,unresolved,unrelated_papers,unrelated_papers
8160,unmatched,unresolved,unrelated_papers,unrelated_papers
8161,unmatched,unresolved,unrelated_papers,unrelated_papers
8162,unmatched,unresolved,related_papers,related_papers
8163,unmatched,unresolved,unrelated_papers,unrelated_papers
8164,unmatched,unresolved,unrelated_papers,unrelated_papers
8165,unmatched,unresolved,related_papers,related_papers
8166,unmatched,unresolved,same_figure,same_figure
8167,unmatched,unresolved,unrelated_papers,unrelated_papers
8168,unmatched,unresolved,related_papers,related_papers
8169,unmatched,unresolved,unrelated_papers,unrelated_papers
8170,unmatched,unresolved,same_paper,same_paper
8171,unmatched,unresolved,related_papers,related_papers
8172,unmatched,unresolved,unrelated_papers,unrelated_papers
8173,unmatched,unresolved,unrelated_papers,unrelated_papers
8174,unmatched,unresolved,unrelated_papers,unrelated_papers
8175,unmatched,unresolved,unrelated_papers,unrelated_papers
8176,unmatched,unresolved,same_paper,same_paper
8177,unmatched,unresolved,unrelated_papers,unrelated_papers
8178,unmatched,unresolved,same_figure,same_figure
8179,unmatched,unresolved,unrelated_papers,unrelated_papers
8180,unmatched,unresolved,unrelated_papers,unrelated_papers
8181,unmatched,unresolved,unrelated_papers,unrelated_papers
8182,unmatched,unresolved,unrelated_papers,unrelated_papers
8183,unmatched,unresolved,same_figure,same_figure
8184,unmatched,unresolved,unrelated_papers,unrelated_papers
8185,unmatched,unresolved,same_paper,same_paper
8186,unmatched,unresolved,related_papers,related_papers
8187,unmatched,unresolved,unrelated_papers,unrelated_papers
8188,unmatched,unresolved,same_paper,same_paper
8189,unmatched,unresolved,related_papers,related_papers
8190,unmatched,unresolved,unrelated_papers,unrelated_papers
8191,unmatched,unresolved,unrelated_papers,unrelated_papers
8192,unmatched,unresolved,unrelated_papers,unrelated_papers
8193,unmatched,unresolved,unrelated_papers,unrelated_papers
8194,unmatched,unresolved,unrelated_papers,unrelated_papers
8195,unmatched,unresolved,unrelated_papers,unrelated_papers
8196,unmatched,unresolved,related_papers,related_papers
8197,unmatched,unresolved,unrelated_papers,unrelated_papers
8198,unmatched,unresolved,unrelated_papers,unrelated_papers
8199,unmatched,unresolved,unrelated_papers,unrelated_papers
8200,unmatched,unresolved,related_papers,related_papers
8201,unmatched,unresolved,same_figure,same_figure
8202,unmatched,unresolved,unrelated_papers,unrelated_papers
8203,unmatched,unresolved,related_papers,related_papers
8204,unmatched,unresolved,unrelated_papers,unrelated_papers
8205,unmatched,unresolved,same_paper,same_paper
8206,unmatched,unresolved,unrelated_papers,unrelated_papers
8207,unmatched,unresolved,unrelated_papers,unrelated_papers
8208,unmatched,unresolved,unrelated_papers,unrelated_papers
8209,unmatched,unresolved,related_papers,related_papers
8210,unmatched,unresolved,unrelated_papers,unrelated_papers
8211,unmatched,unresolved,unrelated_papers,unrelated_papers
8212,unmatched,unresolved,unrelated_papers,unrelated_papers
8213,unmatched,unresolved,related_papers,related_papers
8214,unmatched,unresolved,unrelated_papers,unrelated_papers
8215,unmatched,unresolved,same_figure,same_figure
8216,unmatched,unresolved,unrelated_papers,unrelated_papers
8217,unmatched,unresolved,related_papers,related_papers
8218,unmatched,unresolved,unrelated_papers,unrelated_papers
8219,unmatched,unresolved,related_papers,related_papers
8220,unmatched,unresolved,related_papers,related_papers
8221,unmatched,unresolved,unrelated_papers,unrelated_papers
8222,unmatched,unresolved,unrelated_papers,unrelated_papers
8223,unmatched,unresolved,same_figure,same_figure
8224,unmatched,unresolved,unrelated_papers,unrelated_papers
8225,unmatched,unresolved,same_paper,same_paper
8226,unmatched,unresolved,related_papers,related_papers
8227,unmatched,unresolved,unrelated_papers,unrelated_papers
8228,unmatched,unresolved,unrelated_papers,unrelated_papers
8229,unmatched,unresolved,related_papers,related_papers
8230,unmatched,unresolved,unrelated_papers,unrelated_papers
8231,unmatched,unresolved,same_paper,same_paper
8232,unmatched,unresolved,unrelated_papers,unrelated_papers
8233,unmatched,unresolved,related_papers,related_papers
8234,unmatched,unresolved,related_papers,related_papers
8235,unmatched,unresolved,related_papers,related_papers
8236,unmatched,unresolved,unrelated_papers,unrelated_papers
8237,unmatched,unresolved,unrelated_papers,unrelated_papers
8238,unmatched,unresolved,unrelated_papers,unrelated_papers
8239,unmatched,unresolved,unrelated_papers,unrelated_papers
8240,unmatched,unresolved,unrelated_papers,unrelated_papers
8241,unmatched,unresolved,same_paper,same_paper
8242,unmatched,unresolved,same_figure,same_figure
8243,unmatched,unresolved,unrelated_papers,unrelated_papers
8244,unmatched,unresolved,same_figure,same_figure
8245,unmatched,unresolved,unrelated_papers,unrelated_papers
8246,unmatched,unresolved,same_paper,same_paper
8247,unmatched,unresolved,same_paper,same_paper
8248,unmatched,unresolved,same_paper,same_paper
8249,unmatched,unresolved,same_paper,same_paper
8250,unmatched,unresolved,same_figure,same_figure
8251,unmatched,unresolved,unrelated_papers,unrelated_papers
8252,unmatched,unresolved,same_paper,same_paper
8253,unmatched,unresolved,related_papers,related_papers
8254,unmatched,unresolved,unrelated_papers,unrelated_papers
8255,unmatched,unresolved,related_papers,related_papers
8256,unmatched,unresolved,unrelated_papers,unrelated_papers
8257,unmatched,unresolved,related_papers,related_papers
8258,unmatched,unresolved,related_papers,related_papers
8259,unmatched,unresolved,unrelated_papers,unrelated_papers
8260,unmatched,unresolved,related_papers,related_papers
8261,unmatched,unresolved,unrelated_papers,unrelated_papers
8262,unmatched,unresolved,related_papers,related_papers
8263,unmatched,unresolved,same_paper,same_paper
8264,unmatched,unresolved,same_paper,same_paper
8265,unmatched,unresolved,unrelated_papers,unrelated_papers
8266,unmatched,unresolved,related_papers,related_papers
8267,unmatched,unresolved,unrelated_papers,unrelated_papers
8268,unmatched,unresolved,related_papers,related_papers
8269,unmatched,unresolved,same_paper,same_paper
8270,unmatched,unresolved,same_figure,same_figure
8271,unmatched,unresolved,unrelated_papers,unrelated_papers
8272,unmatched,unresolved,unrelated_papers,unrelated_papers
8273,unmatched,unresolved,unrelated_papers,unrelated_papers
8274,unmatched,unresolved,related_papers,related_papers
8275,unmatched,unresolved,unrelated_papers,unrelated_papers
8276,unmatched,unresolved,unrelated_papers,unrelated_papers
8277,unmatched,unresolved,unrelated_papers,unrelated_papers
8278,unmatched,unresolved,related_papers,related_papers
8279,unmatched,unresolved,unrelated_papers,unrelated_papers
8280,unmatched,unresolved,unrelated_papers,unrelated_papers
8281,unmatched,unresolved,unrelated_papers,unrelated_papers
8282,unmatched,unresolved,unrelated_papers,unrelated_papers
8283,unmatched,unresolved,unrelated_papers,unrelated_papers
8284,unmatched,unresolved,related_papers,related_papers
8285,unmatched,unresolved,unrelated_papers,unrelated_papers
8286,unmatched,unresolved,unrelated_papers,unrelated_papers
8287,unmatched,unresolved,unrelated_papers,unrelated_papers
8288,unmatched,unresolved,same_figure,same_figure
8289,unmatched,unresolved,unrelated_papers,unrelated_papers
8290,unmatched,unresolved,unrelated_papers,unrelated_papers
8291,unmatched,unresolved,related_papers,related_papers
8292,unmatched,unresolved,unrelated_papers,unrelated_papers
8293,unmatched,unresolved,unrelated_papers,unrelated_papers
8294,unmatched,unresolved,related_papers,related_papers
8295,unmatched,unresolved,related_papers,related_papers
8296,unmatched,unresolved,unrelated_papers,unrelated_papers
8297,unmatched,unresolved,unrelated_papers,unrelated_papers
8298,unmatched,unresolved,related_papers,related_papers
8299,unmatched,unresolved,related_papers,related_papers
8300,unmatched,unresolved,related_papers,related_papers
8301,unmatched,unresolved,same_figure,same_figure
8302,unmatched,unresolved,same_paper,same_paper
8303,unmatched,unresolved,unrelated_papers,unrelated_papers
8304,unmatched,unresolved,unrelated_papers,unrelated_papers
8305,unmatched,unresolved,same_figure,same_figure
8306,unmatched,unresolved,related_papers,related_papers
8307,unmatched,unresolved,unrelated_papers,unrelated_papers
8308,unmatched,unresolved,same_paper,same_paper
8309,unmatched,unresolved,same_paper,same_paper
8310,unmatched,unresolved,same_paper,same_paper
8311,unmatched,unresolved,unrelated_papers,unrelated_papers
8312,unmatched,unresolved,unrelated_papers,unrelated_papers
8313,unmatched,unresolved,related_papers,related_papers
8314,unmatched,unresolved,unrelated_papers,unrelated_papers
8315,unmatched,unresolved,unrelated_papers,unrelated_papers
8316,unmatched,unresolved,unrelated_papers,unrelated_papers
8317,unmatched,unresolved,unrelated_papers,unrelated_papers
8318,unmatched,unresolved,same_figure,same_figure
8319,unmatched,unresolved,same_figure,same_figure
8320,unmatched,unresolved,related_papers,related_papers
8321,unmatched,unresolved,related_papers,related_papers
8322,unmatched,unresolved,related_papers,related_papers
8323,unmatched,unresolved,unrelated_papers,unrelated_papers
8324,unmatched,unresolved,unrelated_papers,unrelated_papers
8325,unmatched,unresolved,unrelated_papers,unrelated_papers
8326,unmatched,unresolved,unrelated_papers,unrelated_papers
8327,unmatched,unresolved,unrelated_papers,unrelated_papers
8328,unmatched,unresolved,related_papers,related_papers
8329,unmatched,unresolved,unrelated_papers,unrelated_papers
8330,unmatched,unresolved,unrelated_papers,unrelated_papers
8331,unmatched,unresolved,same_paper,same_paper
8332,unmatched,unresolved,unrelated_papers,unrelated_papers
8333,unmatched,unresolved,related_papers,related_papers
8334,unmatched,unresolved,related_papers,related_papers
8335,unmatched,unresolved,related_papers,related_papers
8336,unmatched,unresolved,unrelated_papers,unrelated_papers
8337,unmatched,unresolved,unrelated_papers,unrelated_papers
8338,unmatched,unresolved,unrelated_papers,unrelated_papers
8339,unmatched,unresolved,unrelated_papers,unrelated_papers
8340,unmatched,unresolved,unrelated_papers,unrelated_papers
8341,unmatched,unresolved,same_figure,same_figure
8342,unmatched,unresolved,unrelated_papers,unrelated_papers
8343,unmatched,unresolved,unrelated_papers,unrelated_papers
8344,unmatched,unresolved,unrelated_papers,unrelated_papers
8345,unmatched,unresolved,same_figure,same_figure
8346,unmatched,unresolved,related_papers,related_papers
8347,unmatched,unresolved,related_papers,related_papers
8348,unmatched,unresolved,unrelated_papers,unrelated_papers
8349,unmatched,unresolved,related_papers,related_papers
8350,unmatched,unresolved,unrelated_papers,unrelated_papers
8351,unmatched,unresolved,same_figure,same_figure
8352,unmatched,unresolved,same_paper,same_paper
8353,unmatched,unresolved,related_papers,related_papers
8354,unmatched,unresolved,same_paper,same_paper
8355,unmatched,unresolved,unrelated_papers,unrelated_papers
8356,unmatched,unresolved,same_paper,same_paper
8357,unmatched,unresolved,related_papers,related_papers
8358,unmatched,unresolved,unrelated_papers,unrelated_papers
8359,unmatched,unresolved,related_papers,related_papers
8360,unmatched,unresolved,unrelated_papers,unrelated_papers
8361,unmatched,unresolved,related_papers,related_papers
8362,unmatched,unresolved,unrelated_papers,unrelated_papers
8363,unmatched,unresolved,same_figure,same_figure
8364,unmatched,unresolved,unrelated_papers,unrelated_papers
8365,unmatched,unresolved,unrelated_papers,unrelated_papers
8366,unmatched,unresolved,related_papers,related_papers
8367,unmatched,unresolved,related_papers,related_papers
8368,unmatched,unresolved,unrelated_papers,unrelated_papers
8369,unmatched,unresolved,unrelated_papers,unrelated_papers
8370,unmatched,unresolved,same_figure,same_figure
8371,unmatched,unresolved,unrelated_papers,unrelated_papers
8372,unmatched,unresolved,unrelated_papers,unrelated_papers
8373,unmatched,unresolved,unrelated_papers,unrelated_papers
8374,unmatched,unresolved,unrelated_papers,unrelated_papers
8375,unmatched,unresolved,unrelated_papers,unrelated_papers
8376,unmatched,unresolved,related_papers,related_papers
8377,unmatched,unresolved,same_paper,same_paper
8378,unmatched,unresolved,unrelated_papers,unrelated_papers
8379,unmatched,unresolved,unrelated_papers,unrelated_papers
8380,unmatched,unresolved,unrelated_papers,unrelated_papers
8381,unmatched,unresolved,unrelated_papers,unrelated_papers
8382,unmatched,unresolved,unrelated_papers,unrelated_papers
8383,unmatched,unresolved,related_papers,related_papers
8384,unmatched,unresolved,related_papers,related_papers
8385,unmatched,unresolved,unrelated_papers,unrelated_papers
8386,unmatched,unresolved,unrelated_papers,unrelated_papers
8387,unmatched,unresolved,unrelated_papers,unrelated_papers
8388,unmatched,unresolved,unrelated_papers,unrelated_papers
8389,unmatched,unresolved,unrelated_papers,unrelated_papers
8390,unmatched,unresolved,related_papers,related_papers
8391,unmatched,unresolved,related_papers,related_papers
8392,unmatched,unresolved,related_papers,related_papers
8393,unmatched,unresolved,same_paper,same_paper
8394,unmatched,unresolved,unrelated_papers,unrelated_papers
8395,unmatched,unresolved,same_paper,same_paper
8396,unmatched,unresolved,unrelated_papers,unrelated_papers
8397,unmatched,unresolved,unrelated_papers,unrelated_papers
8398,unmatched,unresolved,related_papers,related_papers
8399,unmatched,unresolved,related_papers,related_papers
8400,unmatched,unresolved,unrelated_papers,unrelated_papers
8401,unmatched,unresolved,related_papers,related_papers
8402,unmatched,unresolved,unrelated_papers,unrelated_papers
8403,unmatched,unresolved,same_paper,same_paper
8404,unmatched,unresolved,related_papers,related_papers
8405,unmatched,unresolved,unrelated_papers,unrelated_papers
8406,unmatched,unresolved,same_paper,same_paper
8407,unmatched,unresolved,related_papers,related_papers
8408,unmatched,unresolved,related_papers,related_papers
8409,unmatched,unresolved,related_papers,related_papers
8410,unmatched,unresolved,same_figure,same_figure
8411,unmatched,unresolved,same_paper,same_paper
8412,unmatched,unresolved,unrelated_papers,unrelated_papers
8413,unmatched,unresolved,related_papers,related_papers
8414,unmatched,unresolved,unrelated_papers,unrelated_papers
8415,unmatched,unresolved,related_papers,related_papers
8416,unmatched,unresolved,unrelated_papers,unrelated_papers
8417,unmatched,unresolved,unrelated_papers,unrelated_papers
8418,unmatched,unresolved,unrelated_papers,unrelated_papers
8419,unmatched,unresolved,related_papers,related_papers
8420,unmatched,unresolved,unrelated_papers,unrelated_papers
8421,unmatched,unresolved,same_paper,same_paper
8422,unmatched,unresolved,related_papers,related_papers
8423,unmatched,unresolved,same_paper,same_paper
8424,unmatched,unresolved,unrelated_papers,unrelated_papers
8425,unmatched,unresolved,unrelated_papers,unrelated_papers
8426,unmatched,unresolved,unrelated_papers,unrelated_papers
8427,unmatched,unresolved,unrelated_papers,unrelated_papers
8428,unmatched,unresolved,same_paper,same_paper
8429,unmatched,unresolved,related_papers,related_papers
8430,unmatched,unresolved,related_papers,related_papers
8431,unmatched,unresolved,same_figure,same_figure
8432,unmatched,unresolved,same_paper,same_paper
8433,unmatched,unresolved,same_figure,same_figure
8434,unmatched,unresolved,same_figure,same_figure
8435,unmatched,unresolved,same_figure,same_figure
8436,unmatched,unresolved,unrelated_papers,unrelated_papers
8437,unmatched,unresolved,unrelated_papers,unrelated_papers
8438,unmatched,unresolved,related_papers,related_papers
8439,unmatched,unresolved,unrelated_papers,unrelated_papers
8440,unmatched,unresolved,related_papers,related_papers
8441,unmatched,unresolved,related_papers,related_papers
8442,unmatched,unresolved,same_paper,same_paper
8443,unmatched,unresolved,unrelated_papers,unrelated_papers
8444,unmatched,unresolved,unrelated_papers,unrelated_papers
8445,unmatched,unresolved,unrelated_papers,unrelated_papers
8446,unmatched,unresolved,unrelated_papers,unrelated_papers
8447,unmatched,unresolved,unrelated_papers,unrelated_papers
8448,unmatched,unresolved,related_papers,related_papers
8449,unmatched,unresolved,same_paper,same_paper
8450,unmatched,unresolved,related_papers,related_papers
8451,unmatched,unresolved,related_papers,related_papers
8452,unmatched,unresolved,same_paper,same_paper
8453,unmatched,unresolved,related_papers,related_papers
8454,unmatched,unresolved,unrelated_papers,unrelated_papers
8455,unmatched,unresolved,same_paper,same_paper
8456,unmatched,unresolved,unrelated_papers,unrelated_papers
8457,unmatched,unresolved,same_paper,same_paper
8458,unmatched,unresolved,unrelated_papers,unrelated_papers
8459,unmatched,unresolved,unrelated_papers,unrelated_papers
8460,unmatched,unresolved,unrelated_papers,unrelated_papers
8461,unmatched,unresolved,unrelated_papers,unrelated_papers
8462,unmatched,unresolved,related_papers,related_papers
8463,unmatched,unresolved,unrelated_papers,unrelated_papers
8464,unmatched,unresolved,related_papers,related_papers
8465,unmatched,unresolved,unrelated_papers,unrelated_papers
8466,unmatched,unresolved,unrelated_papers,unrelated_papers
8467,unmatched,unresolved,unrelated_papers,unrelated_papers
8468,unmatched,unresolved,unrelated_papers,unrelated_papers
8469,unmatched,unresolved,same_figure,same_figure
8470,unmatched,unresolved,same_paper,same_paper
8471,unmatched,unresolved,unrelated_papers,unrelated_papers
8472,unmatched,unresolved,unrelated_papers,unrelated_papers
8473,unmatched,unresolved,unrelated_papers,unrelated_papers
8474,unmatched,unresolved,related_papers,related_papers
8475,unmatched,unresolved,unrelated_papers,unrelated_papers
8476,unmatched,unresolved,unrelated_papers,unrelated_papers
8477,unmatched,unresolved,unrelated_papers,unrelated_papers
8478,unmatched,unresolved,unrelated_papers,unrelated_papers
8479,unmatched,unresolved,unrelated_papers,unrelated_papers
8480,unmatched,unresolved,unrelated_papers,unrelated_papers
8481,unmatched,unresolved,unrelated_papers,unrelated_papers
8482,unmatched,unresolved,unrelated_papers,unrelated_papers
8483,unmatched,unresolved,unrelated_papers,unrelated_papers
8484,unmatched,unresolved,same_figure,same_figure
8485,unmatched,unresolved,related_papers,related_papers
8486,unmatched,unresolved,same_paper,same_paper
8487,unmatched,unresolved,unrelated_papers,unrelated_papers
8488,unmatched,unresolved,unrelated_papers,unrelated_papers
8489,unmatched,unresolved,related_papers,related_papers
8490,unmatched,unresolved,same_figure,same_figure
8491,unmatched,unresolved,unrelated_papers,unrelated_papers
8492,unmatched,unresolved,unrelated_papers,unrelated_papers
8493,unmatched,unresolved,unrelated_papers,unrelated_papers
8494,unmatched,unresolved,same_figure,same_figure
8495,unmatched,unresolved,unrelated_papers,unrelated_papers
8496,unmatched,unresolved,unrelated_papers,unrelated_papers
8497,unmatched,unresolved,unrelated_papers,unrelated_papers
8498,unmatched,unresolved,related_papers,related_papers
8499,unmatched,unresolved,related_papers,related_papers
8500,unmatched,unresolved,same_paper,same_paper
8501,unmatched,unresolved,unrelated_papers,unrelated_papers
8502,unmatched,unresolved,related_papers,related_papers
8503,unmatched,unresolved,unrelated_papers,unrelated_papers
8504,unmatched,unresolved,related_papers,related_papers
8505,unmatched,unresolved,unrelated_papers,unrelated_papers
8506,unmatched,unresolved,same_paper,same_paper
8507,unmatched,unresolved,same_paper,same_paper
8508,unmatched,unresolved,same_figure,same_figure
8509,unmatched,unresolved,unrelated_papers,unrelated_papers
8510,unmatched,unresolved,unrelated_papers,unrelated_papers
8511,unmatched,unresolved,same_paper,same_paper
8512,unmatched,unresolved,unrelated_papers,unrelated_papers
8513,unmatched,unresolved,same_paper,same_paper
8514,unmatched,unresolved,same_paper,same_paper
8515,unmatched,unresolved,same_figure,same_figure
8516,unmatched,unresolved,unrelated_papers,unrelated_papers
8517,unmatched,unresolved,related_papers,related_papers
8518,unmatched,unresolved,related_papers,related_papers
8519,unmatched,unresolved,same_figure,same_figure
8520,unmatched,unresolved,same_paper,same_paper
8521,unmatched,unresolved,related_papers,related_papers
8522,unmatched,unresolved,related_papers,related_papers
8523,unmatched,unresolved,unrelated_papers,unrelated_papers
8524,unmatched,unresolved,unrelated_papers,unrelated_papers
8525,unmatched,unresolved,unrelated_papers,unrelated_papers
8526,unmatched,unresolved,same_paper,same_paper
8527,unmatched,unresolved,related_papers,related_papers
8528,unmatched,unresolved,same_paper,same_paper
8529,unmatched,unresolved,unrelated_papers,unrelated_papers
8530,unmatched,unresolved,same_figure,same_figure
8531,unmatched,unresolved,unrelated_papers,unrelated_papers
8532,unmatched,unresolved,unrelated_papers,unrelated_papers
8533,unmatched,unresolved,related_papers,related_papers
8534,unmatched,unresolved,unrelated_papers,unrelated_papers
8535,unmatched,unresolved,same_paper,same_paper
8536,unmatched,unresolved,related_papers,related_papers
8537,unmatched,unresolved,unrelated_papers,unrelated_papers
8538,unmatched,unresolved,related_papers,related_papers
8539,unmatched,unresolved,unrelated_papers,unrelated_papers
8540,unmatched,unresolved,related_papers,related_papers
8541,unmatched,unresolved,unrelated_papers,unrelated_papers
8542,unmatched,unresolved,unrelated_papers,unrelated_papers
8543,unmatched,unresolved,unrelated_papers,unrelated_papers
8544,unmatched,unresolved,unrelated_papers,unrelated_papers
8545,unmatched,unresolved,same_paper,same_paper
8546,unmatched,unresolved,unrelated_papers,unrelated_papers
8547,unmatched,unresolved,unrelated_papers,unrelated_papers
8548,unmatched,unresolved,unrelated_papers,unrelated_papers
8549,unmatched,unresolved,same_paper,same_paper
8550,unmatched,unresolved,related_papers,related_papers
8551,unmatched,unresolved,unrelated_papers,unrelated_papers
8552,unmatched,unresolved,unrelated_papers,unrelated_papers
8553,unmatched,unresolved,same_paper,same_paper
8554,unmatched,unresolved,unrelated_papers,unrelated_papers
8555,unmatched,unresolved,related_papers,related_papers
8556,unmatched,unresolved,related_papers,related_papers
8557,unmatched,unresolved,unrelated_papers,unrelated_papers
8558,unmatched,unresolved,unrelated_papers,unrelated_papers
8559,unmatched,unresolved,same_paper,same_paper
8560,unmatched,unresolved,same_figure,same_figure
8561,unmatched,unresolved,same_paper,same_paper
8562,unmatched,unresolved,unrelated_papers,unrelated_papers
8563,unmatched,unresolved,same_figure,same_figure
8564,unmatched,unresolved,related_papers,related_papers
8565,unmatched,unresolved,same_paper,same_paper
8566,unmatched,unresolved,related_papers,related_papers
8567,unmatched,unresolved,same_paper,same_paper
8568,unmatched,unresolved,unrelated_papers,unrelated_papers
8569,unmatched,unresolved,unrelated_papers,unrelated_papers
8570,unmatched,unresolved,related_papers,related_papers
8571,unmatched,unresolved,related_papers,related_papers
8572,unmatched,unresolved,related_papers,related_papers
8573,unmatched,unresolved,same_paper,same_paper
8574,unmatched,unresolved,unrelated_papers,unrelated_papers
8575,unmatched,unresolved,same_figure,same_figure
8576,unmatched,unresolved,related_papers,related_papers
8577,unmatched,unresolved,same_paper,same_paper
8578,unmatched,unresolved,related_papers,related_papers
8579,unmatched,unresolved,unrelated_papers,unrelated_papers
8580,unmatched,unresolved,unrelated_papers,unrelated_papers
8581,unmatched,unresolved,unrelated_papers,unrelated_papers
8582,unmatched,unresolved,related_papers,related_papers
8583,unmatched,unresolved,unrelated_papers,unrelated_papers
8584,unmatched,unresolved,unrelated_papers,unrelated_papers
8585,unmatched,unresolved,same_figure,same_figure
8586,unmatched,unresolved,unrelated_papers,unrelated_papers
8587,unmatched,unresolved,unrelated_papers,unrelated_papers
8588,unmatched,unresolved,unrelated_papers,unrelated_papers
8589,unmatched,unresolved,unrelated_papers,unrelated_papers
8590,unmatched,unresolved,unrelated_papers,unrelated_papers
8591,unmatched,unresolved,same_paper,same_paper
8592,unmatched,unresolved,same_paper,same_paper
8593,unmatched,unresolved,unrelated_papers,unrelated_papers
8594,unmatched,unresolved,unrelated_papers,unrelated_papers
8595,unmatched,unresolved,unrelated_papers,unrelated_papers
8596,unmatched,unresolved,unrelated_papers,unrelated_papers
8597,unmatched,unresolved,related_papers,related_papers
8598,unmatched,unresolved,unrelated_papers,unrelated_papers
8599,unmatched,unresolved,same_figure,same_figure
8600,unmatched,unresolved,same_figure,same_figure
8601,unmatched,unresolved,related_papers,related_papers
8602,unmatched,unresolved,same_paper,same_paper
8603,unmatched,unresolved,unrelated_papers,unrelated_papers
8604,unmatched,unresolved,same_paper,same_paper
8605,unmatched,unresolved,related_papers,related_papers
8606,unmatched,unresolved,related_papers,related_papers
8607,unmatched,unresolved,related_papers,related_papers
8608,unmatched,unresolved,related_papers,related_papers
8609,unmatched,unresolved,related_papers,related_papers
8610,unmatched,unresolved,same_paper,same_paper
8611,unmatched,unresolved,same_paper,same_paper
8612,unmatched,unresolved,same_paper,same_paper
8613,unmatched,unresolved,same_figure,same_figure
8614,unmatched,unresolved,unrelated_papers,unrelated_papers
8615,unmatched,unresolved,related_papers,related_papers
8616,unmatched,unresolved,same_figure,same_figure
8617,unmatched,unresolved,same_paper,same_paper
8618,unmatched,unresolved,related_papers,related_papers
8619,unmatched,unresolved,unrelated_papers,unrelated_papers
8620,unmatched,unresolved,related_papers,related_papers
8621,unmatched,unresolved,same_paper,same_paper
8622,unmatched,unresolved,unrelated_papers,unrelated_papers
8623,unmatched,unresolved,related_papers,related_papers
8624,unmatched,unresolved,same_paper,same_paper
8625,unmatched,unresolved,same_paper,same_paper
8626,unmatched,unresolved,related_papers,related_papers
8627,unmatched,unresolved,related_papers,related_papers
8628,unmatched,unresolved,unrelated_papers,unrelated_papers
8629,unmatched,unresolved,related_papers,related_papers
8630,unmatched,unresolved,unrelated_papers,unrelated_papers
8631,unmatched,unresolved,unrelated_papers,unrelated_papers
8632,unmatched,unresolved,unrelated_papers,unrelated_papers
8633,unmatched,unresolved,unrelated_papers,unrelated_papers
8634,unmatched,unresolved,related_papers,related_papers
8635,unmatched,unresolved,related_papers,related_papers
8636,unmatched,unresolved,related_papers,related_papers
8637,unmatched,unresolved,related_papers,related_papers
8638,unmatched,unresolved,related_papers,related_papers
8639,unmatched,unresolved,unrelated_papers,unrelated_papers
8640,unmatched,unresolved,unrelated_papers,unrelated_papers
8641,unmatched,unresolved,same_paper,same_paper
8642,unmatched,unresolved,related_papers,related_papers
8643,unmatched,unresolved,related_papers,related_papers
8644,unmatched,unresolved,unrelated_papers,unrelated_papers
8645,unmatched,unresolved,unrelated_papers,unrelated_papers
8646,unmatched,unresolved,same_figure,same_figure
8647,unmatched,unresolved,related_papers,related_papers
8648,unmatched,unresolved,related_papers,related_papers
8649,unmatched,unresolved,related_papers,related_papers
8650,unmatched,unresolved,related_papers,related_papers
8651,unmatched,unresolved,same_paper,same_paper
8652,unmatched,unresolved,unrelated_papers,unrelated_papers
8653,unmatched,unresolved,unrelated_papers,unrelated_papers
8654,unmatched,unresolved,related_papers,related_papers
8655,unmatched,unresolved,unrelated_papers,unrelated_papers
8656,unmatched,unresolved,related_papers,related_papers
8657,unmatched,unresolved,related_papers,related_papers
8658,unmatched,unresolved,unrelated_papers,unrelated_papers
8659,unmatched,unresolved,same_figure,same_figure
8660,unmatched,unresolved,related_papers,related_papers
8661,unmatched,unresolved,unrelated_papers,unrelated_papers
8662,unmatched,unresolved,unrelated_papers,unrelated_papers
8663,unmatched,unresolved,related_papers,related_papers
8664,unmatched,unresolved,unrelated_papers,unrelated_papers
8665,unmatched,unresolved,same_paper,same_paper
8666,unmatched,unresolved,unrelated_papers,unrelated_papers
8667,unmatched,unresolved,related_papers,related_papers
8668,unmatched,unresolved,related_papers,related_papers
8669,unmatched,unresolved,unrelated_papers,unrelated_papers
8670,unmatched,unresolved,same_figure,same_figure
8671,unmatched,unresolved,unrelated_papers,unrelated_papers
8672,unmatched,unresolved,unrelated_papers,unrelated_papers
8673,unmatched,unresolved,unrelated_papers,unrelated_papers
8674,unmatched,unresolved,related_papers,related_papers
8675,unmatched,unresolved,same_paper,same_paper
8676,unmatched,unresolved,related_papers,related_papers
8677,unmatched,unresolved,related_papers,related_papers
8678,unmatched,unresolved,same_paper,same_paper
8679,unmatched,unresolved,same_paper,same_paper
8680,unmatched,unresolved,related_papers,related_papers
8681,unmatched,unresolved,same_paper,same_paper
8682,unmatched,unresolved,unrelated_papers,unrelated_papers
8683,unmatched,unresolved,same_paper,same_paper
8684,unmatched,unresolved,same_paper,same_paper
8685,unmatched,unresolved,related_papers,related_papers
8686,unmatched,unresolved,same_paper,same_paper
8687,unmatched,unresolved,unrelated_papers,unrelated_papers
8688,unmatched,unresolved,unrelated_papers,unrelated_papers
8689,unmatched,unresolved,related_papers,related_papers
8690,unmatched,unresolved,unrelated_papers,unrelated_papers
8691,unmatched,unresolved,unrelated_papers,unrelated_papers
8692,unmatched,unresolved,unrelated_papers,unrelated_papers
8693,unmatched,unresolved,unrelated_papers,unrelated_papers
8694,unmatched,unresolved,unrelated_papers,unrelated_papers
8695,unmatched,unresolved,unrelated_papers,unrelated_papers
8696,unmatched,unresolved,unrelated_papers,unrelated_papers
8697,unmatched,unresolved,related_papers,related_papers
8698,unmatched,unresolved,unrelated_papers,unrelated_papers
8699,unmatched,unresolved,related_papers,related_papers
8700,unmatched,unresolved,unrelated_papers,unrelated_papers
8701,unmatched,unresolved,same_paper,same_paper
8702,unmatched,unresolved,unrelated_papers,unrelated_papers
8703,unmatched,unresolved,unrelated_papers,unrelated_papers
8704,unmatched,unresolved,unrelated_papers,unrelated_papers
8705,unmatched,unresolved,related_papers,related_papers
8706,unmatched,unresolved,related_papers,related_papers
8707,unmatched,unresolved,unrelated_papers,unrelated_papers
8708,unmatched,unresolved,related_papers,related_papers
8709,unmatched,unresolved,related_papers,related_papers
8710,unmatched,unresolved,unrelated_papers,unrelated_papers
8711,unmatched,unresolved,unrelated_papers,unrelated_papers
8712,unmatched,unresolved,same_figure,same_figure
8713,unmatched,unresolved,related_papers,related_papers
8714,unmatched,unresolved,related_papers,related_papers
8715,unmatched,unresolved,unrelated_papers,unrelated_papers
8716,unmatched,unresolved,related_papers,related_papers
8717,unmatched,unresolved,unrelated_papers,unrelated_papers
8718,unmatched,unresolved,unrelated_papers,unrelated_papers
8719,unmatched,unresolved,unrelated_papers,unrelated_papers
8720,unmatched,unresolved,unrelated_papers,unrelated_papers
8721,unmatched,unresolved,unrelated_papers,unrelated_papers
8722,unmatched,unresolved,unrelated_papers,unrelated_papers
8723,unmatched,unresolved,related_papers,related_papers
8724,unmatched,unresolved,related_papers,related_papers
8725,unmatched,unresolved,unrelated_papers,unrelated_papers
8726,unmatched,unresolved,same_paper,same_paper
8727,unmatched,unresolved,related_papers,related_papers
8728,unmatched,unresolved,same_paper,same_paper
8729,unmatched,unresolved,unrelated_papers,unrelated_papers
8730,unmatched,unresolved,unrelated_papers,unrelated_papers
8731,unmatched,unresolved,unrelated_papers,unrelated_papers
8732,unmatched,unresolved,same_figure,same_figure
8733,unmatched,unresolved,same_paper,same_paper
8734,unmatched,unresolved,unrelated_papers,unrelated_papers
8735,unmatched,unresolved,related_papers,related_papers
8736,unmatched,unresolved,related_papers,related_papers
8737,unmatched,unresolved,unrelated_papers,unrelated_papers
8738,unmatched,unresolved,same_figure,same_figure
8739,unmatched,unresolved,same_paper,same_paper
8740,unmatched,unresolved,unrelated_papers,unrelated_papers
8741,unmatched,unresolved,same_paper,same_paper
8742,unmatched,unresolved,related_papers,related_papers
8743,unmatched,unresolved,unrelated_papers,unrelated_papers
8744,unmatched,unresolved,unrelated_papers,unrelated_papers
8745,unmatched,unresolved,related_papers,related_papers
8746,unmatched,unresolved,unrelated_papers,unrelated_papers
8747,unmatched,unresolved,related_papers,related_papers
8748,unmatched,unresolved,related_papers,related_papers
8749,unmatched,unresolved,unrelated_papers,unrelated_papers
8750,unmatched,unresolved,unrelated_papers,unrelated_papers
8751,unmatched,unresolved,unrelated_papers,unrelated_papers
8752,unmatched,unresolved,same_figure,same_figure
8753,unmatched,unresolved,unrelated_papers,unrelated_papers
8754,unmatched,unresolved,unrelated_papers,unrelated_papers
8755,unmatched,unresolved,same_paper,same_paper
8756,unmatched,unresolved,same_paper,same_paper
8757,unmatched,unresolved,unrelated_papers,unrelated_papers
8758,unmatched,unresolved,related_papers,related_papers
8759,unmatched,unresolved,same_paper,same_paper
8760,unmatched,unresolved,related_papers,related_papers
8761,unmatched,unresolved,related_papers,related_papers
8762,unmatched,unresolved,unrelated_papers,unrelated_papers
8763,unmatched,unresolved,same_figure,same_figure
8764,unmatched,unresolved,unrelated_papers,unrelated_papers
8765,unmatched,unresolved,unrelated_papers,unrelated_papers
8766,unmatched,unresolved,same_paper,same_paper
8767,unmatched,unresolved,same_paper,same_paper
8768,unmatched,unresolved,unrelated_papers,unrelated_papers
8769,unmatched,unresolved,related_papers,related_papers
8770,unmatched,unresolved,unrelated_papers,unrelated_papers
8771,unmatched,unresolved,related_papers,related_papers
8772,unmatched,unresolved,related_papers,related_papers
8773,unmatched,unresolved,unrelated_papers,unrelated_papers
8774,unmatched,unresolved,same_paper,same_paper
8775,unmatched,unresolved,same_figure,same_figure
8776,unmatched,unresolved,unrelated_papers,unrelated_papers
8777,unmatched,unresolved,unrelated_papers,unrelated_papers
8778,unmatched,unresolved,unrelated_papers,unrelated_papers
8779,unmatched,unresolved,unrelated_papers,unrelated_papers
8780,unmatched,unresolved,unrelated_papers,unrelated_papers
8781,unmatched,unresolved,unrelated_papers,unrelated_papers
8782,unmatched,unresolved,related_papers,related_papers
8783,unmatched,unresolved,unrelated_papers,unrelated_papers
8784,unmatched,unresolved,same_figure,same_figure
8785,unmatched,unresolved,same_figure,same_figure
8786,unmatched,unresolved,related_papers,related_papers
8787,unmatched,unresolved,related_papers,related_papers
8788,unmatched,unresolved,unrelated_papers,unrelated_papers
8789,unmatched,unresolved,related_papers,related_papers
8790,unmatched,unresolved,same_paper,same_paper
8791,unmatched,unresolved,related_papers,related_papers
8792,unmatched,unresolved,unrelated_papers,unrelated_papers
8793,unmatched,unresolved,same_paper,same_paper
8794,unmatched,unresolved,unrelated_papers,unrelated_papers
8795,unmatched,unresolved,related_papers,related_papers
8796,unmatched,unresolved,related_papers,related_papers
8797,unmatched,unresolved,related_papers,related_papers
8798,unmatched,unresolved,unrelated_papers,unrelated_papers
8799,unmatched,unresolved,related_papers,related_papers
8800,unmatched,unresolved,unrelated_papers,unrelated_papers
8801,unmatched,unresolved,unrelated_papers,unrelated_papers
8802,unmatched,unresolved,related_papers,related_papers
8803,unmatched,unresolved,unrelated_papers,unrelated_papers
8804,unmatched,unresolved,unrelated_papers,unrelated_papers
8805,unmatched,unresolved,related_papers,related_papers
8806,unmatched,unresolved,same_paper,same_paper
8807,unmatched,unresolved,unrelated_papers,unrelated_papers
8808,unmatched,unresolved,unrelated_papers,unrelated_papers
8809,unmatched,unresolved,unrelated_papers,unrelated_papers
8810,unmatched,unresolved,unrelated_papers,unrelated_papers
8811,unmatched,unresolved,related_papers,related_papers
8812,unmatched,unresolved,unrelated_papers,unrelated_papers
8813,unmatched,unresolved,related_papers,related_papers
8814,unmatched,unresolved,related_papers,related_papers
8815,unmatched,unresolved,unrelated_papers,unrelated_papers
8816,unmatched,unresolved,related_papers,related_papers
8817,unmatched,unresolved,related_papers,related_papers
8818,unmatched,unresolved,unrelated_papers,unrelated_papers
8819,unmatched,unresolved,unrelated_papers,unrelated_papers
8820,unmatched,unresolved,unrelated_papers,unrelated_papers
8821,unmatched,unresolved,same_paper,same_paper
8822,unmatched,unresolved,unrelated_papers,unrelated_papers
8823,unmatched,unresolved,same_figure,same_figure
8824,unmatched,unresolved,related_papers,related_papers
8825,unmatched,unresolved,same_paper,same_paper
8826,unmatched,unresolved,unrelated_papers,unrelated_papers
8827,unmatched,unresolved,same_paper,same_paper
8828,unmatched,unresolved,unrelated_papers,unrelated_papers
8829,unmatched,unresolved,same_paper,same_paper
8830,unmatched,unresolved,unrelated_papers,unrelated_papers
8831,unmatched,unresolved,related_papers,related_papers
8832,unmatched,unresolved,related_papers,related_papers
8833,unmatched,unresolved,unrelated_papers,unrelated_papers
8834,unmatched,unresolved,unrelated_papers,unrelated_papers
8835,unmatched,unresolved,unrelated_papers,unrelated_papers
8836,unmatched,unresolved,unrelated_papers,unrelated_papers
8837,unmatched,unresolved,unrelated_papers,unrelated_papers
8838,unmatched,unresolved,unrelated_papers,unrelated_papers
8839,unmatched,unresolved,unrelated_papers,unrelated_papers
8840,unmatched,unresolved,unrelated_papers,unrelated_papers
8841,unmatched,unresolved,unrelated_papers,unrelated_papers
8842,unmatched,unresolved,unrelated_papers,unrelated_papers
8843,unmatched,unresolved,same_paper,same_paper
8844,unmatched,unresolved,unrelated_papers,unrelated_papers
8845,unmatched,unresolved,unrelated_papers,unrelated_papers
8846,unmatched,unresolved,related_papers,related_papers
8847,unmatched,unresolved,unrelated_papers,unrelated_papers
8848,unmatched,unresolved,unrelated_papers,unrelated_papers
8849,unmatched,unresolved,same_figure,same_figure
8850,unmatched,unresolved,related_papers,related_papers
8851,unmatched,unresolved,unrelated_papers,unrelated_papers
8852,unmatched,unresolved,same_figure,same_figure
8853,unmatched,unresolved,unrelated_papers,unrelated_papers
8854,unmatched,unresolved,unrelated_papers,unrelated_papers
8855,unmatched,unresolved,related_papers,related_papers
8856,unmatched,unresolved,same_paper,same_paper
8857,unmatched,unresolved,unrelated_papers,unrelated_papers
8858,unmatched,unresolved,same_figure,same_figure
8859,unmatched,unresolved,unrelated_papers,unrelated_papers
8860,unmatched,unresolved,related_papers,related_papers
8861,unmatched,unresolved,related_papers,related_papers
8862,unmatched,unresolved,unrelated_papers,unrelated_papers
8863,unmatched,unresolved,same_paper,same_paper
8864,unmatched,unresolved,unrelated_papers,unrelated_papers
8865,unmatched,unresolved,related_papers,related_papers
8866,unmatched,unresolved,unrelated_papers,unrelated_papers
8867,unmatched,unresolved,related_papers,related_papers
8868,unmatched,unresolved,unrelated_papers,unrelated_papers
8869,unmatched,unresolved,unrelated_papers,unrelated_papers
8870,unmatched,unresolved,unrelated_papers,unrelated_papers
8871,unmatched,unresolved,unrelated_papers,unrelated_papers
8872,unmatched,unresolved,same_figure,same_figure
8873,unmatched,unresolved,related_papers,related_papers
8874,unmatched,unresolved,unrelated_papers,unrelated_papers
8875,unmatched,unresolved,related_papers,related_papers
8876,unmatched,unresolved,same_paper,same_paper
8877,unmatched,unresolved,same_paper,same_paper
8878,unmatched,unresolved,related_papers,related_papers
8879,unmatched,unresolved,related_papers,related_papers
8880,unmatched,unresolved,related_papers,related_papers
8881,unmatched,unresolved,unrelated_papers,unrelated_papers
8882,unmatched,unresolved,unrelated_papers,unrelated_papers
8883,unmatched,unresolved,same_paper,same_paper
8884,unmatched,unresolved,unrelated_papers,unrelated_papers
8885,unmatched,unresolved,unrelated_papers,unrelated_papers
8886,unmatched,unresolved,same_figure,same_figure
8887,unmatched,unresolved,related_papers,related_papers
8888,unmatched,unresolved,related_papers,related_papers
8889,unmatched,unresolved,related_papers,related_papers
8890,unmatched,unresolved,unrelated_papers,unrelated_papers
8891,unmatched,unresolved,unrelated_papers,unrelated_papers
8892,unmatched,unresolved,unrelated_papers,unrelated_papers
8893,unmatched,unresolved,related_papers,related_papers
8894,unmatched,unresolved,unrelated_papers,unrelated_papers
8895,unmatched,unresolved,unrelated_papers,unrelated_papers
8896,unmatched,unresolved,unrelated_papers,unrelated_papers
8897,unmatched,unresolved,related_papers,related_papers
8898,unmatched,unresolved,same_paper,same_paper
8899,unmatched,unresolved,same_paper,same_paper
8900,unmatched,unresolved,same_paper,same_paper
8901,unmatched,unresolved,same_paper,same_paper
8902,unmatched,unresolved,related_papers,related_papers
8903,unmatched,unresolved,related_papers,related_papers
8904,unmatched,unresolved,unrelated_papers,unrelated_papers
8905,unmatched,unresolved,related_papers,related_papers
8906,unmatched,unresolved,same_figure,same_figure
8907,unmatched,unresolved,related_papers,related_papers
8908,unmatched,unresolved,unrelated_papers,unrelated_papers
8909,unmatched,unresolved,unrelated_papers,unrelated_papers
8910,unmatched,unresolved,same_paper,same_paper
8911,unmatched,unresolved,unrelated_papers,unrelated_papers
8912,unmatched,unresolved,same_paper,same_paper
8913,unmatched,unresolved,related_papers,related_papers
8914,unmatched,unresolved,unrelated_papers,unrelated_papers
8915,unmatched,unresolved,related_papers,related_papers
8916,unmatched,unresolved,unrelated_papers,unrelated_papers
8917,unmatched,unresolved,unrelated_papers,unrelated_papers
8918,unmatched,unresolved,unrelated_papers,unrelated_papers
8919,unmatched,unresolved,same_paper,same_paper
8920,unmatched,unresolved,unrelated_papers,unrelated_papers
8921,unmatched,unresolved,related_papers,related_papers
8922,unmatched,unresolved,same_figure,same_figure
8923,unmatched,unresolved,related_papers,related_papers
8924,unmatched,unresolved,unrelated_papers,unrelated_papers
8925,unmatched,unresolved,unrelated_papers,unrelated_papers
8926,unmatched,unresolved,unrelated_papers,unrelated_papers
8927,unmatched,unresolved,unrelated_papers,unrelated_papers
8928,unmatched,unresolved,related_papers,related_papers
8929,unmatched,unresolved,unrelated_papers,unrelated_papers
8930,unmatched,unresolved,related_papers,related_papers
8931,unmatched,unresolved,unrelated_papers,unrelated_papers
8932,unmatched,unresolved,related_papers,related_papers
8933,unmatched,unresolved,unrelated_papers,unrelated_papers
8934,unmatched,unresolved,related_papers,related_papers
8935,unmatched,unresolved,same_paper,same_paper
8936,unmatched,unresolved,same_figure,same_figure
8937,unmatched,unresolved,unrelated_papers,unrelated_papers
8938,unmatched,unresolved,unrelated_papers,unrelated_papers
8939,unmatched,unresolved,unrelated_papers,unrelated_papers
8940,unmatched,unresolved,unrelated_papers,unrelated_papers
8941,unmatched,unresolved,related_papers,related_papers
8942,unmatched,unresolved,unrelated_papers,unrelated_papers
8943,unmatched,unresolved,unrelated_papers,unrelated_papers
8944,unmatched,unresolved,unrelated_papers,unrelated_papers
8945,unmatched,unresolved,same_figure,same_figure
8946,unmatched,unresolved,unrelated_papers,unrelated_papers
8947,unmatched,unresolved,same_paper,same_paper
8948,unmatched,unresolved,unrelated_papers,unrelated_papers
8949,unmatched,unresolved,unrelated_papers,unrelated_papers
8950,unmatched,unresolved,unrelated_papers,unrelated_papers
8951,unmatched,unresolved,unrelated_papers,unrelated_papers
8952,unmatched,unresolved,related_papers,related_papers
8953,unmatched,unresolved,unrelated_papers,unrelated_papers
8954,unmatched,unresolved,unrelated_papers,unrelated_papers
8955,unmatched,unresolved,unrelated_papers,unrelated_papers
8956,unmatched,unresolved,same_paper,same_paper
8957,unmatched,unresolved,related_papers,related_papers
8958,unmatched,unresolved,related_papers,related_papers
8959,unmatched,unresolved,same_figure,same_figure
8960,unmatched,unresolved,same_paper,same_paper
8961,unmatched,unresolved,same_figure,same_figure
8962,unmatched,unresolved,related_papers,related_papers
8963,unmatched,unresolved,related_papers,related_papers
8964,unmatched,unresolved,unrelated_papers,unrelated_papers
8965,unmatched,unresolved,related_papers,related_papers
8966,unmatched,unresolved,unrelated_papers,unrelated_papers
8967,unmatched,unresolved,unrelated_papers,unrelated_papers
8968,unmatched,unresolved,unrelated_papers,unrelated_papers
8969,unmatched,unresolved,related_papers,related_papers
8970,unmatched,unresolved,related_papers,related_papers
8971,unmatched,unresolved,related_papers,related_papers
8972,unmatched,unresolved,unrelated_papers,unrelated_papers
8973,unmatched,unresolved,related_papers,related_papers
8974,unmatched,unresolved,unrelated_papers,unrelated_papers
8975,unmatched,unresolved,same_paper,same_paper
8976,unmatched,unresolved,unrelated_papers,unrelated_papers
8977,unmatched,unresolved,unrelated_papers,unrelated_papers
8978,unmatched,unresolved,related_papers,related_papers
8979,unmatched,unresolved,unrelated_papers,unrelated_papers
8980,unmatched,unresolved,related_papers,related_papers
8981,unmatched,unresolved,unrelated_papers,unrelated_papers
8982,unmatched,unresolved,unrelated_papers,unrelated_papers
8983,unmatched,unresolved,related_papers,related_papers
8984,unmatched,unresolved,related_papers,related_papers
8985,unmatched,unresolved,related_papers,related_papers
8986,unmatched,unresolved,related_papers,related_papers
8987,unmatched,unresolved,unrelated_papers,unrelated_papers
8988,unmatched,unresolved,unrelated_papers,unrelated_papers
8989,unmatched,unresolved,same_paper,same_paper
8990,unmatched,unresolved,related_papers,related_papers
8991,unmatched,unresolved,related_papers,related_papers
8992,unmatched,unresolved,related_papers,related_papers
8993,unmatched,unresolved,same_paper,same_paper
8994,unmatched,unresolved,related_papers,related_papers
8995,unmatched,unresolved,same_paper,same_paper
8996,unmatched,unresolved,unrelated_papers,unrelated_papers
8997,unmatched,unresolved,related_papers,related_papers
8998,unmatched,unresolved,same_figure,same_figure
8999,unmatched,unresolved,unrelated_papers,unrelated_papers
9000,unmatched,unresolved,same_paper,same_paper
9001,unmatched,unresolved,unrelated_papers,unrelated_papers
9002,unmatched,unresolved,unrelated_papers,unrelated_papers
9003,unmatched,unresolved,related_papers,related_papers
9004,unmatched,unresolved,related_papers,related_papers
9005,unmatched,unresolved,unrelated_papers,unrelated_papers
9006,unmatched,unresolved,related_papers,related_papers
9007,unmatched,unresolved,unrelated_papers,unrelated_papers
9008,unmatched,unresolved,unrelated_papers,unrelated_papers
9009,unmatched,unresolved,same_paper,same_paper
9010,unmatched,unresolved,unrelated_papers,unrelated_papers
9011,unmatched,unresolved,unrelated_papers,unrelated_papers
9012,unmatched,unresolved,unrelated_papers,unrelated_papers
9013,unmatched,unresolved,unrelated_papers,unrelated_papers
9014,unmatched,unresolved,unrelated_papers,unrelated_papers
9015,unmatched,unresolved,unrelated_papers,unrelated_papers
9016,unmatched,unresolved,related_papers,related_papers
9017,unmatched,unresolved,unrelated_papers,unrelated_papers
9018,unmatched,unresolved,related_papers,related_papers
9019,unmatched,unresolved,same_paper,same_paper
9020,unmatched,unresolved,related_papers,related_papers
9021,unmatched,unresolved,related_papers,related_papers
9022,unmatched,unresolved,unrelated_papers,unrelated_papers
9023,unmatched,unresolved,related_papers,related_papers
9024,unmatched,unresolved,related_papers,related_papers
9025,unmatched,unresolved,unrelated_papers,unrelated_papers
9026,unmatched,unresolved,unrelated_papers,unrelated_papers
9027,unmatched,unresolved,unrelated_papers,unrelated_papers
9028,unmatched,unresolved,unrelated_papers,unrelated_papers
9029,unmatched,unresolved,unrelated_papers,unrelated_papers
9030,unmatched,unresolved,related_papers,related_papers
9031,unmatched,unresolved,related_papers,related_papers
9032,unmatched,unresolved,unrelated_papers,unrelated_papers
9033,unmatched,unresolved,related_papers,related_papers
9034,unmatched,unresolved,unrelated_papers,unrelated_papers
9035,unmatched,unresolved,related_papers,related_papers
9036,unmatched,unresolved,related_papers,related_papers
9037,unmatched,unresolved,unrelated_papers,unrelated_papers
9038,unmatched,unresolved,related_papers,related_papers
9039,unmatched,unresolved,unrelated_papers,unrelated_papers
9040,unmatched,unresolved,unrelated_papers,unrelated_papers
9041,unmatched,unresolved,unrelated_papers,unrelated_papers
9042,unmatched,unresolved,unrelated_papers,unrelated_papers
9043,unmatched,unresolved,unrelated_papers,unrelated_papers
9044,unmatched,unresolved,related_papers,related_papers
9045,unmatched,unresolved,unrelated_papers,unrelated_papers
9046,unmatched,unresolved,related_papers,related_papers
9047,unmatched,unresolved,unrelated_papers,unrelated_papers
9048,unmatched,unresolved,related_papers,related_papers
9049,unmatched,unresolved,unrelated_papers,unrelated_papers
9050,unmatched,unresolved,unrelated_papers,unrelated_papers
9051,unmatched,unresolved,related_papers,related_papers
9052,unmatched,unresolved,unrelated_papers,unrelated_papers
9053,unmatched,unresolved,related_papers,related_papers
9054,unmatched,unresolved,related_papers,related_papers
9055,unmatched,unresolved,related_papers,related_papers
9056,unmatched,unresolved,related_papers,related_papers
9057,unmatched,unresolved,related_papers,related_papers
9058,unmatched,unresolved,related_papers,related_papers
9059,unmatched,unresolved,unrelated_papers,unrelated_papers
9060,unmatched,unresolved,unrelated_papers,unrelated_papers
9061,unmatched,unresolved,unrelated_papers,unrelated_papers
9062,unmatched,unresolved,unrelated_papers,unrelated_papers
9063,unmatched,unresolved,unrelated_papers,unrelated_papers
9064,unmatched,unresolved,unrelated_papers,unrelated_papers
9065,unmatched,unresolved,unrelated_papers,unrelated_papers
9066,unmatched,unresolved,unrelated_papers,unrelated_papers
9067,unmatched,unresolved,related_papers,related_papers
9068,unmatched,unresolved,unrelated_papers,unrelated_papers
9069,unmatched,unresolved,unrelated_papers,unrelated_papers
9070,unmatched,unresolved,unrelated_papers,unrelated_papers
9071,unmatched,unresolved,unrelated_papers,unrelated_papers
9072,unmatched,unresolved,unrelated_papers,unrelated_papers
9073,unmatched,unresolved,unrelated_papers,unrelated_papers
9074,unmatched,unresolved,related_papers,related_papers
9075,unmatched,unresolved,unrelated_papers,unrelated_papers
9076,unmatched,unresolved,related_papers,related_papers
9077,unmatched,unresolved,unrelated_papers,unrelated_papers
9078,unmatched,unresolved,unrelated_papers,unrelated_papers
9079,unmatched,unresolved,related_papers,related_papers
9080,unmatched,unresolved,unrelated_papers,unrelated_papers
9081,unmatched,unresolved,unrelated_papers,unrelated_papers
9082,unmatched,unresolved,related_papers,related_papers
9083,unmatched,unresolved,unrelated_papers,unrelated_papers
9084,unmatched,unresolved,unrelated_papers,unrelated_papers
9085,unmatched,unresolved,unrelated_papers,unrelated_papers
9086,unmatched,unresolved,unrelated_papers,unrelated_papers
9087,unmatched,unresolved,unrelated_papers,unrelated_papers
9088,unmatched,unresolved,unrelated_papers,unrelated_papers
9089,unmatched,unresolved,related_papers,related_papers
9090,unmatched,unresolved,unrelated_papers,unrelated_papers
9091,unmatched,unresolved,unrelated_papers,unrelated_papers
9092,unmatched,unresolved,unrelated_papers,unrelated_papers
9093,unmatched,unresolved,unrelated_papers,unrelated_papers
9094,unmatched,unresolved,same_paper,same_paper
9095,unmatched,unresolved,related_papers,related_papers
9096,unmatched,unresolved,unrelated_papers,unrelated_papers
9097,unmatched,unresolved,related_papers,related_papers
9098,unmatched,unresolved,unrelated_papers,unrelated_papers
9099,unmatched,unresolved,unrelated_papers,unrelated_papers
9100,unmatched,unresolved,related_papers,related_papers
9101,unmatched,unresolved,unrelated_papers,unrelated_papers
9102,unmatched,unresolved,unrelated_papers,unrelated_papers
9103,unmatched,unresolved,unrelated_papers,unrelated_papers
9104,unmatched,unresolved,unrelated_papers,unrelated_papers
9105,unmatched,unresolved,unrelated_papers,unrelated_papers
9106,unmatched,unresolved,unrelated_papers,unrelated_papers
9107,unmatched,unresolved,unrelated_papers,unrelated_papers
9108,unmatched,unresolved,unrelated_papers,unrelated_papers
9109,unmatched,unresolved,unrelated_papers,unrelated_papers
9110,unmatched,unresolved,unrelated_papers,unrelated_papers
9111,unmatched,unresolved,related_papers,related_papers
9112,unmatched,unresolved,unrelated_papers,unrelated_papers
9113,unmatched,unresolved,related_papers,related_papers
9114,unmatched,unresolved,related_papers,related_papers
9115,unmatched,unresolved,unrelated_papers,unrelated_papers
9116,unmatched,unresolved,unrelated_papers,unrelated_papers
9117,unmatched,unresolved,unrelated_papers,unrelated_papers
9118,unmatched,unresolved,same_paper,same_paper
9119,unmatched,unresolved,related_papers,related_papers
9120,unmatched,unresolved,unrelated_papers,unrelated_papers
9121,unmatched,unresolved,related_papers,related_papers
9122,unmatched,unresolved,unrelated_papers,unrelated_papers
9123,unmatched,unresolved,unrelated_papers,unrelated_papers
9124,unmatched,unresolved,unrelated_papers,unrelated_papers
9125,unmatched,unresolved,unrelated_papers,unrelated_papers
9126,unmatched,unresolved,unrelated_papers,unrelated_papers
9127,unmatched,unresolved,same_paper,same_paper
9128,unmatched,unresolved,unrelated_papers,unrelated_papers
9129,unmatched,unresolved,related_papers,related_papers
9130,unmatched,unresolved,unrelated_papers,unrelated_papers
9131,unmatched,unresolved,unrelated_papers,unrelated_papers
9132,unmatched,unresolved,related_papers,related_papers
9133,unmatched,unresolved,unrelated_papers,unrelated_papers
9134,unmatched,unresolved,unrelated_papers,unrelated_papers
9135,unmatched,unresolved,unrelated_papers,unrelated_papers
9136,unmatched,unresolved,unrelated_papers,unrelated_papers
9137,unmatched,unresolved,related_papers,related_papers
9138,unmatched,unresolved,unrelated_papers,unrelated_papers
9139,unmatched,unresolved,related_papers,related_papers
9140,unmatched,unresolved,related_papers,related_papers
9141,unmatched,unresolved,related_papers,related_papers
9142,unmatched,unresolved,related_papers,related_papers
9143,unmatched,unresolved,same_paper,same_paper
9144,unmatched,unresolved,unrelated_papers,unrelated_papers
9145,unmatched,unresolved,unrelated_papers,unrelated_papers
9146,unmatched,unresolved,related_papers,related_papers
9147,unmatched,unresolved,unrelated_papers,unrelated_papers
9148,unmatched,unresolved,related_papers,related_papers
9149,unmatched,unresolved,unrelated_papers,unrelated_papers
9150,unmatched,unresolved,unrelated_papers,unrelated_papers
9151,unmatched,unresolved,unrelated_papers,unrelated_papers
9152,unmatched,unresolved,related_papers,related_papers
9153,unmatched,unresolved,unrelated_papers,unrelated_papers
9154,unmatched,unresolved,unrelated_papers,unrelated_papers
9155,unmatched,unresolved,unrelated_papers,unrelated_papers
9156,unmatched,unresolved,unrelated_papers,unrelated_papers
9157,unmatched,unresolved,unrelated_papers,unrelated_papers
9158,unmatched,unresolved,unrelated_papers,unrelated_papers
9159,unmatched,unresolved,unrelated_papers,unrelated_papers
9160,unmatched,unresolved,unrelated_papers,unrelated_papers
9161,unmatched,unresolved,unrelated_papers,unrelated_papers
9162,unmatched,unresolved,unrelated_papers,unrelated_papers
9163,unmatched,unresolved,unrelated_papers,unrelated_papers
9164,unmatched,unresolved,related_papers,related_papers
9165,unmatched,unresolved,unrelated_papers,unrelated_papers
9166,unmatched,unresolved,related_papers,related_papers
9167,unmatched,unresolved,unrelated_papers,unrelated_papers
9168,unmatched,unresolved,related_papers,related_papers
9169,unmatched,unresolved,unrelated_papers,unrelated_papers
9170,unmatched,unresolved,unrelated_papers,unrelated_papers
9171,unmatched,unresolved,unrelated_papers,unrelated_papers
9172,unmatched,unresolved,related_papers,related_papers
9173,unmatched,unresolved,unrelated_papers,unrelated_papers
9174,unmatched,unresolved,unrelated_papers,unrelated_papers
9175,unmatched,unresolved,unrelated_papers,unrelated_papers
9176,unmatched,unresolved,related_papers,related_papers
9177,unmatched,unresolved,unrelated_papers,unrelated_papers
9178,unmatched,unresolved,related_papers,related_papers
9179,unmatched,unresolved,unrelated_papers,unrelated_papers
9180,unmatched,unresolved,related_papers,related_papers
9181,unmatched,unresolved,related_papers,related_papers
9182,unmatched,unresolved,unrelated_papers,unrelated_papers
9183,unmatched,unresolved,unrelated_papers,unrelated_papers
9184,unmatched,unresolved,unrelated_papers,unrelated_papers
9185,unmatched,unresolved,unrelated_papers,unrelated_papers
9186,unmatched,unresolved,related_papers,related_papers
9187,unmatched,unresolved,unrelated_papers,unrelated_papers
9188,unmatched,unresolved,unrelated_papers,unrelated_papers
9189,unmatched,unresolved,unrelated_papers,unrelated_papers
9190,unmatched,unresolved,unrelated_papers,unrelated_papers
9191,unmatched,unresolved,unrelated_papers,unrelated_papers
9192,unmatched,unresolved,unrelated_papers,unrelated_papers
9193,unmatched,unresolved,related_papers,related_papers
9194,unmatched,unresolved,related_papers,related_papers
9195,unmatched,unresolved,unrelated_papers,unrelated_papers
9196,unmatched,unresolved,unrelated_papers,unrelated_papers
9197,unmatched,unresolved,unrelated_papers,unrelated_papers
9198,unmatched,unresolved,unrelated_papers,unrelated_papers
9199,unmatched,unresolved,related_papers,related_papers
9200,unmatched,unresolved,unrelated_papers,unrelated_papers
9201,unmatched,unresolved,unrelated_papers,unrelated_papers
9202,unmatched,unresolved,related_papers,related_papers
9203,unmatched,unresolved,unrelated_papers,unrelated_papers
9204,unmatched,unresolved,unrelated_papers,unrelated_papers
9205,unmatched,unresolved,related_papers,related_papers
9206,unmatched,unresolved,unrelated_papers,unrelated_papers
9207,unmatched,unresolved,unrelated_papers,unrelated_papers
9208,unmatched,unresolved,same_paper,same_paper
9209,unmatched,unresolved,related_papers,related_papers
9210,unmatched,unresolved,related_papers,related_papers
9211,unmatched,unresolved,unrelated_papers,unrelated_papers
9212,unmatched,unresolved,unrelated_papers,unrelated_papers
9213,unmatched,unresolved,unrelated_papers,unrelated_papers
9214,unmatched,unresolved,unrelated_papers,unrelated_papers
9215,unmatched,unresolved,unrelated_papers,unrelated_papers
9216,unmatched,unresolved,unrelated_papers,unrelated_papers
9217,unmatched,unresolved,unrelated_papers,unrelated_papers
9218,unmatched,unresolved,unrelated_papers,unrelated_papers
9219,unmatched,unresolved,unrelated_papers,unrelated_papers
9220,unmatched,unresolved,unrelated_papers,unrelated_papers
9221,unmatched,unresolved,related_papers,related_papers
9222,unmatched,unresolved,related_papers,related_papers
9223,unmatched,unresolved,unrelated_papers,unrelated_papers
9224,unmatched,unresolved,unrelated_papers,unrelated_papers
9225,unmatched,unresolved,unrelated_papers,unrelated_papers
9226,unmatched,unresolved,unrelated_papers,unrelated_papers
9227,unmatched,unresolved,unrelated_papers,unrelated_papers
9228,unmatched,unresolved,unrelated_papers,unrelated_papers
9229,unmatched,unresolved,related_papers,related_papers
9230,unmatched,unresolved,unrelated_papers,unrelated_papers
9231,unmatched,unresolved,unrelated_papers,unrelated_papers
9232,unmatched,unresolved,unrelated_papers,unrelated_papers
9233,unmatched,unresolved,unrelated_papers,unrelated_papers
9234,unmatched,unresolved,same_paper,same_paper
9235,unmatched,unresolved,unrelated_papers,unrelated_papers
9236,unmatched,unresolved,unrelated_papers,unrelated_papers
9237,unmatched,unresolved,unrelated_papers,unrelated_papers
9238,unmatched,unresolved,related_papers,related_papers
9239,unmatched,unresolved,unrelated_papers,unrelated_papers
9240,unmatched,unresolved,unrelated_papers,unrelated_papers
9241,unmatched,unresolved,related_papers,related_papers
9242,unmatched,unresolved,unrelated_papers,unrelated_papers
9243,unmatched,unresolved,related_papers,related_papers
9244,unmatched,unresolved,related_papers,related_papers
9245,unmatched,unresolved,related_papers,related_papers
9246,unmatched,unresolved,unrelated_papers,unrelated_papers
9247,unmatched,unresolved,related_papers,related_papers
9248,unmatched,unresolved,related_papers,related_papers
9249,unmatched,unresolved,related_papers,related_papers
9250,unmatched,unresolved,unrelated_papers,unrelated_papers
9251,unmatched,unresolved,related_papers,related_papers
9252,unmatched,unresolved,unrelated_papers,unrelated_papers
9253,unmatched,unresolved,related_papers,related_papers
9254,unmatched,unresolved,related_papers,related_papers
9255,unmatched,unresolved,unrelated_papers,unrelated_papers
9256,unmatched,unresolved,unrelated_papers,unrelated_papers
9257,unmatched,unresolved,unrelated_papers,unrelated_papers
9258,unmatched,unresolved,unrelated_papers,unrelated_papers
9259,unmatched,unresolved,related_papers,related_papers
9260,unmatched,unresolved,unrelated_papers,unrelated_papers
9261,unmatched,unresolved,related_papers,related_papers
9262,unmatched,unresolved,unrelated_papers,unrelated_papers
9263,unmatched,unresolved,unrelated_papers,unrelated_papers
9264,unmatched,unresolved,related_papers,related_papers
9265,unmatched,unresolved,related_papers,related_papers
9266,unmatched,unresolved,unrelated_papers,unrelated_papers
9267,unmatched,unresolved,unrelated_papers,unrelated_papers
9268,unmatched,unresolved,unrelated_papers,unrelated_papers
9269,unmatched,unresolved,unrelated_papers,unrelated_papers
9270,unmatched,unresolved,related_papers,related_papers
9271,unmatched,unresolved,unrelated_papers,unrelated_papers
9272,unmatched,unresolved,unrelated_papers,unrelated_papers
9273,unmatched,unresolved,related_papers,related_papers
9274,unmatched,unresolved,unrelated_papers,unrelated_papers
9275,unmatched,unresolved,unrelated_papers,unrelated_papers
9276,unmatched,unresolved,related_papers,related_papers
9277,unmatched,unresolved,unrelated_papers,unrelated_papers
9278,unmatched,unresolved,related_papers,related_papers
9279,unmatched,unresolved,unrelated_papers,unrelated_papers
9280,unmatched,unresolved,unrelated_papers,unrelated_papers
9281,unmatched,unresolved,unrelated_papers,unrelated_papers
9282,unmatched,unresolved,unrelated_papers,unrelated_papers
9283,unmatched,unresolved,unrelated_papers,unrelated_papers
9284,unmatched,unresolved,unrelated_papers,unrelated_papers
9285,unmatched,unresolved,related_papers,related_papers
9286,unmatched,unresolved,unrelated_papers,unrelated_papers
9287,unmatched,unresolved,unrelated_papers,unrelated_papers
9288,unmatched,unresolved,same_paper,same_paper
9289,unmatched,unresolved,unrelated_papers,unrelated_papers
9290,unmatched,unresolved,unrelated_papers,unrelated_papers
9291,unmatched,unresolved,unrelated_papers,unrelated_papers
9292,unmatched,unresolved,unrelated_papers,unrelated_papers
9293,unmatched,unresolved,unrelated_papers,unrelated_papers
9294,unmatched,unresolved,unrelated_papers,unrelated_papers
9295,unmatched,unresolved,unrelated_papers,unrelated_papers
9296,unmatched,unresolved,unrelated_papers,unrelated_papers
9297,unmatched,unresolved,unrelated_papers,unrelated_papers
9298,unmatched,unresolved,unrelated_papers,unrelated_papers
9299,unmatched,unresolved,related_papers,related_papers
9300,unmatched,unresolved,related_papers,related_papers
9301,unmatched,unresolved,related_papers,related_papers
9302,unmatched,unresolved,related_papers,related_papers
9303,unmatched,unresolved,unrelated_papers,unrelated_papers
9304,unmatched,unresolved,unrelated_papers,unrelated_papers
9305,unmatched,unresolved,related_papers,related_papers
9306,unmatched,unresolved,related_papers,related_papers
9307,unmatched,unresolved,related_papers,related_papers
9308,unmatched,unresolved,unrelated_papers,unrelated_papers
9309,unmatched,unresolved,unrelated_papers,unrelated_papers
9310,unmatched,unresolved,unrelated_papers,unrelated_papers
9311,unmatched,unresolved,related_papers,related_papers
9312,unmatched,unresolved,unrelated_papers,unrelated_papers
9313,unmatched,unresolved,related_papers,related_papers
9314,unmatched,unresolved,unrelated_papers,unrelated_papers
9315,unmatched,unresolved,unrelated_papers,unrelated_papers
9316,unmatched,unresolved,unrelated_papers,unrelated_papers
9317,unmatched,unresolved,related_papers,related_papers
9318,unmatched,unresolved,related_papers,related_papers
9319,unmatched,unresolved,related_papers,related_papers
9320,unmatched,unresolved,unrelated_papers,unrelated_papers
9321,unmatched,unresolved,unrelated_papers,unrelated_papers
9322,unmatched,unresolved,unrelated_papers,unrelated_papers
9323,unmatched,unresolved,related_papers,related_papers
9324,unmatched,unresolved,unrelated_papers,unrelated_papers
9325,unmatched,unresolved,related_papers,related_papers
9326,unmatched,unresolved,unrelated_papers,unrelated_papers
9327,unmatched,unresolved,unrelated_papers,unrelated_papers
9328,unmatched,unresolved,unrelated_papers,unrelated_papers
9329,unmatched,unresolved,unrelated_papers,unrelated_papers
9330,unmatched,unresolved,related_papers,related_papers
9331,unmatched,unresolved,unrelated_papers,unrelated_papers
9332,unmatched,unresolved,related_papers,related_papers
9333,unmatched,unresolved,unrelated_papers,unrelated_papers
9334,unmatched,unresolved,related_papers,related_papers
9335,unmatched,unresolved,related_papers,related_papers
9336,unmatched,unresolved,unrelated_papers,unrelated_papers
9337,unmatched,unresolved,related_papers,related_papers
9338,unmatched,unresolved,unrelated_papers,unrelated_papers
9339,unmatched,unresolved,same_paper,same_paper
9340,unmatched,unresolved,unrelated_papers,unrelated_papers
9341,unmatched,unresolved,unrelated_papers,unrelated_papers
9342,unmatched,unresolved,unrelated_papers,unrelated_papers
9343,unmatched,unresolved,unrelated_papers,unrelated_papers
9344,unmatched,unresolved,unrelated_papers,unrelated_papers
9345,unmatched,unresolved,unrelated_papers,unrelated_papers
9346,unmatched,unresolved,unrelated_papers,unrelated_papers
9347,unmatched,unresolved,unrelated_papers,unrelated_papers
9348,unmatched,unresolved,unrelated_papers,unrelated_papers
9349,unmatched,unresolved,unrelated_papers,unrelated_papers
9350,unmatched,unresolved,unrelated_papers,unrelated_papers
9351,unmatched,unresolved,unrelated_papers,unrelated_papers
9352,unmatched,unresolved,unrelated_papers,unrelated_papers
9353,unmatched,unresolved,unrelated_papers,unrelated_papers
9354,unmatched,unresolved,unrelated_papers,unrelated_papers
9355,unmatched,unresolved,same_paper,same_paper
9356,unmatched,unresolved,related_papers,related_papers
9357,unmatched,unresolved,unrelated_papers,unrelated_papers
9358,unmatched,unresolved,same_paper,same_paper
9359,unmatched,unresolved,related_papers,related_papers
9360,unmatched,unresolved,unrelated_papers,unrelated_papers
9361,unmatched,unresolved,related_papers,related_papers
9362,unmatched,unresolved,related_papers,related_papers
9363,unmatched,unresolved,unrelated_papers,unrelated_papers
9364,unmatched,unresolved,related_papers,related_papers
9365,unmatched,unresolved,unrelated_papers,unrelated_papers
9366,unmatched,unresolved,unrelated_papers,unrelated_papers
9367,unmatched,unresolved,unrelated_papers,unrelated_papers
9368,unmatched,unresolved,related_papers,related_papers
9369,unmatched,unresolved,unrelated_papers,unrelated_papers
9370,unmatched,unresolved,unrelated_papers,unrelated_papers
9371,unmatched,unresolved,related_papers,related_papers
9372,unmatched,unresolved,related_papers,related_papers
9373,unmatched,unresolved,related_papers,related_papers
9374,unmatched,unresolved,unrelated_papers,unrelated_papers
9375,unmatched,unresolved,unrelated_papers,unrelated_papers
9376,unmatched,unresolved,unrelated_papers,unrelated_papers
9377,unmatched,unresolved,related_papers,related_papers
9378,unmatched,unresolved,related_papers,related_papers
9379,unmatched,unresolved,related_papers,related_papers
9380,unmatched,unresolved,unrelated_papers,unrelated_papers
9381,unmatched,unresolved,unrelated_papers,unrelated_papers
9382,unmatched,unresolved,unrelated_papers,unrelated_papers
9383,unmatched,unresolved,unrelated_papers,unrelated_papers
9384,unmatched,unresolved,same_paper,same_paper
9385,unmatched,unresolved,unrelated_papers,unrelated_papers
9386,unmatched,unresolved,unrelated_papers,unrelated_papers
9387,unmatched,unresolved,related_papers,related_papers
9388,unmatched,unresolved,unrelated_papers,unrelated_papers
9389,unmatched,unresolved,related_papers,related_papers
9390,unmatched,unresolved,same_paper,same_paper
9391,unmatched,unresolved,unrelated_papers,unrelated_papers
9392,unmatched,unresolved,unrelated_papers,unrelated_papers
9393,unmatched,unresolved,unrelated_papers,unrelated_papers
9394,unmatched,unresolved,unrelated_papers,unrelated_papers
9395,unmatched,unresolved,unrelated_papers,unrelated_papers
9396,unmatched,unresolved,unrelated_papers,unrelated_papers
9397,unmatched,unresolved,related_papers,related_papers
9398,unmatched,unresolved,unrelated_papers,unrelated_papers
9399,unmatched,unresolved,unrelated_papers,unrelated_papers
9400,unmatched,unresolved,unrelated_papers,unrelated_papers
9401,unmatched,unresolved,unrelated_papers,unrelated_papers
9402,unmatched,unresolved,unrelated_papers,unrelated_papers
9403,unmatched,unresolved,unrelated_papers,unrelated_papers
9404,unmatched,unresolved,related_papers,related_papers
9405,unmatched,unresolved,unrelated_papers,unrelated_papers
9406,unmatched,unresolved,unrelated_papers,unrelated_papers
9407,unmatched,unresolved,unrelated_papers,unrelated_papers
9408,unmatched,unresolved,same_paper,same_paper
9409,unmatched,unresolved,related_papers,related_papers
9410,unmatched,unresolved,unrelated_papers,unrelated_papers
9411,unmatched,unresolved,unrelated_papers,unrelated_papers
9412,unmatched,unresolved,unrelated_papers,unrelated_papers
9413,unmatched,unresolved,unrelated_papers,unrelated_papers
9414,unmatched,unresolved,unrelated_papers,unrelated_papers
9415,unmatched,unresolved,related_papers,related_papers
9416,unmatched,unresolved,related_papers,related_papers
9417,unmatched,unresolved,unrelated_papers,unrelated_papers
9418,unmatched,unresolved,unrelated_papers,unrelated_papers
9419,unmatched,unresolved,unrelated_papers,unrelated_papers
9420,unmatched,unresolved,unrelated_papers,unrelated_papers
9421,unmatched,unresolved,unrelated_papers,unrelated_papers
9422,unmatched,unresolved,unrelated_papers,unrelated_papers
9423,unmatched,unresolved,unrelated_papers,unrelated_papers
9424,unmatched,unresolved,related_papers,related_papers
9425,unmatched,unresolved,related_papers,related_papers
9426,unmatched,unresolved,unrelated_papers,unrelated_papers
9427,unmatched,unresolved,unrelated_papers,unrelated_papers
9428,unmatched,unresolved,unrelated_papers,unrelated_papers
9429,unmatched,unresolved,related_papers,related_papers
9430,unmatched,unresolved,unrelated_papers,unrelated_papers
9431,unmatched,unresolved,unrelated_papers,unrelated_papers
9432,unmatched,unresolved,unrelated_papers,unrelated_papers
9433,unmatched,unresolved,unrelated_papers,unrelated_papers
9434,unmatched,unresolved,unrelated_papers,unrelated_papers
9435,unmatched,unresolved,unrelated_papers,unrelated_papers
9436,unmatched,unresolved,unrelated_papers,unrelated_papers
9437,unmatched,unresolved,unrelated_papers,unrelated_papers
9438,unmatched,unresolved,unrelated_papers,unrelated_papers
9439,unmatched,unresolved,unrelated_papers,unrelated_papers
9440,unmatched,unresolved,same_paper,same_paper
9441,unmatched,unresolved,related_papers,related_papers
9442,unmatched,unresolved,related_papers,related_papers
9443,unmatched,unresolved,unrelated_papers,unrelated_papers
9444,unmatched,unresolved,related_papers,related_papers
9445,unmatched,unresolved,related_papers,related_papers
9446,unmatched,unresolved,unrelated_papers,unrelated_papers
9447,unmatched,unresolved,related_papers,related_papers
9448,unmatched,unresolved,unrelated_papers,unrelated_papers
9449,unmatched,unresolved,unrelated_papers,unrelated_papers
9450,unmatched,unresolved,related_papers,related_papers
9451,unmatched,unresolved,related_papers,related_papers
9452,unmatched,unresolved,unrelated_papers,unrelated_papers
9453,unmatched,unresolved,related_papers,related_papers
9454,unmatched,unresolved,unrelated_papers,unrelated_papers
9455,unmatched,unresolved,unrelated_papers,unrelated_papers
9456,unmatched,unresolved,related_papers,related_papers
9457,unmatched,unresolved,unrelated_papers,unrelated_papers
9458,unmatched,unresolved,same_paper,same_paper
9459,unmatched,unresolved,unrelated_papers,unrelated_papers
9460,unmatched,unresolved,unrelated_papers,unrelated_papers
9461,unmatched,unresolved,related_papers,related_papers
9462,unmatched,unresolved,unrelated_papers,unrelated_papers
9463,unmatched,unresolved,related_papers,related_papers
9464,unmatched,unresolved,related_papers,related_papers
9465,unmatched,unresolved,unrelated_papers,unrelated_papers
9466,unmatched,unresolved,unrelated_papers,unrelated_papers
9467,unmatched,unresolved,unrelated_papers,unrelated_papers
9468,unmatched,unresolved,unrelated_papers,unrelated_papers
9469,unmatched,unresolved,related_papers,related_papers
9470,unmatched,unresolved,unrelated_papers,unrelated_papers
9471,unmatched,unresolved,unrelated_papers,unrelated_papers
9472,unmatched,unresolved,unrelated_papers,unrelated_papers
9473,unmatched,unresolved,unrelated_papers,unrelated_papers
9474,unmatched,unresolved,unrelated_papers,unrelated_papers
9475,unmatched,unresolved,unrelated_papers,unrelated_papers
9476,unmatched,unresolved,unrelated_papers,unrelated_papers
9477,unmatched,unresolved,unrelated_papers,unrelated_papers
9478,unmatched,unresolved,unrelated_papers,unrelated_papers
9479,unmatched,unresolved,related_papers,related_papers
9480,unmatched,unresolved,unrelated_papers,unrelated_papers
9481,unmatched,unresolved,unrelated_papers,unrelated_papers
9482,unmatched,unresolved,unrelated_papers,unrelated_papers
9483,unmatched,unresolved,unrelated_papers,unrelated_papers
9484,unmatched,unresolved,unrelated_papers,unrelated_papers
9485,unmatched,unresolved,unrelated_papers,unrelated_papers
9486,unmatched,unresolved,related_papers,related_papers
9487,unmatched,unresolved,unrelated_papers,unrelated_papers
9488,unmatched,unresolved,related_papers,related_papers
9489,unmatched,unresolved,unrelated_papers,unrelated_papers
9490,unmatched,unresolved,unrelated_papers,unrelated_papers
9491,unmatched,unresolved,unrelated_papers,unrelated_papers
9492,unmatched,unresolved,same_paper,same_paper
9493,unmatched,unresolved,unrelated_papers,unrelated_papers
9494,unmatched,unresolved,unrelated_papers,unrelated_papers
9495,unmatched,unresolved,unrelated_papers,unrelated_papers
9496,unmatched,unresolved,related_papers,related_papers
9497,unmatched,unresolved,related_papers,related_papers
9498,unmatched,unresolved,same_paper,same_paper
9499,unmatched,unresolved,unrelated_papers,unrelated_papers
9500,unmatched,unresolved,related_papers,related_papers
9501,unmatched,unresolved,unrelated_papers,unrelated_papers
9502,unmatched,unresolved,unrelated_papers,unrelated_papers
9503,unmatched,unresolved,unrelated_papers,unrelated_papers
9504,unmatched,unresolved,unrelated_papers,unrelated_papers
9505,unmatched,unresolved,unrelated_papers,unrelated_papers
9506,unmatched,unresolved,unrelated_papers,unrelated_papers
9507,unmatched,unresolved,unrelated_papers,unrelated_papers
9508,unmatched,unresolved,unrelated_papers,unrelated_papers
9509,unmatched,unresolved,related_papers,related_papers
9510,unmatched,unresolved,related_papers,related_papers
9511,unmatched,unresolved,related_papers,related_papers
9512,unmatched,unresolved,unrelated_papers,unrelated_papers
9513,unmatched,unresolved,related_papers,related_papers
9514,unmatched,unresolved,unrelated_papers,unrelated_papers
9515,unmatched,unresolved,unrelated_papers,unrelated_papers
9516,unmatched,unresolved,related_papers,related_papers
9517,unmatched,unresolved,related_papers,related_papers
9518,unmatched,unresolved,unrelated_papers,unrelated_papers
9519,unmatched,unresolved,unrelated_papers,unrelated_papers
9520,unmatched,unresolved,unrelated_papers,unrelated_papers
9521,unmatched,unresolved,unrelated_papers,unrelated_papers
9522,unmatched,unresolved,unrelated_papers,unrelated_papers
9523,unmatched,unresolved,unrelated_papers,unrelated_papers
9524,unmatched,unresolved,unrelated_papers,unrelated_papers
9525,unmatched,unresolved,related_papers,related_papers
9526,unmatched,unresolved,unrelated_papers,unrelated_papers
9527,unmatched,unresolved,unrelated_papers,unrelated_papers
9528,unmatched,unresolved,unrelated_papers,unrelated_papers
9529,unmatched,unresolved,related_papers,related_papers
9530,unmatched,unresolved,unrelated_papers,unrelated_papers
9531,unmatched,unresolved,unrelated_papers,unrelated_papers
9532,unmatched,unresolved,unrelated_papers,unrelated_papers
9533,unmatched,unresolved,unrelated_papers,unrelated_papers
9534,unmatched,unresolved,unrelated_papers,unrelated_papers
9535,unmatched,unresolved,unrelated_papers,unrelated_papers
9536,unmatched,unresolved,unrelated_papers,unrelated_papers
9537,unmatched,unresolved,unrelated_papers,unrelated_papers
9538,unmatched,unresolved,unrelated_papers,unrelated_papers
9539,unmatched,unresolved,unrelated_papers,unrelated_papers
9540,unmatched,unresolved,unrelated_papers,unrelated_papers
9541,unmatched,unresolved,unrelated_papers,unrelated_papers
9542,unmatched,unresolved,related_papers,related_papers
9543,unmatched,unresolved,related_papers,related_papers
9544,unmatched,unresolved,unrelated_papers,unrelated_papers
9545,unmatched,unresolved,unrelated_papers,unrelated_papers
9546,unmatched,unresolved,unrelated_papers,unrelated_papers
9547,unmatched,unresolved,unrelated_papers,unrelated_papers
9548,unmatched,unresolved,related_papers,related_papers
9549,unmatched,unresolved,unrelated_papers,unrelated_papers
9550,unmatched,unresolved,related_papers,related_papers
9551,unmatched,unresolved,unrelated_papers,unrelated_papers
9552,unmatched,unresolved,unrelated_papers,unrelated_papers
9553,unmatched,unresolved,related_papers,related_papers
9554,unmatched,unresolved,unrelated_papers,unrelated_papers
9555,unmatched,unresolved,related_papers,related_papers
9556,unmatched,unresolved,unrelated_papers,unrelated_papers
9557,unmatched,unresolved,unrelated_papers,unrelated_papers
9558,unmatched,unresolved,unrelated_papers,unrelated_papers
9559,unmatched,unresolved,unrelated_papers,unrelated_papers
9560,unmatched,unresolved,related_papers,related_papers
9561,unmatched,unresolved,unrelated_papers,unrelated_papers
9562,unmatched,unresolved,related_papers,related_papers
9563,unmatched,unresolved,same_paper,same_paper
9564,unmatched,unresolved,unrelated_papers,unrelated_papers
9565,unmatched,unresolved,unrelated_papers,unrelated_papers
9566,unmatched,unresolved,related_papers,related_papers
9567,unmatched,unresolved,unrelated_papers,unrelated_papers
9568,unmatched,unresolved,related_papers,related_papers
9569,unmatched,unresolved,unrelated_papers,unrelated_papers
9570,unmatched,unresolved,unrelated_papers,unrelated_papers
9571,unmatched,unresolved,related_papers,related_papers
9572,unmatched,unresolved,related_papers,related_papers
9573,unmatched,unresolved,related_papers,related_papers
9574,unmatched,unresolved,unrelated_papers,unrelated_papers
9575,unmatched,unresolved,unrelated_papers,unrelated_papers
9576,unmatched,unresolved,related_papers,related_papers
9577,unmatched,unresolved,unrelated_papers,unrelated_papers
9578,unmatched,unresolved,unrelated_papers,unrelated_papers
9579,unmatched,unresolved,related_papers,related_papers
9580,unmatched,unresolved,unrelated_papers,unrelated_papers
9581,unmatched,unresolved,unrelated_papers,unrelated_papers
9582,unmatched,unresolved,unrelated_papers,unrelated_papers
9583,unmatched,unresolved,unrelated_papers,unrelated_papers
9584,unmatched,unresolved,related_papers,related_papers
9585,unmatched,unresolved,related_papers,related_papers
9586,unmatched,unresolved,unrelated_papers,unrelated_papers
9587,unmatched,unresolved,related_papers,related_papers
9588,unmatched,unresolved,unrelated_papers,unrelated_papers
9589,unmatched,unresolved,related_papers,related_papers
9590,unmatched,unresolved,unrelated_papers,unrelated_papers
9591,unmatched,unresolved,unrelated_papers,unrelated_papers
9592,unmatched,unresolved,unrelated_papers,unrelated_papers
9593,unmatched,unresolved,unrelated_papers,unrelated_papers
9594,unmatched,unresolved,unrelated_papers,unrelated_papers
9595,unmatched,unresolved,unrelated_papers,unrelated_papers
9596,unmatched,unresolved,unrelated_papers,unrelated_papers
9597,unmatched,unresolved,related_papers,related_papers
9598,unmatched,unresolved,unrelated_papers,unrelated_papers
9599,unmatched,unresolved,unrelated_papers,unrelated_papers
9600,unmatched,unresolved,unrelated_papers,unrelated_papers
9601,unmatched,unresolved,unrelated_papers,unrelated_papers
9602,unmatched,unresolved,unrelated_papers,unrelated_papers
9603,unmatched,unresolved,unrelated_papers,unrelated_papers
9604,unmatched,unresolved,unrelated_papers,unrelated_papers
9605,unmatched,unresolved,same_paper,same_paper
9606,unmatched,unresolved,unrelated_papers,unrelated_papers
9607,unmatched,unresolved,unrelated_papers,unrelated_papers
9608,unmatched,unresolved,unrelated_papers,unrelated_papers
9609,unmatched,unresolved,unrelated_papers,unrelated_papers
9610,unmatched,unresolved,unrelated_papers,unrelated_papers
9611,unmatched,unresolved,unrelated_papers,unrelated_papers
9612,unmatched,unresolved,unrelated_papers,unrelated_papers
9613,unmatched,unresolved,unrelated_papers,unrelated_papers
9614,unmatched,unresolved,unrelated_papers,unrelated_papers
9615,unmatched,unresolved,unrelated_papers,unrelated_papers
9616,unmatched,unresolved,unrelated_papers,unrelated_papers
9617,unmatched,unresolved,unrelated_papers,unrelated_papers
9618,unmatched,unresolved,unrelated_papers,unrelated_papers
9619,unmatched,unresolved,unrelated_papers,unrelated_papers
9620,unmatched,unresolved,related_papers,related_papers
9621,unmatched,unresolved,unrelated_papers,unrelated_papers
9622,unmatched,unresolved,unrelated_papers,unrelated_papers
9623,unmatched,unresolved,unrelated_papers,unrelated_papers
9624,unmatched,unresolved,unrelated_papers,unrelated_papers
9625,unmatched,unresolved,unrelated_papers,unrelated_papers
9626,unmatched,unresolved,related_papers,related_papers
9627,unmatched,unresolved,unrelated_papers,unrelated_papers
9628,unmatched,unresolved,unrelated_papers,unrelated_papers
9629,unmatched,unresolved,unrelated_papers,unrelated_papers
9630,unmatched,unresolved,unrelated_papers,unrelated_papers
9631,unmatched,unresolved,unrelated_papers,unrelated_papers
9632,unmatched,unresolved,unrelated_papers,unrelated_papers
9633,unmatched,unresolved,related_papers,related_papers
9634,unmatched,unresolved,unrelated_papers,unrelated_papers
9635,unmatched,unresolved,unrelated_papers,unrelated_papers
9636,unmatched,unresolved,related_papers,related_papers
9637,unmatched,unresolved,unrelated_papers,unrelated_papers
9638,unmatched,unresolved,unrelated_papers,unrelated_papers
9639,unmatched,unresolved,unrelated_papers,unrelated_papers
9640,unmatched,unresolved,unrelated_papers,unrelated_papers
9641,unmatched,unresolved,related_papers,related_papers
9642,unmatched,unresolved,unrelated_papers,unrelated_papers
9643,unmatched,unresolved,unrelated_papers,unrelated_papers
9644,unmatched,unresolved,unrelated_papers,unrelated_papers
9645,unmatched,unresolved,related_papers,related_papers
9646,unmatched,unresolved,unrelated_papers,unrelated_papers
9647,unmatched,unresolved,related_papers,related_papers
9648,unmatched,unresolved,related_papers,related_papers
9649,unmatched,unresolved,unrelated_papers,unrelated_papers
9650,unmatched,unresolved,unrelated_papers,unrelated_papers
9651,unmatched,unresolved,related_papers,related_papers
9652,unmatched,unresolved,unrelated_papers,unrelated_papers
9653,unmatched,unresolved,unrelated_papers,unrelated_papers
9654,unmatched,unresolved,related_papers,related_papers
9655,unmatched,unresolved,unrelated_papers,unrelated_papers
9656,unmatched,unresolved,unrelated_papers,unrelated_papers
9657,unmatched,unresolved,unrelated_papers,unrelated_papers
9658,unmatched,unresolved,unrelated_papers,unrelated_papers
9659,unmatched,unresolved,related_papers,related_papers
9660,unmatched,unresolved,unrelated_papers,unrelated_papers
9661,unmatched,unresolved,related_papers,related_papers
9662,unmatched,unresolved,unrelated_papers,unrelated_papers
9663,unmatched,unresolved,unrelated_papers,unrelated_papers
9664,unmatched,unresolved,related_papers,related_papers
9665,unmatched,unresolved,unrelated_papers,unrelated_papers
9666,unmatched,unresolved,unrelated_papers,unrelated_papers
9667,unmatched,unresolved,unrelated_papers,unrelated_papers
9668,unmatched,unresolved,related_papers,related_papers
9669,unmatched,unresolved,unrelated_papers,unrelated_papers
9670,unmatched,unresolved,unrelated_papers,unrelated_papers
9671,unmatched,unresolved,unrelated_papers,unrelated_papers
9672,unmatched,unresolved,related_papers,related_papers
9673,unmatched,unresolved,unrelated_papers,unrelated_papers
9674,unmatched,unresolved,unrelated_papers,unrelated_papers
9675,unmatched,unresolved,related_papers,related_papers
9676,unmatched,unresolved,unrelated_papers,unrelated_papers
9677,unmatched,unresolved,related_papers,related_papers
9678,unmatched,unresolved,related_papers,related_papers
9679,unmatched,unresolved,unrelated_papers,unrelated_papers
9680,unmatched,unresolved,unrelated_papers,unrelated_papers
9681,unmatched,unresolved,unrelated_papers,unrelated_papers
9682,unmatched,unresolved,unrelated_papers,unrelated_papers
9683,unmatched,unresolved,unrelated_papers,unrelated_papers
9684,unmatched,unresolved,unrelated_papers,unrelated_papers
9685,unmatched,unresolved,unrelated_papers,unrelated_papers
9686,unmatched,unresolved,related_papers,related_papers
9687,unmatched,unresolved,same_paper,same_paper
9688,unmatched,unresolved,unrelated_papers,unrelated_papers
9689,unmatched,unresolved,unrelated_papers,unrelated_papers
9690,unmatched,unresolved,unrelated_papers,unrelated_papers
9691,unmatched,unresolved,unrelated_papers,unrelated_papers
9692,unmatched,unresolved,unrelated_papers,unrelated_papers
9693,unmatched,unresolved,related_papers,related_papers
9694,unmatched,unresolved,unrelated_papers,unrelated_papers
9695,unmatched,unresolved,related_papers,related_papers
9696,unmatched,unresolved,unrelated_papers,unrelated_papers
9697,unmatched,unresolved,unrelated_papers,unrelated_papers
9698,unmatched,unresolved,related_papers,related_papers
9699,unmatched,unresolved,unrelated_papers,unrelated_papers
9700,unmatched,unresolved,unrelated_papers,unrelated_papers
9701,unmatched,unresolved,unrelated_papers,unrelated_papers
9702,unmatched,unresolved,unrelated_papers,unrelated_papers
9703,unmatched,unresolved,unrelated_papers,unrelated_papers
9704,unmatched,unresolved,unrelated_papers,unrelated_papers
9705,unmatched,unresolved,unrelated_papers,unrelated_papers
9706,unmatched,unresolved,related_papers,related_papers
9707,unmatched,unresolved,unrelated_papers,unrelated_papers
9708,unmatched,unresolved,unrelated_papers,unrelated_papers
9709,unmatched,unresolved,unrelated_papers,unrelated_papers
9710,unmatched,unresolved,unrelated_papers,unrelated_papers
9711,unmatched,unresolved,unrelated_papers,unrelated_papers
9712,unmatched,unresolved,related_papers,related_papers
9713,unmatched,unresolved,related_papers,related_papers
9714,unmatched,unresolved,same_paper,same_paper
9715,unmatched,unresolved,related_papers,related_papers
9716,unmatched,unresolved,unrelated_papers,unrelated_papers
9717,unmatched,unresolved,unrelated_papers,unrelated_papers
9718,unmatched,unresolved,unrelated_papers,unrelated_papers
9719,unmatched,unresolved,unrelated_papers,unrelated_papers
9720,unmatched,unresolved,unrelated_papers,unrelated_papers
9721,unmatched,unresolved,unrelated_papers,unrelated_papers
9722,unmatched,unresolved,unrelated_papers,unrelated_papers
9723,unmatched,unresolved,unrelated_papers,unrelated_papers
9724,unmatched,unresolved,same_paper,same_paper
9725,unmatched,unresolved,same_paper,same_paper
9726,unmatched,unresolved,unrelated_papers,unrelated_papers
9727,unmatched,unresolved,unrelated_papers,unrelated_papers
9728,unmatched,unresolved,unrelated_papers,unrelated_papers
9729,unmatched,unresolved,unrelated_papers,unrelated_papers
9730,unmatched,unresolved,unrelated_papers,unrelated_papers
9731,unmatched,unresolved,same_paper,same_paper
9732,unmatched,unresolved,related_papers,related_papers
9733,unmatched,unresolved,unrelated_papers,unrelated_papers
9734,unmatched,unresolved,unrelated_papers,unrelated_papers
9735,unmatched,unresolved,unrelated_papers,unrelated_papers
9736,unmatched,unresolved,unrelated_papers,unrelated_papers
9737,unmatched,unresolved,unrelated_papers,unrelated_papers
9738,unmatched,unresolved,unrelated_papers,unrelated_papers
9739,unmatched,unresolved,unrelated_papers,unrelated_papers
9740,unmatched,unresolved,related_papers,related_papers
9741,unmatched,unresolved,unrelated_papers,unrelated_papers
9742,unmatched,unresolved,unrelated_papers,unrelated_papers
9743,unmatched,unresolved,unrelated_papers,unrelated_papers
9744,unmatched,unresolved,unrelated_papers,unrelated_papers
9745,unmatched,unresolved,same_paper,same_paper
9746,unmatched,unresolved,unrelated_papers,unrelated_papers
9747,unmatched,unresolved,unrelated_papers,unrelated_papers
9748,unmatched,unresolved,related_papers,related_papers
9749,unmatched,unresolved,related_papers,related_papers
9750,unmatched,unresolved,related_papers,related_papers
9751,unmatched,unresolved,unrelated_papers,unrelated_papers
9752,unmatched,unresolved,unrelated_papers,unrelated_papers
9753,unmatched,unresolved,unrelated_papers,unrelated_papers
9754,unmatched,unresolved,unrelated_papers,unrelated_papers
9755,unmatched,unresolved,unrelated_papers,unrelated_papers
9756,unmatched,unresolved,related_papers,related_papers
9757,unmatched,unresolved,unrelated_papers,unrelated_papers
9758,unmatched,unresolved,related_papers,related_papers
9759,unmatched,unresolved,unrelated_papers,unrelated_papers
9760,unmatched,unresolved,unrelated_papers,unrelated_papers
9761,unmatched,unresolved,unrelated_papers,unrelated_papers
9762,unmatched,unresolved,unrelated_papers,unrelated_papers
9763,unmatched,unresolved,unrelated_papers,unrelated_papers
9764,unmatched,unresolved,unrelated_papers,unrelated_papers
9765,unmatched,unresolved,same_paper,same_paper
9766,unmatched,unresolved,unrelated_papers,unrelated_papers
9767,unmatched,unresolved,unrelated_papers,unrelated_papers
9768,unmatched,unresolved,related_papers,related_papers
9769,unmatched,unresolved,unrelated_papers,unrelated_papers
9770,unmatched,unresolved,unrelated_papers,unrelated_papers
9771,unmatched,unresolved,related_papers,related_papers
9772,unmatched,unresolved,unrelated_papers,unrelated_papers
9773,unmatched,unresolved,unrelated_papers,unrelated_papers
9774,unmatched,unresolved,unrelated_papers,unrelated_papers
9775,unmatched,unresolved,unrelated_papers,unrelated_papers
9776,unmatched,unresolved,unrelated_papers,unrelated_papers
9777,unmatched,unresolved,unrelated_papers,unrelated_papers
9778,unmatched,unresolved,related_papers,related_papers
9779,unmatched,unresolved,unrelated_papers,unrelated_papers
9780,unmatched,unresolved,related_papers,related_papers
9781,unmatched,unresolved,unrelated_papers,unrelated_papers
9782,unmatched,unresolved,related_papers,related_papers
9783,unmatched,unresolved,related_papers,related_papers
9784,unmatched,unresolved,related_papers,related_papers
9785,unmatched,unresolved,unrelated_papers,unrelated_papers
9786,unmatched,unresolved,unrelated_papers,unrelated_papers
9787,unmatched,unresolved,unrelated_papers,unrelated_papers
9788,unmatched,unresolved,related_papers,related_papers
9789,unmatched,unresolved,unrelated_papers,unrelated_papers
9790,unmatched,unresolved,related_papers,related_papers
9791,unmatched,unresolved,unrelated_papers,unrelated_papers
9792,unmatched,unresolved,related_papers,related_papers
9793,unmatched,unresolved,same_paper,same_paper
9794,unmatched,unresolved,related_papers,related_papers
9795,unmatched,unresolved,same_paper,same_paper
9796,unmatched,unresolved,related_papers,related_papers
9797,unmatched,unresolved,same_paper,same_paper
9798,unmatched,unresolved,same_paper,same_paper
9799,unmatched,unresolved,unrelated_papers,unrelated_papers
9800,unmatched,unresolved,unrelated_papers,unrelated_papers
9801,unmatched,unresolved,related_papers,related_papers
9802,unmatched,unresolved,unrelated_papers,unrelated_papers
9803,unmatched,unresolved,unrelated_papers,unrelated_papers
9804,unmatched,unresolved,unrelated_papers,unrelated_papers
9805,unmatched,unresolved,unrelated_papers,unrelated_papers
9806,unmatched,unresolved,related_papers,related_papers
9807,unmatched,unresolved,unrelated_papers,unrelated_papers
9808,unmatched,unresolved,unrelated_papers,unrelated_papers
9809,unmatched,unresolved,related_papers,related_papers
9810,unmatched,unresolved,unrelated_papers,unrelated_papers
9811,unmatched,unresolved,related_papers,related_papers
9812,unmatched,unresolved,unrelated_papers,unrelated_papers
9813,unmatched,unresolved,unrelated_papers,unrelated_papers
9814,unmatched,unresolved,unrelated_papers,unrelated_papers
9815,unmatched,unresolved,related_papers,related_papers
9816,unmatched,unresolved,related_papers,related_papers
9817,unmatched,unresolved,unrelated_papers,unrelated_papers
9818,unmatched,unresolved,related_papers,related_papers
9819,unmatched,unresolved,related_papers,related_papers
9820,unmatched,unresolved,unrelated_papers,unrelated_papers
9821,unmatched,unresolved,related_papers,related_papers
9822,unmatched,unresolved,unrelated_papers,unrelated_papers
9823,unmatched,unresolved,related_papers,related_papers
9824,unmatched,unresolved,related_papers,related_papers
9825,unmatched,unresolved,related_papers,related_papers
9826,unmatched,unresolved,unrelated_papers,unrelated_papers
9827,unmatched,unresolved,unrelated_papers,unrelated_papers
9828,unmatched,unresolved,unrelated_papers,unrelated_papers
9829,unmatched,unresolved,unrelated_papers,unrelated_papers
9830,unmatched,unresolved,unrelated_papers,unrelated_papers
9831,unmatched,unresolved,unrelated_papers,unrelated_papers
9832,unmatched,unresolved,unrelated_papers,unrelated_papers
9833,unmatched,unresolved,unrelated_papers,unrelated_papers
9834,unmatched,unresolved,unrelated_papers,unrelated_papers
9835,unmatched,unresolved,unrelated_papers,unrelated_papers
9836,unmatched,unresolved,unrelated_papers,unrelated_papers
9837,unmatched,unresolved,unrelated_papers,unrelated_papers
9838,unmatched,unresolved,unrelated_papers,unrelated_papers
9839,unmatched,unresolved,unrelated_papers,unrelated_papers
9840,unmatched,unresolved,related_papers,related_papers
9841,unmatched,unresolved,related_papers,related_papers
9842,unmatched,unresolved,unrelated_papers,unrelated_papers
9843,unmatched,unresolved,related_papers,related_papers
9844,unmatched,unresolved,unrelated_papers,unrelated_papers
9845,unmatched,unresolved,unrelated_papers,unrelated_papers
9846,unmatched,unresolved,unrelated_papers,unrelated_papers
9847,unmatched,unresolved,related_papers,related_papers
9848,unmatched,unresolved,unrelated_papers,unrelated_papers
9849,unmatched,unresolved,related_papers,related_papers
9850,unmatched,unresolved,unrelated_papers,unrelated_papers
9851,unmatched,unresolved,unrelated_papers,unrelated_papers
9852,unmatched,unresolved,related_papers,related_papers
9853,unmatched,unresolved,unrelated_papers,unrelated_papers
9854,unmatched,unresolved,unrelated_papers,unrelated_papers
9855,unmatched,unresolved,unrelated_papers,unrelated_papers
9856,unmatched,unresolved,unrelated_papers,unrelated_papers
9857,unmatched,unresolved,unrelated_papers,unrelated_papers
9858,unmatched,unresolved,unrelated_papers,unrelated_papers
9859,unmatched,unresolved,unrelated_papers,unrelated_papers
9860,unmatched,unresolved,unrelated_papers,unrelated_papers
9861,unmatched,unresolved,unrelated_papers,unrelated_papers
9862,unmatched,unresolved,unrelated_papers,unrelated_papers
9863,unmatched,unresolved,unrelated_papers,unrelated_papers
9864,unmatched,unresolved,unrelated_papers,unrelated_papers
9865,unmatched,unresolved,unrelated_papers,unrelated_papers
9866,unmatched,unresolved,unrelated_papers,unrelated_papers
9867,unmatched,unresolved,related_papers,related_papers
9868,unmatched,unresolved,unrelated_papers,unrelated_papers
9869,unmatched,unresolved,related_papers,related_papers
9870,unmatched,unresolved,unrelated_papers,unrelated_papers
9871,unmatched,unresolved,related_papers,related_papers
9872,unmatched,unresolved,same_paper,same_paper
9873,unmatched,unresolved,unrelated_papers,unrelated_papers
9874,unmatched,unresolved,related_papers,related_papers
9875,unmatched,unresolved,unrelated_papers,unrelated_papers
9876,unmatched,unresolved,unrelated_papers,unrelated_papers
9877,unmatched,unresolved,same_paper,same_paper
9878,unmatched,unresolved,unrelated_papers,unrelated_papers
9879,unmatched,unresolved,related_papers,related_papers
9880,unmatched,unresolved,unrelated_papers,unrelated_papers
9881,unmatched,unresolved,unrelated_papers,unrelated_papers
9882,unmatched,unresolved,unrelated_papers,unrelated_papers
9883,unmatched,unresolved,unrelated_papers,unrelated_papers
9884,unmatched,unresolved,unrelated_papers,unrelated_papers
9885,unmatched,unresolved,unrelated_papers,unrelated_papers
9886,unmatched,unresolved,related_papers,related_papers
9887,unmatched,unresolved,unrelated_papers,unrelated_papers
9888,unmatched,unresolved,unrelated_papers,unrelated_papers
9889,unmatched,unresolved,unrelated_papers,unrelated_papers
9890,unmatched,unresolved,related_papers,related_papers
9891,unmatched,unresolved,related_papers,related_papers
9892,unmatched,unresolved,unrelated_papers,unrelated_papers
9893,unmatched,unresolved,related_papers,related_papers
9894,unmatched,unresolved,related_papers,related_papers
9895,unmatched,unresolved,unrelated_papers,unrelated_papers
9896,unmatched,unresolved,related_papers,related_papers
9897,unmatched,unresolved,unrelated_papers,unrelated_papers
9898,unmatched,unresolved,unrelated_papers,unrelated_papers
9899,unmatched,unresolved,unrelated_papers,unrelated_papers
9900,unmatched,unresolved,related_papers,related_papers
9901,unmatched,unresolved,unrelated_papers,unrelated_papers
9902,unmatched,unresolved,unrelated_papers,unrelated_papers
9903,unmatched,unresolved,unrelated_papers,unrelated_papers
9904,unmatched,unresolved,unrelated_papers,unrelated_papers
9905,unmatched,unresolved,unrelated_papers,unrelated_papers
9906,unmatched,unresolved,unrelated_papers,unrelated_papers
9907,unmatched,unresolved,same_paper,same_paper
9908,unmatched,unresolved,related_papers,related_papers
9909,unmatched,unresolved,unrelated_papers,unrelated_papers
9910,unmatched,unresolved,unrelated_papers,unrelated_papers
9911,unmatched,unresolved,unrelated_papers,unrelated_papers
9912,unmatched,unresolved,unrelated_papers,unrelated_papers
9913,unmatched,unresolved,unrelated_papers,unrelated_papers
9914,unmatched,unresolved,unrelated_papers,unrelated_papers
9915,unmatched,unresolved,unrelated_papers,unrelated_papers
9916,unmatched,unresolved,related_papers,related_papers
9917,unmatched,unresolved,related_papers,related_papers
9918,unmatched,unresolved,unrelated_papers,unrelated_papers
9919,unmatched,unresolved,unrelated_papers,unrelated_papers
9920,unmatched,unresolved,unrelated_papers,unrelated_papers
9921,unmatched,unresolved,unrelated_papers,unrelated_papers
9922,unmatched,unresolved,related_papers,related_papers
9923,unmatched,unresolved,related_papers,related_papers
9924,unmatched,unresolved,same_paper,same_paper
9925,unmatched,unresolved,unrelated_papers,unrelated_papers
9926,unmatched,unresolved,unrelated_papers,unrelated_papers
9927,unmatched,unresolved,related_papers,related_papers
9928,unmatched,unresolved,unrelated_papers,unrelated_papers
9929,unmatched,unresolved,same_paper,same_paper
9930,unmatched,unresolved,related_papers,related_papers
9931,unmatched,unresolved,unrelated_papers,unrelated_papers
9932,unmatched,unresolved,unrelated_papers,unrelated_papers
9933,unmatched,unresolved,unrelated_papers,unrelated_papers
9934,unmatched,unresolved,unrelated_papers,unrelated_papers
9935,unmatched,unresolved,related_papers,related_papers
9936,unmatched,unresolved,unrelated_papers,unrelated_papers
9937,unmatched,unresolved,related_papers,related_papers
9938,unmatched,unresolved,related_papers,related_papers
9939,unmatched,unresolved,unrelated_papers,unrelated_papers
9940,unmatched,unresolved,unrelated_papers,unrelated_papers
9941,unmatched,unresolved,unrelated_papers,unrelated_papers
9942,unmatched,unresolved,related_papers,related_papers
9943,unmatched,unresolved,unrelated_papers,unrelated_papers
9944,unmatched,unresolved,unrelated_papers,unrelated_papers
9945,unmatched,unresolved,same_paper,same_paper
9946,unmatched,unresolved,related_papers,related_papers
9947,unmatched,unresolved,unrelated_papers,unrelated_papers
9948,unmatched,unresolved,same_paper,same_paper
9949,unmatched,unresolved,unrelated_papers,unrelated_papers
9950,unmatched,unresolved,related_papers,related_papers
9951,unmatched,unresolved,related_papers,related_papers
9952,unmatched,unresolved,unrelated_papers,unrelated_papers
9953,unmatched,unresolved,unrelated_papers,unrelated_papers
9954,unmatched,unresolved,unrelated_papers,unrelated_papers
9955,unmatched,unresolved,unrelated_papers,unrelated_papers
9956,unmatched,unresolved,unrelated_papers,unrelated_papers
9957,unmatched,unresolved,same_paper,same_paper
9958,unmatched,unresolved,unrelated_papers,unrelated_papers
9959,unmatched,unresolved,related_papers,related_papers
9960,unmatched,unresolved,same_paper,same_paper
9961,unmatched,unresolved,unrelated_papers,unrelated_papers
9962,unmatched,unresolved,same_paper,same_paper
9963,unmatched,unresolved,unrelated_papers,unrelated_papers
9964,unmatched,unresolved,unrelated_papers,unrelated_papers
9965,unmatched,unresolved,unrelated_papers,unrelated_papers
9966,unmatched,unresolved,unrelated_papers,unrelated_papers
9967,unmatched,unresolved,related_papers,related_papers
9968,unmatched,unresolved,unrelated_papers,unrelated_papers
9969,unmatched,unresolved,same_paper,same_paper
9970,unmatched,unresolved,unrelated_papers,unrelated_papers
9971,unmatched,unresolved,related_papers,related_papers
9972,unmatched,unresolved,unrelated_papers,unrelated_papers
9973,unmatched,unresolved,unrelated_papers,unrelated_papers
9974,unmatched,unresolved,related_papers,related_papers
9975,unmatched,unresolved,unrelated_papers,unrelated_papers
9976,unmatched,unresolved,unrelated_papers,unrelated_papers
9977,unmatched,unresolved,related_papers,related_papers
9978,unmatched,unresolved,unrelated_papers,unrelated_papers
9979,unmatched,unresolved,unrelated_papers,unrelated_papers
9980,unmatched,unresolved,related_papers,related_papers
9981,unmatched,unresolved,unrelated_papers,unrelated_papers
9982,unmatched,unresolved,unrelated_papers,unrelated_papers
9983,unmatched,unresolved,unrelated_papers,unrelated_papers
9984,unmatched,unresolved,unrelated_papers,unrelated_papers
9985,unmatched,unresolved,unrelated_papers,unrelated_papers
9986,unmatched,unresolved,related_papers,related_papers
9987,unmatched,unresolved,same_paper,same_paper
9988,unmatched,unresolved,unrelated_papers,unrelated_papers
9989,unmatched,unresolved,unrelated_papers,unrelated_papers
9990,unmatched,unresolved,unrelated_papers,unrelated_papers
9991,unmatched,unresolved,unrelated_papers,unrelated_papers
9992,unmatched,unresolved,unrelated_papers,unrelated_papers
9993,unmatched,unresolved,unrelated_papers,unrelated_papers
9994,unmatched,unresolved,same_paper,same_paper
9995,unmatched,unresolved,unrelated_papers,unrelated_papers
9996,unmatched,unresolved,unrelated_papers,unrelated_papers
9997,unmatched,unresolved,unrelated_papers,unrelated_papers
9998,unmatched,unresolved,related_papers,related_papers
9999,unmatched,unresolved,unrelated_papers,unrelated_papers
